dataset,flag,compilations,tsid,variableName,units,n_values,min,max
Gueldaman.Ruan.2016,"b2k axis (ages count from 2000, not 1950)",HoloceneAbruptChange,WEBd4bb17ed,age,yr b2k,201,3243,5843
Kinderlinskaya.Baker.2017,"b2k axis (ages count from 2000, not 1950)",NA,WEBad4e3310,age,yr b2k,933,0,11754
Tuktoyaktuk.Holland.2020,"b2k axis (ages count from 2000, not 1950)",HoloceneAbruptChange; RapidArcticWarming,WEB7b1bc10f,year,yr b2k,36,641,7482
108_658.Tiedemann.2006,kiloyear/megayear axis,PalMod,108_658_TS_001,age,yr ka,1044,0.428295033961803,136.745836076136
108_658.Tiedemann.2006,kiloyear/megayear axis,PalMod,108_658_TS_003,age,yr ka,1044,0.434219497680664,136.801455432349
108_658.Tiedemann.2006,kiloyear/megayear axis,PalMod,108_658_TS_007,age,yr ka,1044,0.59,1949.9
108_658.Tiedemann.2006,kiloyear/megayear axis,PalMod,108_658_TS_014,age,yr ka,1044,4.1,3606.5
108_658C.Zhao.2004,kiloyear/megayear axis,PalMod,108_658C_TS_001,age,yr ka,585,0.699334078979492,23.2113402047056
108_658C.Zhao.2004,kiloyear/megayear axis,PalMod,108_658C_TS_003,age,yr ka,585,0.70114599609375,23.1854417815208
108_658C.Zhao.2004,kiloyear/megayear axis,PalMod,108_658C_TS_017,age,yr ka,585,0.08,79.25
108_658C.Zhao.2004,kiloyear/megayear axis,PalMod,108_658C_TS_021,age,yr ka,585,0.088,23.023
108_659.lastname.year,kiloyear/megayear axis,PalMod,108_659_TS_001,age,yr ka,1236,0.424305921678409,136.324928798677
108_659.lastname.year,kiloyear/megayear axis,PalMod,108_659_TS_003,age,yr ka,1236,0.442781509399414,136.311396724379
108_659.lastname.year,kiloyear/megayear axis,PalMod,108_659_TS_006,age,yr ka,1236,2,4437.7
108_659.lastname.year,kiloyear/megayear axis,PalMod,108_659_TS_014,age,yr ka,1236,2,7979.1
108_664B.Ruddiman.2006,kiloyear/megayear axis,PalMod,108_664B_TS_001,age,yr ka,700,69.6815985273438,137.239835261505
108_664B.Ruddiman.2006,kiloyear/megayear axis,PalMod,108_664B_TS_003,age,yr ka,700,69.7268515625,137.096429074287
108_664B.Ruddiman.2006,kiloyear/megayear axis,PalMod,108_664B_TS_006,age,yr ka,700,33.5,1249
117_723A.Godad.2010,kiloyear/megayear axis,PalMod,117_723A_TS_001,age,yr ka,74,0.466437768173218,22.6703882399735
117_723A.Godad.2010,kiloyear/megayear axis,PalMod,117_723A_TS_003,age,yr ka,74,0.475939514160156,22.6492260333708
117_723A.Godad.2010,kiloyear/megayear axis,PalMod,117_723A_TS_006,age,yr ka,74,0.5,22.26
117_723A.Godad.2010,kiloyear/megayear axis,PalMod,117_723A_TS_009,age,yr ka,74,0.95,19.13
121_758.Farrell.2006,kiloyear/megayear axis,PalMod,121_758_TS_001,age,yr ka,847,10.8283909921875,128.362496190266
121_758.Farrell.2006,kiloyear/megayear axis,PalMod,121_758_TS_003,age,yr ka,847,10.97,128.49452389884
121_758.Farrell.2006,kiloyear/megayear axis,PalMod,121_758_TS_011,age,yr ka,847,0.6,5182.52
121_758.Farrell.2006,kiloyear/megayear axis,PalMod,121_758_TS_012,age,yr ka,847,0.55,1000.23
130_806B.Berger.2006,kiloyear/megayear axis,PalMod,130_806B_TS_001,age,yr ka,1336,2.92447716603851,541.44649752396106
130_806B.Berger.2006,kiloyear/megayear axis,PalMod,130_806B_TS_003,age,yr ka,1336,2.91216491699219,541.67327129977
130_806B.Berger.2006,kiloyear/megayear axis,PalMod,130_806B_TS_007,age,yr ka,1336,3.42,753.12
130_806B.Berger.2006,kiloyear/megayear axis,PalMod,130_806B_TS_015,age,yr ka,1336,4.3,1348
133_819A.Alexer.2006,kiloyear/megayear axis,PalMod,133_819A_TS_001,age,yr ka,563,0.580937432298303,135.458943971429
133_819A.Alexer.2006,kiloyear/megayear axis,PalMod,133_819A_TS_003,age,yr ka,563,0.6020009765625,135.42834511428
154_925C.Wilkens.2017,kiloyear/megayear axis,PalMod,154_925C_TS_001,age,yr ka,57,8.27560994482422,129.411966207991
154_925C.Wilkens.2017,kiloyear/megayear axis,PalMod,154_925C_TS_003,age,yr ka,57,8.41996484375,129.541799687386
154_925C.Wilkens.2017,kiloyear/megayear axis,PalMod,154_925C_TS_011,age,yr ka,57,2.7,161.8
154_927.Wilkens.2017,kiloyear/megayear axis,PalMod,154_927_TS_001,age,yr ka,71,5.32671960302734,136.163195639628
154_927.Wilkens.2017,kiloyear/megayear axis,PalMod,154_927_TS_003,age,yr ka,71,5.3223251953125,136.169491955826
154_927.Wilkens.2017,kiloyear/megayear axis,PalMod,154_927_TS_009,age,yr ka,71,0.6,190.7
154_929.Wilkens.2017,kiloyear/megayear axis,PalMod,154_929_TS_001,age,yr ka,80,2.99598134762383,135.759774886526
154_929.Wilkens.2017,kiloyear/megayear axis,PalMod,154_929_TS_003,age,yr ka,80,2.95493493652344,135.822940781421
154_929.Wilkens.2017,kiloyear/megayear axis,PalMod,154_929_TS_010,age,yr ka,80,4.1,198.7
160_963A.Incarbona.2011,kiloyear/megayear axis,PalMod,160_963A_TS_001,age,yr ka,174,113.867922,137.430659116214
160_963A.Incarbona.2011,kiloyear/megayear axis,PalMod,160_963A_TS_003,age,yr ka,174,114.02,137.32421502018
160_963A.Incarbona.2011,kiloyear/megayear axis,PalMod,160_963A_TS_006,age,yr ka,174,112.73,137.71
161_976.Jimenez‐Amat.2015,kiloyear/megayear axis,PalMod,161_976_TS_001,age,yr ka,1002,1.71528923046875,25.4142414232362
161_976.Jimenez‐Amat.2015,kiloyear/megayear axis,PalMod,161_976_TS_003,age,yr ka,1002,1.68276000976563,25.4281669664089
161_976.Jimenez‐Amat.2015,kiloyear/megayear axis,PalMod,161_976_TS_006,age,yr ka,1002,0.185,149.48
161_976.Jimenez‐Amat.2015,kiloyear/megayear axis,PalMod,161_976_TS_011,age,yr ka,1002,0.15,146.26
162_983.Barker.2015,kiloyear/megayear axis,PalMod,162_983_TS_001,age,yr ka,6972,0.451483538947165,190.471066220041
162_983.Barker.2015,kiloyear/megayear axis,PalMod,162_983_TS_003,age,yr ka,6972,0.460253494262695,190.393911229392
162_983.Barker.2015,kiloyear/megayear axis,PalMod,162_983_TS_006,age,yr ka,6972,1.355,1978.829
162_983.Barker.2015,kiloyear/megayear axis,PalMod,162_983_TS_009,age,yr ka,6972,7.296,450.258
162_983.Barker.2015,kiloyear/megayear axis,PalMod,162_983_TS_012,age,yr ka,6972,0.539,2179.971
167_1011C.Andreasen.2006,kiloyear/megayear axis,PalMod,167_1011C_TS_001,age,yr ka,146,1.75583689258671,131.386242830795
167_1011C.Andreasen.2006,kiloyear/megayear axis,PalMod,167_1011C_TS_003,age,yr ka,146,1.77168499755859,131.374830567155
167_1011C.Andreasen.2006,kiloyear/megayear axis,PalMod,167_1011C_TS_008,age,yr ka,146,2.06,340.03
167_1011C.Andreasen.2006,kiloyear/megayear axis,PalMod,167_1011C_TS_013,age,yr ka,146,0.21,342.4
167_1014.Hendy.2006,kiloyear/megayear axis,PalMod,167_1014_TS_001,age,yr ka,353,2.64908716430664,131.386100875394
167_1014.Hendy.2006,kiloyear/megayear axis,PalMod,167_1014_TS_003,age,yr ka,353,2.6645400390625,131.562067828783
167_1014.Hendy.2006,kiloyear/megayear axis,PalMod,167_1014_TS_007,age,yr ka,353,0,187.24
167_1014.Hendy.2006,kiloyear/megayear axis,PalMod,167_1014_TS_013,age,yr ka,353,0.87,158.1864
167_1017E.Kennett.2006,kiloyear/megayear axis,PalMod,167_1017E_TS_001,age,yr ka,1134,9.60271258789063,117.96803295219
167_1017E.Kennett.2006,kiloyear/megayear axis,PalMod,167_1017E_TS_003,age,yr ka,1134,9.6027197265625,117.850789728683
167_1017E.Kennett.2006,kiloyear/megayear axis,PalMod,167_1017E_TS_007,age,yr ka,1134,0.138,138.46
167_1018C.Andreasen.2006,kiloyear/megayear axis,PalMod,167_1018C_TS_001,age,yr ka,207,4.48460612097168,135.51322116355
167_1018C.Andreasen.2006,kiloyear/megayear axis,PalMod,167_1018C_TS_003,age,yr ka,207,4.4974599609375,135.471197457051
167_1018C.Andreasen.2006,kiloyear/megayear axis,PalMod,167_1018C_TS_007,age,yr ka,207,1.04,188
167_1019C.Barron.2003,kiloyear/megayear axis,PalMod,167_1019C_TS_001,age,yr ka,342,0.388477877851486,17.4470645317019
167_1019C.Barron.2003,kiloyear/megayear axis,PalMod,167_1019C_TS_003,age,yr ka,342,0.403084150314331,17.4808365915045
167_1019C.Barron.2003,kiloyear/megayear axis,PalMod,167_1019C_TS_007,age,yr ka,342,0.16,14.94
167_1019C.Barron.2003,kiloyear/megayear axis,PalMod,167_1019C_TS_012,age,yr ka,342,0.16,15.8
167_1019C.Barron.2003,kiloyear/megayear axis,PalMod,167_1019C_TS_017,age,yr ka,342,1.18,15.8
172_1058C.Bahr.2013,kiloyear/megayear axis,PalMod,172_1058C_TS_001,age,yr ka,567,70.2236181171875,133.32651295336
172_1058C.Bahr.2013,kiloyear/megayear axis,PalMod,172_1058C_TS_003,age,yr ka,567,70.25205078125,133.399456237316
172_1058C.Bahr.2013,kiloyear/megayear axis,PalMod,172_1058C_TS_006,age,yr ka,567,69,144.08
172_1058C.Bahr.2013,kiloyear/megayear axis,PalMod,172_1058C_TS_010,age,yr ka,567,69,147.19
172_1058C.Bahr.2013,kiloyear/megayear axis,PalMod,172_1058C_TS_014,age,yr ka,567,0,139.8
172_1058C.Bahr.2013,kiloyear/megayear axis,PalMod,172_1058C_TS_018,age,yr ka,567,0.77,131.4
172_1058C.Bahr.2013,kiloyear/megayear axis,PalMod,172_1058C_TS_022,age,yr ka,567,0,149.92
172_1058C.Bahr.2013,kiloyear/megayear axis,PalMod,172_1058C_TS_026,age,yr ka,567,0,149.92
172_1059A.Oppo.2004,kiloyear/megayear axis,PalMod,172_1059A_TS_001,age,yr ka,169,75.5173003046875,132.393131418427
172_1059A.Oppo.2004,kiloyear/megayear axis,PalMod,172_1059A_TS_003,age,yr ka,169,75.504203125,132.376127285502
172_1059A.Oppo.2004,kiloyear/megayear axis,PalMod,172_1059A_TS_007,age,yr ka,169,68.92,156.14
172_1059A.Oppo.2004,kiloyear/megayear axis,PalMod,172_1059A_TS_011,age,yr ka,169,68.92,143.764
175_1078C.Hessler.2011,kiloyear/megayear axis,PalMod,175_1078C_TS_001,age,yr ka,258,0.551382413330078,46.2816626052697
175_1078C.Hessler.2011,kiloyear/megayear axis,PalMod,175_1078C_TS_003,age,yr ka,258,0.543321990966797,46.2007948101158
175_1078C.Hessler.2011,kiloyear/megayear axis,PalMod,175_1078C_TS_006,age,yr ka,258,0.02,24.74
175_1078C.Hessler.2011,kiloyear/megayear axis,PalMod,175_1078C_TS_010,age,yr ka,258,23.46,49.89
175_1078C.Hessler.2011,kiloyear/megayear axis,PalMod,175_1078C_TS_014,age,yr ka,258,23.46,50.1
175_1078C.Hessler.2011,kiloyear/megayear axis,PalMod,175_1078C_TS_018,age,yr ka,258,24.07,49.89
175_1087A.Pierre.2006,kiloyear/megayear axis,PalMod,175_1087A_TS_001,age,yr ka,243,0.496953536026001,136.337671745539
175_1087A.Pierre.2006,kiloyear/megayear axis,PalMod,175_1087A_TS_003,age,yr ka,243,0.497167007446289,136.402121856689
175_1087A.Pierre.2006,kiloyear/megayear axis,PalMod,175_1087A_TS_006,age,yr ka,243,0,500
177_1089.Cortese.2007,kiloyear/megayear axis,PalMod,177_1089_TS_001,age,yr ka,2018,0.545900402516007,132.333774658573
177_1089.Cortese.2007,kiloyear/megayear axis,PalMod,177_1089_TS_003,age,yr ka,2018,0.552611511230469,132.401287473751
177_1089.Cortese.2007,kiloyear/megayear axis,PalMod,177_1089_TS_006,age,yr ka,2018,0.55,614.71
177_1089.Cortese.2007,kiloyear/megayear axis,PalMod,177_1089_TS_013,age,yr ka,2018,1.83495,436.521
181_1123.Elderfield.2012,kiloyear/megayear axis,PalMod,181_1123_TS_001,age,yr ka,2656,1.03402749451351,544.875997975247
181_1123.Elderfield.2012,kiloyear/megayear axis,PalMod,181_1123_TS_003,age,yr ka,2656,1.030875,544.896345166274
181_1123.Elderfield.2012,kiloyear/megayear axis,PalMod,181_1123_TS_008,age,yr ka,2656,7,1546
181_1123.Elderfield.2012,kiloyear/megayear axis,PalMod,181_1123_TS_013,age,yr ka,2656,0,998.835
181_1123.Elderfield.2012,kiloyear/megayear axis,PalMod,181_1123_TS_017,age,yr ka,2656,1,33116
182_1132B.Brooks.2006,kiloyear/megayear axis,PalMod,182_1132B_TS_001,age,yr ka,404,30.2524248715493,131.981194409003
182_1132B.Brooks.2006,kiloyear/megayear axis,PalMod,182_1132B_TS_003,age,yr ka,404,30.1390176074505,131.99160124712
184_1143.Li.2011,kiloyear/megayear axis,PalMod,184_1143_TS_001,age,yr ka,3153,7.44098024560547,628.620750501867
184_1143.Li.2011,kiloyear/megayear axis,PalMod,184_1143_TS_003,age,yr ka,3153,7.45171997070312,628.95375741611
184_1143.Li.2011,kiloyear/megayear axis,PalMod,184_1143_TS_008,age,yr ka,3153,0,5020.61
184_1143.Li.2011,kiloyear/megayear axis,PalMod,184_1143_TS_012,age,yr ka,3153,5.04,4005.19
184_1144A.Wei.2007,kiloyear/megayear axis,PalMod,184_1144A_TS_001,age,yr ka,526,1.7055921277657,48.1249217873221
184_1144A.Wei.2007,kiloyear/megayear axis,PalMod,184_1144A_TS_003,age,yr ka,526,1.61755283093452,48.1109427047693
184_1144A.Wei.2007,kiloyear/megayear axis,PalMod,184_1144A_TS_006,age,yr ka,526,1.74,261.3
184_1146.Herbert.2010,kiloyear/megayear axis,PalMod,184_1146_TS_001,age,yr ka,1432,4.84552922192383,561.878676146597
184_1146.Herbert.2010,kiloyear/megayear axis,PalMod,184_1146_TS_003,age,yr ka,1432,4.83803491210938,561.961434154963
184_1146.Herbert.2010,kiloyear/megayear axis,PalMod,184_1146_TS_008,age,yr ka,1432,8.11,1822.7
184_1146.Herbert.2010,kiloyear/megayear axis,PalMod,184_1146_TS_013,age,yr ka,1432,8.08,1820.7
184_1146.Herbert.2010,kiloyear/megayear axis,PalMod,184_1146_TS_016,age,yr ka,1432,5.044068,1108.27
184_1147.Li.2017,kiloyear/megayear axis,PalMod,184_1147_TS_001,age,yr ka,1089,6.1046526829834,130.600111914705
184_1147.Li.2017,kiloyear/megayear axis,PalMod,184_1147_TS_003,age,yr ka,1089,6.10376489257813,130.595677496147
184_1147.Li.2017,kiloyear/megayear axis,PalMod,184_1147_TS_007,age,yr ka,1089,0.7,1130
184_1147.Li.2017,kiloyear/megayear axis,PalMod,184_1147_TS_010,age,yr ka,1089,10,21528
184_1147.Li.2017,kiloyear/megayear axis,PalMod,184_1147_TS_014,age,yr ka,1089,0.26,683.96
186_1150A.Koizumi.2010,kiloyear/megayear axis,PalMod,186_1150A_TS_001,age,yr ka,108,13.2587856995118,87.0600957403249
186_1150A.Koizumi.2010,kiloyear/megayear axis,PalMod,186_1150A_TS_003,age,yr ka,108,13.333998503685,87.1399278599999
186_1150A.Koizumi.2010,kiloyear/megayear axis,PalMod,186_1150A_TS_007,age,yr ka,108,0.09,86.96
202_1233.Kaiser.2005,kiloyear/megayear axis,PalMod,202_1233_TS_001,age,yr ka,223,8.55825856953882,44.8483503743767
202_1233.Kaiser.2005,kiloyear/megayear axis,PalMod,202_1233_TS_003,age,yr ka,223,8.54602516150475,44.8002501860195
202_1233.Kaiser.2005,kiloyear/megayear axis,PalMod,202_1233_TS_007,age,yr ka,223,-0.05,69.85
202_1240.Jacobel.2019,kiloyear/megayear axis,PalMod,202_1240_TS_001,age,yr ka,1338,1.61177470080566,135.23509040218
202_1240.Jacobel.2019,kiloyear/megayear axis,PalMod,202_1240_TS_003,age,yr ka,1338,1.60951000976562,135.276635727701
202_1240.Jacobel.2019,kiloyear/megayear axis,PalMod,202_1240_TS_008,age,yr ka,1338,2.61,159.458
202_1240.Jacobel.2019,kiloyear/megayear axis,PalMod,202_1240_TS_010,age,yr ka,1338,2.47,189.36
202_1240.Jacobel.2019,kiloyear/megayear axis,PalMod,202_1240_TS_013,age,yr ka,1338,1.91,299.75
202_1240.Jacobel.2019,kiloyear/megayear axis,PalMod,202_1240_TS_016,age,yr ka,1338,3.45,150.71
202_1242.Hoogakker.2018,kiloyear/megayear axis,PalMod,202_1242_TS_001,age,yr ka,190,0.512421231479168,38.6882387392487
202_1242.Hoogakker.2018,kiloyear/megayear axis,PalMod,202_1242_TS_003,age,yr ka,190,0.514174499511719,38.6714043365479
202_1242.Hoogakker.2018,kiloyear/megayear axis,PalMod,202_1242_TS_006,age,yr ka,190,0.766,30.21
202_1242.Hoogakker.2018,kiloyear/megayear axis,PalMod,202_1242_TS_009,age,yr ka,190,0.057,39.42
202_1242.Hoogakker.2018,kiloyear/megayear axis,PalMod,202_1242_TS_012,age,yr ka,190,0.057,43.189
303_U1308.Hodell.2008,kiloyear/megayear axis,PalMod,303_U1308_TS_001,age,yr ka,4975,0.486457604920268,133.481104050407
303_U1308.Hodell.2008,kiloyear/megayear axis,PalMod,303_U1308_TS_003,age,yr ka,4975,0.485925994873047,133.582533242524
303_U1308.Hodell.2008,kiloyear/megayear axis,PalMod,303_U1308_TS_007,age,yr ka,4975,0,1512.9
323_U1340A.Schlung.2012,kiloyear/megayear axis,PalMod,323_U1340A_TS_001,age,yr ka,476,6.29964038990822,69.8062671665502
323_U1340A.Schlung.2012,kiloyear/megayear axis,PalMod,323_U1340A_TS_003,age,yr ka,476,6.29946729755402,69.8239797985985
323_U1340A.Schlung.2012,kiloyear/megayear axis,PalMod,323_U1340A_TS_009,age,yr ka,476,5.8,96.044
3cBx.Sagawa.2012,kiloyear/megayear axis,PalMod,3cBx_TS_001,age,yr ka,19,4.07621584928417,20.9116690191722
3cBx.Sagawa.2012,kiloyear/megayear axis,PalMod,3cBx_TS_003,age,yr ka,19,4.08556221008301,20.9524179325104
3cBx.Sagawa.2012,kiloyear/megayear axis,PalMod,3cBx_TS_006,age,yr ka,19,0.81,24.05
81_552A.Shackleton.2007,kiloyear/megayear axis,PalMod,81_552A_TS_001,age,yr ka,632,14.9738928066406,135.978279689917
81_552A.Shackleton.2007,kiloyear/megayear axis,PalMod,81_552A_TS_003,age,yr ka,632,14.9864497070312,135.813070048451
81_552A.Shackleton.2007,kiloyear/megayear axis,PalMod,81_552A_TS_006,age,yr ka,632,0,586
90_594.Nelson.2008,kiloyear/megayear axis,PalMod,90_594_TS_001,age,yr ka,218,13.6092002708824,129.801403696974
90_594.Nelson.2008,kiloyear/megayear axis,PalMod,90_594_TS_003,age,yr ka,218,13.6097054243088,129.837876144406
90_594.Nelson.2008,kiloyear/megayear axis,PalMod,90_594_TS_006,age,yr ka,218,4.51,161.9
A7.Sun.Palmod.2005,kiloyear/megayear axis,PalMod,A7_TS_001,age,yr ka,225,1.43802437939453,17.7538716159624
A7.Sun.Palmod.2005,kiloyear/megayear axis,PalMod,A7_TS_003,age,yr ka,225,1.43583502197266,17.75530683285
A7.Sun.Palmod.2005,kiloyear/megayear axis,PalMod,A7_TS_006,age,yr ka,225,1.367,18.19333
AAS_9_21.Govil.2010,kiloyear/megayear axis,PalMod,AAS_9_21_TS_001,age,yr ka,64,0.34238799161166,42.0166855580064
AAS_9_21.Govil.2010,kiloyear/megayear axis,PalMod,AAS_9_21_TS_003,age,yr ka,64,0.369740997314453,42.476846468091
AAS_9_21.Govil.2010,kiloyear/megayear axis,PalMod,AAS_9_21_TS_006,age,yr ka,64,0.51,67.8
AC85_4.Grazzini.2008,kiloyear/megayear axis,PalMod,AC85_4_TS_001,age,yr ka,40,4.51497337988281,30.6165388030205
AC85_4.Grazzini.2008,kiloyear/megayear axis,PalMod,AC85_4_TS_003,age,yr ka,40,4.43740991210938,30.6049459086947
AHF_16832.Stott.2002,kiloyear/megayear axis,PalMod,AHF_16832_TS_001,age,yr ka,52,3.60160740093994,39.1314185603033
AHF_16832.Stott.2002,kiloyear/megayear axis,PalMod,AHF_16832_TS_003,age,yr ka,52,3.60102001953125,39.2428910212508
AHF_16832.Stott.2002,kiloyear/megayear axis,PalMod,AHF_16832_TS_006,age,yr ka,52,3.43,48.59
AII107_131.Boyle.2011,kiloyear/megayear axis,PalMod,AII107_131_TS_001,age,yr ka,72,6.20392961499023,136.350132189542
AII107_131.Boyle.2011,kiloyear/megayear axis,PalMod,AII107_131_TS_003,age,yr ka,72,6.19246997070312,136.34944942894
AII107_131.Boyle.2011,kiloyear/megayear axis,PalMod,AII107_131_TS_006,age,yr ka,72,4.235,301.8
ASV13_1200.Duplessy.2005,kiloyear/megayear axis,PalMod,ASV13_1200_TS_001,age,yr ka,53,-0.215521965332389,9.6613793014067
ASV13_1200.Duplessy.2005,kiloyear/megayear axis,PalMod,ASV13_1200_TS_003,age,yr ka,53,-0.223278344631195,9.64088270340896
ASV13_1200.Duplessy.2005,kiloyear/megayear axis,PalMod,ASV13_1200_TS_006,age,yr ka,53,0.01,11.22
B997_328.Castaneda.2004,kiloyear/megayear axis,PalMod,B997_328_TS_001,age,yr ka,147,-0.0059131697189738,4.53400182237571
B997_328.Castaneda.2004,kiloyear/megayear axis,PalMod,B997_328_TS_003,age,yr ka,147,0.00726302117109299,4.544421344171
B997_328.Castaneda.2004,kiloyear/megayear axis,PalMod,B997_328_TS_006,age,yr ka,147,0.02591906,4.61622
B997_330.Castaneda.2004,kiloyear/megayear axis,PalMod,B997_330_TS_001,age,yr ka,108,0.406679545475252,9.97623769304767
B997_330.Castaneda.2004,kiloyear/megayear axis,PalMod,B997_330_TS_003,age,yr ka,108,0.405936573982239,9.98015138916686
B997_330.Castaneda.2004,kiloyear/megayear axis,PalMod,B997_330_TS_006,age,yr ka,108,0,11.07987
BJ8_03_13GGC.Linsley.Palmod.2010,kiloyear/megayear axis,PalMod,BJ8_03_13GGC_TS_001,age,yr ka,388,0.445079754462987,10.4095835071566
BJ8_03_13GGC.Linsley.Palmod.2010,kiloyear/megayear axis,PalMod,BJ8_03_13GGC_TS_003,age,yr ka,388,0.454558618202806,10.4013835276978
BJ8_03_13GGC.Linsley.Palmod.2010,kiloyear/megayear axis,PalMod,BJ8_03_13GGC_TS_006,age,yr ka,388,0.12,10.56
BJ8_03_70GGC.Linsley.Palmod.2010,kiloyear/megayear axis,PalMod,BJ8_03_70GGC_TS_001,age,yr ka,101,2.38661666608539,14.5283861719243
BJ8_03_70GGC.Linsley.Palmod.2010,kiloyear/megayear axis,PalMod,BJ8_03_70GGC_TS_003,age,yr ka,101,2.39114673995972,14.5039729495421
BJ8_03_70GGC.Linsley.Palmod.2010,kiloyear/megayear axis,PalMod,BJ8_03_70GGC_TS_006,age,yr ka,101,0.01,14.29966667
BOFS31_1K.Chapman.2004,kiloyear/megayear axis,PalMod,BOFS31_1K_TS_001,age,yr ka,130,3.10349814575195,17.4386967668957
BOFS31_1K.Chapman.2004,kiloyear/megayear axis,PalMod,BOFS31_1K_TS_003,age,yr ka,130,3.08561999511719,17.4390581436157
BOFS31_1K.Chapman.2004,kiloyear/megayear axis,PalMod,BOFS31_1K_TS_006,age,yr ka,130,0,26.46
BOFS31_1K.Chapman.2004,kiloyear/megayear axis,PalMod,BOFS31_1K_TS_010,age,yr ka,130,0.63,27.32
BOFS31_1K.Chapman.2004,kiloyear/megayear axis,PalMod,BOFS31_1K_TS_013,age,yr ka,130,0.6,76.15
BOFS31_1K.Chapman.2004,kiloyear/megayear axis,PalMod,BOFS31_1K_TS_017,age,yr ka,130,0,26.46
BOFS5K.Maslin.2004,kiloyear/megayear axis,PalMod,BOFS5K_TS_001,age,yr ka,259,1.5228299609375,38.9060937854463
BOFS5K.Maslin.2004,kiloyear/megayear axis,PalMod,BOFS5K_TS_003,age,yr ka,259,1.49292999267578,38.9488205258051
BP00_07_05.SIMSTICH.2010,kiloyear/megayear axis,PalMod,BP00_07_05_TS_001,age,yr ka,77,0.142421021878541,7.07854015984807
BP00_07_05.SIMSTICH.2010,kiloyear/megayear axis,PalMod,BP00_07_05_TS_003,age,yr ka,77,0.133160003662109,7.08535622240603
BS79_33.Cacho.2004,kiloyear/megayear axis,PalMod,BS79_33_TS_001,age,yr ka,97,7.57941732377389,27.5190479162619
BS79_33.Cacho.2004,kiloyear/megayear axis,PalMod,BS79_33_TS_003,age,yr ka,97,7.57150908565521,27.5564152613878
BS79_33.Cacho.2004,kiloyear/megayear axis,PalMod,BS79_33_TS_006,age,yr ka,97,0.684634,29.488
CD17_30.Otto.2004,kiloyear/megayear axis,PalMod,CD17_30_TS_001,age,yr ka,73,3.0329424844799,128.211539176959
CD17_30.Otto.2004,kiloyear/megayear axis,PalMod,CD17_30_TS_003,age,yr ka,73,3.0587099609375,128.142333309934
CD17_30.Otto.2004,kiloyear/megayear axis,PalMod,CD17_30_TS_007,age,yr ka,73,6.73,144.31
CH07_98_GGC_19.Sachs.2007,kiloyear/megayear axis,PalMod,CH07_98_GGC_19_TS_001,age,yr ka,194,0.568791869750977,11.7262197094125
CH07_98_GGC_19.Sachs.2007,kiloyear/megayear axis,PalMod,CH07_98_GGC_19_TS_003,age,yr ka,194,0.567244018554688,11.7099069366769
CH07_98_GGC_19.Sachs.2007,kiloyear/megayear axis,PalMod,CH07_98_GGC_19_TS_006,age,yr ka,194,0.52,11.9
CH69_K09.Govin.2012,kiloyear/megayear axis,PalMod,CH69_K09_TS_001,age,yr ka,116,109.457559,136.701454378298
CH69_K09.Govin.2012,kiloyear/megayear axis,PalMod,CH69_K09_TS_003,age,yr ka,116,109.421,136.669180206299
CH69_K09.Govin.2012,kiloyear/megayear axis,PalMod,CH69_K09_TS_006,age,yr ka,116,110.39,134.91
CH73_139.Labeyrie.2003,kiloyear/megayear axis,PalMod,CH73_139_TS_001,age,yr ka,98,0.405782952844143,136.583570857512
CH73_139.Labeyrie.2003,kiloyear/megayear axis,PalMod,CH73_139_TS_003,age,yr ka,98,0.411822998046875,136.636812312508
CHAT1K.Weaver.2004,kiloyear/megayear axis,PalMod,CHAT1K_TS_001,age,yr ka,107,1.45588354126167,135.385028525865
CHAT1K.Weaver.2004,kiloyear/megayear axis,PalMod,CHAT1K_TS_003,age,yr ka,107,1.45298999023438,135.395143469245
CHAT1K.Weaver.2004,kiloyear/megayear axis,PalMod,CHAT1K_TS_006,age,yr ka,107,0,170
CHAT_16k.Yu.2007,kiloyear/megayear axis,PalMod,CHAT_16k_TS_001,age,yr ka,31,16.2814895932922,20.826733642761
CHAT_16k.Yu.2007,kiloyear/megayear axis,PalMod,CHAT_16k_TS_003,age,yr ka,31,16.3232775039673,20.761344203949
CHAT_16k.Yu.2007,kiloyear/megayear axis,PalMod,CHAT_16k_TS_006,age,yr ka,31,0,32.99
CHN82_24_4PC.Boyle.2002,kiloyear/megayear axis,PalMod,CHN82_24_4PC_TS_001,age,yr ka,214,2.17610264711571,133.685233784778
CHN82_24_4PC.Boyle.2002,kiloyear/megayear axis,PalMod,CHN82_24_4PC_TS_003,age,yr ka,214,2.16592504882813,133.693740780771
CHN82_24_4PC.Boyle.2002,kiloyear/megayear axis,PalMod,CHN82_24_4PC_TS_006,age,yr ka,214,0,220.8
CV15025_GC_07_01.Curran.2019,kiloyear/megayear axis,PalMod,CV15025_GC_07_01_TS_001,age,yr ka,110,1.13487152783203,7.42785290782232
CV15025_GC_07_01.Curran.2019,kiloyear/megayear axis,PalMod,CV15025_GC_07_01_TS_003,age,yr ka,110,1.13422998046875,7.38720784989719
CV15025_GC_07_01.Curran.2019,kiloyear/megayear axis,PalMod,CV15025_GC_07_01_TS_006,age,yr ka,110,0.96,7.61
D13882.Rodrigues.2010,kiloyear/megayear axis,PalMod,D13882_TS_001,age,yr ka,309,1.39623332560167,12.5568686389916
D13882.Rodrigues.2010,kiloyear/megayear axis,PalMod,D13882_TS_003,age,yr ka,309,1.39985763347149,12.5600613762389
D13882.Rodrigues.2010,kiloyear/megayear axis,PalMod,D13882_TS_006,age,yr ka,309,0.442,13.106
D13902.Bartels-Jonsdottir.2015,kiloyear/megayear axis,PalMod,D13902_TS_001,age,yr ka,220,0.105965962538391,6.07745590313432
D13902.Bartels-Jonsdottir.2015,kiloyear/megayear axis,PalMod,D13902_TS_003,age,yr ka,220,0.0967692985534669,6.06388751619485
D13902.Bartels-Jonsdottir.2015,kiloyear/megayear axis,PalMod,D13902_TS_006,age,yr ka,220,-0.051,8.002
D13902.Bartels-Jonsdottir.2015,kiloyear/megayear axis,PalMod,D13902_TS_010,age,yr ka,220,0.659,2.105
ELT27.023-PC.Ferry.2015,kiloyear/megayear axis,FreeSoda,WEB-d0ef0-fc5c-4760-91ae-9d27d,age,yr ka,103,1.54,51.68
ELT49_019_PC.Charles.2008,kiloyear/megayear axis,PalMod,ELT49_019_PC_TS_001,age,yr ka,54,5.20522080844116,132.778431047058
ELT49_019_PC.Charles.2008,kiloyear/megayear axis,PalMod,ELT49_019_PC_TS_003,age,yr ka,54,5.28026513671875,132.814314068165
ELT49_019_PC.Charles.2008,kiloyear/megayear axis,PalMod,ELT49_019_PC_TS_006,age,yr ka,54,3,298
EW9209_1JPC.Curry.2004,kiloyear/megayear axis,PalMod,EW9209_1JPC_TS_001,age,yr ka,292,3.76148809570312,136.59182611848
EW9209_1JPC.Curry.2004,kiloyear/megayear axis,PalMod,EW9209_1JPC_TS_003,age,yr ka,292,3.76264001464844,136.532283865655
EW9209_2JPC.Curry.2011,kiloyear/megayear axis,PalMod,EW9209_2JPC_TS_001,age,yr ka,226,3.76589136083984,133.20714577909
EW9209_2JPC.Curry.2011,kiloyear/megayear axis,PalMod,EW9209_2JPC_TS_003,age,yr ka,226,3.76541003417969,133.284974866677
EW9209_2JPC.Curry.2011,kiloyear/megayear axis,PalMod,EW9209_2JPC_TS_006,age,yr ka,226,7.74,407.49
EW9209_3JPC.Curry.2012,kiloyear/megayear axis,PalMod,EW9209_3JPC_TS_001,age,yr ka,270,6.55919556982422,132.388155026115
EW9209_3JPC.Curry.2012,kiloyear/megayear axis,PalMod,EW9209_3JPC_TS_003,age,yr ka,270,6.55734497070313,132.663844485065
EW9302_JPC8.Oppo.2004,kiloyear/megayear axis,PalMod,EW9302_JPC8_TS_001,age,yr ka,190,65.1945073789063,137.048436479376
EW9302_JPC8.Oppo.2004,kiloyear/megayear axis,PalMod,EW9302_JPC8_TS_003,age,yr ka,190,65.13180078125,136.758592812681
EW9302_JPC8.Oppo.2004,kiloyear/megayear axis,PalMod,EW9302_JPC8_TS_006,age,yr ka,190,57.5264,135.1
EW9504_02PC.Stott.2002,kiloyear/megayear axis,PalMod,EW9504_02PC_TS_001,age,yr ka,89,7.68135527949035,130.307569729109
EW9504_02PC.Stott.2002,kiloyear/megayear axis,PalMod,EW9504_02PC_TS_003,age,yr ka,89,7.57846726506948,130.355322128197
EW9504_02PC.Stott.2002,kiloyear/megayear axis,PalMod,EW9504_02PC_TS_006,age,yr ka,89,1.9,194.31
EW9504_03PC.Stott.2002,kiloyear/megayear axis,PalMod,EW9504_03PC_TS_001,age,yr ka,53,2.91865782078552,35.8054964214953
EW9504_03PC.Stott.2002,kiloyear/megayear axis,PalMod,EW9504_03PC_TS_003,age,yr ka,53,2.92918493652344,36.0491261067867
EW9504_03PC.Stott.2002,kiloyear/megayear axis,PalMod,EW9504_03PC_TS_006,age,yr ka,53,0.63,170.16
EW9504_04PC.Stott.2002,kiloyear/megayear axis,PalMod,EW9504_04PC_TS_001,age,yr ka,97,7.19764631906095,131.364513746721
EW9504_04PC.Stott.2002,kiloyear/megayear axis,PalMod,EW9504_04PC_TS_003,age,yr ka,97,7.15750170040131,131.629354525466
EW9504_04PC.Stott.2002,kiloyear/megayear axis,PalMod,EW9504_04PC_TS_006,age,yr ka,97,1.52,198.38
EW9504_05PC.Stott.2002,kiloyear/megayear axis,PalMod,EW9504_05PC_TS_001,age,yr ka,85,10.3991140317335,34.5409877492588
EW9504_05PC.Stott.2002,kiloyear/megayear axis,PalMod,EW9504_05PC_TS_003,age,yr ka,85,10.2947377109528,34.5524757447243
EW9504_05PC.Stott.2002,kiloyear/megayear axis,PalMod,EW9504_05PC_TS_006,age,yr ka,85,2.16,110.24
EW9504_08PC.Stott.2002,kiloyear/megayear axis,PalMod,EW9504_08PC_TS_001,age,yr ka,77,8.21334797897279,130.619641870942
EW9504_08PC.Stott.2002,kiloyear/megayear axis,PalMod,EW9504_08PC_TS_003,age,yr ka,77,8.10758296585083,130.755561617927
EW9504_08PC.Stott.2002,kiloyear/megayear axis,PalMod,EW9504_08PC_TS_006,age,yr ka,77,0.43,130.98
EW9504_09PC.Stott.2002,kiloyear/megayear axis,PalMod,EW9504_09PC_TS_001,age,yr ka,90,2.48029582674861,26.3860410959743
EW9504_09PC.Stott.2002,kiloyear/megayear axis,PalMod,EW9504_09PC_TS_003,age,yr ka,90,2.40606339836121,26.3799578821063
EW9504_09PC.Stott.2002,kiloyear/megayear axis,PalMod,EW9504_09PC_TS_006,age,yr ka,90,0.95,135.08
EW9504_17PC.Lyle.2006,kiloyear/megayear axis,PalMod,EW9504_17PC_TS_001,age,yr ka,302,3.68328001661682,134.768885349314
EW9504_17PC.Lyle.2006,kiloyear/megayear axis,PalMod,EW9504_17PC_TS_003,age,yr ka,302,3.7425,134.802277251905
EW9504_17PC.Lyle.2006,kiloyear/megayear axis,PalMod,EW9504_17PC_TS_007,age,yr ka,302,0.08,140.95
FR01_97_12.Bostock.2008,kiloyear/megayear axis,PalMod,FR01_97_12_TS_001,age,yr ka,90,4.89015751098633,32.8924944351497
FR01_97_12.Bostock.2008,kiloyear/megayear axis,PalMod,FR01_97_12_TS_003,age,yr ka,90,4.7949599609375,32.8637636799812
FR01_97_12.Bostock.2008,kiloyear/megayear axis,PalMod,FR01_97_12_TS_006,age,yr ka,90,1.128,76.91
FR01_97_12.Bostock.2008,kiloyear/megayear axis,PalMod,FR01_97_12_TS_018,age,yr ka,90,2.425,76.91
FR1_94_GC3.De Deckker.2018,kiloyear/megayear axis,PalMod,FR1_94_GC3_TS_001,age,yr ka,98,7.96308255114746,136.7702743461
FR1_94_GC3.De Deckker.2018,kiloyear/megayear axis,PalMod,FR1_94_GC3_TS_003,age,yr ka,98,8.2049150390625,136.412958449841
FR1_94_GC3.De Deckker.2018,kiloyear/megayear axis,PalMod,FR1_94_GC3_TS_006,age,yr ka,98,4.6,454.8
GIK11944_2.lastname.year,kiloyear/megayear axis,PalMod,GIK11944_2_TS_001,age,yr ka,87,2.49881600584221,99.4999028097619
GIK11944_2.lastname.year,kiloyear/megayear axis,PalMod,GIK11944_2_TS_003,age,yr ka,87,2.50164501953125,99.4649444102932
GIK12310_4.lastname.year,kiloyear/megayear axis,PalMod,GIK12310_4_TS_001,age,yr ka,90,0.508077894560337,37.8033607642726
GIK12310_4.lastname.year,kiloyear/megayear axis,PalMod,GIK12310_4_TS_003,age,yr ka,90,0.516776000976563,37.8870103721229
GIK12329_6.Sarnthein.2004,kiloyear/megayear axis,PalMod,GIK12329_6_TS_001,age,yr ka,161,0.526877455458403,134.613727575526
GIK12329_6.Sarnthein.2004,kiloyear/megayear axis,PalMod,GIK12329_6_TS_003,age,yr ka,161,0.518575012207031,134.593465203005
GIK12329_6.Sarnthein.2004,kiloyear/megayear axis,PalMod,GIK12329_6_TS_006,age,yr ka,161,3.27,155.39
GIK12379_3.Sarnthein.2004,kiloyear/megayear axis,PalMod,GIK12379_3_TS_001,age,yr ka,101,0.494481323820412,37.437939074339
GIK12379_3.Sarnthein.2004,kiloyear/megayear axis,PalMod,GIK12379_3_TS_003,age,yr ka,101,0.490591995239258,37.4390168288322
GIK12379_3.Sarnthein.2004,kiloyear/megayear axis,PalMod,GIK12379_3_TS_006,age,yr ka,101,3.92,92.21
GIK12392_1.Thiede.2012,kiloyear/megayear axis,PalMod,GIK12392_1_TS_001,age,yr ka,333,4.99371126489258,132.566576461917
GIK12392_1.Thiede.2012,kiloyear/megayear axis,PalMod,GIK12392_1_TS_003,age,yr ka,333,4.997455078125,132.624983310524
GIK12392_1.Thiede.2012,kiloyear/megayear axis,PalMod,GIK12392_1_TS_006,age,yr ka,333,2.49,141.33
GIK13289_2.Sarnthein.2004,kiloyear/megayear axis,PalMod,GIK13289_2_TS_001,age,yr ka,35,9.23840994433594,35.6843606964951
GIK13289_2.Sarnthein.2004,kiloyear/megayear axis,PalMod,GIK13289_2_TS_003,age,yr ka,35,9.2593701171875,35.734549371495
GIK13289_2.Sarnthein.2004,kiloyear/megayear axis,PalMod,GIK13289_2_TS_006,age,yr ka,35,2.8,34.95
GIK13519_1.Zahn.2008,kiloyear/megayear axis,PalMod,GIK13519_1_TS_001,age,yr ka,337,5.85918811182642,134.382783571927
GIK13519_1.Zahn.2008,kiloyear/megayear axis,PalMod,GIK13519_1_TS_003,age,yr ka,337,5.93418251037598,134.374971053181
GIK13519_1.Zahn.2008,kiloyear/megayear axis,PalMod,GIK13519_1_TS_008,age,yr ka,337,5.26,138.51
GIK15612_2.Sarnthein.2004,kiloyear/megayear axis,PalMod,GIK15612_2_TS_001,age,yr ka,375,1.73632138867187,133.522845316061
GIK15612_2.Sarnthein.2004,kiloyear/megayear axis,PalMod,GIK15612_2_TS_003,age,yr ka,375,1.73376000976562,133.612840916654
GIK15612_2.Sarnthein.2004,kiloyear/megayear axis,PalMod,GIK15612_2_TS_006,age,yr ka,375,4.6,144.03
GIK15612_2.Sarnthein.2004,kiloyear/megayear axis,PalMod,GIK15612_2_TS_011,age,yr ka,375,2.23,165.35
GIK15627_3.Sarnthein.2004,kiloyear/megayear axis,PalMod,GIK15627_3_TS_001,age,yr ka,319,8.812778421875,135.684561636564
GIK15627_3.Sarnthein.2004,kiloyear/megayear axis,PalMod,GIK15627_3_TS_003,age,yr ka,319,8.81539013671875,135.695971970664
GIK15627_3.Sarnthein.2004,kiloyear/megayear axis,PalMod,GIK15627_3_TS_008,age,yr ka,319,6.51,278.19
GIK15637_1.Sarnthein.2004,kiloyear/megayear axis,PalMod,GIK15637_1_TS_001,age,yr ka,429,5.45643356036453,135.825529746868
GIK15637_1.Sarnthein.2004,kiloyear/megayear axis,PalMod,GIK15637_1_TS_003,age,yr ka,429,5.47444593505859,135.78243866082
GIK15637_1.Sarnthein.2004,kiloyear/megayear axis,PalMod,GIK15637_1_TS_008,age,yr ka,429,7.13,446.99
GIK15637_1.Sarnthein.2004,kiloyear/megayear axis,PalMod,GIK15637_1_TS_014,age,yr ka,429,5.9,214.76
GIK15666_6.Sarnthein.2004,kiloyear/megayear axis,PalMod,GIK15666_6_TS_001,age,yr ka,56,6.49972104971314,129.832944048766
GIK15666_6.Sarnthein.2004,kiloyear/megayear axis,PalMod,GIK15666_6_TS_003,age,yr ka,56,6.73956518554687,130.249991809487
GIK15666_6.Sarnthein.2004,kiloyear/megayear axis,PalMod,GIK15666_6_TS_006,age,yr ka,56,3.07,182.09
GIK15669_1.Sarnthein.2004,kiloyear/megayear axis,PalMod,GIK15669_1_TS_001,age,yr ka,75,0.500967276870728,88.7120977145175
GIK15669_1.Sarnthein.2004,kiloyear/megayear axis,PalMod,GIK15669_1_TS_003,age,yr ka,75,0.496148010253906,88.6827934972048
GIK15669_1.Sarnthein.2004,kiloyear/megayear axis,PalMod,GIK15669_1_TS_006,age,yr ka,75,2,119.34
GIK15672_1.Sarnthein.2004,kiloyear/megayear axis,PalMod,GIK15672_1_TS_001,age,yr ka,45,4.33882910058594,81.3006625930895
GIK15672_1.Sarnthein.2004,kiloyear/megayear axis,PalMod,GIK15672_1_TS_003,age,yr ka,45,4.3302900390625,81.4160710559845
GIK15672_1.Sarnthein.2004,kiloyear/megayear axis,PalMod,GIK15672_1_TS_007,age,yr ka,45,0.63,79.25
GIK16030_1.Sarnthein.2004,kiloyear/megayear axis,PalMod,GIK16030_1_TS_001,age,yr ka,77,3.97053334005417,85.5256861173079
GIK16030_1.Sarnthein.2004,kiloyear/megayear axis,PalMod,GIK16030_1_TS_003,age,yr ka,77,3.95432909086262,85.5093640242402
GIK16030_1.Sarnthein.2004,kiloyear/megayear axis,PalMod,GIK16030_1_TS_006,age,yr ka,77,0.13,122.56
GIK16396_1.Weinelt.2003,kiloyear/megayear axis,PalMod,GIK16396_1_TS_001,age,yr ka,47,13.0100920800781,20.3386001776058
GIK16396_1.Weinelt.2003,kiloyear/megayear axis,PalMod,GIK16396_1_TS_003,age,yr ka,47,13.016,20.3169709143639
GIK16397_2.Sarnthein.2004,kiloyear/megayear axis,PalMod,GIK16397_2_TS_001,age,yr ka,59,16.5246912060547,27.6574467426321
GIK16397_2.Sarnthein.2004,kiloyear/megayear axis,PalMod,GIK16397_2_TS_003,age,yr ka,59,16.520400390625,27.7026682720184
GIK16402_2.Sarnthein.2004,kiloyear/megayear axis,PalMod,GIK16402_2_TS_001,age,yr ka,151,7.99547120654297,135.543940880484
GIK16402_2.Sarnthein.2004,kiloyear/megayear axis,PalMod,GIK16402_2_TS_003,age,yr ka,151,8.03150512695312,135.496222341706
GIK16402_2.Sarnthein.2004,kiloyear/megayear axis,PalMod,GIK16402_2_TS_006,age,yr ka,151,4.7,59.84
GIK16520_1.lastname.year,kiloyear/megayear axis,PalMod,GIK16520_1_TS_001,age,yr ka,103,3.31147465197754,63.3043304536361
GIK16520_1.lastname.year,kiloyear/megayear axis,PalMod,GIK16520_1_TS_003,age,yr ka,103,3.301125,63.1808684600377
GIK16520_1.lastname.year,kiloyear/megayear axis,PalMod,GIK16520_1_TS_006,age,yr ka,103,0.18,105.4
GIK16527_1.lastname.year,kiloyear/megayear axis,lipdverseTest; PalMod,GIK16527_1_TS_001,age,yr ka,105,4.20425581774902,69.871702131438
GIK16527_1.lastname.year,kiloyear/megayear axis,lipdverseTest; PalMod,GIK16527_1_TS_003,age,yr ka,105,4.23938989257813,69.8550714412332
GIK16527_1.lastname.year,kiloyear/megayear axis,lipdverseTest; PalMod,GIK16527_1_TS_006,age,yr ka,105,0.11,129
GIK16772_2.Sarnthein.2004,kiloyear/megayear axis,PalMod,GIK16772_2_TS_001,age,yr ka,326,0.557081092361927,137.076046393777
GIK16772_2.Sarnthein.2004,kiloyear/megayear axis,PalMod,GIK16772_2_TS_003,age,yr ka,326,0.549794006347656,137.100503893968
GIK16772_2.Sarnthein.2004,kiloyear/megayear axis,PalMod,GIK16772_2_TS_007,age,yr ka,326,0.22,334
GIK16867_2.Sarnthein.2004,kiloyear/megayear axis,PalMod,GIK16867_2_TS_001,age,yr ka,76,4.06035572918701,130.757801194912
GIK16867_2.Sarnthein.2004,kiloyear/megayear axis,PalMod,GIK16867_2_TS_003,age,yr ka,76,4.07152502441406,131.154433196068
GIK16867_2.Sarnthein.2004,kiloyear/megayear axis,PalMod,GIK16867_2_TS_006,age,yr ka,76,6.53,162.22
GIK17045_2.lastname.year,kiloyear/megayear axis,PalMod,GIK17045_2_TS_001,age,yr ka,6,1.77445204323101,4.41391069519889
GIK17045_2.lastname.year,kiloyear/megayear axis,PalMod,GIK17045_2_TS_003,age,yr ka,6,1.77162287902832,4.43956134605408
GIK17045_2.lastname.year,kiloyear/megayear axis,PalMod,GIK17045_2_TS_006,age,yr ka,6,0.71,8.45
GIK17045_3.Sarnthein.2004,kiloyear/megayear axis,PalMod,GIK17045_3_TS_001,age,yr ka,106,6.99815906689453,22.6570976225786
GIK17045_3.Sarnthein.2004,kiloyear/megayear axis,PalMod,GIK17045_3_TS_003,age,yr ka,106,7.00210498046875,22.6446607866287
GIK17045_3.Sarnthein.2004,kiloyear/megayear axis,PalMod,GIK17045_3_TS_006,age,yr ka,106,2.47,35.45
GIK17049_6.lastname.year,kiloyear/megayear axis,PalMod,GIK17049_6_TS_001,age,yr ka,243,1.72201320874023,136.456900808156
GIK17049_6.lastname.year,kiloyear/megayear axis,PalMod,GIK17049_6_TS_003,age,yr ka,243,1.69012005615234,136.481175939603
GIK17051_3.lastname.year,kiloyear/megayear axis,PalMod,GIK17051_3_TS_001,age,yr ka,232,0.0991820740792835,97.8659747259804
GIK17051_3.lastname.year,kiloyear/megayear axis,PalMod,GIK17051_3_TS_003,age,yr ka,232,0.0994527506232262,97.7708278279078
GIK17286_1.Lauterbach.2020,kiloyear/megayear axis,PalMod,GIK17286_1_TS_001,age,yr ka,485,1.25322151367187,131.716347604181
GIK17286_1.Lauterbach.2020,kiloyear/megayear axis,PalMod,GIK17286_1_TS_003,age,yr ka,485,1.24883996582031,131.883551654339
GIK17286_1.Lauterbach.2020,kiloyear/megayear axis,PalMod,GIK17286_1_TS_006,age,yr ka,485,0.22,128.724
GIK17286_1.Lauterbach.2020,kiloyear/megayear axis,PalMod,GIK17286_1_TS_011,age,yr ka,485,1.063,128.454
GIK17730_4.lastname.year,kiloyear/megayear axis,PalMod,GIK17730_4_TS_001,age,yr ka,49,3.53063084214926,38.626197616598
GIK17730_4.lastname.year,kiloyear/megayear axis,PalMod,GIK17730_4_TS_003,age,yr ka,49,3.463565284729,38.5668542561531
GIK17748_2.Kim.2002,kiloyear/megayear axis,PalMod,GIK17748_2_TS_001,age,yr ka,53,4.53998909109831,15.7474665920474
GIK17748_2.Kim.2002,kiloyear/megayear axis,PalMod,GIK17748_2_TS_003,age,yr ka,53,4.48562544250488,15.7346297431946
GIK17748_2.Kim.2002,kiloyear/megayear axis,PalMod,GIK17748_2_TS_006,age,yr ka,53,1.08,16.07
GIK17927_2.Sadatzki.2015,kiloyear/megayear axis,PalMod,GIK17927_2_TS_001,age,yr ka,99,7.44371025088662,16.9002660914355
GIK17927_2.Sadatzki.2015,kiloyear/megayear axis,PalMod,GIK17927_2_TS_003,age,yr ka,99,7.41224607276916,16.9017119926373
GIK17927_2.Sadatzki.2015,kiloyear/megayear axis,PalMod,GIK17927_2_TS_006,age,yr ka,99,0.78,18.55
GIK17940_2.Hu.2012,kiloyear/megayear axis,PalMod,GIK17940_2_TS_001,age,yr ka,1135,0.163212507796034,35.1623767667198
GIK17940_2.Hu.2012,kiloyear/megayear axis,PalMod,GIK17940_2_TS_003,age,yr ka,1135,0.163325500488281,35.1388691679165
GIK17940_2.Hu.2012,kiloyear/megayear axis,PalMod,GIK17940_2_TS_012,age,yr ka,1135,0.014,41.081
GIK17940_2.Hu.2012,kiloyear/megayear axis,PalMod,GIK17940_2_TS_018,age,yr ka,1135,0.7,35.5
GIK17961_2.Wang.2002,kiloyear/megayear axis,lipdverseTest; PalMod,GIK17961_2_TS_001,age,yr ka,242,11.9437887890625,132.502974360647
GIK17961_2.Wang.2002,kiloyear/megayear axis,lipdverseTest; PalMod,GIK17961_2_TS_003,age,yr ka,242,11.9622001953125,132.834035584979
GIK17961_2.Wang.2002,kiloyear/megayear axis,lipdverseTest; PalMod,GIK17961_2_TS_009,age,yr ka,242,0,142.29
GIK18252_3.Kienast.2002,kiloyear/megayear axis,PalMod,GIK18252_3_TS_001,age,yr ka,52,11.0605339758769,15.0345317259532
GIK18252_3.Kienast.2002,kiloyear/megayear axis,PalMod,GIK18252_3_TS_003,age,yr ka,52,11.0505884475708,15.0325032087564
GIK18252_3.Kienast.2002,kiloyear/megayear axis,PalMod,GIK18252_3_TS_006,age,yr ka,52,2.13,15.86
GIK18287_3.Steinke.2002,kiloyear/megayear axis,PalMod,GIK18287_3_TS_001,age,yr ka,119,3.34662562011719,15.5572582175059
GIK18287_3.Steinke.2002,kiloyear/megayear axis,PalMod,GIK18287_3_TS_003,age,yr ka,119,3.34980505371094,15.5440119462013
GIK18287_3.Steinke.2002,kiloyear/megayear axis,PalMod,GIK18287_3_TS_006,age,yr ka,119,3.932,16.475
GIK18287_3.Steinke.2002,kiloyear/megayear axis,PalMod,GIK18287_3_TS_009,age,yr ka,119,3.389,16.475
GIK18287_3.Steinke.2002,kiloyear/megayear axis,PalMod,GIK18287_3_TS_012,age,yr ka,119,3.3888,16.507
GIK18462_3.Xu.2010,kiloyear/megayear axis,PalMod,GIK18462_3_TS_001,age,yr ka,56,1.1072739712376,19.8687632553987
GIK18462_3.Xu.2010,kiloyear/megayear axis,PalMod,GIK18462_3_TS_003,age,yr ka,56,1.09510747337341,19.8421477977435
GIK18462_3.Xu.2010,kiloyear/megayear axis,PalMod,GIK18462_3_TS_006,age,yr ka,56,1.03,20.22
GIK18471_1.Lo Giudice Cappelli.2016,kiloyear/megayear axis,PalMod,GIK18471_1_TS_001,age,yr ka,169,4.53265982335663,131.217659785856
GIK18471_1.Lo Giudice Cappelli.2016,kiloyear/megayear axis,PalMod,GIK18471_1_TS_003,age,yr ka,169,4.71819568634033,131.381696977016
GIK18471_1.Lo Giudice Cappelli.2016,kiloyear/megayear axis,PalMod,GIK18471_1_TS_006,age,yr ka,169,1.496,133.24
GIK18519_2.Schroeder.2018,kiloyear/megayear axis,PalMod,GIK18519_2_TS_001,age,yr ka,151,0.347870077864766,27.9812649168513
GIK18519_2.Schroeder.2018,kiloyear/megayear axis,PalMod,GIK18519_2_TS_003,age,yr ka,151,0.318076892852783,27.939767828263
GIK18519_2.Schroeder.2018,kiloyear/megayear axis,PalMod,GIK18519_2_TS_006,age,yr ka,151,11.434,27.819
GIK18519_2.Schroeder.2018,kiloyear/megayear axis,PalMod,GIK18519_2_TS_008,age,yr ka,151,0.618,25.061
GIK18519_2.Schroeder.2018,kiloyear/megayear axis,PalMod,GIK18519_2_TS_009,age,yr ka,151,0.303,25.287
GIK18522_3.Schroeder.2018,kiloyear/megayear axis,PalMod,GIK18522_3_TS_001,age,yr ka,136,3.06716442063761,25.1629660574814
GIK18522_3.Schroeder.2018,kiloyear/megayear axis,PalMod,GIK18522_3_TS_003,age,yr ka,136,3.05696253204346,25.1722669733092
GIK18522_3.Schroeder.2018,kiloyear/megayear axis,PalMod,GIK18522_3_TS_006,age,yr ka,136,1.326,25.694
GIK18522_3.Schroeder.2018,kiloyear/megayear axis,PalMod,GIK18522_3_TS_008,age,yr ka,136,0.287,24.767
GIK18522_3.Schroeder.2018,kiloyear/megayear axis,PalMod,GIK18522_3_TS_009,age,yr ka,136,0.257,25.054
GIK18526_3.Schroeder.2018,kiloyear/megayear axis,PalMod,GIK18526_3_TS_001,age,yr ka,95,1.33786395655517,25.2216469507201
GIK18526_3.Schroeder.2018,kiloyear/megayear axis,PalMod,GIK18526_3_TS_003,age,yr ka,95,1.3178790345192,25.1575161410895
GIK18526_3.Schroeder.2018,kiloyear/megayear axis,PalMod,GIK18526_3_TS_006,age,yr ka,95,0.077,25.24
GIK18526_3.Schroeder.2018,kiloyear/megayear axis,PalMod,GIK18526_3_TS_008,age,yr ka,95,0.077,25.24
GIK18526_3.Schroeder.2018,kiloyear/megayear axis,PalMod,GIK18526_3_TS_009,age,yr ka,95,0.063,25.505
GIK18540_3.Schroeder.2018,kiloyear/megayear axis,PalMod,GIK18540_3_TS_001,age,yr ka,125,3.9844201524106,25.8973960042326
GIK18540_3.Schroeder.2018,kiloyear/megayear axis,PalMod,GIK18540_3_TS_003,age,yr ka,125,3.98372748565674,25.8448027786565
GIK18540_3.Schroeder.2018,kiloyear/megayear axis,PalMod,GIK18540_3_TS_006,age,yr ka,125,0.403,25.636
GIK18540_3.Schroeder.2018,kiloyear/megayear axis,PalMod,GIK18540_3_TS_008,age,yr ka,125,0.403,24.293
GIK23065_2.lastname.year,kiloyear/megayear axis,PalMod,GIK23065_2_TS_001,age,yr ka,21,2.24695201193476,20.3335283040197
GIK23065_2.lastname.year,kiloyear/megayear axis,PalMod,GIK23065_2_TS_003,age,yr ka,21,2.21021448516846,20.3237010996201
GIK23074_1.lastname.year,kiloyear/megayear axis,PalMod,GIK23074_1_TS_001,age,yr ka,635,12.1854116992188,26.4664150828516
GIK23074_1.lastname.year,kiloyear/megayear axis,PalMod,GIK23074_1_TS_003,age,yr ka,635,12.1880502929688,26.436809325645
GIK23258_2.SARNTHEIN.2010,kiloyear/megayear axis,PalMod,GIK23258_2_TS_001,age,yr ka,400,0.164916886628762,14.0882754352285
GIK23258_2.SARNTHEIN.2010,kiloyear/megayear axis,PalMod,GIK23258_2_TS_003,age,yr ka,400,0.172526504516602,14.02686992995
GIK23258_2.SARNTHEIN.2010,kiloyear/megayear axis,PalMod,GIK23258_2_TS_006,age,yr ka,400,0.698,13.9871
GIK23258_2.SARNTHEIN.2010,kiloyear/megayear axis,PalMod,GIK23258_2_TS_011,age,yr ka,400,0.698,13.987
GIK23258_2.SARNTHEIN.2010,kiloyear/megayear axis,PalMod,GIK23258_2_TS_016,age,yr ka,400,0.76,14.54
GIK23258_3.SARNTHEIN.2010,kiloyear/megayear axis,PalMod,GIK23258_3_TS_001,age,yr ka,40,0.140442098900356,1.05483137422647
GIK23258_3.SARNTHEIN.2010,kiloyear/megayear axis,PalMod,GIK23258_3_TS_003,age,yr ka,40,0.13013850402832,1.04704581475258
GIK23258_3.SARNTHEIN.2010,kiloyear/megayear axis,PalMod,GIK23258_3_TS_006,age,yr ka,40,0,1.944
GIK23414_9.lastname.year,kiloyear/megayear axis,PalMod,GIK23414_9_TS_001,age,yr ka,308,4.57764368450928,137.119101242217
GIK23414_9.lastname.year,kiloyear/megayear axis,PalMod,GIK23414_9_TS_003,age,yr ka,308,4.58205493164063,137.001404295217
GIK23414_9.lastname.year,kiloyear/megayear axis,PalMod,GIK23414_9_TS_012,age,yr ka,308,12.824,193.065
GIK23415_9.Weinelt.2017,kiloyear/megayear axis,PalMod,GIK23415_9_TS_001,age,yr ka,416,2.03254268909311,132.813667690079
GIK23415_9.Weinelt.2017,kiloyear/megayear axis,PalMod,GIK23415_9_TS_003,age,yr ka,416,1.98651874160767,132.883397861736
GIK23415_9.Weinelt.2017,kiloyear/megayear axis,PalMod,GIK23415_9_TS_012,age,yr ka,416,7.5,78.5
GIK23416_4.lastname.year,kiloyear/megayear axis,PalMod,GIK23416_4_TS_001,age,yr ka,181,2.03189083379364,133.002250418857
GIK23416_4.lastname.year,kiloyear/megayear axis,PalMod,GIK23416_4_TS_003,age,yr ka,181,2.02960998535156,133.089800752878
GIK23417_1.lastname.year,kiloyear/megayear axis,PalMod,GIK23417_1_TS_001,age,yr ka,184,0.564489863935068,62.4408721936296
GIK23417_1.lastname.year,kiloyear/megayear axis,PalMod,GIK23417_1_TS_003,age,yr ka,184,0.55491650390625,62.401890063705
GIK23418_8.lastname.year,kiloyear/megayear axis,lipdverseTest; PalMod,GIK23418_8_TS_001,age,yr ka,251,0.526304610409737,133.578998485033
GIK23418_8.lastname.year,kiloyear/megayear axis,lipdverseTest; PalMod,GIK23418_8_TS_003,age,yr ka,251,0.521276977539062,133.612339260936
GIK23419_8.lastname.year,kiloyear/megayear axis,PalMod,GIK23419_8_TS_001,age,yr ka,194,1.74036506714058,60.0823448615972
GIK23419_8.lastname.year,kiloyear/megayear axis,PalMod,GIK23419_8_TS_003,age,yr ka,194,1.71672503662109,60.0483789276055
GIK23519_5.MILLO.2010,kiloyear/megayear axis,PalMod,GIK23519_5_TS_001,age,yr ka,101,4.30291480224609,16.5609562146469
GIK23519_5.MILLO.2010,kiloyear/megayear axis,PalMod,GIK23519_5_TS_003,age,yr ka,101,4.31165014648438,16.5703987884521
GIK23519_5.MILLO.2010,kiloyear/megayear axis,PalMod,GIK23519_5_TS_006,age,yr ka,101,5.81,32.82
GL1090.Santos.2020,kiloyear/megayear axis,PalMod,GL1090_TS_001,age,yr ka,947,7.16265578417969,132.651295695659
GL1090.Santos.2020,kiloyear/megayear axis,PalMod,GL1090_TS_003,age,yr ka,947,7.1795498046875,132.72096699131
GL1090.Santos.2020,kiloyear/megayear axis,PalMod,GL1090_TS_006,age,yr ka,947,6.5176,184.3269
GL1090.Santos.2020,kiloyear/megayear axis,PalMod,GL1090_TS_008,age,yr ka,947,6.5176,185.1604
GL1090.Santos.2020,kiloyear/megayear axis,PalMod,GL1090_TS_010,age,yr ka,947,6.6943,183.0976
GL1090.Santos.2020,kiloyear/megayear axis,PalMod,GL1090_TS_013,age,yr ka,947,6.5176,185.1604
GL1090.Santos.2020,kiloyear/megayear axis,PalMod,GL1090_TS_015,age,yr ka,947,6.6057,139.7134
GL1090.Santos.2020,kiloyear/megayear axis,PalMod,GL1090_TS_017,age,yr ka,947,6.6943,139.9394
GL1090.Santos.2020,kiloyear/megayear axis,PalMod,GL1090_TS_019,age,yr ka,947,65.37,139.5451
GL1090.Santos.2020,kiloyear/megayear axis,PalMod,GL1090_TS_022,age,yr ka,947,6.64,113.61
GS07_150_17_1GC_A.Voigt.2017,kiloyear/megayear axis,PalMod,GS07_150_17_1GC_A_TS_001,age,yr ka,26,8.41213931114131,22.5961722950057
GS07_150_17_1GC_A.Voigt.2017,kiloyear/megayear axis,PalMod,GS07_150_17_1GC_A_TS_003,age,yr ka,26,8.43026214909553,22.5972834821939
GS07_150_17_1GC_A.Voigt.2017,kiloyear/megayear axis,PalMod,GS07_150_17_1GC_A_TS_006,age,yr ka,26,8.68,22.644
GeoB10029_4.Mohtadi.2010,kiloyear/megayear axis,PalMod,GeoB10029_4_TS_001,age,yr ka,78,1.51129690881348,31.8090662388679
GeoB10029_4.Mohtadi.2010,kiloyear/megayear axis,PalMod,GeoB10029_4_TS_003,age,yr ka,78,1.49791998291016,31.685834980607
GeoB10029_4.Mohtadi.2010,kiloyear/megayear axis,PalMod,GeoB10029_4_TS_006,age,yr ka,78,0,40.12
GeoB10038_4.Mohtadi.2010,kiloyear/megayear axis,PalMod,GeoB10038_4_TS_001,age,yr ka,210,-0.457045304733276,130.589601448244
GeoB10038_4.Mohtadi.2010,kiloyear/megayear axis,PalMod,GeoB10038_4_TS_003,age,yr ka,210,-0.470407501220703,130.694269773126
GeoB10038_4.Mohtadi.2010,kiloyear/megayear axis,PalMod,GeoB10038_4_TS_006,age,yr ka,210,0,131.4
GeoB10042_1.Setiawan.Palmod.2015,kiloyear/megayear axis,PalMod,GeoB10042_1_TS_001,age,yr ka,106,4.02304380420065,35.3635667976606
GeoB10042_1.Setiawan.Palmod.2015,kiloyear/megayear axis,PalMod,GeoB10042_1_TS_003,age,yr ka,106,4.02449725723267,35.3897905164762
GeoB10042_1.Setiawan.Palmod.2015,kiloyear/megayear axis,PalMod,GeoB10042_1_TS_006,age,yr ka,106,4.2,39.42
GeoB10043_3.Setiawan.Palmod.2015,kiloyear/megayear axis,PalMod,GeoB10043_3_TS_001,age,yr ka,69,0.127792508963585,32.7207516042319
GeoB10043_3.Setiawan.Palmod.2015,kiloyear/megayear axis,PalMod,GeoB10043_3_TS_003,age,yr ka,69,0.129950632333755,32.6694611964893
GeoB10043_3.Setiawan.Palmod.2015,kiloyear/megayear axis,PalMod,GeoB10043_3_TS_006,age,yr ka,69,0.21,33.63
GeoB10065_7.Steinke.2014,kiloyear/megayear axis,PalMod,GeoB10065_7_TS_001,age,yr ka,421,0.0996612522829026,2.27880563136928
GeoB10065_7.Steinke.2014,kiloyear/megayear axis,PalMod,GeoB10065_7_TS_003,age,yr ka,421,0.104855299592018,2.28616809058907
GeoB10065_7.Steinke.2014,kiloyear/megayear axis,PalMod,GeoB10065_7_TS_006,age,yr ka,421,-0.034,2.0451
GeoB10065_7.Steinke.2014,kiloyear/megayear axis,PalMod,GeoB10065_7_TS_011,age,yr ka,421,-0.034,2.0451
GeoB10069_3.Gibbons.2013,kiloyear/megayear axis,PalMod,GeoB10069_3_TS_001,age,yr ka,327,0.3468934820979,34.5620367986578
GeoB10069_3.Gibbons.2013,kiloyear/megayear axis,PalMod,GeoB10069_3_TS_003,age,yr ka,327,0.380699558913708,34.5613115633106
GeoB10069_3.Gibbons.2013,kiloyear/megayear axis,PalMod,GeoB10069_3_TS_006,age,yr ka,327,0.4701,35.2396
GeoB1016_3.Govin.2014,kiloyear/megayear axis,PalMod,GeoB1016_3_TS_001,age,yr ka,266,99.44966465625,140.937329242679
GeoB1016_3.Govin.2014,kiloyear/megayear axis,PalMod,GeoB1016_3_TS_003,age,yr ka,266,99.4906015625,140.934868803024
GeoB1016_3.Govin.2014,kiloyear/megayear axis,PalMod,GeoB1016_3_TS_006,age,yr ka,266,99.7,144.6
GeoB1016_3.Govin.2014,kiloyear/megayear axis,PalMod,GeoB1016_3_TS_012,age,yr ka,266,1.3,302.4
GeoB1016_3.Govin.2014,kiloyear/megayear axis,PalMod,GeoB1016_3_TS_015,age,yr ka,266,1.3,200.6
GeoB1016_3.Govin.2014,kiloyear/megayear axis,PalMod,GeoB1016_3_TS_018,age,yr ka,266,0.9,200.6
GeoB1023_5.Schneider.2008,kiloyear/megayear axis,PalMod,GeoB1023_5_TS_001,age,yr ka,242,8.21930580729908,20.8755753442754
GeoB1023_5.Schneider.2008,kiloyear/megayear axis,PalMod,GeoB1023_5_TS_003,age,yr ka,242,8.20148268795013,20.8830475332144
GeoB1023_5.Schneider.2008,kiloyear/megayear axis,PalMod,GeoB1023_5_TS_006,age,yr ka,242,0.31,21.19
GeoB1032_3.Bickert.2012,kiloyear/megayear axis,PalMod,GeoB1032_3_TS_001,age,yr ka,104,5.81503929516602,136.240454341687
GeoB1032_3.Bickert.2012,kiloyear/megayear axis,PalMod,GeoB1032_3_TS_003,age,yr ka,104,5.8118798828125,136.303712661743
GeoB1032_3.Bickert.2012,kiloyear/megayear axis,PalMod,GeoB1032_3_TS_007,age,yr ka,104,6,368
GeoB1034_3.Bickert.2012,kiloyear/megayear axis,PalMod,GeoB1034_3_TS_001,age,yr ka,210,6.83399554724121,135.749266469233
GeoB1034_3.Bickert.2012,kiloyear/megayear axis,PalMod,GeoB1034_3_TS_003,age,yr ka,210,6.85413012695312,135.784139850616
GeoB1034_3.Bickert.2012,kiloyear/megayear axis,PalMod,GeoB1034_3_TS_006,age,yr ka,210,7,902.67
GeoB1035_4.Bickert.2012,kiloyear/megayear axis,PalMod,GeoB1035_4_TS_001,age,yr ka,111,4.03313351794434,135.034330441207
GeoB1035_4.Bickert.2012,kiloyear/megayear axis,PalMod,GeoB1035_4_TS_003,age,yr ka,111,4.03171997070313,135.001517467499
GeoB1035_4.Bickert.2012,kiloyear/megayear axis,PalMod,GeoB1035_4_TS_007,age,yr ka,111,6,423
GeoB1041_3.Bickert.2012,kiloyear/megayear axis,PalMod,GeoB1041_3_TS_001,age,yr ka,227,8.61924567431641,136.438843146014
GeoB1041_3.Bickert.2012,kiloyear/megayear axis,PalMod,GeoB1041_3_TS_003,age,yr ka,227,8.64397998046875,136.457270662308
GeoB1041_3.Bickert.2012,kiloyear/megayear axis,PalMod,GeoB1041_3_TS_006,age,yr ka,227,7.26,586
GeoB1101_5.Bickert.2012,kiloyear/megayear axis,PalMod,GeoB1101_5_TS_001,age,yr ka,155,0.454345845961809,134.435477587928
GeoB1101_5.Bickert.2012,kiloyear/megayear axis,PalMod,GeoB1101_5_TS_003,age,yr ka,155,0.457058502197266,134.350588714025
GeoB1101_5.Bickert.2012,kiloyear/megayear axis,PalMod,GeoB1101_5_TS_007,age,yr ka,155,0.38,540.8
GeoB1105_3.Bickert.2012,kiloyear/megayear axis,PalMod,GeoB1105_3_TS_001,age,yr ka,304,3.85260321088409,132.778558194392
GeoB1105_3.Bickert.2012,kiloyear/megayear axis,PalMod,GeoB1105_3_TS_003,age,yr ka,304,3.9037900390625,132.881484549278
GeoB1105_3.Bickert.2012,kiloyear/megayear axis,PalMod,GeoB1105_3_TS_008,age,yr ka,304,0.24,366.85
GeoB1105_3.Bickert.2012,kiloyear/megayear axis,PalMod,GeoB1105_3_TS_017,age,yr ka,304,0.24,274.63
GeoB1112_4.Bickert.2012,kiloyear/megayear axis,PalMod,GeoB1112_4_TS_001,age,yr ka,140,0.95567441323185,140.423477981987
GeoB1112_4.Bickert.2012,kiloyear/megayear axis,PalMod,GeoB1112_4_TS_003,age,yr ka,140,0.941433990478516,140.182897233009
GeoB1112_4.Bickert.2012,kiloyear/megayear axis,PalMod,GeoB1112_4_TS_006,age,yr ka,140,1.71,271
GeoB1112_4.Bickert.2012,kiloyear/megayear axis,PalMod,GeoB1112_4_TS_014,age,yr ka,140,1,271
GeoB1113_4.Sarnthein.2004,kiloyear/megayear axis,PalMod,GeoB1113_4_TS_001,age,yr ka,216,2.77329758461761,110.383920158449
GeoB1113_4.Sarnthein.2004,kiloyear/megayear axis,PalMod,GeoB1113_4_TS_003,age,yr ka,216,2.744875,110.39661417232401
GeoB1115_3.Bickert.2012,kiloyear/megayear axis,PalMod,GeoB1115_3_TS_001,age,yr ka,160,0.401555198206007,128.0947809217
GeoB1115_3.Bickert.2012,kiloyear/megayear axis,PalMod,GeoB1115_3_TS_003,age,yr ka,160,0.409393508911133,128.039184592485
GeoB1115_3.Bickert.2012,kiloyear/megayear axis,PalMod,GeoB1115_3_TS_008,age,yr ka,160,0.27,269
GeoB1117_2.Bickert.2012,kiloyear/megayear axis,PalMod,GeoB1117_2_TS_001,age,yr ka,222,0.540799045764387,132.853395600966
GeoB1117_2.Bickert.2012,kiloyear/megayear axis,PalMod,GeoB1117_2_TS_003,age,yr ka,222,0.541465484619141,132.861848878384
GeoB1117_2.Bickert.2012,kiloyear/megayear axis,PalMod,GeoB1117_2_TS_006,age,yr ka,222,2.61,362
GeoB1118_3.Bickert.2012,kiloyear/megayear axis,PalMod,GeoB1118_3_TS_001,age,yr ka,171,3.94477846606445,135.656723897868
GeoB1118_3.Bickert.2012,kiloyear/megayear axis,PalMod,GeoB1118_3_TS_003,age,yr ka,171,3.92252502441406,135.760747820854
GeoB1118_3.Bickert.2012,kiloyear/megayear axis,PalMod,GeoB1118_3_TS_008,age,yr ka,171,0.38,387.2
GeoB1211_3.Bickert.2012,kiloyear/megayear axis,PalMod,GeoB1211_3_TS_001,age,yr ka,168,8.10822273535156,133.9595336533
GeoB1211_3.Bickert.2012,kiloyear/megayear axis,PalMod,GeoB1211_3_TS_003,age,yr ka,168,8.09398510742188,133.90783873024
GeoB1211_3.Bickert.2012,kiloyear/megayear axis,PalMod,GeoB1211_3_TS_007,age,yr ka,168,6,1125
GeoB1214_1.Bickert.2012,kiloyear/megayear axis,PalMod,GeoB1214_1_TS_001,age,yr ka,103,1.3458780794518,135.403093925603
GeoB1214_1.Bickert.2012,kiloyear/megayear axis,PalMod,GeoB1214_1_TS_003,age,yr ka,103,1.390375,135.504091335297
GeoB1214_1.Bickert.2012,kiloyear/megayear axis,PalMod,GeoB1214_1_TS_007,age,yr ka,103,2.25,441.33
GeoB12605_3.Kuhnert.Palmod.2014,kiloyear/megayear axis,PalMod,GeoB12605_3_TS_001,age,yr ka,243,1.47478751580434,10.0668495041327
GeoB12605_3.Kuhnert.Palmod.2014,kiloyear/megayear axis,PalMod,GeoB12605_3_TS_003,age,yr ka,243,1.47348783779144,10.0873607216155
GeoB12605_3.Kuhnert.Palmod.2014,kiloyear/megayear axis,PalMod,GeoB12605_3_TS_006,age,yr ka,243,1.335,9.71
GeoB12610_2.RIPPERT.2015,kiloyear/megayear axis,PalMod,GeoB12610_2_TS_001,age,yr ka,165,0.50420323828125,33.4914391855244
GeoB12610_2.RIPPERT.2015,kiloyear/megayear axis,PalMod,GeoB12610_2_TS_003,age,yr ka,165,0.513328979492188,33.4059176011848
GeoB12610_2.RIPPERT.2015,kiloyear/megayear axis,PalMod,GeoB12610_2_TS_006,age,yr ka,165,0.35,33.29
GeoB12615_4.Romahn.Palmod.2014,kiloyear/megayear axis,PalMod,GeoB12615_4_TS_001,age,yr ka,139,0.824313628967285,35.8882088496735
GeoB12615_4.Romahn.Palmod.2014,kiloyear/megayear axis,PalMod,GeoB12615_4_TS_003,age,yr ka,139,0.819578002929688,36.1955241284847
GeoB12615_4.Romahn.Palmod.2014,kiloyear/megayear axis,PalMod,GeoB12615_4_TS_006,age,yr ka,139,0.766,38.79
GeoB13731_1.Fink.2013,kiloyear/megayear axis,PalMod,GeoB13731_1_TS_001,age,yr ka,85,-0.747022119169712,22.276276584921
GeoB13731_1.Fink.2013,kiloyear/megayear axis,PalMod,GeoB13731_1_TS_003,age,yr ka,85,-0.782695495605469,22.3428787435293
GeoB1505_2.Zabel.2002,kiloyear/megayear axis,PalMod,GeoB1505_2_TS_001,age,yr ka,162,7.02659360498047,135.289066659362
GeoB1505_2.Zabel.2002,kiloyear/megayear axis,PalMod,GeoB1505_2_TS_003,age,yr ka,162,7.01728002929688,135.348611024857
GeoB1505_2.Zabel.2002,kiloyear/megayear axis,PalMod,GeoB1505_2_TS_006,age,yr ka,162,1.13,417
GeoB16202_2.Venancio.2018,kiloyear/megayear axis,PalMod,GeoB16202_2_TS_001,age,yr ka,153,1.18597229888916,23.1479187360605
GeoB16202_2.Venancio.2018,kiloyear/megayear axis,PalMod,GeoB16202_2_TS_003,age,yr ka,153,1.206625,23.1321116870528
GeoB16202_2.Venancio.2018,kiloyear/megayear axis,PalMod,GeoB16202_2_TS_006,age,yr ka,153,1.438,23.217
GeoB16202_2.Venancio.2018,kiloyear/megayear axis,PalMod,GeoB16202_2_TS_011,age,yr ka,153,1.141,23.921
GeoB16202_2.Venancio.2018,kiloyear/megayear axis,PalMod,GeoB16202_2_TS_013,age,yr ka,153,1.14,23.837
GeoB16203_1.Voigt.2017,kiloyear/megayear axis,PalMod,GeoB16203_1_TS_001,age,yr ka,124,1.38784076916027,14.4440053032611
GeoB16203_1.Voigt.2017,kiloyear/megayear axis,PalMod,GeoB16203_1_TS_003,age,yr ka,124,1.38139649391174,14.4151192361255
GeoB16203_1.Voigt.2017,kiloyear/megayear axis,PalMod,GeoB16203_1_TS_006,age,yr ka,124,1.472,14.486
GeoB16205_4.Voigt.2017,kiloyear/megayear axis,PalMod,GeoB16205_4_TS_001,age,yr ka,59,1.72808605569363,14.2180175379815
GeoB16205_4.Voigt.2017,kiloyear/megayear axis,PalMod,GeoB16205_4_TS_003,age,yr ka,59,1.73785372924805,14.2296520402843
GeoB16205_4.Voigt.2017,kiloyear/megayear axis,PalMod,GeoB16205_4_TS_006,age,yr ka,59,1.181,14.195
GeoB16206_1.Voigt.2017,kiloyear/megayear axis,PalMod,GeoB16206_1_TS_001,age,yr ka,247,1.08657291149902,28.8700447513043
GeoB16206_1.Voigt.2017,kiloyear/megayear axis,PalMod,GeoB16206_1_TS_003,age,yr ka,247,1.05608001708984,28.8733020030856
GeoB16206_1.Voigt.2017,kiloyear/megayear axis,PalMod,GeoB16206_1_TS_006,age,yr ka,247,0.833,28.864
GeoB16206_1.Voigt.2017,kiloyear/megayear axis,PalMod,GeoB16206_1_TS_011,age,yr ka,247,8.291,28.008
GeoB16224_1.Crivellari.2019,kiloyear/megayear axis,PalMod,GeoB16224_1_TS_001,age,yr ka,351,12.6288835027876,40.5726994352103
GeoB16224_1.Crivellari.2019,kiloyear/megayear axis,PalMod,GeoB16224_1_TS_003,age,yr ka,351,12.6567981910706,40.6745509618498
GeoB16224_1.Crivellari.2019,kiloyear/megayear axis,PalMod,GeoB16224_1_TS_006,age,yr ka,351,12.797,25.115
GeoB16224_1.Crivellari.2019,kiloyear/megayear axis,PalMod,GeoB16224_1_TS_011,age,yr ka,351,14.11,21.92
GeoB16224_1.Crivellari.2019,kiloyear/megayear axis,PalMod,GeoB16224_1_TS_014,age,yr ka,351,12.772,48.934
GeoB16224_1.Crivellari.2019,kiloyear/megayear axis,PalMod,GeoB16224_1_TS_017,age,yr ka,351,12.889,33.357
GeoB16224_1.Crivellari.2019,kiloyear/megayear axis,PalMod,GeoB16224_1_TS_019,age,yr ka,351,12.772,48.934
GeoB16224_1.Crivellari.2019,kiloyear/megayear axis,PalMod,GeoB16224_1_TS_022,age,yr ka,351,12.772,48.934
GeoB16602.Huang.2018,kiloyear/megayear axis,PalMod,GeoB16602_TS_001,age,yr ka,1274,2.8965507074585,497.260924581953
GeoB16602.Huang.2018,kiloyear/megayear axis,PalMod,GeoB16602_TS_003,age,yr ka,1274,2.87449045944214,497.182799620021
GeoB16602.Huang.2018,kiloyear/megayear axis,PalMod,GeoB16602_TS_006,age,yr ka,1274,0.59,511.4
GeoB16602.Huang.2018,kiloyear/megayear axis,PalMod,GeoB16602_TS_010,age,yr ka,1274,0.59,426.56
GeoB16602.Huang.2018,kiloyear/megayear axis,PalMod,GeoB16602_TS_013,age,yr ka,1274,0.59,512.07
GeoB1710_3.Volbers.2011,kiloyear/megayear axis,lipdverseTest; PalMod,GeoB1710_3_TS_001,age,yr ka,426,1.66567817693496,131.17423543882
GeoB1710_3.Volbers.2011,kiloyear/megayear axis,lipdverseTest; PalMod,GeoB1710_3_TS_003,age,yr ka,426,1.69947998046875,131.250506019851
GeoB1710_3.Volbers.2011,kiloyear/megayear axis,lipdverseTest; PalMod,GeoB1710_3_TS_009,age,yr ka,426,2.6,245
GeoB1711_4.Little.2002,kiloyear/megayear axis,PalMod,GeoB1711_4_TS_001,age,yr ka,435,4.46093706640625,134.407095044335
GeoB1711_4.Little.2002,kiloyear/megayear axis,PalMod,GeoB1711_4_TS_003,age,yr ka,435,4.44555981445313,134.651374225702
GeoB1711_4.Little.2002,kiloyear/megayear axis,PalMod,GeoB1711_4_TS_007,age,yr ka,435,0.4,135
GeoB1720_2.Dickson.2009,kiloyear/megayear axis,PalMod,GeoB1720_2_TS_001,age,yr ka,80,0.749169535690308,47.0200370085859
GeoB1720_2.Dickson.2009,kiloyear/megayear axis,PalMod,GeoB1720_2_TS_003,age,yr ka,80,0.836418518066406,46.7681982929853
GeoB1720_2.Dickson.2009,kiloyear/megayear axis,PalMod,GeoB1720_2_TS_006,age,yr ka,80,0.77,47.55
GeoB17426_3.Hollstein.2020,kiloyear/megayear axis,lipdverseTest; PalMod,GeoB17426_3_TS_001,age,yr ka,246,0.760708536743164,131.169276063968
GeoB17426_3.Hollstein.2020,kiloyear/megayear axis,lipdverseTest; PalMod,GeoB17426_3_TS_003,age,yr ka,246,0.748214996337891,131.142598906653
GeoB17426_3.Hollstein.2020,kiloyear/megayear axis,lipdverseTest; PalMod,GeoB17426_3_TS_006,age,yr ka,246,0.64,209.25
GeoB18131_1.Wang.2019,kiloyear/megayear axis,PalMod,GeoB18131_1_TS_001,age,yr ka,169,0.121502095552765,130.566676448383
GeoB18131_1.Wang.2019,kiloyear/megayear axis,PalMod,GeoB18131_1_TS_003,age,yr ka,169,0.112580501556396,130.533697458577
GeoB3004_1.Schmiedl.2006,kiloyear/megayear axis,PalMod,GeoB3004_1_TS_001,age,yr ka,202,2.49851855065155,132.159613022539
GeoB3004_1.Schmiedl.2006,kiloyear/megayear axis,PalMod,GeoB3004_1_TS_003,age,yr ka,202,2.51044995117187,132.181194020271
GeoB3004_1.Schmiedl.2006,kiloyear/megayear axis,PalMod,GeoB3004_1_TS_006,age,yr ka,202,0.6,190
GeoB3104_1.Arz.2002,kiloyear/megayear axis,PalMod,GeoB3104_1_TS_001,age,yr ka,203,2.25666743115234,42.2889279637683
GeoB3104_1.Arz.2002,kiloyear/megayear axis,PalMod,GeoB3104_1_TS_003,age,yr ka,203,2.24565490722656,42.1286630946752
GeoB3104_1.Arz.2002,kiloyear/megayear axis,PalMod,GeoB3104_1_TS_006,age,yr ka,203,1.39,46.94
GeoB3104_1.Arz.2002,kiloyear/megayear axis,PalMod,GeoB3104_1_TS_011,age,yr ka,203,1.39,48.17
GeoB3129_1.Weldeab.2005,kiloyear/megayear axis,PalMod,GeoB3129_1_TS_001,age,yr ka,172,1.8998507497797,19.7794756531725
GeoB3129_1.Weldeab.2005,kiloyear/megayear axis,PalMod,GeoB3129_1_TS_003,age,yr ka,172,1.89721120262146,19.7443613898125
GeoB3129_1.Weldeab.2005,kiloyear/megayear axis,PalMod,GeoB3129_1_TS_006,age,yr ka,172,0.17,20.74
GeoB3129_1.Weldeab.2005,kiloyear/megayear axis,PalMod,GeoB3129_1_TS_010,age,yr ka,172,0.46,14.34
GeoB3202_1.Arz.2002,kiloyear/megayear axis,PalMod,GeoB3202_1_TS_001,age,yr ka,99,3.44042368659687,20.5297982011777
GeoB3202_1.Arz.2002,kiloyear/megayear axis,PalMod,GeoB3202_1_TS_003,age,yr ka,99,3.3563030090332,20.5303940258026
GeoB3202_1.Arz.2002,kiloyear/megayear axis,PalMod,GeoB3202_1_TS_006,age,yr ka,99,1.46,54.33
GeoB3302_1.Mohtadi.2004,kiloyear/megayear axis,PalMod,GeoB3302_1_TS_001,age,yr ka,82,5.94784394433594,31.4103556813702
GeoB3302_1.Mohtadi.2004,kiloyear/megayear axis,PalMod,GeoB3302_1_TS_003,age,yr ka,82,5.92913500976563,31.3707316575933
GeoB3302_1.Mohtadi.2004,kiloyear/megayear axis,PalMod,GeoB3302_1_TS_006,age,yr ka,82,12.97,32.68
GeoB3302_1.Mohtadi.2004,kiloyear/megayear axis,PalMod,GeoB3302_1_TS_014,age,yr ka,82,12.94,32.3
GeoB3327_5.Ho.2012,kiloyear/megayear axis,PalMod,GeoB3327_5_TS_001,age,yr ka,180,7.88215264477539,492.605080865279
GeoB3327_5.Ho.2012,kiloyear/megayear axis,PalMod,GeoB3327_5_TS_003,age,yr ka,180,7.883455078125,492.332185017109
GeoB3327_5.Ho.2012,kiloyear/megayear axis,PalMod,GeoB3327_5_TS_006,age,yr ka,180,7.286,513
GeoB3359_3.Romero.2005,kiloyear/megayear axis,PalMod,GeoB3359_3_TS_001,age,yr ka,74,14.7319368376209,23.4837721949887
GeoB3359_3.Romero.2005,kiloyear/megayear axis,PalMod,GeoB3359_3_TS_003,age,yr ka,74,14.7250435323715,23.5177928539639
GeoB3359_3.Romero.2005,kiloyear/megayear axis,PalMod,GeoB3359_3_TS_006,age,yr ka,74,7.156,23.415
GeoB3808_6.Jonkers.2015,kiloyear/megayear axis,PalMod,GeoB3808_6_TS_001,age,yr ka,127,8.54516302685547,137.501958143026
GeoB3808_6.Jonkers.2015,kiloyear/megayear axis,PalMod,GeoB3808_6_TS_003,age,yr ka,127,8.5544951171875,137.414494768226
GeoB3808_6.Jonkers.2015,kiloyear/megayear axis,PalMod,GeoB3808_6_TS_006,age,yr ka,127,7.67,142.97
GeoB3910_2.Jaeschke.2007,kiloyear/megayear axis,PalMod,GeoB3910_2_TS_001,age,yr ka,334,0.127937535773501,46.0839865376734
GeoB3910_2.Jaeschke.2007,kiloyear/megayear axis,PalMod,GeoB3910_2_TS_003,age,yr ka,334,0.1236875,46.0297757493672
GeoB3910_2.Jaeschke.2007,kiloyear/megayear axis,PalMod,GeoB3910_2_TS_006,age,yr ka,334,1.31,62.28
GeoB3910_2.Jaeschke.2007,kiloyear/megayear axis,PalMod,GeoB3910_2_TS_011,age,yr ka,334,0.245,10.699
GeoB3935_2.Schluenz.2002,kiloyear/megayear axis,PalMod,GeoB3935_2_TS_001,age,yr ka,104,5.4124397668457,132.687568598628
GeoB3935_2.Schluenz.2002,kiloyear/megayear axis,PalMod,GeoB3935_2_TS_003,age,yr ka,104,5.41753002929688,132.780583835602
GeoB3935_2.Schluenz.2002,kiloyear/megayear axis,PalMod,GeoB3935_2_TS_006,age,yr ka,104,0.21,176.25
GeoB3935_2.Schluenz.2002,kiloyear/megayear axis,PalMod,GeoB3935_2_TS_008,age,yr ka,104,0.21,176.25
GeoB3938_1.Govin.2014,kiloyear/megayear axis,PalMod,GeoB3938_1_TS_001,age,yr ka,129,7.96236039892578,133.97314474728
GeoB3938_1.Govin.2014,kiloyear/megayear axis,PalMod,GeoB3938_1_TS_003,age,yr ka,129,7.9618701171875,134.097714493513
GeoB3938_1.Govin.2014,kiloyear/megayear axis,PalMod,GeoB3938_1_TS_006,age,yr ka,129,3.5,243.1
GeoB3938_1.Govin.2014,kiloyear/megayear axis,PalMod,GeoB3938_1_TS_008,age,yr ka,129,0.21,244.18
GeoB4216_1.Freudenthal.2002,kiloyear/megayear axis,PalMod,GeoB4216_1_TS_001,age,yr ka,220,6.49537873223877,129.310614285017
GeoB4216_1.Freudenthal.2002,kiloyear/megayear axis,PalMod,GeoB4216_1_TS_003,age,yr ka,220,6.74106005859375,129.469894200352
GeoB4216_1.Freudenthal.2002,kiloyear/megayear axis,PalMod,GeoB4216_1_TS_006,age,yr ka,220,2.04,257
GeoB4223_2.Freudenthal.2002,kiloyear/megayear axis,PalMod,GeoB4223_2_TS_001,age,yr ka,762,2.60706526924705,85.1406386378175
GeoB4223_2.Freudenthal.2002,kiloyear/megayear axis,PalMod,GeoB4223_2_TS_003,age,yr ka,762,2.48527523803711,85.1907987084389
GeoB4223_2.Freudenthal.2002,kiloyear/megayear axis,PalMod,GeoB4223_2_TS_007,age,yr ka,762,0.916,88.438
GeoB4240_2.Freudenthal.2002,kiloyear/megayear axis,PalMod,GeoB4240_2_TS_001,age,yr ka,337,5.19920092236328,70.8528252061053
GeoB4240_2.Freudenthal.2002,kiloyear/megayear axis,PalMod,GeoB4240_2_TS_003,age,yr ka,337,5.20413500976563,70.8647191922069
GeoB4240_2.Freudenthal.2002,kiloyear/megayear axis,PalMod,GeoB4240_2_TS_006,age,yr ka,337,2.426,136
GeoB4411_2.Govin.2014,kiloyear/megayear axis,PalMod,GeoB4411_2_TS_001,age,yr ka,149,7.52427200097656,131.286949543781
GeoB4411_2.Govin.2014,kiloyear/megayear axis,PalMod,GeoB4411_2_TS_003,age,yr ka,149,7.524580078125,131.433271510988
GeoB4411_2.Govin.2014,kiloyear/megayear axis,PalMod,GeoB4411_2_TS_006,age,yr ka,149,6,252.6
GeoB4901_8.Kallweit.2012,kiloyear/megayear axis,PalMod,GeoB4901_8_TS_001,age,yr ka,435,0.52439862909317,131.618443122442
GeoB4901_8.Kallweit.2012,kiloyear/megayear axis,PalMod,GeoB4901_8_TS_003,age,yr ka,435,0.519592010498047,131.83923535614
GeoB4901_8.Kallweit.2012,kiloyear/megayear axis,PalMod,GeoB4901_8_TS_012,age,yr ka,435,2.9,34.54
GeoB4905_4.Weldeab.Palmod.2005,kiloyear/megayear axis,PalMod,GeoB4905_4_TS_001,age,yr ka,266,0.560916732799634,21.3851339954908
GeoB4905_4.Weldeab.Palmod.2005,kiloyear/megayear axis,PalMod,GeoB4905_4_TS_003,age,yr ka,266,0.545993366241455,21.3684687180387
GeoB4905_4.Weldeab.Palmod.2005,kiloyear/megayear axis,PalMod,GeoB4905_4_TS_006,age,yr ka,266,0.06,21.77
GeoB5844_2.Arz.Palmod.2003,kiloyear/megayear axis,PalMod,GeoB5844_2_TS_001,age,yr ka,88,0.439259138322234,21.4883864224832
GeoB5844_2.Arz.Palmod.2003,kiloyear/megayear axis,PalMod,GeoB5844_2_TS_003,age,yr ka,88,0.464429489135742,21.5088654316939
GeoB5844_2.Arz.Palmod.2003,kiloyear/megayear axis,PalMod,GeoB5844_2_TS_006,age,yr ka,88,0.8132,21.0142
GeoB5844_2.Arz.Palmod.2003,kiloyear/megayear axis,PalMod,GeoB5844_2_TS_011,age,yr ka,88,0.5903,20.9785
GeoB5901_2.Schirrmacher.2019,kiloyear/megayear axis,PalMod,GeoB5901_2_TS_001,age,yr ka,356,1.47171316166496,10.1008493881761
GeoB5901_2.Schirrmacher.2019,kiloyear/megayear axis,PalMod,GeoB5901_2_TS_003,age,yr ka,356,1.44744604110718,10.1116896673441
GeoB5901_2.Schirrmacher.2019,kiloyear/megayear axis,PalMod,GeoB5901_2_TS_006,age,yr ka,356,1.13,9.92
GeoB5901_2.Schirrmacher.2019,kiloyear/megayear axis,PalMod,GeoB5901_2_TS_009,age,yr ka,356,1.83,6.18
GeoB6211_2.Voigt.2015,kiloyear/megayear axis,PalMod,GeoB6211_2_TS_001,age,yr ka,698,1.17142651940918,20.0916260414848
GeoB6211_2.Voigt.2015,kiloyear/megayear axis,PalMod,GeoB6211_2_TS_003,age,yr ka,698,1.17090502929688,20.0578860642165
GeoB6211_2.Voigt.2015,kiloyear/megayear axis,PalMod,GeoB6211_2_TS_006,age,yr ka,698,0,18.999
GeoB6211_2.Voigt.2015,kiloyear/megayear axis,PalMod,GeoB6211_2_TS_013,age,yr ka,698,1.185,19.3
GeoB6211_2.Voigt.2015,kiloyear/megayear axis,PalMod,GeoB6211_2_TS_019,age,yr ka,698,0.221,14.086
GeoB6518_1.Rampen.2012,kiloyear/megayear axis,PalMod,GeoB6518_1_TS_001,age,yr ka,144,0.0069812305742763,36.7612217630323
GeoB6518_1.Rampen.2012,kiloyear/megayear axis,PalMod,GeoB6518_1_TS_003,age,yr ka,144,0.0413929605484009,36.7910570231608
GeoB6518_1.Rampen.2012,kiloyear/megayear axis,PalMod,GeoB6518_1_TS_006,age,yr ka,144,0.03,19.498
GeoB6518_1.Rampen.2012,kiloyear/megayear axis,PalMod,GeoB6518_1_TS_010,age,yr ka,144,0.03,42.79
GeoB7010_2.Govin.2014,kiloyear/megayear axis,PalMod,GeoB7010_2_TS_001,age,yr ka,219,0.524361883655071,85.7041807540941
GeoB7010_2.Govin.2014,kiloyear/megayear axis,PalMod,GeoB7010_2_TS_003,age,yr ka,219,0.524070983886719,85.6953200173982
GeoB7010_2.Govin.2014,kiloyear/megayear axis,PalMod,GeoB7010_2_TS_006,age,yr ka,219,2.7,103.9
GeoB7011_1.Govin.2014,kiloyear/megayear axis,PalMod,GeoB7011_1_TS_001,age,yr ka,52,97.9371424375,136.282154725715
GeoB7011_1.Govin.2014,kiloyear/megayear axis,PalMod,GeoB7011_1_TS_003,age,yr ka,52,97.94880078125,136.270331143379
GeoB7011_1.Govin.2014,kiloyear/megayear axis,PalMod,GeoB7011_1_TS_006,age,yr ka,52,81.9,151.3
GeoB7165_1.Mohtadi.2008,kiloyear/megayear axis,PalMod,GeoB7165_1_TS_001,age,yr ka,228,14.3455158007812,21.4717944412789
GeoB7165_1.Mohtadi.2008,kiloyear/megayear axis,PalMod,GeoB7165_1_TS_003,age,yr ka,228,14.335,21.4576099481583
GeoB7165_1.Mohtadi.2008,kiloyear/megayear axis,PalMod,GeoB7165_1_TS_006,age,yr ka,228,6.52,22.28
GeoB7186_3.Mohtadi.2007,kiloyear/megayear axis,PalMod,GeoB7186_3_TS_001,age,yr ka,121,0.157828375632644,2.55478502657731
GeoB7186_3.Mohtadi.2007,kiloyear/megayear axis,PalMod,GeoB7186_3_TS_003,age,yr ka,121,0.140689498901367,2.57915645882487
GeoB7186_3.Mohtadi.2007,kiloyear/megayear axis,PalMod,GeoB7186_3_TS_006,age,yr ka,121,0.01154,2.1675
GeoB7702_3.Castaneda.Palmod.2010,kiloyear/megayear axis,PalMod,GeoB7702_3_TS_001,age,yr ka,115,0.0828316804857254,26.3961155915663
GeoB7702_3.Castaneda.Palmod.2010,kiloyear/megayear axis,PalMod,GeoB7702_3_TS_003,age,yr ka,115,0.0678329010009766,26.4080521458368
GeoB7702_3.Castaneda.Palmod.2010,kiloyear/megayear axis,PalMod,GeoB7702_3_TS_006,age,yr ka,115,0.142,26.617
GeoB7920_2.Tjallingii.2008,kiloyear/megayear axis,PalMod,GeoB7920_2_TS_001,age,yr ka,322,0.461560648608088,110.273185364814
GeoB7920_2.Tjallingii.2008,kiloyear/megayear axis,PalMod,GeoB7920_2_TS_003,age,yr ka,322,0.450572998046875,110.258260217376
GeoB7920_2.Tjallingii.2008,kiloyear/megayear axis,PalMod,GeoB7920_2_TS_006,age,yr ka,322,0.52,117.885
GeoB7926_2.Romero.2008,kiloyear/megayear axis,PalMod,GeoB7926_2_TS_001,age,yr ka,626,0.787903796142578,24.4795139760468
GeoB7926_2.Romero.2008,kiloyear/megayear axis,PalMod,GeoB7926_2_TS_003,age,yr ka,626,0.774783508300781,24.4602343939818
GeoB8331_4.Leduc.2010,kiloyear/megayear axis,PalMod,GeoB8331_4_TS_001,age,yr ka,99,0.0223956662784591,3.15088576180739
GeoB8331_4.Leduc.2010,kiloyear/megayear axis,PalMod,GeoB8331_4_TS_003,age,yr ka,99,0.0140267519950867,3.1222952247559
GeoB8331_4.Leduc.2010,kiloyear/megayear axis,PalMod,GeoB8331_4_TS_006,age,yr ka,99,0.012,3.039
GeoB9307_3.SchefuSS.2011,kiloyear/megayear axis,PalMod,GeoB9307_3_TS_001,age,yr ka,127,0.594952235887051,16.7492139543247
GeoB9307_3.SchefuSS.2011,kiloyear/megayear axis,PalMod,GeoB9307_3_TS_003,age,yr ka,127,0.577506113052368,16.7556582686603
GeoB9307_3.SchefuSS.2011,kiloyear/megayear axis,PalMod,GeoB9307_3_TS_006,age,yr ka,127,0.27,16.947
GeoB9508_5.Bouimetarhan.2013,kiloyear/megayear axis,PalMod,GeoB9508_5_TS_001,age,yr ka,423,0.568584795416087,59.1315416259407
GeoB9508_5.Bouimetarhan.2013,kiloyear/megayear axis,PalMod,GeoB9508_5_TS_003,age,yr ka,423,0.727177263259888,59.1796001189351
GeoB9508_5.Bouimetarhan.2013,kiloyear/megayear axis,PalMod,GeoB9508_5_TS_006,age,yr ka,423,0.76,57.21
GeoB9508_5.Bouimetarhan.2013,kiloyear/megayear axis,PalMod,GeoB9508_5_TS_009,age,yr ka,423,1.362,43.64
GeoB9508_5.Bouimetarhan.2013,kiloyear/megayear axis,PalMod,GeoB9508_5_TS_012,age,yr ka,423,1.45,57.21
GeoB9508_5.Bouimetarhan.2013,kiloyear/megayear axis,PalMod,GeoB9508_5_TS_015,age,yr ka,423,11.64,21.57
GeoB9510_1.Voelpel.2018,kiloyear/megayear axis,PalMod,GeoB9510_1_TS_001,age,yr ka,44,7.49855727392578,23.4388384466375
GeoB9510_1.Voelpel.2018,kiloyear/megayear axis,PalMod,GeoB9510_1_TS_003,age,yr ka,44,7.47948510742187,23.5182772537161
GeoB9510_1.Voelpel.2018,kiloyear/megayear axis,PalMod,GeoB9510_1_TS_006,age,yr ka,44,4.861,25.228
GeoB9512_5.Voelpel.2018,kiloyear/megayear axis,PalMod,GeoB9512_5_TS_001,age,yr ka,70,0.592077603105903,23.3907385761477
GeoB9512_5.Voelpel.2018,kiloyear/megayear axis,PalMod,GeoB9512_5_TS_003,age,yr ka,70,0.589234985351562,23.4285846384227
GeoB9512_5.Voelpel.2018,kiloyear/megayear axis,PalMod,GeoB9512_5_TS_006,age,yr ka,70,1.356,25.236
GeoB9513_3.Voelpel.2018,kiloyear/megayear axis,PalMod,GeoB9513_3_TS_001,age,yr ka,47,2.71013094628906,29.3793358268133
GeoB9513_3.Voelpel.2018,kiloyear/megayear axis,PalMod,GeoB9513_3_TS_003,age,yr ka,47,2.7042900390625,29.3031477138996
GeoB9513_3.Voelpel.2018,kiloyear/megayear axis,PalMod,GeoB9513_3_TS_006,age,yr ka,47,2.54,29.757
GeoB9526_5.Zarriess.2011,kiloyear/megayear axis,PalMod,GeoB9526_5_TS_001,age,yr ka,196,1.94535433688862,69.6197887698178
GeoB9526_5.Zarriess.2011,kiloyear/megayear axis,PalMod,GeoB9526_5_TS_003,age,yr ka,196,1.76119086855108,69.5760517973141
GeoB9526_5.Zarriess.2011,kiloyear/megayear axis,PalMod,GeoB9526_5_TS_008,age,yr ka,196,1.67,31.1
GeoB9526_5.Zarriess.2011,kiloyear/megayear axis,PalMod,GeoB9526_5_TS_012,age,yr ka,196,31.27,71.77
GeoB9526_5.Zarriess.2011,kiloyear/megayear axis,PalMod,GeoB9526_5_TS_016,age,yr ka,196,3.08,71.77
GeoB9526_5.Zarriess.2011,kiloyear/megayear axis,PalMod,GeoB9526_5_TS_024,age,yr ka,196,1.25,31.1
GeoB9528_3.Hull.2010,kiloyear/megayear axis,PalMod,GeoB9528_3_TS_001,age,yr ka,352,4.21935314273071,127.605277901173
GeoB9528_3.Hull.2010,kiloyear/megayear axis,PalMod,GeoB9528_3_TS_003,age,yr ka,352,4.160875,128.170323558729
GeoB9528_3.Hull.2010,kiloyear/megayear axis,PalMod,GeoB9528_3_TS_006,age,yr ka,352,6.95,192.3
GeoB9528_3.Hull.2010,kiloyear/megayear axis,PalMod,GeoB9528_3_TS_009,age,yr ka,352,6.8499,192.0022
GeoTu_SL148.lastname.year,kiloyear/megayear axis,PalMod,GeoTu_SL148_TS_001,age,yr ka,58,5.17003610134036,11.9900467726989
GeoTu_SL148.lastname.year,kiloyear/megayear axis,PalMod,GeoTu_SL148_TS_003,age,yr ka,58,5.17621364545822,11.9754521810838
GeoTu_SL148.lastname.year,kiloyear/megayear axis,PalMod,GeoTu_SL148_TS_006,age,yr ka,58,0.07,12.04
GiK18515_3.Schroeder.2016,kiloyear/megayear axis,PalMod,GiK18515_3_TS_001,age,yr ka,335,3.09489048816484,26.1686525349861
GiK18515_3.Schroeder.2016,kiloyear/megayear axis,PalMod,GiK18515_3_TS_003,age,yr ka,335,3.06762046813965,26.1514984853613
GiK18515_3.Schroeder.2016,kiloyear/megayear axis,PalMod,GiK18515_3_TS_006,age,yr ka,335,0.214,26.421
GiK18515_3.Schroeder.2016,kiloyear/megayear axis,PalMod,GiK18515_3_TS_007,age,yr ka,335,0.235,26.333
H214.Samson.Palmod.2005,kiloyear/megayear axis,PalMod,H214_TS_001,age,yr ka,77,4.22640762813117,18.4372421029506
H214.Samson.Palmod.2005,kiloyear/megayear axis,PalMod,H214_TS_003,age,yr ka,77,4.13129919944126,18.4253152259715
H214.Samson.Palmod.2005,kiloyear/megayear axis,PalMod,H214_TS_006,age,yr ka,77,0.59,16.21
HLY02_02_17.Brunelle.2007,kiloyear/megayear axis,PalMod,HLY02_02_17_TS_001,age,yr ka,296,0.596325527731112,52.2657346064946
HLY02_02_17.Brunelle.2007,kiloyear/megayear axis,PalMod,HLY02_02_17_TS_003,age,yr ka,296,0.518793602018428,51.9381643134149
HLY02_02_17.Brunelle.2007,kiloyear/megayear axis,PalMod,HLY02_02_17_TS_006,age,yr ka,296,0.58,119.02
HM79_4.Dolven.2003,kiloyear/megayear axis,PalMod,HM79_4_TS_001,age,yr ka,64,12.110681336979,15.4053069852741
HM79_4.Dolven.2003,kiloyear/megayear axis,PalMod,HM79_4_TS_003,age,yr ka,64,12.1119434980154,15.3692621632218
HM79_4.Dolven.2003,kiloyear/megayear axis,PalMod,HM79_4_TS_006,age,yr ka,64,11.155,15.986
HM79_4_6.Karpuz.2008,kiloyear/megayear axis,PalMod,HM79_4_6_TS_001,age,yr ka,135,4.08828099475607,15.870305694658
HM79_4_6.Karpuz.2008,kiloyear/megayear axis,PalMod,HM79_4_6_TS_003,age,yr ka,135,4.08749140876532,15.8409829858324
HU90_013_013.Hillaire-Marcel.2008,kiloyear/megayear axis,PalMod,HU90_013_013_TS_001,age,yr ka,208,4.2385432434082,42.7124544730962
HU90_013_013.Hillaire-Marcel.2008,kiloyear/megayear axis,PalMod,HU90_013_013_TS_003,age,yr ka,208,4.24315502929687,42.6752063153802
HU91_045_093.Hoogakker.2014,kiloyear/megayear axis,PalMod,HU91_045_093_TS_001,age,yr ka,65,0.0164638356576569,2.43039715975706
HU91_045_093.Hoogakker.2014,kiloyear/megayear axis,PalMod,HU91_045_093_TS_003,age,yr ka,65,0.01421639752388,2.41653477737308
HU91_045_093.Hoogakker.2014,kiloyear/megayear axis,PalMod,HU91_045_093_TS_006,age,yr ka,65,0.016,2.526
HU91_045_093.Hoogakker.2014,kiloyear/megayear axis,PalMod,HU91_045_093_TS_011,age,yr ka,65,0.016,2.471
HYIV2015_B9.Li.2018,kiloyear/megayear axis,PalMod,HYIV2015_B9_TS_001,age,yr ka,42,2.53411000683594,31.343860832496
HYIV2015_B9.Li.2018,kiloyear/megayear axis,PalMod,HYIV2015_B9_TS_003,age,yr ka,42,2.53107507324219,31.2894149188995
HYIV2015_B9.Li.2018,kiloyear/megayear axis,PalMod,HYIV2015_B9_TS_006,age,yr ka,42,2.7,31.319
IOW225514.Emeis.2003,kiloyear/megayear axis,PalMod,IOW225514_TS_001,age,yr ka,84,0.396113834422588,6.06308862754619
IOW225514.Emeis.2003,kiloyear/megayear axis,PalMod,IOW225514_TS_003,age,yr ka,84,0.384190002441406,6.06641390152869
IOW225514.Emeis.2003,kiloyear/megayear axis,PalMod,IOW225514_TS_006,age,yr ka,84,0.45,6.43
IOW225517.Emeis.2003,kiloyear/megayear axis,PalMod,IOW225517_TS_001,age,yr ka,80,1.80697284573907,10.8077178217954
IOW225517.Emeis.2003,kiloyear/megayear axis,PalMod,IOW225517_TS_003,age,yr ka,80,1.80443286848068,10.7973807195574
IOW225517.Emeis.2003,kiloyear/megayear axis,PalMod,IOW225517_TS_006,age,yr ka,80,1.82,11.39
JM07_015.Telesinski.2017,kiloyear/megayear axis,PalMod,JM07_015_TS_001,age,yr ka,127,-0.0475580962129533,13.2659400460923
JM07_015.Telesinski.2017,kiloyear/megayear axis,PalMod,JM07_015_TS_003,age,yr ka,127,-0.0475648545026779,13.2017060962965
JM07_015.Telesinski.2017,kiloyear/megayear axis,PalMod,JM07_015_TS_006,age,yr ka,127,-0.05,13.72
JM96_1225_1_GC.Hagen.2002,kiloyear/megayear axis,PalMod,JM96_1225_1_GC_TS_001,age,yr ka,111,12.1742397271115,22.139917931643
JM96_1225_1_GC.Hagen.2002,kiloyear/megayear axis,PalMod,JM96_1225_1_GC_TS_003,age,yr ka,111,12.1758260746002,22.1503371134365
JM96_1225_1_GC.Hagen.2002,kiloyear/megayear axis,PalMod,JM96_1225_1_GC_TS_008,age,yr ka,111,6.5,22.2
JM96_1225_2_GC.Hagen.2002,kiloyear/megayear axis,PalMod,JM96_1225_2_GC_TS_001,age,yr ka,133,21.7917999783654,53.6549760360869
JM96_1225_2_GC.Hagen.2002,kiloyear/megayear axis,PalMod,JM96_1225_2_GC_TS_003,age,yr ka,133,21.7699818448436,53.7152855705339
JM96_1225_2_GC.Hagen.2002,kiloyear/megayear axis,PalMod,JM96_1225_2_GC_TS_008,age,yr ka,133,22.4,56.9
JR244_GC528.Roberts.2017,kiloyear/megayear axis,PalMod,JR244_GC528_TS_001,age,yr ka,242,1.37798976367187,25.1751349806651
JR244_GC528.Roberts.2017,kiloyear/megayear axis,PalMod,JR244_GC528_TS_003,age,yr ka,242,1.41861999511719,25.0236799748898
JR244_GC528.Roberts.2017,kiloyear/megayear axis,PalMod,JR244_GC528_TS_006,age,yr ka,242,1,25.44
JR244_GC528.Roberts.2017,kiloyear/megayear axis,PalMod,JR244_GC528_TS_010,age,yr ka,242,1.11,24.75
JR244_GC528.Roberts.2017,kiloyear/megayear axis,PalMod,JR244_GC528_TS_013,age,yr ka,242,1.0185,22.8685
JT96_09PC.Kienast.2004,kiloyear/megayear axis,PalMod,JT96_09PC_TS_001,age,yr ka,76,9.91762845533979,15.8193699553914
JT96_09PC.Kienast.2004,kiloyear/megayear axis,PalMod,JT96_09PC_TS_003,age,yr ka,76,9.89810943603516,15.7907486925286
JT96_09PC.Kienast.2004,kiloyear/megayear axis,PalMod,JT96_09PC_TS_006,age,yr ka,76,0.181,15.378
KF13.lastname.year,kiloyear/megayear axis,PalMod,KF13_TS_001,age,yr ka,73,7.46229070898437,24.7524036307095
KF13.lastname.year,kiloyear/megayear axis,PalMod,KF13_TS_003,age,yr ka,73,7.45338500976563,24.7415439514088
KF16.Repschlaeger.2017,kiloyear/megayear axis,PalMod,KF16_TS_001,age,yr ka,181,1.97776209228516,10.9313334770185
KF16.Repschlaeger.2017,kiloyear/megayear axis,PalMod,KF16_TS_003,age,yr ka,181,1.93727996826172,10.9335817621005
KF16.Repschlaeger.2017,kiloyear/megayear axis,PalMod,KF16_TS_006,age,yr ka,181,0.524,10.955
KF16.Repschlaeger.2017,kiloyear/megayear axis,PalMod,KF16_TS_010,age,yr ka,181,0.524,10.716
KF16.Repschlaeger.2017,kiloyear/megayear axis,PalMod,KF16_TS_014,age,yr ka,181,10.738,11.334
KF16.Repschlaeger.2017,kiloyear/megayear axis,PalMod,KF16_TS_017,age,yr ka,181,6.051,11.345
KF16.Repschlaeger.2017,kiloyear/megayear axis,PalMod,KF16_TS_020,age,yr ka,181,6.051,11.334
KH94_3_LM_8.Oba.2004,kiloyear/megayear axis,PalMod,KH94_3_LM_8_TS_001,age,yr ka,82,0.669954317586641,19.0713407443462
KH94_3_LM_8.Oba.2004,kiloyear/megayear axis,PalMod,KH94_3_LM_8_TS_003,age,yr ka,82,0.669629665032651,19.0775414447203
KH94_3_LM_8.Oba.2004,kiloyear/megayear axis,PalMod,KH94_3_LM_8_TS_006,age,yr ka,82,0,24.4
KNR110_50.Sarnthein.2008,kiloyear/megayear axis,PalMod,KNR110_50_TS_001,age,yr ka,40,1.49332434916878,18.5011137237186
KNR110_50.Sarnthein.2008,kiloyear/megayear axis,PalMod,KNR110_50_TS_003,age,yr ka,40,1.50234997558594,18.4948067893982
KNR110_50.Sarnthein.2008,kiloyear/megayear axis,PalMod,KNR110_50_TS_006,age,yr ka,40,0.1,33.3
KNR110_71.Sarnthein.2008,kiloyear/megayear axis,PalMod,KNR110_71_TS_001,age,yr ka,44,3.58156359732056,18.4934268981425
KNR110_71.Sarnthein.2008,kiloyear/megayear axis,PalMod,KNR110_71_TS_003,age,yr ka,44,3.56875,18.4939507446289
KNR110_71.Sarnthein.2008,kiloyear/megayear axis,PalMod,KNR110_71_TS_006,age,yr ka,44,1.1,42.3
KNR110_82.Sarnthein.2008,kiloyear/megayear axis,PalMod,KNR110_82_TS_001,age,yr ka,40,14.7187206521416,19.7809349525075
KNR110_82.Sarnthein.2008,kiloyear/megayear axis,PalMod,KNR110_82_TS_003,age,yr ka,40,14.6594847640991,19.7709558753967
KNR110_82.Sarnthein.2008,kiloyear/megayear axis,PalMod,KNR110_82_TS_006,age,yr ka,40,2,29.9
KNR140_37JPC.Oppo.2004,kiloyear/megayear axis,PalMod,KNR140_37JPC_TS_001,age,yr ka,203,70.3324068710938,136.071025649806
KNR140_37JPC.Oppo.2004,kiloyear/megayear axis,PalMod,KNR140_37JPC_TS_003,age,yr ka,203,70.424953125,136.12829773519
KNR140_37JPC.Oppo.2004,kiloyear/megayear axis,PalMod,KNR140_37JPC_TS_006,age,yr ka,203,68.174,145
KNR140_37JPC.Oppo.2004,kiloyear/megayear axis,PalMod,KNR140_37JPC_TS_010,age,yr ka,203,68.174,143.5
KNR159_42.Curry.2005,kiloyear/megayear axis,PalMod,KNR159_42_TS_001,age,yr ka,177,5.45482357446289,128.460791721337
KNR159_42.Curry.2005,kiloyear/megayear axis,PalMod,KNR159_42_TS_003,age,yr ka,177,5.4332900390625,128.632659174681
KNR159_5_36.Carlson.2008,kiloyear/megayear axis,PalMod,KNR159_5_36_TS_001,age,yr ka,70,1.25810409490967,22.4985665601903
KNR159_5_36.Carlson.2008,kiloyear/megayear axis,PalMod,KNR159_5_36_TS_003,age,yr ka,70,1.27325500488281,22.4653182311822
KNR159_5_36.Carlson.2008,kiloyear/megayear axis,PalMod,KNR159_5_36_TS_012,age,yr ka,70,1.114,22.83739
KNR166_2_1.Lynch‐Stieglitz.2009,kiloyear/megayear axis,PalMod,KNR166_2_1_TS_001,age,yr ka,41,0.761582660165787,9.61119301318944
KNR166_2_1.Lynch‐Stieglitz.2009,kiloyear/megayear axis,PalMod,KNR166_2_1_TS_003,age,yr ka,41,0.763392517089844,9.67353082331518
KNR166_2_1.Lynch‐Stieglitz.2009,kiloyear/megayear axis,PalMod,KNR166_2_1_TS_006,age,yr ka,41,0.815,10.735
KNR166_2_105.Lynch‐Stieglitz.2009,kiloyear/megayear axis,PalMod,KNR166_2_105_TS_001,age,yr ka,69,0.246587199017048,4.63765535008887
KNR166_2_105.Lynch‐Stieglitz.2009,kiloyear/megayear axis,PalMod,KNR166_2_105_TS_003,age,yr ka,69,0.248194999694824,4.63140541505069
KNR166_2_105.Lynch‐Stieglitz.2009,kiloyear/megayear axis,PalMod,KNR166_2_105_TS_006,age,yr ka,69,0.092,4.541
KNR166_2_106.Lynch‐Stieglitz.2009,kiloyear/megayear axis,PalMod,KNR166_2_106_TS_001,age,yr ka,92,0.110613255123153,7.7155667067016
KNR166_2_106.Lynch‐Stieglitz.2009,kiloyear/megayear axis,PalMod,KNR166_2_106_TS_003,age,yr ka,92,0.10097200012207,7.75900475225598
KNR166_2_106.Lynch‐Stieglitz.2009,kiloyear/megayear axis,PalMod,KNR166_2_106_TS_006,age,yr ka,92,0,8.235
KNR166_2_113.Lynch‐Stieglitz.2009,kiloyear/megayear axis,PalMod,KNR166_2_113_TS_001,age,yr ka,123,0.359223208444625,4.47550506527541
KNR166_2_113.Lynch‐Stieglitz.2009,kiloyear/megayear axis,PalMod,KNR166_2_113_TS_003,age,yr ka,123,0.396464492797852,4.4643286639452
KNR166_2_113.Lynch‐Stieglitz.2009,kiloyear/megayear axis,PalMod,KNR166_2_113_TS_006,age,yr ka,123,-0.036,4.395
KNR166_2_119.Lynch‐Stieglitz.2009,kiloyear/megayear axis,PalMod,KNR166_2_119_TS_001,age,yr ka,124,0.168208970823277,9.36530909301177
KNR166_2_119.Lynch‐Stieglitz.2009,kiloyear/megayear axis,PalMod,KNR166_2_119_TS_003,age,yr ka,124,0.181994499206543,9.3826950194779
KNR166_2_119.Lynch‐Stieglitz.2009,kiloyear/megayear axis,PalMod,KNR166_2_119_TS_006,age,yr ka,124,0.206,9.387
KNR166_2_127.Lynch‐Stieglitz.2009,kiloyear/megayear axis,PalMod,KNR166_2_127_TS_001,age,yr ka,94,0.851084627508208,9.81310517511585
KNR166_2_127.Lynch‐Stieglitz.2009,kiloyear/megayear axis,PalMod,KNR166_2_127_TS_003,age,yr ka,94,0.835789537906647,9.8177723816186
KNR166_2_127.Lynch‐Stieglitz.2009,kiloyear/megayear axis,PalMod,KNR166_2_127_TS_006,age,yr ka,94,0.727,146.148
KNR166_2_135.Lynch‐Stieglitz.2009,kiloyear/megayear axis,PalMod,KNR166_2_135_TS_001,age,yr ka,118,0.173585813497156,7.59910677489058
KNR166_2_135.Lynch‐Stieglitz.2009,kiloyear/megayear axis,PalMod,KNR166_2_135_TS_003,age,yr ka,118,0.190627494812012,7.55387277977496
KNR166_2_135.Lynch‐Stieglitz.2009,kiloyear/megayear axis,PalMod,KNR166_2_135_TS_006,age,yr ka,118,0.215,7.326
KNR166_2_2.Lynch‐Stieglitz.2009,kiloyear/megayear axis,PalMod,KNR166_2_2_TS_001,age,yr ka,16,2.77094394804856,9.92865290709012
KNR166_2_2.Lynch‐Stieglitz.2009,kiloyear/megayear axis,PalMod,KNR166_2_2_TS_003,age,yr ka,16,2.71456313514709,9.93491901308298
KNR166_2_2.Lynch‐Stieglitz.2009,kiloyear/megayear axis,PalMod,KNR166_2_2_TS_006,age,yr ka,16,2.19,10.02
KNR166_2_51.Lynch‐Stieglitz.2009,kiloyear/megayear axis,lipdverseTest; PalMod,KNR166_2_51_TS_001,age,yr ka,75,1.47668564990234,10.3818226008259
KNR166_2_51.Lynch‐Stieglitz.2009,kiloyear/megayear axis,lipdverseTest; PalMod,KNR166_2_51_TS_003,age,yr ka,75,1.47454998779297,10.3774987005432
KNR166_2_51.Lynch‐Stieglitz.2009,kiloyear/megayear axis,lipdverseTest; PalMod,KNR166_2_51_TS_006,age,yr ka,75,1.486,10.416
KNR195_5_CDH23.Bova.Palmod.2015,kiloyear/megayear axis,PalMod,KNR195_5_CDH23_TS_001,age,yr ka,521,1.06788111364746,14.3623525220999
KNR195_5_CDH23.Bova.Palmod.2015,kiloyear/megayear axis,PalMod,KNR195_5_CDH23_TS_003,age,yr ka,521,1.05139001464844,14.3003753829839
KNR195_5_CDH23.Bova.Palmod.2015,kiloyear/megayear axis,PalMod,KNR195_5_CDH23_TS_006,age,yr ka,521,1.27,14.09
KNR195_5_CDH23.Bova.Palmod.2015,kiloyear/megayear axis,PalMod,KNR195_5_CDH23_TS_009,age,yr ka,521,1.11,14.09
KNR195_5_CDH26.Bova.Palmod.2015,kiloyear/megayear axis,PalMod,KNR195_5_CDH26_TS_001,age,yr ka,540,3.75461147143555,24.9976499411911
KNR195_5_CDH26.Bova.Palmod.2015,kiloyear/megayear axis,PalMod,KNR195_5_CDH26_TS_003,age,yr ka,540,3.71611499023437,25.0043275616519
KNR195_5_CDH26.Bova.Palmod.2015,kiloyear/megayear axis,PalMod,KNR195_5_CDH26_TS_006,age,yr ka,540,1.37,25.83
KNR195_5_CDH26.Bova.Palmod.2015,kiloyear/megayear axis,PalMod,KNR195_5_CDH26_TS_009,age,yr ka,540,1.92,25.78
KNR31_GPC9.Keigwin.2003,kiloyear/megayear axis,PalMod,KNR31_GPC9_TS_001,age,yr ka,84,73.0833401015625,133.765659252981
KNR31_GPC9.Keigwin.2003,kiloyear/megayear axis,PalMod,KNR31_GPC9_TS_003,age,yr ka,84,73.07309765625,133.793216620016
KNR31_GPC9.Keigwin.2003,kiloyear/megayear axis,PalMod,KNR31_GPC9_TS_006,age,yr ka,84,70.86322,138.71
KNR31_GPC_5.Keigwin.2002,kiloyear/megayear axis,PalMod,KNR31_GPC_5_TS_001,age,yr ka,128,34.7306486310299,42.1209263651052
KNR31_GPC_5.Keigwin.2002,kiloyear/megayear axis,PalMod,KNR31_GPC_5_TS_003,age,yr ka,128,34.7161992672422,42.1509736854735
KT05_7_PC_02.Kawahata.Palmod.2009,kiloyear/megayear axis,PalMod,KT05_7_PC_02_TS_001,age,yr ka,83,0.552129268327433,9.78285620882272
KT05_7_PC_02.Kawahata.Palmod.2009,kiloyear/megayear axis,PalMod,KT05_7_PC_02_TS_003,age,yr ka,83,0.548619006190062,9.76842122202777
KT05_7_PC_02.Kawahata.Palmod.2009,kiloyear/megayear axis,PalMod,KT05_7_PC_02_TS_006,age,yr ka,83,0.914,10.28
KT90_9_21.Oba.2004,kiloyear/megayear axis,PalMod,KT90_9_21_TS_001,age,yr ka,43,4.4086330015344,18.5219783466051
KT90_9_21.Oba.2004,kiloyear/megayear axis,PalMod,KT90_9_21_TS_003,age,yr ka,43,4.38064175081253,18.590579782784
KT90_9_21.Oba.2004,kiloyear/megayear axis,PalMod,KT90_9_21_TS_006,age,yr ka,43,0,18.903
KT90_9_5.Oba.2004,kiloyear/megayear axis,PalMod,KT90_9_5_TS_001,age,yr ka,48,0.503403937469482,23.0342316697347
KT90_9_5.Oba.2004,kiloyear/megayear axis,PalMod,KT90_9_5_TS_003,age,yr ka,48,0.502070495605469,23.0575408982086
KT90_9_5.Oba.2004,kiloyear/megayear axis,PalMod,KT90_9_5_TS_006,age,yr ka,48,0,24.852
KX973_21_2.Jian.2022,kiloyear/megayear axis,PalMod,KX973_21_2_TS_001,age,yr ka,425,3.8339259271934,187.783141130789
KX973_21_2.Jian.2022,kiloyear/megayear axis,PalMod,KX973_21_2_TS_003,age,yr ka,425,3.79051125335693,187.854889979869
KX973_21_2.Jian.2022,kiloyear/megayear axis,PalMod,KX973_21_2_TS_006,age,yr ka,425,3.72,394.21
KX973_21_2.Jian.2022,kiloyear/megayear axis,PalMod,KX973_21_2_TS_012,age,yr ka,425,3.721,392.364
KX973_22_4.Zhang.2022,kiloyear/megayear axis,PalMod,KX973_22_4_TS_001,age,yr ka,621,4.03249199611831,222.89438547224
KX973_22_4.Zhang.2022,kiloyear/megayear axis,PalMod,KX973_22_4_TS_003,age,yr ka,621,4.03323255157471,222.883064035881
KX973_22_4.Zhang.2022,kiloyear/megayear axis,PalMod,KX973_22_4_TS_006,age,yr ka,621,2.76,359.18
KX973_22_4.Zhang.2022,kiloyear/megayear axis,PalMod,KX973_22_4_TS_013,age,yr ka,621,2.76,359.18
KX973_22_4.Zhang.2022,kiloyear/megayear axis,PalMod,KX973_22_4_TS_014,age,yr ka,621,1.98,359.18
KX973_22_4.Zhang.2022,kiloyear/megayear axis,PalMod,KX973_22_4_TS_016,age,yr ka,621,1.98,27.16
LOP.Mann.2002,kiloyear/megayear axis,NA,WEB168bb1e9,age,yr ka,54,8.178,16.067
LPAZ21P.Herbert.2002,kiloyear/megayear axis,PalMod,LPAZ21P_TS_001,age,yr ka,176,0.492899354439735,133.813909717695
LPAZ21P.Herbert.2002,kiloyear/megayear axis,PalMod,LPAZ21P_TS_003,age,yr ka,176,0.493924011230469,133.712363623016
LPAZ21P.Herbert.2002,kiloyear/megayear axis,PalMod,LPAZ21P_TS_006,age,yr ka,176,1.3958,235.7986
LV28_42_4.Nuernberg.2004,kiloyear/megayear axis,PalMod,LV28_42_4_TS_001,age,yr ka,681,2.49421894419363,133.386112249668
LV28_42_4.Nuernberg.2004,kiloyear/megayear axis,PalMod,LV28_42_4_TS_003,age,yr ka,681,2.50055379676819,133.213021488025
LV28_42_4.Nuernberg.2004,kiloyear/megayear axis,PalMod,LV28_42_4_TS_006,age,yr ka,681,2.26,346.26
LV28_42_4.Nuernberg.2004,kiloyear/megayear axis,PalMod,LV28_42_4_TS_010,age,yr ka,681,2.26,350.47
LV29_114_3.Riethdorf.Palmod.2013,kiloyear/megayear axis,PalMod,LV29_114_3_TS_001,age,yr ka,257,0.843395375671387,16.583084142186
LV29_114_3.Riethdorf.Palmod.2013,kiloyear/megayear axis,PalMod,LV29_114_3_TS_003,age,yr ka,257,0.844725006103516,16.5865225841582
LV29_114_3.Riethdorf.Palmod.2013,kiloyear/megayear axis,PalMod,LV29_114_3_TS_006,age,yr ka,257,1.2,20.32
LV29_114_3.Riethdorf.Palmod.2013,kiloyear/megayear axis,PalMod,LV29_114_3_TS_011,age,yr ka,257,1.1,14.61
LV29_114_3.Riethdorf.Palmod.2013,kiloyear/megayear axis,PalMod,LV29_114_3_TS_016,age,yr ka,257,1.12,20.32
LV29_114_3.Riethdorf.Palmod.2013,kiloyear/megayear axis,PalMod,LV29_114_3_TS_020,age,yr ka,257,1.1,26.69
LV29_114_3.Riethdorf.Palmod.2013,kiloyear/megayear axis,PalMod,LV29_114_3_TS_022,age,yr ka,257,1.16,19.78
LaPAS_KF02.Pivel.Palmod.2013,kiloyear/megayear axis,lipdverseTest; PalMod,LaPAS_KF02_TS_001,age,yr ka,101,0.0185550641262531,12.2225343236606
LaPAS_KF02.Pivel.Palmod.2013,kiloyear/megayear axis,lipdverseTest; PalMod,LaPAS_KF02_TS_003,age,yr ka,101,0.00122516195476055,12.2178669809258
LaPAS_KF02.Pivel.Palmod.2013,kiloyear/megayear axis,lipdverseTest; PalMod,LaPAS_KF02_TS_006,age,yr ka,101,0.402,12.958
M125_445_7.Hou.2020,kiloyear/megayear axis,PalMod,M125_445_7_TS_001,age,yr ka,660,8.46129712988281,190.336217526452
M125_445_7.Hou.2020,kiloyear/megayear axis,PalMod,M125_445_7_TS_003,age,yr ka,660,8.45681005859375,190.359301220553
M125_445_7.Hou.2020,kiloyear/megayear axis,PalMod,M125_445_7_TS_006,age,yr ka,660,7.85815,321.65729
M125_445_7.Hou.2020,kiloyear/megayear axis,PalMod,M125_445_7_TS_009,age,yr ka,660,8.513,322.11464
M125_445_7.Hou.2020,kiloyear/megayear axis,PalMod,M125_445_7_TS_012,age,yr ka,660,8.513,322.11464
M125_469_3.Campos.2020,kiloyear/megayear axis,PalMod,M125_469_3_TS_001,age,yr ka,1465,1.45233173901367,66.5719581097589
M125_469_3.Campos.2020,kiloyear/megayear axis,PalMod,M125_469_3_TS_003,age,yr ka,1465,1.45086499023438,66.5574666184235
M125_469_3.Campos.2020,kiloyear/megayear axis,PalMod,M125_469_3_TS_006,age,yr ka,1465,1.47196,71.3852
M125_469_3.Campos.2020,kiloyear/megayear axis,PalMod,M125_469_3_TS_008,age,yr ka,1465,1.47196,71.3852
M25_4_KL11.Emeis.2002,kiloyear/megayear axis,PalMod,M25_4_KL11_TS_001,age,yr ka,311,1.76768609844971,17.658362099055
M25_4_KL11.Emeis.2002,kiloyear/megayear axis,PalMod,M25_4_KL11_TS_003,age,yr ka,311,1.75299499511719,17.6606851051331
M25_4_KL11.Emeis.2002,kiloyear/megayear axis,PalMod,M25_4_KL11_TS_006,age,yr ka,311,0.15,11.16
M25_4_KL11.Emeis.2002,kiloyear/megayear axis,PalMod,M25_4_KL11_TS_009,age,yr ka,311,2.1223,110.8168
M35003_4.Ruehlemann.2002,kiloyear/megayear axis,PalMod,M35003_4_TS_001,age,yr ka,283,0.129677777703524,29.8946293586213
M35003_4.Ruehlemann.2002,kiloyear/megayear axis,PalMod,M35003_4_TS_003,age,yr ka,283,0.115035499572754,29.8999974777699
M35003_4.Ruehlemann.2002,kiloyear/megayear axis,PalMod,M35003_4_TS_010,age,yr ka,283,0,24.54
M35003_4.Ruehlemann.2002,kiloyear/megayear axis,PalMod,M35003_4_TS_011,age,yr ka,283,0,28.78
M35003_4.Ruehlemann.2002,kiloyear/megayear axis,PalMod,M35003_4_TS_019,age,yr ka,283,0,55.397
M35003_4.Ruehlemann.2002,kiloyear/megayear axis,PalMod,M35003_4_TS_022,age,yr ka,283,0,55.397
M35027_1.lastname.year,kiloyear/megayear axis,PalMod,M35027_1_TS_001,age,yr ka,233,2.96470311407471,134.69843664046
M35027_1.lastname.year,kiloyear/megayear axis,PalMod,M35027_1_TS_003,age,yr ka,233,2.98139001464844,134.766029056072
M35027_1.lastname.year,kiloyear/megayear axis,PalMod,M35027_1_TS_007,age,yr ka,233,7.405,145.335
M35027_1.lastname.year,kiloyear/megayear axis,PalMod,M35027_1_TS_010,age,yr ka,233,7.405,145.335
M39_008.Cacho.2004,kiloyear/megayear axis,PalMod,M39_008_TS_001,age,yr ka,228,3.68270717749023,20.343199455569
M39_008.Cacho.2004,kiloyear/megayear axis,PalMod,M39_008_TS_003,age,yr ka,228,3.6764599609375,20.3702011056185
M39_008.Cacho.2004,kiloyear/megayear axis,PalMod,M39_008_TS_006,age,yr ka,228,0,21.497
M44_1_KL71.Sperling.2003,kiloyear/megayear axis,PalMod,M44_1_KL71_TS_001,age,yr ka,186,8.52807642964701,12.8670418739773
M44_1_KL71.Sperling.2003,kiloyear/megayear axis,PalMod,M44_1_KL71_TS_003,age,yr ka,186,8.52368288993835,12.8607794316465
M44_1_KL71.Sperling.2003,kiloyear/megayear axis,PalMod,M44_1_KL71_TS_006,age,yr ka,186,0,14.09
M75_3_137_3.Wang.Palmod.2013,kiloyear/megayear axis,PalMod,M75_3_137_3_TS_001,age,yr ka,137,0.691442564941406,35.0794945447337
M75_3_137_3.Wang.Palmod.2013,kiloyear/megayear axis,PalMod,M75_3_137_3_TS_003,age,yr ka,137,0.692750518798828,35.1209322314894
M75_3_137_3.Wang.Palmod.2013,kiloyear/megayear axis,PalMod,M75_3_137_3_TS_006,age,yr ka,137,0.101,36.199
M75_3_137_3.Wang.Palmod.2013,kiloyear/megayear axis,PalMod,M75_3_137_3_TS_009,age,yr ka,137,0.269,36.834
M75_3_137_3.Wang.Palmod.2013,kiloyear/megayear axis,PalMod,M75_3_137_3_TS_012,age,yr ka,137,0.101,36.834
M77_2_056_5.Nuernberg.2015,kiloyear/megayear axis,PalMod,M77_2_056_5_TS_001,age,yr ka,212,0.495482219946831,11.8949999039405
M77_2_056_5.Nuernberg.2015,kiloyear/megayear axis,PalMod,M77_2_056_5_TS_003,age,yr ka,212,0.501960788726807,11.8859222726375
M77_2_056_5.Nuernberg.2015,kiloyear/megayear axis,PalMod,M77_2_056_5_TS_006,age,yr ka,212,0.03,13.15
M77_2_059_1.Nuernberg.2015,kiloyear/megayear axis,PalMod,M77_2_059_1_TS_001,age,yr ka,270,0.164521995977819,17.580379229431
M77_2_059_1.Nuernberg.2015,kiloyear/megayear axis,PalMod,M77_2_059_1_TS_003,age,yr ka,270,0.174158996582031,17.5867307082412
M77_2_059_1.Nuernberg.2015,kiloyear/megayear axis,PalMod,M77_2_059_1_TS_006,age,yr ka,270,0.063,17.295
M78_1_235_1.ReiSSig.2019,kiloyear/megayear axis,PalMod,M78_1_235_1_TS_001,age,yr ka,561,0.163880454351783,29.5593191438954
M78_1_235_1.ReiSSig.2019,kiloyear/megayear axis,PalMod,M78_1_235_1_TS_003,age,yr ka,561,0.168509498596191,29.5384130708575
M78_1_235_1.ReiSSig.2019,kiloyear/megayear axis,PalMod,M78_1_235_1_TS_006,age,yr ka,561,0.174,23.765
M78_1_235_1.ReiSSig.2019,kiloyear/megayear axis,PalMod,M78_1_235_1_TS_011,age,yr ka,561,4.79,29.93
MD01_2378.Zuraida.2009,kiloyear/megayear axis,PalMod,MD01_2378_TS_001,age,yr ka,1262,0.999214811889648,128.731666078897
MD01_2378.Zuraida.2009,kiloyear/megayear axis,PalMod,MD01_2378_TS_003,age,yr ka,1262,0.997866516113281,128.902668937812
MD01_2386.Jian.2020,kiloyear/megayear axis,PalMod,MD01_2386_TS_001,age,yr ka,1289,2.94559281788063,129.19062696179
MD01_2386.Jian.2020,kiloyear/megayear axis,PalMod,MD01_2386_TS_003,age,yr ka,1289,2.9386223564148,129.211031843379
MD01_2386.Jian.2020,kiloyear/megayear axis,PalMod,MD01_2386_TS_006,age,yr ka,1289,0.85,142.35
MD01_2390.Steinke.Palmod.2008,kiloyear/megayear axis,PalMod,MD01_2390_TS_001,age,yr ka,285,0.947810339599609,16.2529947527311
MD01_2390.Steinke.Palmod.2008,kiloyear/megayear axis,PalMod,MD01_2390_TS_003,age,yr ka,285,0.943080505371094,16.2465008052289
MD01_2390.Steinke.Palmod.2008,kiloyear/megayear axis,PalMod,MD01_2390_TS_006,age,yr ka,285,1.05,23.94
MD01_2412.Harada.Palmod.2006,kiloyear/megayear axis,lipdverseTest; PalMod,MD01_2412_TS_001,age,yr ka,674,1.14052373367151,85.0739906499984
MD01_2412.Harada.Palmod.2006,kiloyear/megayear axis,lipdverseTest; PalMod,MD01_2412_TS_003,age,yr ka,674,1.15686224940463,85.2909971907633
MD01_2412.Harada.Palmod.2006,kiloyear/megayear axis,lipdverseTest; PalMod,MD01_2412_TS_006,age,yr ka,674,0,115.97
MD01_2415.Nuernberg.2004,kiloyear/megayear axis,PalMod,MD01_2415_TS_001,age,yr ka,2414,0.0127809697536826,137.708506285266
MD01_2415.Nuernberg.2004,kiloyear/megayear axis,PalMod,MD01_2415_TS_003,age,yr ka,2414,0.126137996673584,137.622365051438
MD01_2415.Nuernberg.2004,kiloyear/megayear axis,PalMod,MD01_2415_TS_006,age,yr ka,2414,1.82,1090.04
MD01_2415.Nuernberg.2004,kiloyear/megayear axis,PalMod,MD01_2415_TS_008,age,yr ka,2414,1.82,1092.2
MD01_2415.Nuernberg.2004,kiloyear/megayear axis,PalMod,MD01_2415_TS_011,age,yr ka,2414,1.82,1092.74
MD01_2416.Gray.2018,kiloyear/megayear axis,PalMod,MD01_2416_TS_001,age,yr ka,1574,3.56614016124649,128.528936931781
MD01_2416.Gray.2018,kiloyear/megayear axis,PalMod,MD01_2416_TS_003,age,yr ka,1574,3.51085384578705,128.723585621376
MD01_2416.Gray.2018,kiloyear/megayear axis,PalMod,MD01_2416_TS_018,age,yr ka,1574,7.193,11.92
MD01_2416.Gray.2018,kiloyear/megayear axis,PalMod,MD01_2416_TS_026,age,yr ka,1574,4.17,11.92
MD01_2416.Gray.2018,kiloyear/megayear axis,PalMod,MD01_2416_TS_032,age,yr ka,1574,4.17,8.985
MD01_2421.Oba.2006,kiloyear/megayear axis,PalMod,MD01_2421_TS_001,age,yr ka,460,0.33073170805496,136.321741740824
MD01_2421.Oba.2006,kiloyear/megayear axis,PalMod,MD01_2421_TS_003,age,yr ka,460,0.379643109798431,136.325541248203
MD01_2421.Oba.2006,kiloyear/megayear axis,PalMod,MD01_2421_TS_006,age,yr ka,460,0.24,144.09
MD01_2421.Oba.2006,kiloyear/megayear axis,PalMod,MD01_2421_TS_009,age,yr ka,460,0.24,144.1
MD01_2421.Oba.2006,kiloyear/megayear axis,PalMod,MD01_2421_TS_012,age,yr ka,460,0.24,144.1
MD01_2421.Oba.2006,kiloyear/megayear axis,PalMod,MD01_2421_TS_015,age,yr ka,460,0.29,144.1
MD01_2421.Oba.2006,kiloyear/megayear axis,PalMod,MD01_2421_TS_018,age,yr ka,460,5.24,142.62
MD02_2488.Govin.2012,kiloyear/megayear axis,PalMod,MD02_2488_TS_001,age,yr ka,560,58.9988809335938,125.634512502623
MD02_2488.Govin.2012,kiloyear/megayear axis,PalMod,MD02_2488_TS_003,age,yr ka,560,59.003400390625,125.596670844674
MD02_2488.Govin.2012,kiloyear/megayear axis,PalMod,MD02_2488_TS_007,age,yr ka,560,50.31,141.23
MD02_2488.Govin.2012,kiloyear/megayear axis,PalMod,MD02_2488_TS_011,age,yr ka,560,49.18,145.55
MD02_2489.Gebhardt.2008,kiloyear/megayear axis,PalMod,MD02_2489_TS_001,age,yr ka,627,7.87142658349609,45.4621488721261
MD02_2489.Gebhardt.2008,kiloyear/megayear axis,PalMod,MD02_2489_TS_003,age,yr ka,627,7.86873486328125,45.3752006058693
MD02_2496.Taylor.2014,kiloyear/megayear axis,PalMod,MD02_2496_TS_001,age,yr ka,753,3.06042238085938,43.3107182936654
MD02_2496.Taylor.2014,kiloyear/megayear axis,PalMod,MD02_2496_TS_003,age,yr ka,753,3.04859497070313,43.2844001534392
MD02_2496.Taylor.2014,kiloyear/megayear axis,PalMod,MD02_2496_TS_006,age,yr ka,753,12.244,20.858
MD02_2496.Taylor.2014,kiloyear/megayear axis,PalMod,MD02_2496_TS_009,age,yr ka,753,10.411,51.01
MD02_2496.Taylor.2014,kiloyear/megayear axis,PalMod,MD02_2496_TS_013,age,yr ka,753,2.34,50.446
MD02_2529.Leduc.2007,kiloyear/megayear axis,PalMod,MD02_2529_TS_001,age,yr ka,325,0.0554267219404306,36.5753704291545
MD02_2529.Leduc.2007,kiloyear/megayear axis,PalMod,MD02_2529_TS_003,age,yr ka,325,0.0453788132667542,36.5704750124503
MD02_2529.Leduc.2007,kiloyear/megayear axis,PalMod,MD02_2529_TS_006,age,yr ka,325,0.112,89.334
MD02_2550C2.Williams.2010,kiloyear/megayear axis,PalMod,MD02_2550C2_TS_001,age,yr ka,550,6.60205102395577,18.6955406283408
MD02_2550C2.Williams.2010,kiloyear/megayear axis,PalMod,MD02_2550C2_TS_003,age,yr ka,550,6.60440969324112,18.6867187872522
MD02_2550C2.Williams.2010,kiloyear/megayear axis,PalMod,MD02_2550C2_TS_006,age,yr ka,550,7.02,18.38
MD02_2551.Hill.2006,kiloyear/megayear axis,PalMod,MD02_2551_TS_001,age,yr ka,466,28.479894919585,41.1304871219738
MD02_2551.Hill.2006,kiloyear/megayear axis,PalMod,MD02_2551_TS_003,age,yr ka,466,28.4830350887537,41.1444833443522
MD02_2551.Hill.2006,kiloyear/megayear axis,PalMod,MD02_2551_TS_006,age,yr ka,466,27.953,44.461
MD02_2575.Ziegler.Palmod.2008,kiloyear/megayear axis,PalMod,MD02_2575_TS_001,age,yr ka,753,1.19495954577637,131.628013645941
MD02_2575.Ziegler.Palmod.2008,kiloyear/megayear axis,PalMod,MD02_2575_TS_003,age,yr ka,753,1.20618499755859,131.876906351233
MD02_2575.Ziegler.Palmod.2008,kiloyear/megayear axis,PalMod,MD02_2575_TS_006,age,yr ka,753,1.239,399.667
MD02_2589.Diz.2007,kiloyear/megayear axis,PalMod,MD02_2589_TS_001,age,yr ka,204,6.99578952636719,133.26933215592
MD02_2589.Diz.2007,kiloyear/megayear axis,PalMod,MD02_2589_TS_003,age,yr ka,204,7.01247998046875,133.255412418987
MD02_2589.Diz.2007,kiloyear/megayear axis,PalMod,MD02_2589_TS_006,age,yr ka,204,11.61,150.08
MD02_2594.Martinez-Mendez.2010,kiloyear/megayear axis,PalMod,MD02_2594_TS_001,age,yr ka,293,2.98450519995117,43.0466229081461
MD02_2594.Martinez-Mendez.2010,kiloyear/megayear axis,PalMod,MD02_2594_TS_003,age,yr ka,293,2.97961999511719,42.9695907416344
MD02_2594.Martinez-Mendez.2010,kiloyear/megayear axis,PalMod,MD02_2594_TS_006,age,yr ka,293,0.084,87.028
MD03_2607.Lopes dos Santos.2013,kiloyear/megayear axis,PalMod,MD03_2607_TS_001,age,yr ka,176,1.57205339111668,32.8121126644604
MD03_2607.Lopes dos Santos.2013,kiloyear/megayear axis,PalMod,MD03_2607_TS_003,age,yr ka,176,1.55739657402039,32.6925968202873
MD03_2607.Lopes dos Santos.2013,kiloyear/megayear axis,PalMod,MD03_2607_TS_006,age,yr ka,176,1.1,134.8
MD03_2607.Lopes dos Santos.2013,kiloyear/megayear axis,PalMod,MD03_2607_TS_013,age,yr ka,176,1.1,135
MD03_2607.Lopes dos Santos.2013,kiloyear/megayear axis,PalMod,MD03_2607_TS_015,age,yr ka,176,1.1,134.8
MD03_2611G.De Deckker.2020,kiloyear/megayear axis,PalMod,MD03_2611G_TS_001,age,yr ka,1046,0.572451550445557,42.9036916372442
MD03_2611G.De Deckker.2020,kiloyear/megayear axis,PalMod,MD03_2611G_TS_003,age,yr ka,1046,0.571948516845703,42.9973507551627
MD03_2611G.De Deckker.2020,kiloyear/megayear axis,PalMod,MD03_2611G_TS_006,age,yr ka,1046,0.56,93.26923
MD03_2611G.De Deckker.2020,kiloyear/megayear axis,PalMod,MD03_2611G_TS_009,age,yr ka,1046,0.56,93.3066666666667
MD03_2611G.De Deckker.2020,kiloyear/megayear axis,PalMod,MD03_2611G_TS_014,age,yr ka,1046,0.514,93.731
MD03_2697.Salgueiro.2014,kiloyear/megayear axis,PalMod,MD03_2697_TS_001,age,yr ka,54,2.55438816040039,14.4071977574563
MD03_2697.Salgueiro.2014,kiloyear/megayear axis,PalMod,MD03_2697_TS_003,age,yr ka,54,2.565705078125,14.4308643084764
MD03_2697.Salgueiro.2014,kiloyear/megayear axis,PalMod,MD03_2697_TS_006,age,yr ka,54,0,16.084
MD03_2697.Salgueiro.2014,kiloyear/megayear axis,PalMod,MD03_2697_TS_008,age,yr ka,54,0,18.315
MD03_2707.Weldeab.Palmod.2007,kiloyear/megayear axis,PalMod,MD03_2707_TS_001,age,yr ka,995,0.2056830381428,38.5288964999955
MD03_2707.Weldeab.Palmod.2007,kiloyear/megayear axis,PalMod,MD03_2707_TS_003,age,yr ka,995,0.205183605194092,38.3926132879382
MD03_2707.Weldeab.Palmod.2007,kiloyear/megayear axis,PalMod,MD03_2707_TS_006,age,yr ka,995,0.36,155.63
MD05_2896.Wang.2016,kiloyear/megayear axis,PalMod,MD05_2896_TS_001,age,yr ka,259,2.3062427401123,28.4617196358548
MD05_2896.Wang.2016,kiloyear/megayear axis,PalMod,MD05_2896_TS_003,age,yr ka,259,2.35671997070312,28.443193348943
MD05_2896.Wang.2016,kiloyear/megayear axis,PalMod,MD05_2896_TS_006,age,yr ka,259,4.22,22.06
MD05_2897.Wang.2016,kiloyear/megayear axis,PalMod,MD05_2897_TS_001,age,yr ka,1412,24.4609394941406,129.705209849828
MD05_2897.Wang.2016,kiloyear/megayear axis,PalMod,MD05_2897_TS_003,age,yr ka,1412,24.445,129.776435132576
MD05_2897.Wang.2016,kiloyear/megayear axis,PalMod,MD05_2897_TS_006,age,yr ka,1412,28.3,175.54
MD05_2904.Steinke.2011,kiloyear/megayear axis,PalMod,MD05_2904_TS_001,age,yr ka,131,1.42080826644781,24.7565858965712
MD05_2904.Steinke.2011,kiloyear/megayear axis,PalMod,MD05_2904_TS_003,age,yr ka,131,1.40607135009766,24.7744717493093
MD05_2904.Steinke.2011,kiloyear/megayear axis,PalMod,MD05_2904_TS_006,age,yr ka,131,0.74192,24.99
MD05_2920.Tachikawa.2014,kiloyear/megayear axis,PalMod,MD05_2920_TS_001,age,yr ka,572,2.1915461697998,130.115433876174
MD05_2920.Tachikawa.2014,kiloyear/megayear axis,PalMod,MD05_2920_TS_003,age,yr ka,572,2.20159497070313,130.174184189591
MD05_2920.Tachikawa.2014,kiloyear/megayear axis,PalMod,MD05_2920_TS_006,age,yr ka,572,0.01,388.01
MD05_2925.Lo.2022,kiloyear/megayear axis,PalMod,MD05_2925_TS_001,age,yr ka,1235,0.489960451828122,468.999780483273
MD05_2925.Lo.2022,kiloyear/megayear axis,PalMod,MD05_2925_TS_003,age,yr ka,1235,0.492283004760742,469.398482137846
MD05_2925.Lo.2022,kiloyear/megayear axis,PalMod,MD05_2925_TS_006,age,yr ka,1235,0.9,568.9
MD05_2925.Lo.2022,kiloyear/megayear axis,PalMod,MD05_2925_TS_010,age,yr ka,1235,1,574.1
MD05_2925.Lo.2022,kiloyear/megayear axis,PalMod,MD05_2925_TS_012,age,yr ka,1235,0.9,569.7
MD05_2925.Lo.2022,kiloyear/megayear axis,PalMod,MD05_2925_TS_015,age,yr ka,1235,0.9,569.7
MD06_2986.Ronge.2015,kiloyear/megayear axis,PalMod,MD06_2986_TS_001,age,yr ka,600,0.88437146374315,129.695929105082
MD06_2986.Ronge.2015,kiloyear/megayear axis,PalMod,MD06_2986_TS_003,age,yr ka,600,0.887782742500305,129.657272774415
MD06_2986.Ronge.2015,kiloyear/megayear axis,PalMod,MD06_2986_TS_006,age,yr ka,600,0.48,350.03
MD06_2990.Ronge.2015,kiloyear/megayear axis,PalMod,MD06_2990_TS_001,age,yr ka,320,70.424838265625,131.682002877382
MD06_2990.Ronge.2015,kiloyear/megayear axis,PalMod,MD06_2990_TS_003,age,yr ka,320,70.4295,131.734750144958
MD06_2990.Ronge.2015,kiloyear/megayear axis,PalMod,MD06_2990_TS_006,age,yr ka,320,67.94,350.19
MD06_3018.Russon.2011,kiloyear/megayear axis,PalMod,MD06_3018_TS_001,age,yr ka,323,1.75093432734108,494.562937867601
MD06_3018.Russon.2011,kiloyear/megayear axis,PalMod,MD06_3018_TS_003,age,yr ka,323,2.11160998535156,494.454112367047
MD06_3018.Russon.2011,kiloyear/megayear axis,PalMod,MD06_3018_TS_006,age,yr ka,323,0,1557.6
MD06_3018.Russon.2011,kiloyear/megayear axis,PalMod,MD06_3018_TS_009,age,yr ka,323,0,1543.5
MD06_3018.Russon.2011,kiloyear/megayear axis,PalMod,MD06_3018_TS_012,age,yr ka,323,0,1543.5
MD06_3047B.Jia.2018,kiloyear/megayear axis,PalMod,MD06_3047B_TS_001,age,yr ka,426,4.97350248809814,627.995599627518
MD06_3047B.Jia.2018,kiloyear/megayear axis,PalMod,MD06_3047B_TS_003,age,yr ka,426,5.00972509765625,627.891299964999
MD06_3047B.Jia.2018,kiloyear/megayear axis,PalMod,MD06_3047B_TS_006,age,yr ka,426,1.7,706.57
MD06_3067.Bolliet.Palmod.2011,kiloyear/megayear axis,PalMod,MD06_3067_TS_001,age,yr ka,484,3.41776462207031,132.15560175212
MD06_3067.Bolliet.Palmod.2011,kiloyear/megayear axis,PalMod,MD06_3067_TS_003,age,yr ka,484,3.42575,132.241683972583
MD06_3067.Bolliet.Palmod.2011,kiloyear/megayear axis,PalMod,MD06_3067_TS_006,age,yr ka,484,3.39,158.2
MD06_3075.Fraser.Palmod.2014,kiloyear/megayear axis,PalMod,MD06_3075_TS_001,age,yr ka,502,0.122634031576946,117.900700737693
MD06_3075.Fraser.Palmod.2014,kiloyear/megayear axis,PalMod,MD06_3075_TS_003,age,yr ka,502,0.107176502227783,117.858933996245
MD06_3075.Fraser.Palmod.2014,kiloyear/megayear axis,PalMod,MD06_3075_TS_006,age,yr ka,502,0,115.39
MD06_3075.Fraser.Palmod.2014,kiloyear/megayear axis,PalMod,MD06_3075_TS_010,age,yr ka,502,0.06,115.12
MD06_3075.Fraser.Palmod.2014,kiloyear/megayear axis,PalMod,MD06_3075_TS_013,age,yr ka,502,0,115.39
MD07_3076.Gottschalk.2016,kiloyear/megayear axis,PalMod,MD07_3076_TS_001,age,yr ka,677,1.36813973037493,33.4671770740488
MD07_3076.Gottschalk.2016,kiloyear/megayear axis,PalMod,MD07_3076_TS_003,age,yr ka,677,1.35625000762939,33.4756112571297
MD07_3076.Gottschalk.2016,kiloyear/megayear axis,PalMod,MD07_3076_TS_006,age,yr ka,677,1.203,66.699
MD07_3076.Gottschalk.2016,kiloyear/megayear axis,PalMod,MD07_3076_TS_011,age,yr ka,677,1.203,67.922
MD07_3076.Gottschalk.2016,kiloyear/megayear axis,PalMod,MD07_3076_TS_013,age,yr ka,677,0.938,30.645
MD07_3076.Gottschalk.2016,kiloyear/megayear axis,PalMod,MD07_3076_TS_016,age,yr ka,677,1.2033,26.0212
MD07_3077.Gottschalk.2019,kiloyear/megayear axis,PalMod,MD07_3077_TS_001,age,yr ka,450,113.945691,138.472798073451
MD07_3077.Gottschalk.2019,kiloyear/megayear axis,PalMod,MD07_3077_TS_003,age,yr ka,450,114.0345,138.468978742504
MD07_3077.Gottschalk.2019,kiloyear/megayear axis,PalMod,MD07_3077_TS_006,age,yr ka,450,108.391,146.708
MD07_3077.Gottschalk.2019,kiloyear/megayear axis,PalMod,MD07_3077_TS_013,age,yr ka,450,127.0941,191.9179
MD07_3128.Caniupan.2011,kiloyear/megayear axis,PalMod,MD07_3128_TS_001,age,yr ka,311,5.1164846229248,40.2407759943422
MD07_3128.Caniupan.2011,kiloyear/megayear axis,PalMod,MD07_3128_TS_003,age,yr ka,311,5.10698950195312,40.2818721999615
MD07_3128.Caniupan.2011,kiloyear/megayear axis,PalMod,MD07_3128_TS_006,age,yr ka,311,2.19,60.03
MD07_3128.Caniupan.2011,kiloyear/megayear axis,PalMod,MD07_3128_TS_009,age,yr ka,311,2.46,58.04
MD10_3340.Jian.2022,kiloyear/megayear axis,PalMod,MD10_3340_TS_001,age,yr ka,1628,0.608195524871826,136.781366712528
MD10_3340.Jian.2022,kiloyear/megayear axis,PalMod,MD10_3340_TS_003,age,yr ka,1628,0.607390991210937,136.762048080447
MD10_3340.Jian.2022,kiloyear/megayear axis,PalMod,MD10_3340_TS_006,age,yr ka,1628,0.13,235
MD10_3340.Jian.2022,kiloyear/megayear axis,PalMod,MD10_3340_TS_011,age,yr ka,1628,0.1,235
MD10_3340.Jian.2022,kiloyear/megayear axis,PalMod,MD10_3340_TS_014,age,yr ka,1628,0.13,235
MD161_17.Panmei.2017,kiloyear/megayear axis,PalMod,MD161_17_TS_001,age,yr ka,105,7.80715577981863,13.8223328504107
MD161_17.Panmei.2017,kiloyear/megayear axis,PalMod,MD161_17_TS_003,age,yr ka,105,7.79837052782976,13.8217284485431
MD161_17.Panmei.2017,kiloyear/megayear axis,PalMod,MD161_17_TS_006,age,yr ka,105,8.03,14.03
MD73_025.Cline.2004,kiloyear/megayear axis,PalMod,MD73_025_TS_001,age,yr ka,167,12.0463682463491,129.557537708326
MD73_025.Cline.2004,kiloyear/megayear axis,PalMod,MD73_025_TS_003,age,yr ka,167,12.0424562034607,129.544636247959
MD77_194.Sarnthein.2008,kiloyear/megayear axis,PalMod,MD77_194_TS_001,age,yr ka,54,0.461824635330558,15.2916691275689
MD77_194.Sarnthein.2008,kiloyear/megayear axis,PalMod,MD77_194_TS_003,age,yr ka,54,0.471920501708984,15.2927763277376
MD79_254.Sarnthein.2008,kiloyear/megayear axis,PalMod,MD79_254_TS_001,age,yr ka,116,2.85821732197189,130.673009331047
MD79_254.Sarnthein.2008,kiloyear/megayear axis,PalMod,MD79_254_TS_003,age,yr ka,116,2.95448999023438,130.695200504887
MD79_257.SONZOGNI.2002,kiloyear/megayear axis,PalMod,MD79_257_TS_001,age,yr ka,201,1.66186741027832,23.0774864809671
MD79_257.SONZOGNI.2002,kiloyear/megayear axis,PalMod,MD79_257_TS_003,age,yr ka,201,1.65823498535156,23.1114972272068
MD79_257.SONZOGNI.2002,kiloyear/megayear axis,PalMod,MD79_257_TS_006,age,yr ka,201,1.2,44.9
MD84_527.Sarnthein.2008,kiloyear/megayear axis,PalMod,MD84_527_TS_001,age,yr ka,294,1.68964552911544,130.189995621627
MD84_527.Sarnthein.2008,kiloyear/megayear axis,PalMod,MD84_527_TS_003,age,yr ka,294,1.68179721832275,130.093591214137
MD84_527.Sarnthein.2008,kiloyear/megayear axis,PalMod,MD84_527_TS_006,age,yr ka,294,0.3,21.8
MD84_527.Sarnthein.2008,kiloyear/megayear axis,PalMod,MD84_527_TS_007,age,yr ka,294,1,143.67
MD84_551.Pichon.2008,kiloyear/megayear axis,PalMod,MD84_551_TS_001,age,yr ka,131,10.3078849743648,18.1915904313648
MD84_551.Pichon.2008,kiloyear/megayear axis,PalMod,MD84_551_TS_003,age,yr ka,131,10.3246486091614,18.2223181200027
MD84_551.Pichon.2008,kiloyear/megayear axis,PalMod,MD84_551_TS_006,age,yr ka,131,0.8,164.67
MD88_770.Labeyrie.2004,kiloyear/megayear axis,PalMod,MD88_770_TS_001,age,yr ka,54,6.32383463867188,18.7329136656125
MD88_770.Labeyrie.2004,kiloyear/megayear axis,PalMod,MD88_770_TS_003,age,yr ka,54,6.31778002929688,18.7743100881577
MD95_2002.Zumaque.2016,kiloyear/megayear axis,PalMod,MD95_2002_TS_001,age,yr ka,278,1.47044023913383,27.6750567521636
MD95_2002.Zumaque.2016,kiloyear/megayear axis,PalMod,MD95_2002_TS_003,age,yr ka,278,1.47869150066376,27.6834015588802
MD95_2002.Zumaque.2016,kiloyear/megayear axis,PalMod,MD95_2002_TS_006,age,yr ka,278,10.289,35.938
MD95_2002.Zumaque.2016,kiloyear/megayear axis,PalMod,MD95_2002_TS_013,age,yr ka,278,1.103,11.434
MD95_2010.Govin.2012,kiloyear/megayear axis,PalMod,MD95_2010_TS_001,age,yr ka,1298,12.1424570976562,125.474248647964
MD95_2010.Govin.2012,kiloyear/megayear axis,PalMod,MD95_2010_TS_003,age,yr ka,1298,12.14425,125.582405642886
MD95_2010.Govin.2012,kiloyear/megayear axis,PalMod,MD95_2010_TS_006,age,yr ka,1298,10.31,66.93
MD95_2010.Govin.2012,kiloyear/megayear axis,PalMod,MD95_2010_TS_012,age,yr ka,1298,110.1,133.99
MD95_2010.Govin.2012,kiloyear/megayear axis,PalMod,MD95_2010_TS_015,age,yr ka,1298,60.11,125.45
MD95_2015.Marchal.Palmod.2002,kiloyear/megayear axis,PalMod,MD95_2015_TS_001,age,yr ka,133,0.668324797779784,10.9613213345718
MD95_2015.Marchal.Palmod.2002,kiloyear/megayear axis,PalMod,MD95_2015_TS_003,age,yr ka,133,0.664388304948807,11.0189039478196
MD95_2015.Marchal.Palmod.2002,kiloyear/megayear axis,PalMod,MD95_2015_TS_006,age,yr ka,133,0.69,10.98
MD95_2024.Hoogakker.2014,kiloyear/megayear axis,PalMod,MD95_2024_TS_001,age,yr ka,3178,0.952798273254394,12.1902082186898
MD95_2024.Hoogakker.2014,kiloyear/megayear axis,PalMod,MD95_2024_TS_003,age,yr ka,3178,0.954535491943359,12.1698764859369
MD95_2024.Hoogakker.2014,kiloyear/megayear axis,PalMod,MD95_2024_TS_006,age,yr ka,3178,2.536,10.117
MD95_2024.Hoogakker.2014,kiloyear/megayear axis,PalMod,MD95_2024_TS_009,age,yr ka,3178,2.788,12.506
MD95_2024.Hoogakker.2014,kiloyear/megayear axis,PalMod,MD95_2024_TS_013,age,yr ka,3178,1.371,117.01
MD95_2039.Salgueiro.2014,kiloyear/megayear axis,PalMod,MD95_2039_TS_001,age,yr ka,564,6.62494921643013,132.150053632582
MD95_2039.Salgueiro.2014,kiloyear/megayear axis,PalMod,MD95_2039_TS_003,age,yr ka,564,6.62473425483704,132.15318304986
MD95_2039.Salgueiro.2014,kiloyear/megayear axis,PalMod,MD95_2039_TS_008,age,yr ka,564,0.329,32.03
MD95_2039.Salgueiro.2014,kiloyear/megayear axis,PalMod,MD95_2039_TS_010,age,yr ka,564,0,50.568
MD95_2039.Salgueiro.2014,kiloyear/megayear axis,PalMod,MD95_2039_TS_012,age,yr ka,564,0,142.28
MD95_2040.Voelker.2011,kiloyear/megayear axis,PalMod,MD95_2040_TS_001,age,yr ka,2858,12.2633880161148,136.114125701936
MD95_2040.Voelker.2011,kiloyear/megayear axis,PalMod,MD95_2040_TS_003,age,yr ka,2858,12.2602965965271,136.141467584927
MD95_2040.Voelker.2011,kiloyear/megayear axis,PalMod,MD95_2040_TS_006,age,yr ka,2858,0.176,360.182
MD95_2040.Voelker.2011,kiloyear/megayear axis,PalMod,MD95_2040_TS_009,age,yr ka,2858,0,184
MD95_2040.Voelker.2011,kiloyear/megayear axis,PalMod,MD95_2040_TS_014,age,yr ka,2858,0.5,158.4
MD95_2040.Voelker.2011,kiloyear/megayear axis,PalMod,MD95_2040_TS_018,age,yr ka,2858,14.865,31.35
MD95_2040.Voelker.2011,kiloyear/megayear axis,PalMod,MD95_2040_TS_031,age,yr ka,2858,1.927,408.53
MD95_2040.Voelker.2011,kiloyear/megayear axis,PalMod,MD95_2040_TS_033,age,yr ka,2858,-0.08951,43.174
MD95_2041.Voelker.2011,kiloyear/megayear axis,PalMod,MD95_2041_TS_001,age,yr ka,900,18.9020649082031,28.2423916508524
MD95_2041.Voelker.2011,kiloyear/megayear axis,PalMod,MD95_2041_TS_003,age,yr ka,900,18.9119501953125,28.2349501722455
MD95_2041.Voelker.2011,kiloyear/megayear axis,PalMod,MD95_2041_TS_006,age,yr ka,900,2.114,96.723
MD95_2041.Voelker.2011,kiloyear/megayear axis,PalMod,MD95_2041_TS_013,age,yr ka,900,14.5,71.368
MD95_2042.Shackleton.2004,kiloyear/megayear axis,PalMod,MD95_2042_TS_001,age,yr ka,837,1.63523727812147,136.071220685565
MD95_2042.Shackleton.2004,kiloyear/megayear axis,PalMod,MD95_2042_TS_003,age,yr ka,837,1.65027496337891,136.067989903617
MD95_2042.Shackleton.2004,kiloyear/megayear axis,PalMod,MD95_2042_TS_018,age,yr ka,837,0.004,149.794
MD95_2042.Shackleton.2004,kiloyear/megayear axis,PalMod,MD95_2042_TS_019,age,yr ka,837,0.004,159.231
MD95_2042.Shackleton.2004,kiloyear/megayear axis,PalMod,MD95_2042_TS_021,age,yr ka,837,0.4,170.7
MD95_2043.Martrat.2014,kiloyear/megayear axis,PalMod,MD95_2043_TS_001,age,yr ka,360,1.53204677880859,36.7201847840129
MD95_2043.Martrat.2014,kiloyear/megayear axis,PalMod,MD95_2043_TS_003,age,yr ka,360,1.52302496337891,36.695886574172
MD95_2043.Martrat.2014,kiloyear/megayear axis,PalMod,MD95_2043_TS_006,age,yr ka,360,11.21,51.66
MD95_2043.Martrat.2014,kiloyear/megayear axis,PalMod,MD95_2043_TS_011,age,yr ka,360,1.008,51.93
MD96_2048.Caley.2018,kiloyear/megayear axis,PalMod,MD96_2048_TS_001,age,yr ka,576,0.504268193232313,127.465798386921
MD96_2048.Caley.2018,kiloyear/megayear axis,PalMod,MD96_2048_TS_003,age,yr ka,576,0.50589149475097706,127.867422748327
MD96_2048.Caley.2018,kiloyear/megayear axis,PalMod,MD96_2048_TS_006,age,yr ka,576,0.36,790.09
MD96_2048.Caley.2018,kiloyear/megayear axis,PalMod,MD96_2048_TS_010,age,yr ka,576,0,2143.02227
MD96_2098.Pichevin.2005,kiloyear/megayear axis,PalMod,MD96_2098_TS_001,age,yr ka,192,2.53928231591272,131.480644295145
MD96_2098.Pichevin.2005,kiloyear/megayear axis,PalMod,MD96_2098_TS_003,age,yr ka,192,2.52388276290894,131.508204510836
MD96_2098.Pichevin.2005,kiloyear/megayear axis,PalMod,MD96_2098_TS_006,age,yr ka,192,6,193.25
MD97_2120.Pahnke.Palmod.2006,kiloyear/megayear axis,PalMod,MD97_2120_TS_001,age,yr ka,3219,1.95694806152344,130.727336824102
MD97_2120.Pahnke.Palmod.2006,kiloyear/megayear axis,PalMod,MD97_2120_TS_003,age,yr ka,3219,1.95616998291016,130.755043093985
MD97_2120.Pahnke.Palmod.2006,kiloyear/megayear axis,PalMod,MD97_2120_TS_006,age,yr ka,3219,1.951,156.36
MD97_2120.Pahnke.Palmod.2006,kiloyear/megayear axis,PalMod,MD97_2120_TS_012,age,yr ka,3219,1.95,340.84
MD97_2121.Marr.2013,kiloyear/megayear axis,PalMod,MD97_2121_TS_001,age,yr ka,852,0.240216470487505,40.306609334907
MD97_2121.Marr.2013,kiloyear/megayear axis,PalMod,MD97_2121_TS_003,age,yr ka,852,0.268145935893059,40.3615181135342
MD97_2121.Marr.2013,kiloyear/megayear axis,PalMod,MD97_2121_TS_006,age,yr ka,852,3.3162,135.048
MD97_2121.Marr.2013,kiloyear/megayear axis,PalMod,MD97_2121_TS_009,age,yr ka,852,0,25
MD97_2121.Marr.2013,kiloyear/megayear axis,PalMod,MD97_2121_TS_012,age,yr ka,852,1,22.4
MD97_2121.Marr.2013,kiloyear/megayear axis,PalMod,MD97_2121_TS_015,age,yr ka,852,0.16,25.54
MD97_2125_abovehiatus.Tachikawa.2009,kiloyear/megayear axis,PalMod,MD97_2125_abovehiatus_TS_001,age,yr ka,169,5.41097257474709,25.5728103049773
MD97_2125_abovehiatus.Tachikawa.2009,kiloyear/megayear axis,PalMod,MD97_2125_abovehiatus_TS_003,age,yr ka,169,5.33765990638733,25.5837737888336
MD97_2125_abovehiatus.Tachikawa.2009,kiloyear/megayear axis,PalMod,MD97_2125_abovehiatus_TS_006,age,yr ka,169,4.85,360.64
MD97_2125_abovehiatus.Tachikawa.2009,kiloyear/megayear axis,PalMod,MD97_2125_abovehiatus_TS_010,age,yr ka,169,5.6,360.6
MD97_2125_abovehiatus.Tachikawa.2009,kiloyear/megayear axis,PalMod,MD97_2125_abovehiatus_TS_014,age,yr ka,169,57.1,400
MD97_2125_abovehiatus.Tachikawa.2009,kiloyear/megayear axis,PalMod,MD97_2125_abovehiatus_TS_017,age,yr ka,169,4.85,362
MD97_2125_belowhiatus.Tachikawa.2009,kiloyear/megayear axis,lipdverseTest; PalMod,MD97_2125_belowhiatus_TS_001,age,yr ka,169,89.6681190476349,130.059001576335
MD97_2125_belowhiatus.Tachikawa.2009,kiloyear/megayear axis,lipdverseTest; PalMod,MD97_2125_belowhiatus_TS_003,age,yr ka,169,89.5968778576321,130.012498109301
MD97_2125_belowhiatus.Tachikawa.2009,kiloyear/megayear axis,lipdverseTest; PalMod,MD97_2125_belowhiatus_TS_006,age,yr ka,169,4.85,360.64
MD97_2125_belowhiatus.Tachikawa.2009,kiloyear/megayear axis,lipdverseTest; PalMod,MD97_2125_belowhiatus_TS_010,age,yr ka,169,5.6,360.6
MD97_2125_belowhiatus.Tachikawa.2009,kiloyear/megayear axis,lipdverseTest; PalMod,MD97_2125_belowhiatus_TS_014,age,yr ka,169,57.1,400
MD97_2125_belowhiatus.Tachikawa.2009,kiloyear/megayear axis,lipdverseTest; PalMod,MD97_2125_belowhiatus_TS_017,age,yr ka,169,4.85,362
MD97_2138.de Garidel‐Thoron.2007,kiloyear/megayear axis,PalMod,MD97_2138_TS_001,age,yr ka,58,3.15706792529297,28.2396072192943
MD97_2138.de Garidel‐Thoron.2007,kiloyear/megayear axis,PalMod,MD97_2138_TS_003,age,yr ka,58,3.1370849609375,28.2221816242565
MD97_2138.de Garidel‐Thoron.2007,kiloyear/megayear axis,PalMod,MD97_2138_TS_006,age,yr ka,58,3.6665,30.094
MD97_2138.de Garidel‐Thoron.2007,kiloyear/megayear axis,PalMod,MD97_2138_TS_013,age,yr ka,58,3.17,30.269
MD97_2138.de Garidel‐Thoron.2007,kiloyear/megayear axis,PalMod,MD97_2138_TS_017,age,yr ka,58,3.1707,30.691
MD97_2141_abovehiatus.Weiss.2022,kiloyear/megayear axis,PalMod,MD97_2141_abovehiatus_TS_001,age,yr ka,1731,4.27138001757813,21.8362744781171
MD97_2141_abovehiatus.Weiss.2022,kiloyear/megayear axis,PalMod,MD97_2141_abovehiatus_TS_003,age,yr ka,1731,4.266125,21.8627978832874
MD97_2141_abovehiatus.Weiss.2022,kiloyear/megayear axis,PalMod,MD97_2141_abovehiatus_TS_007,age,yr ka,1731,4.286,146.44
MD97_2141_abovehiatus.Weiss.2022,kiloyear/megayear axis,PalMod,MD97_2141_abovehiatus_TS_012,age,yr ka,1731,32.02,127.75
MD97_2141_belowhiatus.Weiss.2022,kiloyear/megayear axis,PalMod,MD97_2141_belowhiatus_TS_001,age,yr ka,1743,31.2285800097656,41.5788523870554
MD97_2141_belowhiatus.Weiss.2022,kiloyear/megayear axis,PalMod,MD97_2141_belowhiatus_TS_003,age,yr ka,1743,31.2117001953125,41.6241766370368
MD97_2141_belowhiatus.Weiss.2022,kiloyear/megayear axis,PalMod,MD97_2141_belowhiatus_TS_007,age,yr ka,1743,0,146.44
MD97_2141_belowhiatus.Weiss.2022,kiloyear/megayear axis,PalMod,MD97_2141_belowhiatus_TS_012,age,yr ka,1743,31.66,127.75
MD97_2142.Ren.2017,kiloyear/megayear axis,PalMod,MD97_2142_TS_001,age,yr ka,738,3.26991516640472,482.275402097835
MD97_2142.Ren.2017,kiloyear/megayear axis,PalMod,MD97_2142_TS_003,age,yr ka,738,3.43535998535156,483.161912325213
MD97_2142.Ren.2017,kiloyear/megayear axis,PalMod,MD97_2142_TS_006,age,yr ka,738,0.97,130.85
MD97_2142.Ren.2017,kiloyear/megayear axis,PalMod,MD97_2142_TS_011,age,yr ka,738,1,857.608
MD97_2151.Zhao.2006,kiloyear/megayear axis,PalMod,MD97_2151_TS_001,age,yr ka,1540,1.15272308831597,22.6349422374974
MD97_2151.Zhao.2006,kiloyear/megayear axis,PalMod,MD97_2151_TS_003,age,yr ka,1540,1.14177483844757,22.6298251987291
MD98_2160.Newton.2006,kiloyear/megayear axis,PalMod,MD98_2160_TS_001,age,yr ka,125,0.135232882698059,1.07431641934164
MD98_2160.Newton.2006,kiloyear/megayear axis,PalMod,MD98_2160_TS_003,age,yr ka,125,0.134993499755859,1.07523528978624
MD98_2160.Newton.2006,kiloyear/megayear axis,PalMod,MD98_2160_TS_006,age,yr ka,125,0.10995,0.94564
MD98_2161.Fan.Palmod.2018,kiloyear/megayear axis,PalMod,MD98_2161_TS_001,age,yr ka,435,0.134988456195115,24.8674198802175
MD98_2161.Fan.Palmod.2018,kiloyear/megayear axis,PalMod,MD98_2161_TS_003,age,yr ka,435,0.135003655433655,24.8828098764718
MD98_2161.Fan.Palmod.2018,kiloyear/megayear axis,PalMod,MD98_2161_TS_006,age,yr ka,435,-0.006,25.0457
MD98_2162.Jian.2022,kiloyear/megayear axis,PalMod,MD98_2162_TS_001,age,yr ka,505,0.587670891260275,31.2086246302584
MD98_2162.Jian.2022,kiloyear/megayear axis,PalMod,MD98_2162_TS_003,age,yr ka,505,0.603584533023834,31.2234116543651
MD98_2162.Jian.2022,kiloyear/megayear axis,PalMod,MD98_2162_TS_006,age,yr ka,505,0.73,220.91
MD98_2165.Levi.Palmod.2007,kiloyear/megayear axis,lipdverseTest; PalMod,MD98_2165_TS_001,age,yr ka,134,0.677082531729311,24.9839170975137
MD98_2165.Levi.Palmod.2007,kiloyear/megayear axis,lipdverseTest; PalMod,MD98_2165_TS_003,age,yr ka,134,0.670933126449585,25.0704052206211
MD98_2165.Levi.Palmod.2007,kiloyear/megayear axis,lipdverseTest; PalMod,MD98_2165_TS_006,age,yr ka,134,0.77,25.83
MD98_2170.Stott.2007,kiloyear/megayear axis,PalMod,MD98_2170_TS_001,age,yr ka,63,7.23541847509766,17.899936240883
MD98_2170.Stott.2007,kiloyear/megayear axis,PalMod,MD98_2170_TS_003,age,yr ka,63,7.26038989257813,17.9162920319902
MD98_2170.Stott.2007,kiloyear/megayear axis,PalMod,MD98_2170_TS_006,age,yr ka,63,1.7953,21.921
MD98_2176.Stott.2004,kiloyear/megayear axis,PalMod,MD98_2176_TS_001,age,yr ka,279,-0.294851163952112,19.5065028276877
MD98_2176.Stott.2004,kiloyear/megayear axis,PalMod,MD98_2176_TS_003,age,yr ka,279,-0.31190950012207,19.4985004783414
MD98_2176.Stott.2004,kiloyear/megayear axis,PalMod,MD98_2176_TS_006,age,yr ka,279,0.1257,20.333
MD98_2178.Fan.Palmod.2018,kiloyear/megayear axis,PalMod,MD98_2178_TS_001,age,yr ka,677,1.6494988293457,24.638645819035
MD98_2178.Fan.Palmod.2018,kiloyear/megayear axis,PalMod,MD98_2178_TS_003,age,yr ka,677,1.64184997558594,24.6684508602619
MD98_2178.Fan.Palmod.2018,kiloyear/megayear axis,PalMod,MD98_2178_TS_006,age,yr ka,677,1.63,25.01
MD98_2181.Saikku.2009,kiloyear/megayear axis,PalMod,MD98_2181_TS_001,age,yr ka,1627,3.08123014435172e-4,28.1348070600904
MD98_2181.Saikku.2009,kiloyear/megayear axis,PalMod,MD98_2181_TS_003,age,yr ka,1627,-0.0121372003555298,28.1112558989731
MD98_2181.Saikku.2009,kiloyear/megayear axis,PalMod,MD98_2181_TS_006,age,yr ka,1627,0.0026,21.869
MD98_2181.Saikku.2009,kiloyear/megayear axis,PalMod,MD98_2181_TS_017,age,yr ka,1627,28.87158,57.64817
MD98_2181.Saikku.2009,kiloyear/megayear axis,PalMod,MD98_2181_TS_022,age,yr ka,1627,0.089012,67.592
MD98_2188.Dang.2011,kiloyear/megayear axis,PalMod,MD98_2188_TS_001,age,yr ka,197,0.0765885772945285,12.3052740207284
MD98_2188.Dang.2011,kiloyear/megayear axis,PalMod,MD98_2188_TS_003,age,yr ka,197,0.0614178009033203,12.31071865955
MD98_2188.Dang.2011,kiloyear/megayear axis,PalMod,MD98_2188_TS_006,age,yr ka,197,0.04,12.93
MD99_2203.Cleroux.2011,kiloyear/megayear axis,PalMod,MD99_2203_TS_001,age,yr ka,451,0.604731828491211,10.1215158228947
MD99_2203.Cleroux.2011,kiloyear/megayear axis,PalMod,MD99_2203_TS_003,age,yr ka,451,0.586377502441406,10.1234433409469
MD99_2236.Jennings.2014,kiloyear/megayear axis,PalMod,MD99_2236_TS_001,age,yr ka,1069,0.097589995978849,11.5197994378835
MD99_2236.Jennings.2014,kiloyear/megayear axis,PalMod,MD99_2236_TS_003,age,yr ka,1069,0.0813390148878098,11.4858863266636
MD99_2236.Jennings.2014,kiloyear/megayear axis,PalMod,MD99_2236_TS_007,age,yr ka,1069,1.94,12.378
MD99_2236.Jennings.2014,kiloyear/megayear axis,PalMod,MD99_2236_TS_008,age,yr ka,1069,0.40923,13.897
MD99_2236.Jennings.2014,kiloyear/megayear axis,PalMod,MD99_2236_TS_010,age,yr ka,1069,7.0049,10.866
MD99_2256.Jennings.2014,kiloyear/megayear axis,PalMod,MD99_2256_TS_001,age,yr ka,456,0.106438658498451,16.9518840747585
MD99_2256.Jennings.2014,kiloyear/megayear axis,PalMod,MD99_2256_TS_003,age,yr ka,456,0.138089400291443,16.8549518859185
MD99_2256.Jennings.2014,kiloyear/megayear axis,PalMod,MD99_2256_TS_006,age,yr ka,456,0.18122,12.399
MD99_2256.Jennings.2014,kiloyear/megayear axis,PalMod,MD99_2256_TS_008,age,yr ka,456,0.18122,12.399
MD99_2256.Jennings.2014,kiloyear/megayear axis,PalMod,MD99_2256_TS_010,age,yr ka,456,0.13856,17.377
MD99_2281.Wary.2015,kiloyear/megayear axis,PalMod,MD99_2281_TS_001,age,yr ka,564,9.70304071191406,37.4005560555815
MD99_2281.Wary.2015,kiloyear/megayear axis,PalMod,MD99_2281_TS_003,age,yr ka,564,9.68858984375,37.3153041050434
MD99_2281.Wary.2015,kiloyear/megayear axis,PalMod,MD99_2281_TS_006,age,yr ka,564,11.1653,43.29
MD99_2284.Risebrobakken.2011,kiloyear/megayear axis,PalMod,MD99_2284_TS_001,age,yr ka,552,1.12206606842041,23.1090918000033
MD99_2284.Risebrobakken.2011,kiloyear/megayear axis,PalMod,MD99_2284_TS_003,age,yr ka,552,1.1225849609375,23.1387046727218
MD99_2284.Risebrobakken.2011,kiloyear/megayear axis,PalMod,MD99_2284_TS_006,age,yr ka,552,0.992,25.77
MD99_2304.Risebrobakken.2011,kiloyear/megayear axis,lipdverseTest; PalMod,MD99_2304_TS_001,age,yr ka,972,0.160377184996843,121.718414026116
MD99_2304.Risebrobakken.2011,kiloyear/megayear axis,lipdverseTest; PalMod,MD99_2304_TS_003,age,yr ka,972,0.139583000183105,121.68152098915
MD99_2304.Risebrobakken.2011,kiloyear/megayear axis,lipdverseTest; PalMod,MD99_2304_TS_006,age,yr ka,972,0.246,14.804
MD99_2304.Risebrobakken.2011,kiloyear/megayear axis,lipdverseTest; PalMod,MD99_2304_TS_008,age,yr ka,972,60.104,125.91
MD99_2331.Salgueiro.2014,kiloyear/megayear axis,PalMod,MD99_2331_TS_001,age,yr ka,71,15.6117443994141,22.1460877067618
MD99_2331.Salgueiro.2014,kiloyear/megayear axis,PalMod,MD99_2331_TS_003,age,yr ka,71,15.61175,22.1526673040237
MD99_2331.Salgueiro.2014,kiloyear/megayear axis,PalMod,MD99_2331_TS_006,age,yr ka,71,15.679,22.024
MD99_2339.Voelker.2011,kiloyear/megayear axis,PalMod,MD99_2339_TS_001,age,yr ka,620,1.94944391264439,44.9183270982029
MD99_2339.Voelker.2011,kiloyear/megayear axis,PalMod,MD99_2339_TS_003,age,yr ka,620,1.93367035245895,44.8230894976848
MD99_2339.Voelker.2011,kiloyear/megayear axis,PalMod,MD99_2339_TS_006,age,yr ka,620,1.121,46.335
MD99_2339.Voelker.2011,kiloyear/megayear axis,PalMod,MD99_2339_TS_009,age,yr ka,620,0.515,47.072
MD99_2339.Voelker.2011,kiloyear/megayear axis,PalMod,MD99_2339_TS_012,age,yr ka,620,20.0632,47.017
MD99_2339.Voelker.2011,kiloyear/megayear axis,PalMod,MD99_2339_TS_017,age,yr ka,620,0.515,47.072
MD99_2339.Voelker.2011,kiloyear/megayear axis,PalMod,MD99_2339_TS_022,age,yr ka,620,12.989,31.131
MD99_2339.Voelker.2011,kiloyear/megayear axis,PalMod,MD99_2339_TS_025,age,yr ka,620,12.989,31.269
MD99_2339.Voelker.2011,kiloyear/megayear axis,PalMod,MD99_2339_TS_038,age,yr ka,620,32.977,42.917
MD99_2343.Frigola.2007,kiloyear/megayear axis,PalMod,MD99_2343_TS_001,age,yr ka,415,0.554820566891134,17.5049777454176
MD99_2343.Frigola.2007,kiloyear/megayear axis,PalMod,MD99_2343_TS_003,age,yr ka,415,0.553315803527832,17.5021146979141
MD99_2343.Frigola.2007,kiloyear/megayear axis,PalMod,MD99_2343_TS_006,age,yr ka,415,10.966,52.138
MD99_2343.Frigola.2007,kiloyear/megayear axis,PalMod,MD99_2343_TS_009,age,yr ka,415,0.062,52.48
ME0005A_24JC.Dubois.2010,kiloyear/megayear axis,PalMod,ME0005A_24JC_TS_001,age,yr ka,567,2.80322230883789,20.528747112257
ME0005A_24JC.Dubois.2010,kiloyear/megayear axis,PalMod,ME0005A_24JC_TS_003,age,yr ka,567,2.78706506347656,20.5351387714574
ME0005A_24JC.Dubois.2010,kiloyear/megayear axis,PalMod,ME0005A_24JC_TS_006,age,yr ka,567,1.56,100.74
ME0005A_24JC.Dubois.2010,kiloyear/megayear axis,PalMod,ME0005A_24JC_TS_007,age,yr ka,567,1.56,109.4
ME0005A_27JC.Dubois.2010,kiloyear/megayear axis,PalMod,ME0005A_27JC_TS_001,age,yr ka,216,7.70295236039162,25.1120758092258
ME0005A_27JC.Dubois.2010,kiloyear/megayear axis,PalMod,ME0005A_27JC_TS_003,age,yr ka,216,7.68297845458984,25.1422682637596
ME0005A_27JC.Dubois.2010,kiloyear/megayear axis,PalMod,ME0005A_27JC_TS_006,age,yr ka,216,1.7,99.29
ME0005A_43JC.Benway.Palmod.2006,kiloyear/megayear axis,PalMod,ME0005A_43JC_TS_001,age,yr ka,126,2.57596833361816,22.0936601968777
ME0005A_43JC.Benway.Palmod.2006,kiloyear/megayear axis,PalMod,ME0005A_43JC_TS_003,age,yr ka,126,2.58588500976562,22.1237614045143
ME0005A_43JC.Benway.Palmod.2006,kiloyear/megayear axis,PalMod,ME0005A_43JC_TS_006,age,yr ka,126,0.492,28.29
MR00_05_2PC.Koizumi.2010,kiloyear/megayear axis,PalMod,MR00_05_2PC_TS_001,age,yr ka,137,9.1230036935654,103.786845683275
MR00_05_2PC.Koizumi.2010,kiloyear/megayear axis,PalMod,MR00_05_2PC_TS_003,age,yr ka,137,9.38357520294189,103.945335942627
MR00_05_2PC.Koizumi.2010,kiloyear/megayear axis,PalMod,MR00_05_2PC_TS_006,age,yr ka,137,0.07,150.05
MR02_03_2PC.Koizumi.2010,kiloyear/megayear axis,PalMod,MR02_03_2PC_TS_001,age,yr ka,94,54.6673370162594,147.07946482182
MR02_03_2PC.Koizumi.2010,kiloyear/megayear axis,PalMod,MR02_03_2PC_TS_003,age,yr ka,94,54.7699868450165,147.015582789612
MR02_03_2PC.Koizumi.2010,kiloyear/megayear axis,PalMod,MR02_03_2PC_TS_006,age,yr ka,94,0,150.58
MR99_04_2PC.Koizumi.2010,kiloyear/megayear axis,PalMod,MR99_04_2PC_TS_001,age,yr ka,101,12.1077463239838,85.1885850783051
MR99_04_2PC.Koizumi.2010,kiloyear/megayear axis,PalMod,MR99_04_2PC_TS_003,age,yr ka,101,12.1756821842194,85.1149605273604
MR99_04_2PC.Koizumi.2010,kiloyear/megayear axis,PalMod,MR99_04_2PC_TS_006,age,yr ka,101,0,129.9
MR99_04_3PC.Koizumi.2010,kiloyear/megayear axis,PalMod,MR99_04_3PC_TS_001,age,yr ka,88,41.1013428934795,87.6391914259949
MR99_04_3PC.Koizumi.2010,kiloyear/megayear axis,PalMod,MR99_04_3PC_TS_003,age,yr ka,88,41.1828228347778,87.6114858163277
MR99_04_3PC.Koizumi.2010,kiloyear/megayear axis,PalMod,MR99_04_3PC_TS_006,age,yr ka,88,1.23,149.01
MSM02_3_666_4.Bartels.2017,kiloyear/megayear axis,PalMod,MSM02_3_666_4_TS_001,age,yr ka,9185,0.105752066065729,13.4048760687518
MSM02_3_666_4.Bartels.2017,kiloyear/megayear axis,PalMod,MSM02_3_666_4_TS_003,age,yr ka,9185,0.0930578994750977,13.3826843818314
MSM02_3_666_4.Bartels.2017,kiloyear/megayear axis,PalMod,MSM02_3_666_4_TS_007,age,yr ka,9185,0.42,15.489
MSM02_3_739_3.Bartels.2018,kiloyear/megayear axis,PalMod,MSM02_3_739_3_TS_001,age,yr ka,19204,0.137403288398658,10.3593604629474
MSM02_3_739_3.Bartels.2018,kiloyear/megayear axis,PalMod,MSM02_3_739_3_TS_003,age,yr ka,19204,0.121632151203603,10.3533292621478
MSM02_3_739_3.Bartels.2018,kiloyear/megayear axis,PalMod,MSM02_3_739_3_TS_008,age,yr ka,19204,0.256,11.298
MSM05_5_712_1.Werner.2011,kiloyear/megayear axis,PalMod,MSM05_5_712_1_TS_001,age,yr ka,178,-0.0862745165691376,1.04532227387062
MSM05_5_712_1.Werner.2011,kiloyear/megayear axis,PalMod,MSM05_5_712_1_TS_003,age,yr ka,178,-0.0857677993774414,1.04117304256372
MSM05_5_712_1.Werner.2011,kiloyear/megayear axis,PalMod,MSM05_5_712_1_TS_006,age,yr ka,178,-0.057,2.07
MSM05_5_712_1.Werner.2011,kiloyear/megayear axis,PalMod,MSM05_5_712_1_TS_012,age,yr ka,178,-0.057,2.07
MSM05_5_712_2.Mueller.2014,kiloyear/megayear axis,PalMod,MSM05_5_712_2_TS_001,age,yr ka,893,0.140140291127887,7.55791113589626
MSM05_5_712_2.Mueller.2014,kiloyear/megayear axis,PalMod,MSM05_5_712_2_TS_003,age,yr ka,893,0.130206123828888,7.5518883692291
MSM05_5_712_2.Mueller.2014,kiloyear/megayear axis,PalMod,MSM05_5_712_2_TS_006,age,yr ka,893,0.421,8.838
MSM05_5_712_2.Mueller.2014,kiloyear/megayear axis,PalMod,MSM05_5_712_2_TS_017,age,yr ka,893,0.388,8.702
MSM05_5_712_2.Mueller.2014,kiloyear/megayear axis,PalMod,MSM05_5_712_2_TS_020,age,yr ka,893,8.66,30.05
MSM05_5_723_2.Werner.2015,kiloyear/megayear axis,PalMod,MSM05_5_723_2_TS_001,age,yr ka,477,0.13642075032565,10.0254203139708
MSM05_5_723_2.Werner.2015,kiloyear/megayear axis,PalMod,MSM05_5_723_2_TS_003,age,yr ka,477,0.119568500518799,9.99698547154665
MSM05_5_723_2.Werner.2015,kiloyear/megayear axis,PalMod,MSM05_5_723_2_TS_006,age,yr ka,477,-0.059,12.032
MSM05_5_723_2.Werner.2015,kiloyear/megayear axis,PalMod,MSM05_5_723_2_TS_013,age,yr ka,477,0.18,12.003
MV0502_4JC.Waddell.2009,kiloyear/megayear axis,PalMod,MV0502_4JC_TS_001,age,yr ka,341,11.7993393016472,133.389994128319
MV0502_4JC.Waddell.2009,kiloyear/megayear axis,PalMod,MV0502_4JC_TS_003,age,yr ka,341,11.7284048461914,133.46322553069
MV0502_4JC.Waddell.2009,kiloyear/megayear axis,PalMod,MV0502_4JC_TS_006,age,yr ka,341,22.7,2975.8
NA87_22.Duplessy.2003,kiloyear/megayear axis,PalMod,NA87_22_TS_001,age,yr ka,137,0.141222450852519,22.207494552553
NA87_22.Duplessy.2003,kiloyear/megayear axis,PalMod,NA87_22_TS_003,age,yr ka,137,0.122229052901268,22.2099380116492
NEAP18K.Cortijo.2002,kiloyear/megayear axis,PalMod,NEAP18K_TS_001,age,yr ka,390,56.9922840546875,129.859715578171
NEAP18K.Cortijo.2002,kiloyear/megayear axis,PalMod,NEAP18K_TS_003,age,yr ka,390,57.051798828125,129.763034554605
NEAP18K.Cortijo.2002,kiloyear/megayear axis,PalMod,NEAP18K_TS_006,age,yr ka,390,55.27,126
NEAP_04K.Rickaby.2005,kiloyear/megayear axis,PalMod,NEAP_04K_TS_001,age,yr ka,57,0.218714053125441,16.5029772213288
NEAP_04K.Rickaby.2005,kiloyear/megayear axis,PalMod,NEAP_04K_TS_003,age,yr ka,57,0.202988372802734,16.5979284417996
NEAP_04K.Rickaby.2005,kiloyear/megayear axis,PalMod,NEAP_04K_TS_006,age,yr ka,57,0,23.53
NGHP_01_17.Gebregiorgis.2018,kiloyear/megayear axis,PalMod,NGHP_01_17_TS_001,age,yr ka,343,2.54510859887695,104.482176918553
NGHP_01_17.Gebregiorgis.2018,kiloyear/megayear axis,PalMod,NGHP_01_17_TS_003,age,yr ka,343,2.54554992675781,104.797360152397
NGHP_01_17.Gebregiorgis.2018,kiloyear/megayear axis,PalMod,NGHP_01_17_TS_006,age,yr ka,343,3,951.49
OCE326_GGC30.Sachs.Palmod.2007,kiloyear/megayear axis,PalMod,OCE326_GGC30_TS_001,age,yr ka,169,0.0288527452321574,10.6018744449089
OCE326_GGC30.Sachs.Palmod.2007,kiloyear/megayear axis,PalMod,OCE326_GGC30_TS_003,age,yr ka,169,0.038872501373291,10.5325187224651
OCE326_GGC30.Sachs.Palmod.2007,kiloyear/megayear axis,PalMod,OCE326_GGC30_TS_006,age,yr ka,169,0,12.92
ODP1012.Herbert.2002,kiloyear/megayear axis,PalMod,ODP1012_TS_001,age,yr ka,461,2.69192423889435,486.499282147216
ODP1012.Herbert.2002,kiloyear/megayear axis,PalMod,ODP1012_TS_003,age,yr ka,461,2.73638199757464,486.646007024863
ODP1012.Herbert.2002,kiloyear/megayear axis,PalMod,ODP1012_TS_006,age,yr ka,461,2.0482,508.33
ODP1016C.Yamamoto.2007,kiloyear/megayear axis,PalMod,ODP1016C_TS_001,age,yr ka,102,5.78529869970703,37.8381025505241
ODP1016C.Yamamoto.2007,kiloyear/megayear axis,PalMod,ODP1016C_TS_003,age,yr ka,102,5.78886499023437,37.7722214713097
ODP1016C.Yamamoto.2007,kiloyear/megayear axis,PalMod,ODP1016C_TS_006,age,yr ka,102,3.186,136.4747
ODP1020.Heusser.2006,kiloyear/megayear axis,PalMod,ODP1020_TS_001,age,yr ka,699,9.31225116210937,535.743522460752
ODP1020.Heusser.2006,kiloyear/megayear axis,PalMod,ODP1020_TS_003,age,yr ka,699,9.4538798828125,535.861004661652
ODP1020.Heusser.2006,kiloyear/megayear axis,PalMod,ODP1020_TS_006,age,yr ka,699,3.5,813.198
ODP1084B.Farmer.2005,kiloyear/megayear axis,PalMod,ODP1084B_TS_001,age,yr ka,227,1.21673676470947,21.2855071213374
ODP1084B.Farmer.2005,kiloyear/megayear axis,PalMod,ODP1084B_TS_003,age,yr ka,227,1.20329498291016,21.2688627186957
ODP1084B.Farmer.2005,kiloyear/megayear axis,PalMod,ODP1084B_TS_006,age,yr ka,227,0,21.262
ODP1090_TTN057_6.Hodell.2003,kiloyear/megayear axis,PalMod,ODP1090_TTN057_6_TS_001,age,yr ka,1293,0.498093222381592,132.951300504073
ODP1090_TTN057_6.Hodell.2003,kiloyear/megayear axis,PalMod,ODP1090_TTN057_6_TS_003,age,yr ka,1293,0.498346496582031,132.815808377266
ODP1090_TTN057_6.Hodell.2003,kiloyear/megayear axis,PalMod,ODP1090_TTN057_6_TS_006,age,yr ka,1293,0.83,2903.5
ODP1145.Oppo.2005,kiloyear/megayear axis,PalMod,ODP1145_TS_001,age,yr ka,280,5.80634201918519,133.42644993820701
ODP1145.Oppo.2005,kiloyear/megayear axis,PalMod,ODP1145_TS_003,age,yr ka,280,5.78041592407227,133.429973281448
ODP1145.Oppo.2005,kiloyear/megayear axis,PalMod,ODP1145_TS_006,age,yr ka,280,1.94,143
ODP1239.Dyez.2016,kiloyear/megayear axis,PalMod,ODP1239_TS_001,age,yr ka,1578,6.42384691796875,492.380105572706
ODP1239.Dyez.2016,kiloyear/megayear axis,PalMod,ODP1239_TS_003,age,yr ka,1578,6.4157451171875,492.14830436964
ODP1239.Dyez.2016,kiloyear/megayear axis,PalMod,ODP1239_TS_006,age,yr ka,1578,0.24,1500.4
ODP1239.Dyez.2016,kiloyear/megayear axis,PalMod,ODP1239_TS_009,age,yr ka,1578,1.67,1491.6
ODP807.Jian.2022,kiloyear/megayear axis,PalMod,ODP807_TS_001,age,yr ka,1718,8.03798049316406,535.684481183738
ODP807.Jian.2022,kiloyear/megayear axis,PalMod,ODP807_TS_003,age,yr ka,1718,8.04231005859375,536.061637464523
ODP807.Jian.2022,kiloyear/megayear axis,PalMod,ODP807_TS_006,age,yr ka,1718,4.5,399.4
ODP807.Jian.2022,kiloyear/megayear axis,PalMod,ODP807_TS_012,age,yr ka,1718,10,5024.879881
ODP846.Mix.2007,kiloyear/megayear axis,PalMod,ODP846_TS_001,age,yr ka,2836,8.90081943457031,130.444687436269
ODP846.Mix.2007,kiloyear/megayear axis,PalMod,ODP846_TS_003,age,yr ka,2836,8.921125,130.436034418106
ODP846.Mix.2007,kiloyear/megayear axis,PalMod,ODP846_TS_006,age,yr ka,2836,3.09,1834.9
ODP846.Mix.2007,kiloyear/megayear axis,PalMod,ODP846_TS_009,age,yr ka,2836,5.2282,5089.803
ODP849.Mix.2007,kiloyear/megayear axis,PalMod,ODP849_TS_001,age,yr ka,1241,1.43462183557224,131.08321571945
ODP849.Mix.2007,kiloyear/megayear axis,PalMod,ODP849_TS_003,age,yr ka,1241,1.47567498779297,131.102860415244
ODP849.Mix.2007,kiloyear/megayear axis,PalMod,ODP849_TS_006,age,yr ka,1241,3.585,4978.185
ODP980.Oppo.2006,kiloyear/megayear axis,PalMod,ODP980_TS_001,age,yr ka,6168,-0.836544205450892,133.995681923516
ODP980.Oppo.2006,kiloyear/megayear axis,PalMod,ODP980_TS_003,age,yr ka,6168,-0.842980610847473,134.025232049581
ODP980.Oppo.2006,kiloyear/megayear axis,PalMod,ODP980_TS_006,age,yr ka,6168,1.04,512.21
ODP980.Oppo.2006,kiloyear/megayear axis,PalMod,ODP980_TS_009,age,yr ka,6168,110.14,135.11
ODP980.Oppo.2006,kiloyear/megayear axis,PalMod,ODP980_TS_013,age,yr ka,6168,0,4659
ODP982.Lawrence.2009,kiloyear/megayear axis,PalMod,ODP982_TS_001,age,yr ka,1499,0.419123620432407,133.955275822812
ODP982.Lawrence.2009,kiloyear/megayear axis,PalMod,ODP982_TS_003,age,yr ka,1499,0.420383499145508,133.893878143787
ODP982.Lawrence.2009,kiloyear/megayear axis,PalMod,ODP982_TS_006,age,yr ka,1499,0,1002
ODP982.Lawrence.2009,kiloyear/megayear axis,PalMod,ODP982_TS_014,age,yr ka,1499,0,4012.228
ODP984C.Praetorius.2008,kiloyear/megayear axis,PalMod,ODP984C_TS_001,age,yr ka,3677,0.0904205995961595,23.3158988611968
ODP984C.Praetorius.2008,kiloyear/megayear axis,PalMod,ODP984C_TS_003,age,yr ka,3677,0.074721752166748,23.3125605860913
ODP984C.Praetorius.2008,kiloyear/megayear axis,PalMod,ODP984C_TS_006,age,yr ka,3677,0.448,25.3147
ODP984C.Praetorius.2008,kiloyear/megayear axis,PalMod,ODP984C_TS_009,age,yr ka,3677,0.446,11.0995
ODP984C.Praetorius.2008,kiloyear/megayear axis,PalMod,ODP984C_TS_013,age,yr ka,3677,0.306,2445.177
ODP_677.Shackleton.2011,kiloyear/megayear axis,PalMod,ODP_677_TS_001,age,yr ka,72,9.93720446386719,137.049724535956
ODP_677.Shackleton.2011,kiloyear/megayear axis,PalMod,ODP_677_TS_003,age,yr ka,72,10.0456997070313,137.012850495815
ODP_677.Shackleton.2011,kiloyear/megayear axis,PalMod,ODP_677_TS_006,age,yr ka,72,6,150
ODP_leg177_1093.Schneider-Mor.2012,kiloyear/megayear axis,FreeSoda,WEB-d0ef0-fc5c-4760-91ae-9d27d-dup,age,yr ka,54,10.95,151.51
ODP_leg177_1094.Schneider-Mor.2012,kiloyear/megayear axis,FreeSoda,WEB-d0ef0-fc5c-4760-91ae-9d27d-dup-dup,age,yr ka,65,0.45,150.07
OMEXII_9K_2.Hendry.2016,kiloyear/megayear axis,PalMod,OMEXII_9K_2_TS_001,age,yr ka,88,1.57724975183105,34.5643454288551
OMEXII_9K_2.Hendry.2016,kiloyear/megayear axis,PalMod,OMEXII_9K_2_TS_003,age,yr ka,88,1.55663500976562,34.605097645921
OMEXII_9K_2.Hendry.2016,kiloyear/megayear axis,PalMod,OMEXII_9K_2_TS_010,age,yr ka,88,0,36.54
P178_15P.Tierney.2015,kiloyear/megayear axis,PalMod,P178_15P_TS_001,age,yr ka,104,0.182537645540923,36.1273460388271
P178_15P.Tierney.2015,kiloyear/megayear axis,PalMod,P178_15P_TS_003,age,yr ka,104,0.168487745285034,36.1651178068072
P178_15P.Tierney.2015,kiloyear/megayear axis,PalMod,P178_15P_TS_006,age,yr ka,104,-0.018,39.485
P7.Pedersen.2008,kiloyear/megayear axis,PalMod,P7_TS_001,age,yr ka,54,9.23445608642578,28.410441713267
P7.Pedersen.2008,kiloyear/megayear axis,PalMod,P7_TS_003,age,yr ka,54,9.2258701171875,28.2394067993164
P7.Pedersen.2008,kiloyear/megayear axis,PalMod,P7_TS_006,age,yr ka,54,5.19,36.11
PBBC_1.Richey.2007,kiloyear/megayear axis,PalMod,PBBC_1_TS_001,age,yr ka,118,0.0550993183958456,1.41417375623335
PBBC_1.Richey.2007,kiloyear/megayear axis,PalMod,PBBC_1_TS_003,age,yr ka,118,0.0536402858793735,1.40741038496494
PBBC_1.Richey.2007,kiloyear/megayear axis,PalMod,PBBC_1_TS_006,age,yr ka,118,0,1.455294
PM9462_4.lastname.year,kiloyear/megayear axis,PalMod,PM9462_4_TS_001,age,yr ka,22,-0.00479064262111485,7.10773873834107
PM9462_4.lastname.year,kiloyear/megayear axis,PalMod,PM9462_4_TS_003,age,yr ka,22,-0.00489849638938904,7.11472577501833
POS200_10_28_1.Salgueiro.2014,kiloyear/megayear axis,PalMod,POS200_10_28_1_TS_001,age,yr ka,52,2.74868882104492,23.1088776564599
POS200_10_28_1.Salgueiro.2014,kiloyear/megayear axis,PalMod,POS200_10_28_1_TS_003,age,yr ka,52,2.76242993164063,23.0895456701517
POS200_10_28_1.Salgueiro.2014,kiloyear/megayear axis,PalMod,POS200_10_28_1_TS_006,age,yr ka,52,2.74,30
POS200_10_6_2.Baas.2002,kiloyear/megayear axis,PalMod,POS200_10_6_2_TS_001,age,yr ka,117,0.919486440961123,17.5939591977725
POS200_10_6_2.Baas.2002,kiloyear/megayear axis,PalMod,POS200_10_6_2_TS_003,age,yr ka,117,0.903985861539841,17.5927582071225
POS457_905_2.Mirzaloo.2019,kiloyear/megayear axis,lipdverseTest; PalMod,POS457_905_2_TS_001,age,yr ka,887,6.40747800439453,45.7876811252447
POS457_905_2.Mirzaloo.2019,kiloyear/megayear axis,lipdverseTest; PalMod,POS457_905_2_TS_003,age,yr ka,887,6.39686499023438,45.8750851541841
POS457_905_2.Mirzaloo.2019,kiloyear/megayear axis,lipdverseTest; PalMod,POS457_905_2_TS_006,age,yr ka,887,6.62,54.44
POS457_909_2.Mirzaloo.2019,kiloyear/megayear axis,PalMod,POS457_909_2_TS_001,age,yr ka,356,14.8399883974609,38.5229592678867
POS457_909_2.Mirzaloo.2019,kiloyear/megayear axis,PalMod,POS457_909_2_TS_003,age,yr ka,356,14.7130498046875,38.4888020616651
POS457_909_2.Mirzaloo.2019,kiloyear/megayear axis,PalMod,POS457_909_2_TS_006,age,yr ka,356,13.9,38.38
PS1388_3.Grobe.2011,kiloyear/megayear axis,PalMod,PS1388_3_TS_001,age,yr ka,141,6.05859249621582,134.243888210907
PS1388_3.Grobe.2011,kiloyear/megayear axis,PalMod,PS1388_3_TS_003,age,yr ka,141,6.22068505859375,134.062451730647
PS1652-2.Xiao.2016,kiloyear/megayear axis,FreeSoda,WEB-d0ef0-fc5c-4760-91ae-9d27d-dup-dup-dup,age,yr ka,52,0.73,32.83
PS1730_2.lastname.year,kiloyear/megayear axis,PalMod,PS1730_2_TS_001,age,yr ka,95,8.13602927148438,31.0293276731635
PS1730_2.lastname.year,kiloyear/megayear axis,PalMod,PS1730_2_TS_003,age,yr ka,95,8.12688500976563,30.9664446716309
PS1768-8.Esper.2014,kiloyear/megayear axis,FreeSoda,WEB-d0ef0-fc5c-4760-91ae-9d27d-dup-dup-dup-dup,age,yr ka,97,3.21,142.16
PS1778-5.Gersonde.2000,kiloyear/megayear axis,FreeSoda,WEB-d0ef0-fc5c-4760-91ae-9d27d-dup-dup-dup-dup-dup,age,yr ka,97,12,142.16
PS1878_3.Telesinski.2014,kiloyear/megayear axis,PalMod,PS1878_3_TS_001,age,yr ka,114,0.150598252332374,17.3511712470037
PS1878_3.Telesinski.2014,kiloyear/megayear axis,PalMod,PS1878_3_TS_003,age,yr ka,114,0.129025001525879,17.429628622055102
PS2082_1.Brathauer.2002,kiloyear/megayear axis,PalMod,PS2082_1_TS_001,age,yr ka,289,4.37271344812012,134.197957208694
PS2082_1.Brathauer.2002,kiloyear/megayear axis,PalMod,PS2082_1_TS_003,age,yr ka,289,4.14281494140625,134.479571028233
PS2102-2.Xiao.2016,kiloyear/megayear axis,FreeSoda,WEB-d0ef0-fc5c-4760-91ae-9d27d-dup-dup-dup-dup-dup-dup,age,yr ka,104,0.12,132.56
PS2138_1.Wollenburg.2004,kiloyear/megayear axis,PalMod,PS2138_1_TS_001,age,yr ka,345,12.553432484375,130.165516957062
PS2138_1.Wollenburg.2004,kiloyear/megayear axis,PalMod,PS2138_1_TS_003,age,yr ka,345,12.5575498046875,130.814566899168
PS2138_1.Wollenburg.2004,kiloyear/megayear axis,PalMod,PS2138_1_TS_006,age,yr ka,345,0.58,144.86
PS2138_1.Wollenburg.2004,kiloyear/megayear axis,PalMod,PS2138_1_TS_014,age,yr ka,345,0,145
PS2276-4.Gersonde.2000,kiloyear/megayear axis,FreeSoda,WEB-d0ef0-fc5c-4760-91ae-9d27d-dup-dup-dup-dup-dup-dup-dup,age,yr ka,70,0,130
PS2495_3.Groeneveld.2011,kiloyear/megayear axis,PalMod,PS2495_3_TS_001,age,yr ka,182,6.43639677514648,133.553235582329
PS2495_3.Groeneveld.2011,kiloyear/megayear axis,PalMod,PS2495_3_TS_003,age,yr ka,182,6.43094482421875,133.554721622297
PS2495_3.Groeneveld.2011,kiloyear/megayear axis,PalMod,PS2495_3_TS_006,age,yr ka,182,2,305
PS2495_3.Groeneveld.2011,kiloyear/megayear axis,PalMod,PS2495_3_TS_012,age,yr ka,182,5,164.8
PS2498_1.Anderson.2014,kiloyear/megayear axis,PalMod,PS2498_1_TS_001,age,yr ka,447,5.13710161761475,131.307138153284
PS2498_1.Anderson.2014,kiloyear/megayear axis,PalMod,PS2498_1_TS_003,age,yr ka,447,5.12439990234375,131.456908178611
PS2498_1.Anderson.2014,kiloyear/megayear axis,PalMod,PS2498_1_TS_006,age,yr ka,447,0.1,129.8
PS2499-5.Gersonde.2000,kiloyear/megayear axis,FreeSoda,WEB-d0ef0-fc5c-4760-91ae-9d27d-dup-dup-dup-dup-dup-dup-dup-dup,age,yr ka,88,0,130
PS2606-6.Xiao.2016,kiloyear/megayear axis,FreeSoda,WEB-d0ef0-fc5c-4760-91ae-9d27d-dup-dup-dup-dup-dup-dup-dup-dup-dup,age,yr ka,104,1.49,132.56
PS58_271-1.Esper.2014,kiloyear/megayear axis,FreeSoda,WEB-d0ef0-fc5c-4760-91ae-9d27d-dup-dup-dup-dup-dup-dup-dup-dup-dup-dup,age,yr ka,244,5.88,147.55
PS67_197-1.Xiao.2016,kiloyear/megayear axis,FreeSoda,WEB-d0ef0-fc5c-4760-91ae-9d27d-dup-dup-dup-dup-dup-dup-dup-dup-dup-dup-dup,age,yr ka,235,3.57,86.29
PS67_219-1.Xiao.2016,kiloyear/megayear axis,FreeSoda,WEB-d0ef0-fc5c-4760-91ae-9d27d-dup-dup-dup-dup-dup-dup-dup-dup-dup-dup-dup-dup,age,yr ka,235,5.03,150.4
PS75_056_1.Ullermann.2016,kiloyear/megayear axis,PalMod,PS75_056_1_TS_001,age,yr ka,243,7.15934745654297,128.646373416319
PS75_056_1.Ullermann.2016,kiloyear/megayear axis,PalMod,PS75_056_1_TS_003,age,yr ka,243,7.15006494140625,128.62895832932
PS75_056_1.Ullermann.2016,kiloyear/megayear axis,PalMod,PS75_056_1_TS_006,age,yr ka,243,6.3,259.6
PS75_059_2.Ullermann.2016,kiloyear/megayear axis,PalMod,PS75_059_2_TS_001,age,yr ka,2435,3.37924596606445,133.633303151996
PS75_059_2.Ullermann.2016,kiloyear/megayear axis,PalMod,PS75_059_2_TS_003,age,yr ka,2435,3.38632995605469,133.666124563717
PS75_059_2.Ullermann.2016,kiloyear/megayear axis,PalMod,PS75_059_2_TS_006,age,yr ka,2435,3,480
PS75_059_2.Ullermann.2016,kiloyear/megayear axis,PalMod,PS75_059_2_TS_009,age,yr ka,2435,0.414,473.832
PS75_072-4.Studer.2015,kiloyear/megayear axis,FreeSoda,WEB-d0ef0-fc5c-4760-91ae-9d27d-dup-dup-dup-dup-dup-dup-dup-dup-dup-dup-dup-dup-dup,age,yr ka,235,0.73,154.09
PS75_160_1.Hillenbrand.2017,kiloyear/megayear axis,PalMod,PS75_160_1_TS_001,age,yr ka,85,0.0105743543048501,7.90401198944525
PS75_160_1.Hillenbrand.2017,kiloyear/megayear axis,PalMod,PS75_160_1_TS_003,age,yr ka,85,-0.00879995489120483,7.91159559299499
PS75_160_1.Hillenbrand.2017,kiloyear/megayear axis,PalMod,PS75_160_1_TS_006,age,yr ka,85,1.19,9.197
PS75_167_1.Hillenbrand.2017,kiloyear/megayear axis,lipdverseTest; PalMod,PS75_167_1_TS_001,age,yr ka,47,7.57698151342359,9.38906229109922
PS75_167_1.Hillenbrand.2017,kiloyear/megayear axis,lipdverseTest; PalMod,PS75_167_1_TS_003,age,yr ka,47,7.58503633966446,9.39256608004719
PS75_167_1.Hillenbrand.2017,kiloyear/megayear axis,lipdverseTest; PalMod,PS75_167_1_TS_006,age,yr ka,47,1.794,10.699
R657.Weaver.2004,kiloyear/megayear axis,PalMod,R657_TS_001,age,yr ka,44,16.8537589024866,134.641454762976
R657.Weaver.2004,kiloyear/megayear axis,PalMod,R657_TS_003,age,yr ka,44,16.8502446327209,134.548630600877
R657.Weaver.2004,kiloyear/megayear axis,PalMod,R657_TS_006,age,yr ka,44,0,160.15
R657.Weaver.2004,kiloyear/megayear axis,PalMod,R657_TS_014,age,yr ka,44,1,83.0573
RAPiD_10_1P.Thornalley.2010,kiloyear/megayear axis,PalMod,RAPiD_10_1P_TS_001,age,yr ka,119,10.4550779955512,13.0001739831882
RAPiD_10_1P.Thornalley.2010,kiloyear/megayear axis,PalMod,RAPiD_10_1P_TS_003,age,yr ka,119,10.4453909606934,12.9970437436104
RAPiD_10_1P.Thornalley.2010,kiloyear/megayear axis,PalMod,RAPiD_10_1P_TS_006,age,yr ka,119,10.51,21.06
RAPiD_12_1K.Thornalley.2009,kiloyear/megayear axis,PalMod,RAPiD_12_1K_TS_001,age,yr ka,201,0.46501628945519,11.029636415939
RAPiD_12_1K.Thornalley.2009,kiloyear/megayear axis,PalMod,RAPiD_12_1K_TS_003,age,yr ka,201,0.472474727153778,11.0393108341886
RAPiD_12_1K.Thornalley.2009,kiloyear/megayear axis,PalMod,RAPiD_12_1K_TS_006,age,yr ka,201,0,11.8685
RAPiD_15_4P.Thornalley.2010,kiloyear/megayear axis,PalMod,RAPiD_15_4P_TS_001,age,yr ka,123,6.48808401513672,19.281612864392
RAPiD_15_4P.Thornalley.2010,kiloyear/megayear axis,PalMod,RAPiD_15_4P_TS_003,age,yr ka,123,6.49084008789062,19.2572731820498
RAPiD_15_4P.Thornalley.2010,kiloyear/megayear axis,PalMod,RAPiD_15_4P_TS_006,age,yr ka,123,6.079,20.402
RAPiD_15_4P.Thornalley.2010,kiloyear/megayear axis,PalMod,RAPiD_15_4P_TS_010,age,yr ka,123,7.089,21.114
RAPiD_17_5P.Thornalley.2010,kiloyear/megayear axis,PalMod,RAPiD_17_5P_TS_001,age,yr ka,130,8.9032251875,17.7987147622774
RAPiD_17_5P.Thornalley.2010,kiloyear/megayear axis,PalMod,RAPiD_17_5P_TS_003,age,yr ka,130,8.877615234375,17.807219411419702
RAPiD_17_5P.Thornalley.2010,kiloyear/megayear axis,PalMod,RAPiD_17_5P_TS_006,age,yr ka,130,3.993,21.766
RAPiD_17_5P.Thornalley.2010,kiloyear/megayear axis,PalMod,RAPiD_17_5P_TS_009,age,yr ka,130,7.568,21.478
RC11_120.Charles.2008,kiloyear/megayear axis,PalMod,RC11_120_TS_001,age,yr ka,439,0.49865102627033,77.6765029611973
RC11_120.Charles.2008,kiloyear/megayear axis,PalMod,RC11_120_TS_003,age,yr ka,439,0.501509994506836,77.6438537149429
RC11_120.Charles.2008,kiloyear/megayear axis,PalMod,RC11_120_TS_024,age,yr ka,439,0.75,294
RC11_120.Charles.2008,kiloyear/megayear axis,PalMod,RC11_120_TS_029,age,yr ka,439,2.7,293.7
RC11_120.Charles.2008,kiloyear/megayear axis,PalMod,RC11_120_TS_035,age,yr ka,439,1,293.6
RC11_83.Charles.2003,kiloyear/megayear axis,PalMod,RC11_83_TS_001,age,yr ka,303,6.90909323047519,58.9579939975399
RC11_83.Charles.2003,kiloyear/megayear axis,PalMod,RC11_83_TS_003,age,yr ka,303,6.94309795761108,59.2034647592893
RC11_83.Charles.2003,kiloyear/megayear axis,PalMod,RC11_83_TS_006,age,yr ka,303,1.267,74.2
RC13_110.Mix.2008,kiloyear/megayear axis,PalMod,RC13_110_TS_001,age,yr ka,415,1.78761566489255,130.182606611085
RC13_110.Mix.2008,kiloyear/megayear axis,PalMod,RC13_110_TS_003,age,yr ka,415,1.81684002685547,130.298417403221
RC13_110.Mix.2008,kiloyear/megayear axis,PalMod,RC13_110_TS_006,age,yr ka,415,0.36,735.18
RC13_110.Mix.2008,kiloyear/megayear axis,PalMod,RC13_110_TS_011,age,yr ka,415,0.36,752.05
RC13_228.lastname.year,kiloyear/megayear axis,PalMod,RC13_228_TS_001,age,yr ka,260,5.64021666845703,131.648982678735
RC13_228.lastname.year,kiloyear/megayear axis,PalMod,RC13_228_TS_003,age,yr ka,260,5.6628349609375,131.650829029804
RC13_228.lastname.year,kiloyear/megayear axis,PalMod,RC13_228_TS_006,age,yr ka,260,0.55,29.97
RC13_229.Oppo.2008,kiloyear/megayear axis,PalMod,RC13_229_TS_001,age,yr ka,317,6.8351122253418,137.17625616869
RC13_229.Oppo.2008,kiloyear/megayear axis,PalMod,RC13_229_TS_003,age,yr ka,317,6.88117504882812,137.098398436525
RC13_229.Oppo.2008,kiloyear/megayear axis,PalMod,RC13_229_TS_008,age,yr ka,317,6.06,31.99
RC16_119.Oppo.2002,kiloyear/megayear axis,PalMod,RC16_119_TS_001,age,yr ka,28,2.52956370117187,26.4115249261923
RC16_119.Oppo.2002,kiloyear/megayear axis,PalMod,RC16_119_TS_003,age,yr ka,28,2.53549011230469,26.3655310063362
RC16_84.Oppo.2002,kiloyear/megayear axis,PalMod,RC16_84_TS_001,age,yr ka,35,3.11216009521484,35.0220335350785
RC16_84.Oppo.2002,kiloyear/megayear axis,PalMod,RC16_84_TS_003,age,yr ka,35,3.1134599609375,34.9981484806538
RS147_GC07.Sikes.2009,kiloyear/megayear axis,PalMod,RS147_GC07_TS_001,age,yr ka,130,0.676329653918266,32.0192963745859
RS147_GC07.Sikes.2009,kiloyear/megayear axis,PalMod,RS147_GC07_TS_003,age,yr ka,130,0.672424987792969,32.0999301620579
RS147_GC07.Sikes.2009,kiloyear/megayear axis,PalMod,RS147_GC07_TS_006,age,yr ka,130,0.519,93.761
RS147_GC14.Sikes.2009,kiloyear/megayear axis,PalMod,RS147_GC14_TS_001,age,yr ka,80,7.05589109375,129.769726372163
RS147_GC14.Sikes.2009,kiloyear/megayear axis,PalMod,RS147_GC14_TS_003,age,yr ka,80,7.121,129.827026398666
RS147_GC14.Sikes.2009,kiloyear/megayear axis,PalMod,RS147_GC14_TS_006,age,yr ka,80,1,154.884
SAT_048A.Frozza.2020,kiloyear/megayear axis,PalMod,SAT_048A_TS_001,age,yr ka,50,5.76080059619141,42.0273709582868
SAT_048A.Frozza.2020,kiloyear/megayear axis,PalMod,SAT_048A_TS_003,age,yr ka,50,5.75071997070313,42.1279476731795
SCS90_36.Huang.2002,kiloyear/megayear axis,PalMod,SCS90_36_TS_001,age,yr ka,93,0.848110724060059,29.9897775584857
SCS90_36.Huang.2002,kiloyear/megayear axis,PalMod,SCS90_36_TS_003,age,yr ka,93,0.838704010009766,30.0631734784324
SCS90_36.Huang.2002,kiloyear/megayear axis,PalMod,SCS90_36_TS_006,age,yr ka,93,0.9,26.3
SK157_14.Ahmad.2008,kiloyear/megayear axis,PalMod,SK157_14_TS_001,age,yr ka,59,3.05420682481003,41.6757342389145
SK157_14.Ahmad.2008,kiloyear/megayear axis,PalMod,SK157_14_TS_003,age,yr ka,59,3.03996238327026,41.5995032944679
SK157_14.Ahmad.2008,kiloyear/megayear axis,PalMod,SK157_14_TS_006,age,yr ka,59,2.434,62
SK157_4.Saraswat.2005,kiloyear/megayear axis,PalMod,SK157_4_TS_001,age,yr ka,132,5.0000464208177,18.9446240777239
SK157_4.Saraswat.2005,kiloyear/megayear axis,PalMod,SK157_4_TS_003,age,yr ka,132,5.00118072650909,19.0540258951759
SK157_4.Saraswat.2005,kiloyear/megayear axis,PalMod,SK157_4_TS_006,age,yr ka,132,5.4344,137.3333
SK168_GC_1.Gebregiorgis.2016,kiloyear/megayear axis,PalMod,SK168_GC_1_TS_001,age,yr ka,94,0.773646489746094,43.133665616665
SK168_GC_1.Gebregiorgis.2016,kiloyear/megayear axis,PalMod,SK168_GC_1_TS_003,age,yr ka,94,0.759410491943359,43.1132048621069
SK168_GC_1.Gebregiorgis.2016,kiloyear/megayear axis,PalMod,SK168_GC_1_TS_006,age,yr ka,94,0.88,53.46
SK17.Anand.2008,kiloyear/megayear axis,PalMod,SK17_TS_001,age,yr ka,113,1.35619686142506,27.9170637619273
SK17.Anand.2008,kiloyear/megayear axis,PalMod,SK17_TS_003,age,yr ka,113,1.33795130133629,27.9237229579567
SK17.Anand.2008,kiloyear/megayear axis,PalMod,SK17_TS_006,age,yr ka,113,0.97,29.17
SK200_22a.Nair.2019,kiloyear/megayear axis,FreeSoda,WEB-d0ef0-fc5c-4760-91ae-9d27d-dup-dup-dup-dup-dup-dup-dup-dup-dup-dup-dup-dup-dup-dup,age,yr ka,163,2.1,94.86
SK200_27.Nair.2019,kiloyear/megayear axis,FreeSoda,WEB-d0ef0-fc5c-4760-91ae-9d27d-dup-dup-dup-dup-dup-dup-dup-dup-dup-dup-dup-dup-dup-dup-dup,age,yr ka,227,1.37,72.87
SK200_33.Ghadi.2020,kiloyear/megayear axis,FreeSoda,WEB-d0ef0-fc5c-4760-91ae-9d27d-dup-dup-dup-dup-dup-dup-dup-dup-dup-dup-dup-dup-dup-dup-dup-dup,age,yr ka,96,6.15,150.29
SK218_1.Govil.2011,kiloyear/megayear axis,PalMod,SK218_1_TS_001,age,yr ka,52,0.350055130664527,31.8182632603579
SK218_1.Govil.2011,kiloyear/megayear axis,PalMod,SK218_1_TS_003,age,yr ka,52,0.375740493774414,31.8007747402191
SK218_1.Govil.2011,kiloyear/megayear axis,PalMod,SK218_1_TS_006,age,yr ka,52,0.3,32.26
SK237_GC04.Saraswat.Palmod.2013,kiloyear/megayear axis,lipdverseTest; PalMod,SK237_GC04_TS_001,age,yr ka,225,0.165260524931937,31.1743104990002
SK237_GC04.Saraswat.Palmod.2013,kiloyear/megayear axis,lipdverseTest; PalMod,SK237_GC04_TS_003,age,yr ka,225,0.152697151660919,31.1761633557545
SK237_GC04.Saraswat.Palmod.2013,kiloyear/megayear axis,lipdverseTest; PalMod,SK237_GC04_TS_006,age,yr ka,225,0.12,31.6
SO136_003GC.Ronge.2015,kiloyear/megayear axis,PalMod,SO136_003GC_TS_001,age,yr ka,92,3.57464945053482,64.2443753269818
SO136_003GC.Ronge.2015,kiloyear/megayear axis,PalMod,SO136_003GC_TS_003,age,yr ka,92,3.57441239738464,64.3570454775286
SO136_003GC.Ronge.2015,kiloyear/megayear axis,PalMod,SO136_003GC_TS_006,age,yr ka,92,2.87,67.09
SO136_111GC-12.Crosta.2004,kiloyear/megayear axis,FreeSoda,WEB-d0ef0-fc5c-4760-91ae-9d27d-dup-dup-dup-dup-dup-dup-dup-dup-dup-dup-dup-dup-dup-dup-dup-dup-dup,age,yr ka,134,3.22,151.34
SO164_17_2.Bahr.2011,kiloyear/megayear axis,PalMod,SO164_17_2_TS_001,age,yr ka,474,2.48307625964355,136.890809871262
SO164_17_2.Bahr.2011,kiloyear/megayear axis,PalMod,SO164_17_2_TS_003,age,yr ka,474,2.49832995605469,136.783925160236
SO164_17_2.Bahr.2011,kiloyear/megayear axis,PalMod,SO164_17_2_TS_006,age,yr ka,474,0.41,142
SO18480.Jian.2022,kiloyear/megayear axis,PalMod,SO18480_TS_001,age,yr ka,689,1.03601658240902,43.0663351510748
SO18480.Jian.2022,kiloyear/megayear axis,PalMod,SO18480_TS_003,age,yr ka,689,1.03552602577209,43.0487544834079
SO18480.Jian.2022,kiloyear/megayear axis,PalMod,SO18480_TS_006,age,yr ka,689,0.12,307.56
SO189_119KL.Mohtadi.Palmod.2014,kiloyear/megayear axis,PalMod,SO189_119KL_TS_001,age,yr ka,157,0.361040961275101,30.2085137333771
SO189_119KL.Mohtadi.Palmod.2014,kiloyear/megayear axis,PalMod,SO189_119KL_TS_003,age,yr ka,157,0.386246002197266,30.1683423017561
SO189_119KL.Mohtadi.Palmod.2014,kiloyear/megayear axis,PalMod,SO189_119KL_TS_006,age,yr ka,157,0.06,36.06
SO189_39KL.Mohtadi.2014,kiloyear/megayear axis,PalMod,SO189_39KL_TS_001,age,yr ka,674,0.189670055332392,43.347347062612
SO189_39KL.Mohtadi.2014,kiloyear/megayear axis,PalMod,SO189_39KL_TS_003,age,yr ka,674,0.181587493896484,43.3068510433679
SO189_39KL.Mohtadi.2014,kiloyear/megayear axis,PalMod,SO189_39KL_TS_006,age,yr ka,674,0.41,45.33
SO201_2_114KL.Max.2012,kiloyear/megayear axis,PalMod,SO201_2_114KL_TS_001,age,yr ka,45,11.2546464585574,14.7566209017646
SO201_2_114KL.Max.2012,kiloyear/megayear axis,PalMod,SO201_2_114KL_TS_003,age,yr ka,45,11.2565952597499,14.766051512599
SO201_2_114KL.Max.2012,kiloyear/megayear axis,PalMod,SO201_2_114KL_TS_006,age,yr ka,45,8.85,15.04
SO201_2_12KL.Riethdorf.2013,kiloyear/megayear axis,PalMod,SO201_2_12KL_TS_001,age,yr ka,443,9.65531486139299,18.5815003515194
SO201_2_12KL.Riethdorf.2013,kiloyear/megayear axis,PalMod,SO201_2_12KL_TS_003,age,yr ka,443,9.647429962039,18.5927138446748
SO201_2_12KL.Riethdorf.2013,kiloyear/megayear axis,PalMod,SO201_2_12KL_TS_006,age,yr ka,443,1.16,19.88
SO201_2_12KL.Riethdorf.2013,kiloyear/megayear axis,PalMod,SO201_2_12KL_TS_013,age,yr ka,443,0.96,14.96
SO201_2_12KL.Riethdorf.2013,kiloyear/megayear axis,PalMod,SO201_2_12KL_TS_018,age,yr ka,443,6.05,19.88
SO201_2_12KL.Riethdorf.2013,kiloyear/megayear axis,PalMod,SO201_2_12KL_TS_022,age,yr ka,443,1.02,19.9
SO201_2_85.Riethdorf.2015,kiloyear/megayear axis,PalMod,SO201_2_85_TS_001,age,yr ka,866,10.3425004785156,128.449409892886
SO201_2_85.Riethdorf.2015,kiloyear/megayear axis,PalMod,SO201_2_85_TS_003,age,yr ka,866,10.3222001953125,128.362244539163
SO201_2_85.Riethdorf.2015,kiloyear/megayear axis,PalMod,SO201_2_85_TS_006,age,yr ka,866,9.04,20.94
SO201_2_85.Riethdorf.2015,kiloyear/megayear axis,PalMod,SO201_2_85_TS_011,age,yr ka,866,8.8,138.49
SO201_2_85.Riethdorf.2015,kiloyear/megayear axis,PalMod,SO201_2_85_TS_014,age,yr ka,866,8.85,20.94
SO201_2_85.Riethdorf.2015,kiloyear/megayear axis,PalMod,SO201_2_85_TS_019,age,yr ka,866,9.14,19.54
SO213_2_59_2.Tapia.2014,kiloyear/megayear axis,PalMod,SO213_2_59_2_TS_001,age,yr ka,175,11.5385772949219,127.334273550774
SO213_2_59_2.Tapia.2014,kiloyear/megayear axis,PalMod,SO213_2_59_2_TS_003,age,yr ka,175,11.5075,127.399707368851
SO213_2_59_2.Tapia.2014,kiloyear/megayear axis,PalMod,SO213_2_59_2_TS_006,age,yr ka,175,7.17,241.35
SO213_2_59_2.Tapia.2014,kiloyear/megayear axis,PalMod,SO213_2_59_2_TS_009,age,yr ka,175,5.9,219.1
SO213_2_82_1.Ronge.2015,kiloyear/megayear axis,PalMod,SO213_2_82_1_TS_001,age,yr ka,113,6.78263248291016,76.9649356849489
SO213_2_82_1.Ronge.2015,kiloyear/megayear axis,PalMod,SO213_2_82_1_TS_003,age,yr ka,113,6.78477978515625,76.8055367010365
SO213_2_82_1.Ronge.2015,kiloyear/megayear axis,PalMod,SO213_2_82_1_TS_006,age,yr ka,113,5.76,87.4
SO213_2_84_1.Ronge.2015,kiloyear/megayear axis,PalMod,SO213_2_84_1_TS_001,age,yr ka,128,4.38058631442261,28.4544989937629
SO213_2_84_1.Ronge.2015,kiloyear/megayear axis,PalMod,SO213_2_84_1_TS_003,age,yr ka,128,4.296169921875,28.4396346217537
SO213_2_84_1.Ronge.2015,kiloyear/megayear axis,PalMod,SO213_2_84_1_TS_006,age,yr ka,128,7.39,57.78
SO213_2_84_1.Ronge.2015,kiloyear/megayear axis,PalMod,SO213_2_84_1_TS_009,age,yr ka,128,7.91,56.47
SO217_18517_2.Hendrizan.2017,kiloyear/megayear axis,PalMod,SO217_18517_2_TS_001,age,yr ka,460,5.74791981494141,13.846132625962
SO217_18517_2.Hendrizan.2017,kiloyear/megayear axis,PalMod,SO217_18517_2_TS_003,age,yr ka,460,5.73490014648437,13.8466741754507
SO217_18517_2.Hendrizan.2017,kiloyear/megayear axis,PalMod,SO217_18517_2_TS_006,age,yr ka,460,0.13,14.086
SO236_52_4.Bunzel.2017,kiloyear/megayear axis,PalMod,SO236_52_4_TS_001,age,yr ka,117,8.23537290771484,136.481289958141
SO236_52_4.Bunzel.2017,kiloyear/megayear axis,PalMod,SO236_52_4_TS_003,age,yr ka,117,8.2472900390625,136.041043251705
SO236_52_4.Bunzel.2017,kiloyear/megayear axis,PalMod,SO236_52_4_TS_006,age,yr ka,117,0.176,203.787
SO236_52_4.Bunzel.2017,kiloyear/megayear axis,PalMod,SO236_52_4_TS_009,age,yr ka,117,0.176,203.787
SO42_74KL.Sirocko.2006,kiloyear/megayear axis,PalMod,SO42_74KL_TS_001,age,yr ka,164,0.69672306155014,23.3652069798273
SO42_74KL.Sirocko.2006,kiloyear/megayear axis,PalMod,SO42_74KL_TS_003,age,yr ka,164,0.691931488037109,23.3963471435547
SO42_74KL.Sirocko.2006,kiloyear/megayear axis,PalMod,SO42_74KL_TS_011,age,yr ka,164,0.21,11.28
SO42_74KL.Sirocko.2006,kiloyear/megayear axis,PalMod,SO42_74KL_TS_016,age,yr ka,164,2.97,27
SO82_5_2.van Kreveld.2004,kiloyear/megayear axis,PalMod,SO82_5_2_TS_001,age,yr ka,543,18.021335484375,56.5584044834753
SO82_5_2.van Kreveld.2004,kiloyear/megayear axis,PalMod,SO82_5_2_TS_003,age,yr ka,543,18.059650390625,56.3152306444721
SO82_5_2.van Kreveld.2004,kiloyear/megayear axis,PalMod,SO82_5_2_TS_006,age,yr ka,543,4.846,64.4
SO82_5_2.van Kreveld.2004,kiloyear/megayear axis,PalMod,SO82_5_2_TS_009,age,yr ka,543,17.802,67.047
SO93_1_22KL.lastname.year,kiloyear/megayear axis,PalMod,SO93_1_22KL_TS_001,age,yr ka,79,10.3813990439453,124.187491513444
SO93_1_22KL.lastname.year,kiloyear/megayear axis,PalMod,SO93_1_22KL_TS_003,age,yr ka,79,10.506150390625,124.347850367638
SU81_14.Bard.2004,kiloyear/megayear axis,PalMod,SU81_14_TS_001,age,yr ka,58,0.725538188062429,19.4146685669742
SU81_14.Bard.2004,kiloyear/megayear axis,PalMod,SU81_14_TS_003,age,yr ka,58,0.721002555847168,19.4030746988058
SU81_18.Bard.2004,kiloyear/megayear axis,PalMod,SU81_18_TS_001,age,yr ka,150,1.09582876630321,24.6744225372299
SU81_18.Bard.2004,kiloyear/megayear axis,PalMod,SU81_18_TS_003,age,yr ka,150,1.08995125520706,24.6694112754202
SU81_18.Bard.2004,kiloyear/megayear axis,PalMod,SU81_18_TS_021,age,yr ka,150,0.4,31.439
SU81_18.Bard.2004,kiloyear/megayear axis,PalMod,SU81_18_TS_025,age,yr ka,150,0.4,31.489
SU90_03.Cortijo.2002,kiloyear/megayear axis,PalMod,SU90_03_TS_001,age,yr ka,72,103.435658296875,136.488861887109
SU90_03.Cortijo.2002,kiloyear/megayear axis,PalMod,SU90_03_TS_003,age,yr ka,72,103.532,136.38729790926
SU90_11.lastname.year,kiloyear/megayear axis,PalMod,SU90_11_TS_001,age,yr ka,226,12.4343900349966,136.613665695069
SU90_11.lastname.year,kiloyear/megayear axis,PalMod,SU90_11_TS_003,age,yr ka,226,12.4025758666992,136.609218201395
SU90_24.Elliot.2004,kiloyear/megayear axis,PalMod,SU90_24_TS_001,age,yr ka,332,10.0011444599609,57.2251312369831
SU90_24.Elliot.2004,kiloyear/megayear axis,PalMod,SU90_24_TS_003,age,yr ka,332,10.012099609375,57.0977096663713
SU90_39.lastname.year,kiloyear/megayear axis,PalMod,SU90_39_TS_001,age,yr ka,346,6.41874756323242,133.836327383481
SU90_39.lastname.year,kiloyear/megayear axis,PalMod,SU90_39_TS_003,age,yr ka,346,6.48367504882813,133.8293721524
SU92_03.Salgueiro.2009,kiloyear/megayear axis,PalMod,SU92_03_TS_001,age,yr ka,165,2.88357552050781,133.395016496937
SU92_03.Salgueiro.2009,kiloyear/megayear axis,PalMod,SU92_03_TS_003,age,yr ka,165,2.87214990234375,133.423377940655
SU92_03.Salgueiro.2009,kiloyear/megayear axis,PalMod,SU92_03_TS_006,age,yr ka,165,0.9,152.2
SU92_03.Salgueiro.2009,kiloyear/megayear axis,PalMod,SU92_03_TS_011,age,yr ka,165,0.9,152.2
SU92_33.Dubois-Dauphin.2017,kiloyear/megayear axis,PalMod,SU92_33_TS_001,age,yr ka,27,2.62700962209058,19.4329491308227
SU92_33.Dubois-Dauphin.2017,kiloyear/megayear axis,PalMod,SU92_33_TS_003,age,yr ka,27,2.62947754478455,19.3963147047735
SU92_33.Dubois-Dauphin.2017,kiloyear/megayear axis,PalMod,SU92_33_TS_006,age,yr ka,27,2.53,18.78
T1.Lasher.2020,kiloyear/megayear axis,NA,WEB79b2397e,age,yr ka,34,110.063,8411.95
TAN0803_09.Bostock.2015,kiloyear/megayear axis,PalMod,TAN0803_09_TS_001,age,yr ka,41,3.67227368791819,17.4955372112796
TAN0803_09.Bostock.2015,kiloyear/megayear axis,PalMod,TAN0803_09_TS_003,age,yr ka,41,3.56222708511353,17.4934030075073
TAN1302-96.Jones.2022,kiloyear/megayear axis,FreeSoda,WEB-d0ef0-fc5c-4760-91ae-9d27d-dup-dup-dup-dup-dup-dup-dup-dup-dup-dup-dup-dup-dup-dup-dup-dup-dup-dup,age,yr ka,76,1,140
TGS_931.Schroeder.2018,kiloyear/megayear axis,PalMod,TGS_931_TS_001,age,yr ka,93,9.64742704199219,19.9847863679992
TGS_931.Schroeder.2018,kiloyear/megayear axis,PalMod,TGS_931_TS_003,age,yr ka,93,9.6278349609375,20.0017190786729
TGS_931.Schroeder.2018,kiloyear/megayear axis,PalMod,TGS_931_TS_006,age,yr ka,93,9.94,19.62
TN057-13-PC4.Stuut.2004,kiloyear/megayear axis,FreeSoda,WEB-d0ef0-fc5c-4760-91ae-9d27d-dup-dup-dup-dup-dup-dup-dup-dup-dup-dup-dup-dup-dup-dup-dup-dup-dup-dup-dup,age,yr ka,55,0.02,45.59
TPC034.Allen.2011,kiloyear/megayear axis,FreeSoda,WEB-d0ef0-fc5c-4760-91ae-9d27d-dup-dup-dup-dup-dup-dup-dup-dup-dup-dup-dup-dup-dup-dup-dup-dup-dup-dup-dup-dup,age,yr ka,43,0,60.77
TPC063.Collins.2012,kiloyear/megayear axis,FreeSoda,WEB-d0ef0-fc5c-4760-91ae-9d27d-dup-dup-dup-dup-dup-dup-dup-dup-dup-dup-dup-dup-dup-dup-dup-dup-dup-dup-dup-dup-dup,age,yr ka,85,0,45.53
TPC078.Collins.2012,kiloyear/megayear axis,FreeSoda,WEB-d0ef0-fc5c-4760-91ae-9d27d-dup-dup-dup-dup-dup-dup-dup-dup-dup-dup-dup-dup-dup-dup-dup-dup-dup-dup-dup-dup-dup-dup,age,yr ka,20,0.75,30.75
TPC286.Collins.2012,kiloyear/megayear axis,FreeSoda,WEB-d0ef0-fc5c-4760-91ae-9d27d-dup-dup-dup-dup-dup-dup-dup-dup-dup-dup-dup-dup-dup-dup-dup-dup-dup-dup-dup-dup-dup-dup-dup,age,yr ka,45,0,94.88
TR163_19.Dubois.2009,kiloyear/megayear axis,PalMod,TR163_19_TS_001,age,yr ka,314,3.62973241717529,134.644091403025
TR163_19.Dubois.2009,kiloyear/megayear axis,PalMod,TR163_19_TS_003,age,yr ka,314,3.67448999023437,134.680295427544
TR163_19.Dubois.2009,kiloyear/megayear axis,PalMod,TR163_19_TS_006,age,yr ka,314,1,361
TR163_19.Dubois.2009,kiloyear/megayear axis,PalMod,TR163_19_TS_008,age,yr ka,314,1,361
TR163_19.Dubois.2009,kiloyear/megayear axis,PalMod,TR163_19_TS_012,age,yr ka,314,1.1,361
TR163_19.Dubois.2009,kiloyear/megayear axis,PalMod,TR163_19_TS_023,age,yr ka,314,1.07,99.92
TR163_22.Lea.Palmod.2006,kiloyear/megayear axis,PalMod,TR163_22_TS_001,age,yr ka,427,0.970269829779506,127.670159217541
TR163_22.Lea.Palmod.2006,kiloyear/megayear axis,PalMod,TR163_22_TS_003,age,yr ka,427,0.959336912155151,127.627961762409
TR163_22.Lea.Palmod.2006,kiloyear/megayear axis,PalMod,TR163_22_TS_006,age,yr ka,427,1.2,135.1
TR163_31P.Dubois.2010,kiloyear/megayear axis,PalMod,TR163_31P_TS_001,age,yr ka,418,8.37930888378906,129.272600331132
TR163_31P.Dubois.2010,kiloyear/megayear axis,PalMod,TR163_31P_TS_003,age,yr ka,418,8.43260498046875,129.458635334253
TR163_31P.Dubois.2010,kiloyear/megayear axis,PalMod,TR163_31P_TS_006,age,yr ka,418,5.17,101.69
TR163_31P.Dubois.2010,kiloyear/megayear axis,PalMod,TR163_31P_TS_012,age,yr ka,418,0.8,129.99
TT013_18.Murray.2004,kiloyear/megayear axis,PalMod,TT013_18_TS_001,age,yr ka,278,6.92653309350586,135.072989044084
TT013_18.Murray.2004,kiloyear/megayear axis,PalMod,TT013_18_TS_003,age,yr ka,278,6.92351000976563,134.881302201653
TT013_18.Murray.2004,kiloyear/megayear axis,PalMod,TT013_18_TS_006,age,yr ka,278,1.963,783.085
TT013_72.Murray.2004,kiloyear/megayear axis,PalMod,TT013_72_TS_001,age,yr ka,665,5.97346404467774,135.312373959364
TT013_72.Murray.2004,kiloyear/megayear axis,PalMod,TT013_72_TS_003,age,yr ka,665,5.969169921875,135.322615880489
TT013_72.Murray.2004,kiloyear/megayear axis,PalMod,TT013_72_TS_006,age,yr ka,665,2.738,1045.269
TTR12_293G.Rodrigo‐Gamiz.2013,kiloyear/megayear axis,PalMod,TTR12_293G_TS_001,age,yr ka,97,1.16045659181297,19.3997396239508
TTR12_293G.Rodrigo‐Gamiz.2013,kiloyear/megayear axis,PalMod,TTR12_293G_TS_003,age,yr ka,97,1.14817202425003,19.4191504108398
TTR12_293G.Rodrigo‐Gamiz.2013,kiloyear/megayear axis,PalMod,TTR12_293G_TS_007,age,yr ka,97,0.089,19.4021
TTR17_434G.Rodrigo‐Gamiz.2013,kiloyear/megayear axis,PalMod,TTR17_434G_TS_001,age,yr ka,92,0.850033177917481,13.9113491692401
TTR17_434G.Rodrigo‐Gamiz.2013,kiloyear/megayear axis,PalMod,TTR17_434G_TS_003,age,yr ka,92,0.84687548828125,13.8844432878278
TTR17_434G.Rodrigo‐Gamiz.2013,kiloyear/megayear axis,PalMod,TTR17_434G_TS_006,age,yr ka,92,0.0268,13.728
U1429.Clemens.2018,kiloyear/megayear axis,PalMod,U1429_TS_001,age,yr ka,4790,0.528069060635805,222.324386895878
U1429.Clemens.2018,kiloyear/megayear axis,PalMod,U1429_TS_003,age,yr ka,4790,0.532586486816406,222.27215433018
U1446.Clemens.Palmod.2021,kiloyear/megayear axis,PalMod,U1446_TS_001,age,yr ka,1068,0.157140171173096,488.075626370555
U1446.Clemens.Palmod.2021,kiloyear/megayear axis,PalMod,U1446_TS_003,age,yr ka,1068,0.147863203525543,488.097288850513
U1446.Clemens.Palmod.2021,kiloyear/megayear axis,PalMod,U1446_TS_012,age,yr ka,1068,0.32,677.07
U1446.Clemens.Palmod.2021,kiloyear/megayear axis,PalMod,U1446_TS_025,age,yr ka,1068,0.32,1462.34
U1446.Clemens.Palmod.2021,kiloyear/megayear axis,PalMod,U1446_TS_034,age,yr ka,1068,0.32,1462.58
U1446.Clemens.Palmod.2021,kiloyear/megayear axis,PalMod,U1446_TS_041,age,yr ka,1068,0.31,1462.55
U1448.Nilsson-Kerr.2022,kiloyear/megayear axis,PalMod,U1448_TS_001,age,yr ka,1522,0.450975656027436,539.411312599974
U1448.Nilsson-Kerr.2022,kiloyear/megayear axis,PalMod,U1448_TS_003,age,yr ka,1522,0.458580505371094,539.214167337868
U1448.Nilsson-Kerr.2022,kiloyear/megayear axis,PalMod,U1448_TS_006,age,yr ka,1522,74.52,139.29
U938.Weaver.2004,kiloyear/megayear axis,PalMod,U938_TS_001,age,yr ka,129,12.9365153955078,24.8966774837168
U938.Weaver.2004,kiloyear/megayear axis,PalMod,U938_TS_003,age,yr ka,129,12.9803999023437,24.9480552787781
U938.Weaver.2004,kiloyear/megayear axis,PalMod,U938_TS_006,age,yr ka,129,0.17,120.88
U938.Weaver.2004,kiloyear/megayear axis,PalMod,U938_TS_014,age,yr ka,129,1,95.8882
U939.Weaver.2004,kiloyear/megayear axis,PalMod,U939_TS_001,age,yr ka,33,14.446738203125,22.7219252887062
U939.Weaver.2004,kiloyear/megayear axis,PalMod,U939_TS_003,age,yr ka,33,14.4205502929687,22.752141011213
U939.Weaver.2004,kiloyear/megayear axis,PalMod,U939_TS_006,age,yr ka,33,1,157.805
V19_27.Koutavas.2008,kiloyear/megayear axis,PalMod,V19_27_TS_001,age,yr ka,403,0.535780768521309,132.177292855816
V19_27.Koutavas.2008,kiloyear/megayear axis,PalMod,V19_27_TS_003,age,yr ka,403,0.5430625,132.143353539032
V19_27.Koutavas.2008,kiloyear/megayear axis,PalMod,V19_27_TS_006,age,yr ka,403,0.54,377.8
V19_27.Koutavas.2008,kiloyear/megayear axis,PalMod,V19_27_TS_013,age,yr ka,403,0.79,29.84
V19_27.Koutavas.2008,kiloyear/megayear axis,PalMod,V19_27_TS_018,age,yr ka,403,0.79,29.84
V19_28.Koutavas.2008,kiloyear/megayear axis,PalMod,V19_28_TS_001,age,yr ka,511,1.47105565039062,136.117042659507
V19_28.Koutavas.2008,kiloyear/megayear axis,PalMod,V19_28_TS_003,age,yr ka,511,1.46615997314453,136.012929994446
V19_28.Koutavas.2008,kiloyear/megayear axis,PalMod,V19_28_TS_006,age,yr ka,511,2.9,288.34
V19_28.Koutavas.2008,kiloyear/megayear axis,PalMod,V19_28_TS_012,age,yr ka,511,1.71,32.991
V19_28.Koutavas.2008,kiloyear/megayear axis,PalMod,V19_28_TS_017,age,yr ka,511,1.89,28.49
V19_30.Shackleton.2011,kiloyear/megayear axis,PalMod,V19_30_TS_001,age,yr ka,813,6.3241873005177,128.327939808552
V19_30.Shackleton.2011,kiloyear/megayear axis,PalMod,V19_30_TS_003,age,yr ka,813,6.310604444781,128.540414417734
V19_30.Shackleton.2011,kiloyear/megayear axis,PalMod,V19_30_TS_006,age,yr ka,813,0,340.3
V19_30.Shackleton.2011,kiloyear/megayear axis,PalMod,V19_30_TS_010,age,yr ka,813,0,340.5
V19_30.Shackleton.2011,kiloyear/megayear axis,PalMod,V19_30_TS_015,age,yr ka,813,1,25.43
V22_108.Charles.2008,kiloyear/megayear axis,PalMod,V22_108_TS_001,age,yr ka,136,6.42711350219727,134.417237717606
V22_108.Charles.2008,kiloyear/megayear axis,PalMod,V22_108_TS_003,age,yr ka,136,6.423455078125,134.524173049927
V22_108.Charles.2008,kiloyear/megayear axis,PalMod,V22_108_TS_006,age,yr ka,136,5,243
V23_81.Jansen.2003,kiloyear/megayear axis,PalMod,V23_81_TS_001,age,yr ka,207,1.59134299843386,37.4492620250714
V23_81.Jansen.2003,kiloyear/megayear axis,PalMod,V23_81_TS_003,age,yr ka,207,1.57594521831021,37.3871387622212
V24_253.Oppo.2002,kiloyear/megayear axis,PalMod,V24_253_TS_001,age,yr ka,20,2.77887073999023,21.5991849992388
V24_253.Oppo.2002,kiloyear/megayear axis,PalMod,V24_253_TS_003,age,yr ka,20,2.78031506347656,21.6104687128067
V25_59.Sarnthein.2008,kiloyear/megayear axis,PalMod,V25_59_TS_001,age,yr ka,281,7.20785254026651,33.6241165883942
V25_59.Sarnthein.2008,kiloyear/megayear axis,PalMod,V25_59_TS_003,age,yr ka,281,7.1884928894043,33.5805027434405
V25_59.Sarnthein.2008,kiloyear/megayear axis,PalMod,V25_59_TS_010,age,yr ka,281,0,33.1
V28_122.Schmidt.2004,kiloyear/megayear axis,PalMod,V28_122_TS_001,age,yr ka,118,3.0401542390821,20.5180662680377
V28_122.Schmidt.2004,kiloyear/megayear axis,PalMod,V28_122_TS_003,age,yr ka,118,3.0317473487854,20.5117577273171
V28_122.Schmidt.2004,kiloyear/megayear axis,PalMod,V28_122_TS_006,age,yr ka,118,0.2,25
V28_122.Schmidt.2004,kiloyear/megayear axis,PalMod,V28_122_TS_009,age,yr ka,118,3.13,41.04
V28_127.Oppo.2008,kiloyear/megayear axis,PalMod,V28_127_TS_001,age,yr ka,192,0.550209582337886,133.219994609908
V28_127.Oppo.2008,kiloyear/megayear axis,PalMod,V28_127_TS_003,age,yr ka,192,0.537352508544922,133.396811592102
V28_14.KELLOGG.2009,kiloyear/megayear axis,PalMod,V28_14_TS_001,age,yr ka,101,1.47172292476714,131.501123867445
V28_14.KELLOGG.2009,kiloyear/megayear axis,PalMod,V28_14_TS_003,age,yr ka,101,1.4661912612915,131.924873541098
V29_135.Sarnthein.2004,kiloyear/megayear axis,PalMod,V29_135_TS_001,age,yr ka,121,3.64391965063477,135.051852764881
V29_135.Sarnthein.2004,kiloyear/megayear axis,PalMod,V29_135_TS_003,age,yr ka,121,3.62190991210938,135.084876001966
V29_135.Sarnthein.2004,kiloyear/megayear axis,PalMod,V29_135_TS_006,age,yr ka,121,0.1,57.6
V29_202.Oppo.2004,kiloyear/megayear axis,PalMod,V29_202_TS_001,age,yr ka,249,0.484593762227416,135.798882371773
V29_202.Oppo.2004,kiloyear/megayear axis,PalMod,V29_202_TS_003,age,yr ka,249,0.48010400390625,135.786377420349
V29_204.Curry.2011,kiloyear/megayear axis,PalMod,V29_204_TS_001,age,yr ka,216,0.506262613695622,18.4876029916161
V29_204.Curry.2011,kiloyear/megayear axis,PalMod,V29_204_TS_003,age,yr ka,216,0.503210006713867,18.4566615182925
V29_204.Curry.2011,kiloyear/megayear axis,PalMod,V29_204_TS_006,age,yr ka,216,0.88,58.44
V29_204.Curry.2011,kiloyear/megayear axis,PalMod,V29_204_TS_009,age,yr ka,216,5.76,58.44
V30_49.Sarnthein.2008,kiloyear/megayear axis,PalMod,V30_49_TS_001,age,yr ka,327,1.49004938348293,136.971937235587
V30_49.Sarnthein.2008,kiloyear/megayear axis,PalMod,V30_49_TS_003,age,yr ka,327,1.50479498291016,136.935293804884
V30_49.Sarnthein.2008,kiloyear/megayear axis,PalMod,V30_49_TS_007,age,yr ka,327,0.4,25.7
W8402A_14.Jasper.2004,kiloyear/megayear axis,PalMod,W8402A_14_TS_001,age,yr ka,225,5.06720060900879,133.681764802552
W8402A_14.Jasper.2004,kiloyear/megayear axis,PalMod,W8402A_14_TS_003,age,yr ka,225,5.10452001953125,133.706190118299
W8402A_14.Jasper.2004,kiloyear/megayear axis,PalMod,W8402A_14_TS_006,age,yr ka,225,0.6,257.5
W8402A_14.Jasper.2004,kiloyear/megayear axis,PalMod,W8402A_14_TS_014,age,yr ka,225,0.31,229
W8709A_13.Lyle.2008,kiloyear/megayear axis,PalMod,W8709A_13_TS_001,age,yr ka,534,7.28242875967087,35.3267302633778
W8709A_13.Lyle.2008,kiloyear/megayear axis,PalMod,W8709A_13_TS_003,age,yr ka,534,7.32995434570313,35.3611696186781
W8709A_13.Lyle.2008,kiloyear/megayear axis,PalMod,W8709A_13_TS_008,age,yr ka,534,6.67,73.91
W8709A_13.Lyle.2008,kiloyear/megayear axis,PalMod,W8709A_13_TS_010,age,yr ka,534,6.34,67.84
WIND_28K.Johnstone.2014,kiloyear/megayear axis,PalMod,WIND_28K_TS_001,age,yr ka,218,8.22770986299038,135.394904545751
WIND_28K.Johnstone.2014,kiloyear/megayear axis,PalMod,WIND_28K_TS_003,age,yr ka,218,8.22645813179016,135.314201925323
WIND_28K.Johnstone.2014,kiloyear/megayear axis,PalMod,WIND_28K_TS_006,age,yr ka,218,8.04,166.29
WIND_28K.Johnstone.2014,kiloyear/megayear axis,PalMod,WIND_28K_TS_009,age,yr ka,218,8.04,166.29
WIND_28K.Johnstone.2014,kiloyear/megayear axis,PalMod,WIND_28K_TS_014,age,yr ka,218,8.04,148.57
WIND_28K.Johnstone.2014,kiloyear/megayear axis,PalMod,WIND_28K_TS_019,age,yr ka,218,8.04,166.29
Y69_106.Lyle.2002,kiloyear/megayear axis,PalMod,Y69_106_TS_001,age,yr ka,261,5.335241700037,129.623771328131
Y69_106.Lyle.2002,kiloyear/megayear axis,PalMod,Y69_106_TS_003,age,yr ka,261,5.37568701171875,129.661926350355
Y69_106.Lyle.2002,kiloyear/megayear axis,PalMod,Y69_106_TS_006,age,yr ka,261,3.72,164.69
Y69_71P.Lyle.2002,kiloyear/megayear axis,PalMod,Y69_71P_TS_001,age,yr ka,222,5.52411977758789,130.602251338032
Y69_71P.Lyle.2002,kiloyear/megayear axis,PalMod,Y69_71P_TS_003,age,yr ka,222,5.52964013671875,130.57728489189
Y69_71P.Lyle.2002,kiloyear/megayear axis,PalMod,Y69_71P_TS_006,age,yr ka,222,0.72,154.7
Y71_06_12.Shackleton.2013,kiloyear/megayear axis,PalMod,Y71_06_12_TS_001,age,yr ka,45,3.5603695050354,135.235380336105
Y71_06_12.Shackleton.2013,kiloyear/megayear axis,PalMod,Y71_06_12_TS_003,age,yr ka,45,3.5042099609375,135.108722950182
Y71_3_2.Pisias.2004,kiloyear/megayear axis,PalMod,Y71_3_2_TS_001,age,yr ka,141,64.163713609375,129.757941451913
Y71_3_2.Pisias.2004,kiloyear/megayear axis,PalMod,Y71_3_2_TS_003,age,yr ka,141,64.258548828125,129.799971242428
Y71_3_2.Pisias.2004,kiloyear/megayear axis,PalMod,Y71_3_2_TS_006,age,yr ka,141,10.41,176.75
Y74_2_22.Lyle.2006,kiloyear/megayear axis,PalMod,Y74_2_22_TS_001,age,yr ka,229,5.3721819498291,129.02383461116
Y74_2_22.Lyle.2006,kiloyear/megayear axis,PalMod,Y74_2_22_TS_003,age,yr ka,229,5.41160498046875,129.124254495653
Y74_2_22.Lyle.2006,kiloyear/megayear axis,PalMod,Y74_2_22_TS_006,age,yr ka,229,0.21,660.83
893A.Kennet.2007,name and units disagree,HoloceneAbruptChange; NAm21k-noPollen; Temp12k; Temp24k,LPD0779737ddp,age,yr ad,256,-200,1881
Andalusia.Rodrigo.1999,name and units disagree,NA,RPmMSUO1R5UNJhOTD,age,yr ad,497,1501,1997
Anshupa.Palar.2025,name and units disagree,NA,WEB-adc0e-aec6-41af-a7a7-b11bb,age,yr ad,124,1297,2006
Anshupa.Palar.2025,name and units disagree,NA,WEB-b6162-36de-4683-9be0-0123a,age,yr ad,34,1297,2006
Anshupa.Palar.2025,name and units disagree,NA,WEB-54de7-ca6a-4c3e-8b8c-2933a,age,yr ad,34,1297,2006
BAM80-E17.Harris.2025,name and units disagree,NA,WEB-bb643-12b1-498e-a83b-f9a34,age,yr ad,196,744,1976
BAP82-30BC.Harris.2025,name and units disagree,NA,missRlrGMOtatwJUiCuXG,age,yr ad,55,1819,1979
BalkanPenunsila.Klippel.2018,name and units disagree,NA,RVOXPWdniZLbouWSg,age,yr ad,1286,730,2015
Bern.Gimmi.2007,name and units disagree,NA,RlDSreHUjN5SdcVAj,age,yr ad,227,1760,2003
Bidoup.Buckley.2010,name and units disagree,NA,WEB-163c7-5710-4584-926c-e6a41,age,yr ad,726,1285,2010
Bohemia.Dobrovolný.2018,name and units disagree,NA,Rtv39mwhYr3fPaNdi,age,yr ad,974,1040,2013
Bohemia.Mozny.2016,name and units disagree,NA,R9fANLkuCgmrbJjHR,age,yr ad,514,1499,2012
BurgundianLowCountries.Camenisch.2015,name and units disagree,NA,R5J0NV7OHY1jhxBwZ,age,yr ad,96,1404,1499
CalimaniMountains.Nagavciuc.2022,name and units disagree,NA,RWADgpqfTe1VHZuE7,age,yr ad,643,1370,2012
CanaryIsland.Garcia.2003,name and units disagree,NA,RBdFbMDzhxGczwezK,age,yr ad,242,1595,1836
Capetown.Hannaford.2015,name and units disagree,NA,RQELQsbhgWV16xZTJ,age,yr ad,58,1796,1853
CentralEurope.Büntgen.2011,name and units disagree,NA,R5oqLk936dL8lfKdX,age,yr ad,2407,-398,2008
CentralGermany.Büntgen.2010,name and units disagree,NA,Rc2miNe9UhjIfShlx,age,yr ad,1010,996,2005
CentralMongolia.Hessl.2018,name and units disagree,NA,Rmxdtdt0DZbgbmoyT,age,yr ad,2061,-49,2011
ChinHills.Rao.2020,name and units disagree,NA,WEB-b3bd5-b85f-4138-914d-7f55d,age,yr ad,352,1662,2013
CoorongLagoon.Chamberlayne.2023,name and units disagree,NA,WEB-940a6-6be4-4ba1-ace4-9c3b5,age,yr ad,8,NA,NA
Cordoba.PrietoHerrera.2001,name and units disagree,NA,RCM1K1C89KnesO3mg,age,yr ad,306,1701,2006
Core17940,name and units disagree,HoloceneAbruptChange,LPDe7e3cd79dp,age,yr ad,125,56.08,336.17
CzechLands.Dobrovolny.2015,name and units disagree,NA,RvoFDfKnBJry2reuc,age,yr ad,510,1501,2010
DeSotoNationalForest.Bregy.2022,name and units disagree,Hydroclimate2k,PCU-95b63583b4f047c,age,yr ad,473,1540,2012
E5.Daniels.2021,name and units disagree,HoloceneAbruptChange; RapidArcticWarming; Temp24k,WEB9276daf4,age,yr ad,477,-62,31665
E5.Daniels.2021,name and units disagree,HoloceneAbruptChange; RapidArcticWarming; Temp24k,WEB260d828f,age,yr ad,143,-61.5,32086
EastAnglia.Cooper.2013,name and units disagree,NA,RZzg3s2eO5rMuuhqX,age,yr ad,1110,900,2009
EastAnglia.Pribyl.2017,name and units disagree,NA,RCcatFDXt3bc0Qgzv,age,yr ad,193,1256,1448
EasternRockies.StGeorge.2009,name and units disagree,NA,R6Bcbwx5FE5yck0He,age,yr ad,482,1523,2004
Ejulve.Moreno.2017,name and units disagree,HoloceneAbruptChange,WEB018c6621,age,yr ad,266,2704,6143
Ejulve.Moreno.2017,name and units disagree,HoloceneAbruptChange,WEB1a8b6923,age,yr ad,53,2704,6111
ElJunco.Conroy.2008,name and units disagree,NA,missRaho2c78lRSnpmAih,age,yr ad,351,-7241,2004
ElJunco.Conroy.2008,name and units disagree,NA,missRROsz6Eac4qBMSnNL,age,yr ad,71,-7241,1979
ElJunco.Zhang.2014,name and units disagree,NA,missRj98AwNRZy7BUJM6i,age,yr ad,52,-779,2001
ElJunco.Zhang.2014,name and units disagree,NA,missR9Pe5rvttlKEEJ5Sb,age,yr ad,62,-901.9,2001.2
ElJunco.Zhang.2014,name and units disagree,NA,missRlCva0XKlGkOcOl8R,age,yr ad,17,-779,2001
Emerald.Anderson.2022,name and units disagree,NA,RDw8WfCV6wUHdkisB,age,yr ad,221,-5209.26,1989.75
Fanning.Sanchez.2020,name and units disagree,NA,missRKYkIkPNRzFjWljEC,age,yr ad,291,1863.42,1887.58
Fanning.Sanchez.2020,name and units disagree,NA,missRcHjNu21Wz5yHsMkZ,age,yr ad,440,1907.42,1944
Fanning.Sanchez.2020,name and units disagree,NA,missRY1VXnB6Q5hjdSCbJ,age,yr ad,673,1949.54,2005.54
FerdeLanceEtang.ONeill-Sanger.2021,name and units disagree,hydroclimate2k,WEB-94be2-0e24-4778-9ab1-1c7f3,age,yr ad,101,-331,2018
GergisAshcroft.2013,name and units disagree,NA,Raz1VWKqeIgQgq00I,age,yr ad,221,1788,2008
Germany.GlaserKahle.2020,name and units disagree,NA,R6VyIBfUCDw8s5Jjm,age,yr ad,520,1500,2019
Guatemala.GuevaraMurua.2018,name and units disagree,NA,RYehv4FLgbnKetRUr,age,yr ad,306,1640,1945
GulfofKhambat.AdamsonNash.2014,name and units disagree,NA,RPQ9NS4X8kT6AQ0OQ,age,yr ad,80,1781,1860
HERCUFCentralFrance.Hureau.2026,name and units disagree,NA,RXWo3Np1eOk8AsmlH,age,yr ad,66,1958,2023
JunaDownsGully.ODonnell.2015,name and units disagree,NA,R0eVomFH2HbXfa6Yg,age,yr ad,251,1761,2011
Kalliojarvi.Saarni.2016,name and units disagree,hydroclimate2k,WEB-4776c-c38d-48a1-a431-f4511,age,yr ad,4083,-2183,1900
KecheLake.Chipman.2012,name and units disagree,hydroclimate2k,WEB-df88e-9f90-4f77-8915-d1ae5,age,yr ad,296,-1445.6,2007.7
KimHy.Hansen.2017,name and units disagree,NA,WEB-20820-c979-4392-990e-7a22c,age,yr ad,350,1666,2015
Kirirom.Nguyen.2021,name and units disagree,NA,WEB-2a730-335e-4d13-91c4-853a7,age,yr ad,273,1734,2006
KonKaKinh.Buckley.2019,name and units disagree,NA,WEB-952f3-e1f1-459e-bc87-2bea4,age,yr ad,957,1057,2013
KwaZulu-Natal.Nash.2016,name and units disagree,NA,RXKj1G6CzawoZsoCP,age,yr ad,164,1837,2000
LS12THAY,name and units disagree,hydroclimate2k; iso2k; lipdverseTest,missR6jHX1q9EqlmRtd46,age,yr ad,572,1433,2004
LS15DOCH,name and units disagree,iso2k,RVB6yrNdVhvpZ4SzL,age,yr ad,88,-1489,1391
LS15DOSA,name and units disagree,iso2k,RyNHqx8zMet01m2AY,age,yr ad,97,-2928,1712
LakeBarrine.Sun.2023,name and units disagree,NA,missRLYVWMzzh2h9Gwaop,year,yr bp,60,-0.04,2.92
LakeBarrine.Sun.2023,name and units disagree,NA,missRODXeTmnQolmWhUpq,age,yr ad,60,-969.7,1989.8
LakeDeborahEast.ODonnell.2021,name and units disagree,NA,WEB-d76e8-c86a-4f3d-901b-9c45e,age,yr ad,638,1380,2017
LakeEdward.Russell.2007,name and units disagree,hydroclimate2k,WEB-c2adb-5caa-473c-8fb0-a1752,age,yr ad,363,551.9,1974
Lesotho.NashGrab.2010,name and units disagree,NA,RRmIDhLEaz8AJWhsK,age,yr ad,172,1825,1996
LeteaForest.Nagavciuc.2025,name and units disagree,NA,RxXQXPo0yhrQVu2NJ,age,yr ad,214,1807,2020
Linnevatnet.Lapointe.2023,name and units disagree,hydroclimate2k,WEB-9fac9-f400-4ec1-bfa6-3ef29,age,yr ad,2013,-8,2017
Linnevatnet.Lapointe.2023,name and units disagree,hydroclimate2k,WEB-def9c-d734-4764-a477-3e339,age,yr ad,2024,-6,2017
MaeHongSon.Buckley.2007,name and units disagree,NA,WEB-41763-1690-4352-9911-9cd4c,age,yr ad,446,1560,2005
Maingtha.DArrigo.2011,name and units disagree,NA,WEB-fe85b-d169-4d71-99b4-0d4bc,age,yr ad,397,1613,2009
Martin.Bird.2017,name and units disagree,NA,R7gYz7QsXBFbrOpXj,age,yr ad,503,-5155.5,2012
Martin.Bird.2017,name and units disagree,NA,R9KhvlOURTDVs0eYR,age,yr ad,466,-5298.5,2013
Molinos.Moreno.2017,name and units disagree,HoloceneAbruptChange,WEB018c6621-dup,age,yr ad,85,4727,8321
Molinos.Moreno.2017,name and units disagree,HoloceneAbruptChange,WEB1a8b6923-dup,age,yr ad,141,3253,6812
Mthatha.Hannaford.2015,name and units disagree,NA,RbNrzQoPnOvFoefmN,age,yr ad,58,1797,1854
MuCangChai.Sano.2009,name and units disagree,NA,WEB-92472-9246-4a6d-b66c-5a4c3,age,yr ad,535,1470,2004
Mumbai.AdamsonNash.2014,name and units disagree,NA,RYCS2u7cdzxNWV83y,age,yr ad,79,1781,1859
NESpainMediterranean.Tejedor.2019,name and units disagree,NA,R95pwUoImStiokfPW,age,yr ad,250,1650,1899
NamNao.Buckley.1995,name and units disagree,NA,WEB-d8ab9-a55a-4fed-a67b-9fc67,age,yr ad,214,1788,2001
Namaqualand.Vogel.1989,name and units disagree,NA,Rw6rbpyTBQg21ORR8,age,yr ad,180,1817,1996
Namibia.GrabZumthurm.2018,name and units disagree,NA,Rk7PT5UihgBG6ox3q,age,yr ad,55,1845,1899
NightcliffReef.Patterson.2023,name and units disagree,NA,missRnVz5D5Y0q11OZsR3,age,yr ad,2489,1776.625,1983.958
NightcliffReef.Patterson.2023,name and units disagree,NA,missRjJWqNozf5f5b3cWs,age,yr ad,1245,1776.583,1983.917
NorthEasternGermany.Scharnweber.2019,name and units disagree,NA,RTPuFEGm4Zb4fwr00,age,yr ad,1042,973,2014
NorthwesternOntario.StGeorge.2009,name and units disagree,NA,RjRMqshNo2aJAOV7Q,age,yr ad,161,1839,1999
OngokeLake.Chipman.2004,name and units disagree,NA,WEB-2d26b-2e04-441c-9e46-97ba1,age,yr ad,92,-48.5,2004
OngokeLake.Chipman.2004,name and units disagree,NA,WEB-d5ccd-3f52-42e9-897e-e01fa,age,yr ad,92,-80.7,2003.3
Opel.OyogosYar.2017,name and units disagree,HoloceneAbruptChange; lipdverseTest; RapidArcticWarming,WEB7b2e670f,age,yr ad,20,-15342,2003.5
Palmyra.Sanchez.2020,name and units disagree,NA,WEB-0b7c2-d9eb-48d5-8828-b5442,age,yr ad,250,1995.75,2016.5
Palmyra.Sanchez.2020,name and units disagree,NA,missRhPVKtQKvkk3VQ3RD,age,yr ad,1566,1886.13,2016.53
Petchaburi.Nguyen.2021,name and units disagree,NA,WEB-4aa32-d573-4c1f-af6b-e7304,age,yr ad,133,1874,2006
PhaTaem.Nguyen.2021,name and units disagree,NA,WEB-278a6-9ae6-400d-b7d6-3c23e,age,yr ad,120,1886,2005
PhouKhaoKhouay.Buckley.2007,name and units disagree,NA,WEB-10cb0-37d6-4ef7-83c4-4888a,age,yr ad,263,1743,2005
PhuKradung.DArrigo.1997,name and units disagree,NA,WEB-e0fde-38b3-4238-a35d-30b46,age,yr ad,378,1616,1993
PhuToei.Cook.2010,name and units disagree,NA,WEB-98621-dec8-4f2a-9333-bdcb8,age,yr ad,314,1693,2006
PuMat.Buckley.2019,name and units disagree,NA,WEB-356ab-5deb-4648-83fb-f8762,age,yr ad,450,1555,2004
Pune.AdamsonNash.2014,name and units disagree,NA,RXK3xJ8Ij3473BI8L,age,yr ad,80,1781,1860
QuangNam.Buckley.2017,name and units disagree,NA,WEB-20ddd-3693-4d71-95cd-ba8ac,age,yr ad,662,1347,2008
Rewalsar.Singh.2020,name and units disagree,NA,missRFCDKfBOaxPgYffEh,age,yr ad,1189,-1212.4,2011.9
Rewalsar.Singh.2020,name and units disagree,NA,missRqUy1p2IQSjYbQnoP,age,yr ad,393,-1212.39,2007.67
RoyalNationalPark.Hannaford.2015,name and units disagree,NA,R7nQvqT8gJ1EnG13F,age,yr ad,58,1797,1854
SS8.Anderson.2012,name and units disagree,NAm21k-noPollen; RapidArcticWarming,LPDe85bf987_2,age,yr ad,124,52,442
SalaengLuang.Buckley.1995,name and units disagree,NA,WEB-9d496-a5a5-493b-ade8-17619,age,yr ad,329,1673,2001
SanLuang.Cook.2010,name and units disagree,NA,WEB-1bbfc-3ff2-4126-a756-3dad9,age,yr ad,184,1822,2005
SantaFeCorrientes.Prieto.2007,name and units disagree,NA,R2OKVM5d1Dq6PR2JA,age,yr ad,404,1590,1993
SantiagoDeChile.Taulis.1934,name and units disagree,NA,R0CEDjD1PTCdL2Jxj,age,yr ad,467,1540,2006
SevenMile.Anderson.2011,name and units disagree,NA,RAb6FqnjTIdQ9iJM8,age,yr ad,162,-2890,1999
Shijiazhuang.Ge.2005,name and units disagree,NA,R8KgW4j3Qn1m3KlkJ,age,yr ad,175,1736,1910
Shilloi.Yadav.2022,name and units disagree,NA,missRGyfE9xROZ4vQH8ce,age,yr ad,46,68.67,2017
Skilak.Thomas.2021,name and units disagree,hydroclimate2k,WEB-6cc24-3a55-42ce-9195-f8fd0,age,yr ad,6498,-361.3,2012.9
Skilak.Thomas.2021,name and units disagree,hydroclimate2k,WEB-7c35e-5084-4646-b442-d192e,age,yr ad,2274,-361,1912
SouthernCentralEngland.Wilson.2013,name and units disagree,NA,RyrQZOIrqyIZ94qKA,age,yr ad,1060,950,2009
SouthernFinland.Helama.2009,name and units disagree,NA,RQIfTRL1g2ABc47Fh,age,yr ad,1334,660,1993
SouthernManitoba.StGeorge.2009,name and units disagree,NA,R56n76UetfWfnt3pk,age,yr ad,222,1783,2004
SouthernMoravia.Büntgen.2011,name and units disagree,NA,RcSNfJpcpYnSwddQ2,age,yr ad,508,1500,2007
Squanga.Lasher.2021,name and units disagree,NA,RWulkyLRLv8PQtyEr,age,yr ad,580,-8915.1,2002
Suceava.Roibu.2026,name and units disagree,NA,RV7fj6CZ66EmsdgNO,age,yr ad,804,1216,2019
Switzerland.Kress.2014,name and units disagree,NA,RKOHSnzWpBZcXPfqy,age,yr ad,1205,800,2004
Thomas.Pluto.2020,name and units disagree,HoloceneAbruptChange; NAm21k-noPollen; RapidArcticWarming,WEBfaa76726,age,yr ad,23,1577,9405
Track,name and units disagree,hydroclimate2k,missRsxVqQPbNLDgxaBMs,age,yr ad,217,-3703.7,2007
TropicalChinaReachesD.Wang.2018,name and units disagree,NA,RV2pJQTxBhiPzvXCC,age,yr ad,268,1644,1911
Tucuman.Prieto.2000,name and units disagree,NA,Rkpr58mlcBWviDPjG,age,yr ad,458,1549,2006
Twelvemile.Anderson.2018,name and units disagree,NA,RVRnD6NLjOLhcptqK,age,yr ad,72,1170.6,2006.5
UpperRhineValley.Tegel.2020,name and units disagree,NA,RfkpwXNmfgVYOkRaE,age,yr ad,1753,265,2017
Wallywash.Holmes.2023,name and units disagree,hydroclimate2k,WEB-dee79-d29b-40eb-bc41-80009,age,yr ad,164,166,2012
WatChan.Buckley.1995,name and units disagree,NA,WEB-89221-89b9-4749-8ffe-e0ad2,age,yr ad,355,1650,2004
WesternMediterranean.Camuffo.2010,name and units disagree,NA,R7XnWltSzntsBCvsi,age,yr ad,301,1500,1800
WiangHaeng.Nguyen.2021,name and units disagree,NA,WEB-047da-873e-4989-9681-1b546,age,yr ad,209,1792,2000
YangtzeRiverPlainReachesC.Wang.2018,name and units disagree,NA,Rms3VmFLm1jPPVDmi,age,yr ad,268,1644,1911
YellowRiver.Jinbao.2019,name and units disagree,NA,RD6KFCbhYheV7PKZd,age,yr ad,1211,800,2010
YellowRiverPlainReachesB.Wang.2018,name and units disagree,NA,RhhbnpAkfi5vKKCMK,age,yr ad,268,1644,1911
Zafra.Fernandez-Fernandez.2015,name and units disagree,NA,RU3uHIkkEG90m4xVu,age,yr ad,90,1750,1839
31Lake.Eisner.1995,uncalibrated radiocarbon axis,HoloceneAbruptChange; HoloceneHydroclimate; RapidArcticWarming; Temp12k; Temp24k,M2Lt36mswwhP,age,yr 14c bp,32,667,5769
Abalone.Cole.1994,uncalibrated radiocarbon axis,HoloceneAbruptChange; HoloceneHydroclimate; Temp12k; Temp24k; wNAm,M2Lrrjfkw95P,age,yr 14c bp,32,-40,6113.9
Atocas.Gauthier.1981,uncalibrated radiocarbon axis,HoloceneAbruptChange; Temp12k; Temp24k,M2Lrl81hisxP,age,yr 14c bp,41,0,11977
Axe.McAndrews.No,uncalibrated radiocarbon axis,HoloceneAbruptChange,M2L4pdhb0l6P,age,yr 14c bp,32,-15,11159
BI2Lake.Gajewski.1992,uncalibrated radiocarbon axis,HoloceneAbruptChange; HoloceneHydroclimate; lipdverseTest; RapidArcticWarming; Temp12k; Temp24k,M2Lbyq9f697P,age,yr 14c bp,43,-42,7791
BN7Lake.Gajewski.1991,uncalibrated radiocarbon axis,HoloceneAbruptChange; HoloceneHydroclimate; RapidArcticWarming; Temp12k; Temp24k,M2L5l1edrluP,age,yr 14c bp,22,-39,6737
BanksIsland-12.Gajewski.2000,uncalibrated radiocarbon axis,HoloceneAbruptChange; RapidArcticWarming; Temp12k; Temp24k; wNAm,M2Lx1vtz5ugP,age,yr 14c bp,33,175,10183
BanksIsland-15.Gajewski.2000,uncalibrated radiocarbon axis,HoloceneAbruptChange; HoloceneHydroclimate; RapidArcticWarming; Temp12k; Temp24k; wNAm,M2L4m52ddxoP,age,yr 14c bp,62,14,10183
BanksIsland74MS11.Gajewski.2000,uncalibrated radiocarbon axis,HoloceneAbruptChange; RapidArcticWarming,M2LeybmmpfaP,age,yr 14c bp,55,-50,10183
Bastien.Bennett.1987,uncalibrated radiocarbon axis,HoloceneAbruptChange; HoloceneHydroclimate; Temp12k; Temp24k,M2Ll5iri891P,age,yr 14c bp,67,0,10833
BattleGround.Whitlock.1985,uncalibrated radiocarbon axis,HoloceneAbruptChange; HoloceneHydroclimate; Temp12k; Temp24k; wNAm,M2L2zn9xpz0P,age,yr 14c bp,105,-30,23850.6
BearBog.McAndrews.1992,uncalibrated radiocarbon axis,HoloceneAbruptChange,M2Lzx1ci6btP,age,yr 14c bp,19,4076,11127
Beaverhouse.Ritchie.1976,uncalibrated radiocarbon axis,HoloceneAbruptChange; HoloceneHydroclimate; Temp12k; Temp24k,M2Lhh3f6zy9P,age,yr 14c bp,53,-25,10183
BeefPasture.Petersen.1985,uncalibrated radiocarbon axis,HoloceneAbruptChange; HoloceneHydroclimate; Temp12k; Temp24k; wNAm,M2Lf7f4rkjiP,age,yr 14c bp,91,0,6025.2
Berry.Whitehead.1979,uncalibrated radiocarbon axis,HoloceneAbruptChange; HoloceneHydroclimate; Temp12k; Temp24k,M2Lwqb1vjlqP,age,yr 14c bp,42,40,14433
Billys.Jacobson.1975,uncalibrated radiocarbon axis,HoloceneAbruptChange; Temp12k; Temp24k,M2Lu86k8bo4P,age,yr 14c bp,77,0,11474.4
BlueMoundsCreek.Davis.1977,uncalibrated radiocarbon axis,HoloceneAbruptChange,M2L3fps439fP,age,yr 14c bp,38,0,12104
BogD.McAndrews.1966,uncalibrated radiocarbon axis,HoloceneAbruptChange,M2Lhra7hay2P,age,yr 14c bp,46,-10,10888
Boone.White.1986,uncalibrated radiocarbon axis,HoloceneAbruptChange; HoloceneHydroclimate; RapidArcticWarming; Temp12k; Temp24k; wNAm,M2Lmb7d5pn7P,age,yr 14c bp,72,-28,13668
BorderBeacon.Lamb.1985,uncalibrated radiocarbon axis,HoloceneAbruptChange; HoloceneHydroclimate; RapidArcticWarming; Temp12k; Temp24k,M2Ldez8rf5fP,age,yr 14c bp,27,45,7732.7
BoundaryLake.Stravers.1981,uncalibrated radiocarbon axis,HoloceneAbruptChange; RapidArcticWarming,M2Lzjxtb7j0P,age,yr 14c bp,54,1825.3,8471.6
BoundaryPond.Mott.1977,uncalibrated radiocarbon axis,HoloceneAbruptChange; HoloceneHydroclimate; Temp12k; Temp24k,M2La2b74ugbP,age,yr 14c bp,56,0,12784.8
Brandreth.Overpeck.1985,uncalibrated radiocarbon axis,HoloceneAbruptChange,M2Lbtapx1d9P,age,yr 14c bp,58,34,12214
Buckbean.Baker.1976,uncalibrated radiocarbon axis,HoloceneAbruptChange,M2Lwpn39xhjP,age,yr 14c bp,59,0,13461.5
Burden.Webb.1986,uncalibrated radiocarbon axis,HoloceneAbruptChange,M2LuhtvtqvwP,age,yr 14c bp,33,529.3,9736
CH2.Garralla.1992,uncalibrated radiocarbon axis,HoloceneAbruptChange; HoloceneHydroclimate; Temp12k; Temp24k,M2L1avbz942P,age,yr 14c bp,89,1,8332
Camp11.Brubaker.1975,uncalibrated radiocarbon axis,HoloceneAbruptChange; HoloceneHydroclimate; Temp12k; Temp24k,M2Lrp3upaxkP,age,yr 14c bp,35,105,11232
Caribou-Qubec.Jett.1992,uncalibrated radiocarbon axis,HoloceneAbruptChange; HoloceneHydroclimate; Temp12k; Temp24k,M2Ln6cdq097P,age,yr 14c bp,29,74,11025
CaribouHill.Lamb.1985,uncalibrated radiocarbon axis,HoloceneAbruptChange; HoloceneHydroclimate; RapidArcticWarming; Temp12k; Temp24k,M2Lp65qb7uyP,age,yr 14c bp,37,46,6871
Carp.Whitlock.1985,uncalibrated radiocarbon axis,HoloceneAbruptChange; HoloceneHydroclimate; Temp12k; Temp24k; wNAm,M2Lw65o7w58P,age,yr 14c bp,88,0,34668.7
Castor.Larouche.NA,uncalibrated radiocarbon axis,HoloceneAbruptChange; HoloceneHydroclimate; Temp12k; Temp24k,M2Lk27tg3imP,age,yr 14c bp,41,136,10900
Chatsworth.King.1981,uncalibrated radiocarbon axis,HoloceneAbruptChange,M2L82dr7dkbP,age,yr 14c bp,64,800,13260
Chippewa.Bailey.1981,uncalibrated radiocarbon axis,HoloceneAbruptChange,M2Ly7u0dkw9P,age,yr 14c bp,58,1188,11262
ClearLakeIA.Baker.1992,uncalibrated radiocarbon axis,HoloceneAbruptChange; HoloceneHydroclimate; Temp12k; Temp24k,M2Lcgkhvnr2P,age,yr 14c bp,46,-29,11922
ClearLakeIN.Bailey.1972,uncalibrated radiocarbon axis,HoloceneAbruptChange; HoloceneHydroclimate; Temp12k; Temp24k,M2L7buekho9P,age,yr 14c bp,57,21.8,16560
ClearPond.Hussey.1993,uncalibrated radiocarbon axis,HoloceneAbruptChange; HoloceneHydroclimate; Temp12k; Temp24k,M2Ljjeq6gw0P,age,yr 14c bp,160,101,21010
Clearwater.Mott.1973,uncalibrated radiocarbon axis,HoloceneAbruptChange,M2Lpfy31phxP,age,yr 14c bp,32,-3,7321
Coghill.King.1986,uncalibrated radiocarbon axis,HoloceneAbruptChange; Temp12k; Temp24k,M2Ldqix27rjP,age,yr 14c bp,21,-31,6146
Colo.Baker.1990,uncalibrated radiocarbon axis,HoloceneAbruptChange,M2Lvq3t6oudP,age,yr 14c bp,42,13,13200
Compass.Macpherson.1986,uncalibrated radiocarbon axis,HoloceneAbruptChange; HoloceneHydroclimate; Temp12k; Temp24k,M2L4ezl42p3P,age,yr 14c bp,63,-11,11427
Copley.Fall.1997,uncalibrated radiocarbon axis,HoloceneAbruptChange; HoloceneHydroclimate; Temp12k; Temp24k; wNAm,M2Lbk08lfhrP,age,yr 14c bp,60,-27,20060
CoppermineSaddleback.Nichols.1975,uncalibrated radiocarbon axis,HoloceneAbruptChange; lipdverseTest; RapidArcticWarming; Temp12k; Temp24k,M2Lcqp1maiyP,age,yr 14c bp,47,0,4104.4
CottonwoodLake.Grimm.1987,uncalibrated radiocarbon axis,HoloceneAbruptChange; Temp12k; Temp24k,M2Lkn07995xP,age,yr 14c bp,61,-155,13141
CottonwoodPassPond.Fall.1997,uncalibrated radiocarbon axis,HoloceneAbruptChange; HoloceneHydroclimate; Temp12k; Temp24k; wNAm,M2Lltw65iclP,age,yr 14c bp,33,-28,9437
Cranberry.McAndrews.NA,uncalibrated radiocarbon axis,HoloceneAbruptChange; Temp12k; Temp24k,M2Lh8eao91oP,age,yr 14c bp,88,-26,13550
Crates.Liu.NA,uncalibrated radiocarbon axis,HoloceneAbruptChange,M2Lp28se0snP,age,yr 14c bp,51,16,9771
Crowfoot.Reasoner.1996,uncalibrated radiocarbon axis,HoloceneAbruptChange,M2Lp823ir7dP,age,yr 14c bp,47,-12.3,14159.3
Crowsnest.Anderson.NA,uncalibrated radiocarbon axis,HoloceneAbruptChange; RapidArcticWarming,M2Lgj6077r9P,age,yr 14c bp,67,141.2,13211.6
Cub.Rasmussen.1982,uncalibrated radiocarbon axis,HoloceneAbruptChange,M2Lrgllghb1P,age,yr 14c bp,56,23,8763
Cummins.McAndrews.1984,uncalibrated radiocarbon axis,HoloceneAbruptChange,M2Lx6zdvj81P,age,yr 14c bp,38,5265,10449.9
DavisLake.Barnosky.1981,uncalibrated radiocarbon axis,HoloceneAbruptChange; Temp12k; Temp24k,M2Lfc3jnhj9P,age,yr 14c bp,238,-11.2,29309.5
Decoy.Szeicz.1991,uncalibrated radiocarbon axis,HoloceneAbruptChange; HoloceneHydroclimate; Temp12k; Temp24k,M2Lc9old6krP,age,yr 14c bp,95,42,13569
Delorme1.Bouchard.1982,uncalibrated radiocarbon axis,HoloceneAbruptChange; HoloceneHydroclimate; Temp12k; Temp24k,M2Lx3bel948P,age,yr 14c bp,18,372,6017
Delorme2.Bouchard.1982,uncalibrated radiocarbon axis,HoloceneAbruptChange; HoloceneHydroclimate; Temp12k; Temp24k,M2Lxqz0if07P,age,yr 14c bp,50,423,7100
Demont.Kapp.NA,uncalibrated radiocarbon axis,HoloceneAbruptChange; HoloceneHydroclimate; Temp12k; Temp24k,M2Lmrg47aliP,age,yr 14c bp,73,13,13282
Devils.Shuman.2016,uncalibrated radiocarbon axis,HoloceneAbruptChange; HoloceneHydroclimate; Temp12k; Temp24k,M2L9jf83ng1P,age,yr 14c bp,122,7,14735
DevonIslandGlacier.McAndrews.1984,uncalibrated radiocarbon axis,HoloceneAbruptChange; HoloceneHydroclimate; RapidArcticWarming; Temp12k; Temp24k,M2L7854mdcrP,age,yr 14c bp,112,-23,41756
Duck.Winkler.1985,uncalibrated radiocarbon axis,HoloceneAbruptChange; Temp12k; Temp24k,M2L4v4d0pyyP,age,yr 14c bp,42,11,13541
EC1.Gajewski.1993,uncalibrated radiocarbon axis,HoloceneAbruptChange; HoloceneHydroclimate; RapidArcticWarming; Temp12k; Temp24k,M2Ljw4bladlP,age,yr 14c bp,32,58,6610
EC2.Gajewski.1991,uncalibrated radiocarbon axis,HoloceneAbruptChange; HoloceneHydroclimate; RapidArcticWarming; Temp12k; Temp24k,M2Li0gv4wtqP,age,yr 14c bp,38,59,6359
ELake.Ritchie.1976,uncalibrated radiocarbon axis,HoloceneAbruptChange; HoloceneHydroclimate; Temp12k; Temp24k,M2Ly6m3cqhwP,age,yr 14c bp,55,-18,12890
EaglenestLake.Vance.1986,uncalibrated radiocarbon axis,HoloceneAbruptChange; RapidArcticWarming,M2L4geleiexP,age,yr 14c bp,51,401,11821
EastBalticBog.Anderson.1980,uncalibrated radiocarbon axis,HoloceneAbruptChange,M2Lvdy6zk43P,age,yr 14c bp,32,-20,9374
Ennadai-1.Nichols.1967,uncalibrated radiocarbon axis,HoloceneAbruptChange; HoloceneHydroclimate; RapidArcticWarming; Temp12k; Temp24k,M2Lhu3d4f0aP,age,yr 14c bp,31,588.3,6616.5
Ennadai-2.Nichols.1975,uncalibrated radiocarbon axis,HoloceneAbruptChange; HoloceneHydroclimate; RapidArcticWarming; Temp12k; Temp24k,M2Lkj0ko1wvP,age,yr 14c bp,117,636.2,5392.4
FiddlersPond.White.1982,uncalibrated radiocarbon axis,HoloceneAbruptChange; RapidArcticWarming,M2L1he562viP,age,yr 14c bp,45,-18,7945
FloatingIsland.Baker.1976,uncalibrated radiocarbon axis,HoloceneAbruptChange,M2L1qo8s1q8P,age,yr 14c bp,75,0,10745
ForestPond1.Lynch.1998,uncalibrated radiocarbon axis,HoloceneAbruptChange,M2LhjzcxkyrP,age,yr 14c bp,27,-40,9655
ForestPond2.Lynch.1998,uncalibrated radiocarbon axis,HoloceneAbruptChange,M2Le6sx3vmtP,age,yr 14c bp,27,0,9640
Furnival.McAndrews.NA,uncalibrated radiocarbon axis,HoloceneAbruptChange,M2L442yqz1aP,age,yr 14c bp,30,-28,8340
GB1.Gajewski.1991,uncalibrated radiocarbon axis,HoloceneAbruptChange; HoloceneHydroclimate; RapidArcticWarming; Temp12k; Temp24k,M2Lj720a08oP,age,yr 14c bp,23,0,6390
GB2.Gajewski.1993,uncalibrated radiocarbon axis,HoloceneAbruptChange; HoloceneHydroclimate; RapidArcticWarming; Temp12k; Temp24k,M2L8x9zj4tbP,age,yr 14c bp,58,56,7225
Gass.Webb.1983,uncalibrated radiocarbon axis,HoloceneAbruptChange; HoloceneHydroclimate; Temp12k; Temp24k,M2Ldkbvhk2wP,age,yr 14c bp,48,1,13753
Gould.Anderson.2008,uncalibrated radiocarbon axis,HoloceneAbruptChange; HoloceneHydroclimate; Temp12k; Temp24k,M2L6dmg5cqsP,age,yr 14c bp,73,-66,14478
Graham.Fuller.1997,uncalibrated radiocarbon axis,HoloceneAbruptChange; HoloceneHydroclimate; Temp12k; Temp24k,M2L0iixbd98P,age,yr 14c bp,208,1,11611
GrandRapids.Ritchie.1975,uncalibrated radiocarbon axis,HoloceneAbruptChange,M2Lz2ijzpx9P,age,yr 14c bp,22,360,8055
GravelRidge.Lamb.1985,uncalibrated radiocarbon axis,HoloceneAbruptChange; HoloceneHydroclimate; RapidArcticWarming; Temp12k; Temp24k,M2L49j8rjs0P,age,yr 14c bp,45,47,7279
Grenadier.McAndrews.1988,uncalibrated radiocarbon axis,HoloceneAbruptChange; HoloceneHydroclimate; Temp12k; Temp24k,M2L0o9v45emP,age,yr 14c bp,79,-27,4631
GreyIslands.Cullen.2002,uncalibrated radiocarbon axis,HoloceneAbruptChange; HoloceneHydroclimate; lipdverseTest; Temp12k; Temp24k,M2L20ykjng3P,age,yr 14c bp,79,-37,11366
Hams.Bennett.1987,uncalibrated radiocarbon axis,HoloceneAbruptChange; HoloceneHydroclimate; Temp12k; Temp24k,M2Ls9ziie55P,age,yr 14c bp,82,-29,11945
Hanging.Cwynar.1982,uncalibrated radiocarbon axis,HoloceneAbruptChange; RapidArcticWarming; Temp12k; Temp24k; wNAm,M2Lfkatyfg1P,age,yr 14c bp,33,0,20673.5
Harrie.King.1986,uncalibrated radiocarbon axis,HoloceneAbruptChange; HoloceneHydroclimate; Temp12k; Temp24k,M2Lavciq6f7P,age,yr 14c bp,28,-5,6805
HawkeHillsKettle.Macpherson.1982,uncalibrated radiocarbon axis,HoloceneAbruptChange; HoloceneHydroclimate; Temp12k; Temp24k,M2L1x09kwo9P,age,yr 14c bp,38,-27,8121
Hershop.Larson.1972,uncalibrated radiocarbon axis,HoloceneAbruptChange,M2Lc3buhajlP,age,yr 14c bp,54,508.7,14381.9
High.Fuller.1997,uncalibrated radiocarbon axis,HoloceneAbruptChange; HoloceneHydroclimate; Temp12k; Temp24k,M2Lpilfb3jcP,age,yr 14c bp,185,0,10566
HopeSimpson.Engstrom.1985,uncalibrated radiocarbon axis,HoloceneAbruptChange; HoloceneHydroclimate; Temp12k; Temp24k,M2Lx0p4y0g6P,age,yr 14c bp,50,232,12182
Hudson.Bailey.1972,uncalibrated radiocarbon axis,HoloceneAbruptChange,M2Lxh1y4ycwP,age,yr 14c bp,73,42.9,17344.6
HumberPond3.McAndrews.1989,uncalibrated radiocarbon axis,HoloceneAbruptChange; HoloceneHydroclimate; Temp12k; Temp24k,M2L50bpdlq4P,age,yr 14c bp,56,-29,4093
HumberPond5.McAndrews.1989,uncalibrated radiocarbon axis,HoloceneAbruptChange; HoloceneHydroclimate; Temp12k; Temp24k,M2Lu1c6kaimP,age,yr 14c bp,32,-25,4203
Iglutalik.Kerwin.2004,uncalibrated radiocarbon axis,HoloceneAbruptChange; HoloceneHydroclimate; RapidArcticWarming; Temp12k; Temp24k,M2LnejnfyfuP,age,yr 14c bp,59,0,8186.1
Indian.Bjorck.1985,uncalibrated radiocarbon axis,HoloceneAbruptChange; HoloceneHydroclimate; Temp12k; Temp24k,M2Lhyhw97tbP,age,yr 14c bp,23,5820,10290
Irvin.Cushing.1982,uncalibrated radiocarbon axis,HoloceneAbruptChange; HoloceneHydroclimate; Temp12k; Temp24k,M2Lwv5zgv3iP,age,yr 14c bp,44,-20,10771
Jack.Liu.1985,uncalibrated radiocarbon axis,HoloceneAbruptChange,M2Lbviuiem3P,age,yr 14c bp,40,18,10735
Jewell.Baker.1986,uncalibrated radiocarbon axis,HoloceneAbruptChange,M2Lgzsru4wpP,age,yr 14c bp,41,1221,10819
JohnKlondike.Matthews.1980,uncalibrated radiocarbon axis,HoloceneAbruptChange; RapidArcticWarming,M2Letp5cfl8P,age,yr 14c bp,43,-21,10867.9
Keele.Szeicz.1995,uncalibrated radiocarbon axis,HoloceneAbruptChange; HoloceneHydroclimate; RapidArcticWarming; Temp12k; Temp24k; wNAm,M2Lq21c0t8xP,age,yr 14c bp,51,0,13923.6
Kennys.Macpherson.1983,uncalibrated radiocarbon axis,HoloceneAbruptChange,M2L5zj9j4kzP,age,yr 14c bp,40,-31,9558
Kenosee.Porter.1992,uncalibrated radiocarbon axis,HoloceneAbruptChange; HoloceneHydroclimate; Temp12k; Temp24k,M2Lzhtp9rkgP,age,yr 14c bp,28,67,5511
KeystoneIronbog.Fall.1985,uncalibrated radiocarbon axis,HoloceneAbruptChange; HoloceneHydroclimate; Temp12k; Temp24k; wNAm,M2Lbn7fv0oiP,age,yr 14c bp,31,-5,9168
Kirchner.Wright.1963,uncalibrated radiocarbon axis,HoloceneAbruptChange,M2Ld361cefrP,age,yr 14c bp,98,149,13517
Kollioksak.Anderson.NA,uncalibrated radiocarbon axis,HoloceneAbruptChange; RapidArcticWarming,M2L48kouux0P,age,yr 14c bp,47,1822.9,18234.9
LB1.Gajewski.1993,uncalibrated radiocarbon axis,HoloceneAbruptChange; HoloceneHydroclimate; RapidArcticWarming; Temp12k; Temp24k,M2Lmd8k9oiaP,age,yr 14c bp,28,7,6931
LR1.Gajewski.1993,uncalibrated radiocarbon axis,HoloceneAbruptChange; HoloceneHydroclimate; RapidArcticWarming; Temp12k; Temp24k,M2LsyarkligP,age,yr 14c bp,21,88,7570
LR3.Gajewski.1992,uncalibrated radiocarbon axis,HoloceneAbruptChange; HoloceneHydroclimate; RapidArcticWarming; Temp12k; Temp24k,M2Lgyew7h7bP,age,yr 14c bp,16,74,5796
LacColin.Mott.1977,uncalibrated radiocarbon axis,HoloceneAbruptChange; HoloceneHydroclimate; Temp12k; Temp24k,M2Lor2kdd3pP,age,yr 14c bp,44,56,12976
LacFaribault.Larouche.1981,uncalibrated radiocarbon axis,HoloceneAbruptChange; HoloceneHydroclimate; RapidArcticWarming; Temp12k; Temp24k,M2Lj3u3nqafP,age,yr 14c bp,24,-1,4361
LacGras.King.1986,uncalibrated radiocarbon axis,HoloceneAbruptChange; HoloceneHydroclimate; Temp12k; Temp24k,M2Lde8ot4t7P,age,yr 14c bp,24,-30,7300
LacHamard.Stravers.1981,uncalibrated radiocarbon axis,HoloceneAbruptChange,M2Ljy4vncm2P,age,yr 14c bp,23,0,7544.4
LacLeonard.Labelle.1984,uncalibrated radiocarbon axis,HoloceneAbruptChange; HoloceneHydroclimate; Temp12k; Temp24k,M2Lp5wj0jgdP,age,yr 14c bp,25,523,9791
LacLouis.Vincent.1973,uncalibrated radiocarbon axis,HoloceneAbruptChange,M2Ls2cmtlxlP,age,yr 14c bp,54,54,10161
LacMarcotte.Labelle.1981,uncalibrated radiocarbon axis,HoloceneAbruptChange,M2Ls0hoxrzzP,age,yr 14c bp,32,96,11075
LacMartyne.McAndrews.NA,uncalibrated radiocarbon axis,HoloceneAbruptChange; HoloceneHydroclimate; RapidArcticWarming; Temp12k; Temp24k,M2Lo5fqfgb9P,age,yr 14c bp,27,46,6798
LacMeleze.MacDonald.1987,uncalibrated radiocarbon axis,HoloceneAbruptChange; HoloceneHydroclimate; RapidArcticWarming; Temp12k; Temp24k; wNAm,M2Lss31mfmaP,age,yr 14c bp,47,-32,13699
LacPatricia.McAndrews.1983,uncalibrated radiocarbon axis,HoloceneAbruptChange; HoloceneHydroclimate; RapidArcticWarming; Temp12k; Temp24k,M2Ldllclpz6P,age,yr 14c bp,36,-2,5581
LacPetel.King.1986,uncalibrated radiocarbon axis,HoloceneAbruptChange; HoloceneHydroclimate; Temp12k; Temp24k,M2L6b1i03sgP,age,yr 14c bp,26,19,8374
Ladd.Shane.1993,uncalibrated radiocarbon axis,HoloceneAbruptChange; HoloceneHydroclimate; Temp12k; Temp24k,M2Leg936805P,age,yr 14c bp,59,-32.9,16364.1
LakeSix.Liu.1990,uncalibrated radiocarbon axis,HoloceneAbruptChange,M2Ljknd6oygP,age,yr 14c bp,30,25,7694
LeadingTickles.Macpherson.1985,uncalibrated radiocarbon axis,HoloceneAbruptChange,M2Llym4uojtP,age,yr 14c bp,43,-30,15252
Little.Whitlock.1995,uncalibrated radiocarbon axis,HoloceneAbruptChange; HoloceneHydroclimate; Temp12k; Temp24k; wNAm,M2Lftz5vfarP,age,yr 14c bp,66,305,45222
LittleBass.Swain.NA,uncalibrated radiocarbon axis,HoloceneAbruptChange; HoloceneHydroclimate; Temp12k; Temp24k,M2Lhq84xv4kP,age,yr 14c bp,37,23,12368
Lofty.Lichti.1970,uncalibrated radiocarbon axis,HoloceneAbruptChange,M2Lqn7ih7tgP,age,yr 14c bp,62,-15,13263
LongLake.Kay.1979,uncalibrated radiocarbon axis,HoloceneAbruptChange; RapidArcticWarming,M2Lveyc6o90P,age,yr 14c bp,33,101,6345
LoonPond.Jacobson.Ja,uncalibrated radiocarbon axis,HoloceneAbruptChange; HoloceneHydroclimate; Temp12k; Temp24k,M2L7jje2dvzP,age,yr 14c bp,49,-26.7,14559.5
LostLake_MI.Brubaker.1975,uncalibrated radiocarbon axis,HoloceneAbruptChange; Temp12k; Temp24k,M2Ljal3xveyP,age,yr 14c bp,33,0,11382.6
LostLake_MT.Whitlock.1989,uncalibrated radiocarbon axis,HoloceneAbruptChange,M2Lwhqv090kP,age,yr 14c bp,43,-35,12379
Lynn.Nichols.1967,uncalibrated radiocarbon axis,HoloceneAbruptChange; HoloceneHydroclimate; RapidArcticWarming; Temp12k; Temp24k,M2Ljme8vzr9P,age,yr 14c bp,30,314.2,7428
MD73_025,uncalibrated radiocarbon axis,Temp24k,T2L_MD73_025_age_original,age,yr 14c bp,36,2400,28550
MD73_025,uncalibrated radiocarbon axis,Temp24k,T2L_MD73_025_age,age,yr 14c bp,36,2400,28550
MLake.Ritchie.1977,uncalibrated radiocarbon axis,HoloceneAbruptChange; HoloceneHydroclimate; RapidArcticWarming; Temp12k; Temp24k; wNAm,M2LjxlpfoayP,age,yr 14c bp,71,0,13807
Maplehurst.Mott.1978,uncalibrated radiocarbon axis,HoloceneAbruptChange,M2Lq9zuotxvP,age,yr 14c bp,52,47,13556
MaraisdeKeswick.Larouche.1986,uncalibrated radiocarbon axis,HoloceneAbruptChange; HoloceneHydroclimate; Temp12k; Temp24k,M2LnrcfhwjiP,age,yr 14c bp,48,47,4328
McMaster.Moser.1990,uncalibrated radiocarbon axis,HoloceneAbruptChange; RapidArcticWarming,M2L77suzm9yP,age,yr 14c bp,27,0,9042.3
Medicine.Radle.1992,uncalibrated radiocarbon axis,HoloceneAbruptChange,M2Lp4j7f5ezP,age,yr 14c bp,83,0,12920.7
Mendota.Winkler.1986,uncalibrated radiocarbon axis,HoloceneAbruptChange; HoloceneHydroclimate; Temp12k; Temp24k,M2Ld1xxw0nhP,age,yr 14c bp,34,72,13260
Minakokosa.Anderson.NA,uncalibrated radiocarbon axis,HoloceneAbruptChange; RapidArcticWarming,M2Lfmlo39saP,age,yr 14c bp,55,541.7,19096.9
Minnie.McAndrews.1992,uncalibrated radiocarbon axis,HoloceneAbruptChange,M2LasvvgrsjP,age,yr 14c bp,53,1,10887
Mohawk.Webb.1986,uncalibrated radiocarbon axis,HoloceneAbruptChange; Temp12k; Temp24k,M2L5c1livixP,age,yr 14c bp,43,215,16337
MonheganIslandMeadow.Bostwick.1978,uncalibrated radiocarbon axis,HoloceneAbruptChange; HoloceneHydroclimate; Temp12k; Temp24k,M2Ljk7teahtP,age,yr 14c bp,35,50,12141.2
Moon.Grimm.1996,uncalibrated radiocarbon axis,HoloceneAbruptChange; HoloceneHydroclimate; Temp12k; Temp24k,M2Lksgb9fy6P,age,yr 14c bp,169,-32,13650
Moraine.Hansen.1985,uncalibrated radiocarbon axis,HoloceneAbruptChange; HoloceneHydroclimate; Temp12k; Temp24k,M2Lxkfybck9P,age,yr 14c bp,43,146,10728
MundayCreek.Peteet.1986,uncalibrated radiocarbon axis,HoloceneAbruptChange; RapidArcticWarming,M2L3bca2uq6P,age,yr 14c bp,111,-30,11322
Myrtle.Janssen.1968,uncalibrated radiocarbon axis,HoloceneAbruptChange; HoloceneHydroclimate; Temp12k; Temp24k,M2L8dynjz35P,age,yr 14c bp,82,28,12841
Nedlouc.Larouche.1981,uncalibrated radiocarbon axis,HoloceneAbruptChange; HoloceneHydroclimate; RapidArcticWarming; Temp12k; Temp24k,M2L0yzbu08dP,age,yr 14c bp,13,81,4154
Nina.Liu.1990,uncalibrated radiocarbon axis,HoloceneAbruptChange,M2L0qkumnt0P,age,yr 14c bp,54,11,11426
NoBottom.Dunwiddie.1990,uncalibrated radiocarbon axis,HoloceneAbruptChange,M2Lg99ome5bP,age,yr 14c bp,46,-32,16548
NorthPond.Whitehead.1978,uncalibrated radiocarbon axis,HoloceneAbruptChange; Temp12k; Temp24k,M2Lgw5c013dP,age,yr 14c bp,55,-105,13083
Nutt.Bennett.1987,uncalibrated radiocarbon axis,HoloceneAbruptChange; HoloceneHydroclimate; Temp12k; Temp24k,M2Lhwgkwn6qP,age,yr 14c bp,83,113,11080
OliverPond_1770.McAndrews.1990,uncalibrated radiocarbon axis,HoloceneAbruptChange,M2L0s8b3526P,age,yr 14c bp,33,-23,9476
ParkPond2.Lynch.1998,uncalibrated radiocarbon axis,HoloceneAbruptChange,M2Ld8b569xpP,age,yr 14c bp,30,0,12131
ParkPond3.Lynch.1998,uncalibrated radiocarbon axis,HoloceneAbruptChange,M2La87qfg0lP,age,yr 14c bp,36,449,12411
PassLake.McAndrews.1986,uncalibrated radiocarbon axis,HoloceneAbruptChange,M2Lvcya67h3P,age,yr 14c bp,31,2,10325
Peggy.McAndrews.NA,uncalibrated radiocarbon axis,HoloceneAbruptChange,M2Lgzaksgu5P,age,yr 14c bp,34,-14,7967
PerchLake_Manitoba.Ritchie.NA,uncalibrated radiocarbon axis,HoloceneAbruptChange; HoloceneHydroclimate; Temp12k; Temp24k,M2L1ro77h4lP,age,yr 14c bp,45,-14,6058
PerchLake_ON.Terasmae.1975,uncalibrated radiocarbon axis,HoloceneAbruptChange; HoloceneHydroclimate; Temp12k; Temp24k,M2Lotw26jicP,age,yr 14c bp,65,-10,11351
Pickerel_SD.Watts.1968,uncalibrated radiocarbon axis,HoloceneAbruptChange,M2Lti10fomyP,age,yr 14c bp,78,0,11061
Pixie.Brown.2002,uncalibrated radiocarbon axis,HoloceneAbruptChange; Temp12k; Temp24k; wNAm,M2L70nkr02eP,age,yr 14c bp,108,19,16982
PogoniaBog.Cushing.1979,uncalibrated radiocarbon axis,HoloceneAbruptChange; HoloceneHydroclimate; Temp12k; Temp24k,M2Laxwoy241P,age,yr 14c bp,68,-24,11114
PointEscuminac.Warner.1991,uncalibrated radiocarbon axis,HoloceneAbruptChange; HoloceneHydroclimate; Temp12k; Temp24k,M2L99d9t7h0P,age,yr 14c bp,107,261,12471
PolandSpring.Jacobson.Ja,uncalibrated radiocarbon axis,HoloceneAbruptChange; HoloceneHydroclimate; Temp12k; Temp24k,M2Lrkpk54iwP,age,yr 14c bp,52,-38,14018
Porphyry.Brown.2002,uncalibrated radiocarbon axis,HoloceneAbruptChange,M2LstpowqhvP,age,yr 14c bp,59,313,15879
PorquiPond.McAndrews.NA,uncalibrated radiocarbon axis,HoloceneAbruptChange,M2L1dx1tqdqP,age,yr 14c bp,42,-9,11192
PortageBog.Anderson.1980,uncalibrated radiocarbon axis,HoloceneAbruptChange,M2L1jacvbn2P,age,yr 14c bp,71,0,12525.4
PortageLake.McAndrews.NA,uncalibrated radiocarbon axis,HoloceneAbruptChange,M2Lc06n7jwuP,age,yr 14c bp,58,25,10763
Posy.Shafer.1989,uncalibrated radiocarbon axis,HoloceneAbruptChange; HoloceneHydroclimate; Temp12k; Temp24k; wNAm,M2Lbov0km0aP,age,yr 14c bp,26,-39,9366.6
Queens.Moser.1990,uncalibrated radiocarbon axis,HoloceneAbruptChange; HoloceneHydroclimate; RapidArcticWarming; Temp12k; Temp24k,M2LesrbyziiP,age,yr 14c bp,33,0,8840.4
Radtke.Webb.1983,uncalibrated radiocarbon axis,HoloceneAbruptChange; HoloceneHydroclimate; Temp12k; Temp24k,M2Ltcvh50hlP,age,yr 14c bp,49,1,13358
Ramsay.Mott.1978,uncalibrated radiocarbon axis,HoloceneAbruptChange,M2L0ccugzjbP,age,yr 14c bp,69,-30,12724
Rapid.Fall.1994,uncalibrated radiocarbon axis,HoloceneAbruptChange; HoloceneHydroclimate; Temp12k; Temp24k; wNAm,M2L8jvobi5zP,age,yr 14c bp,46,0,18570
Redstone.Brubaker.1985,uncalibrated radiocarbon axis,HoloceneAbruptChange; RapidArcticWarming,M2Lj776w44xP,age,yr 14c bp,50,0,16827.6
Reidel.Almquist-Jacobson.1992,uncalibrated radiocarbon axis,HoloceneAbruptChange; HoloceneHydroclimate; Temp12k; Temp24k,M2LvzfyetfdP,age,yr 14c bp,51,-31,13480
RiviereFeuilles1.Larouche.1981,uncalibrated radiocarbon axis,HoloceneAbruptChange; RapidArcticWarming,M2Lmq0ge5bcP,age,yr 14c bp,20,565,6011
RiviereFeuilles2.Larouche.1981,uncalibrated radiocarbon axis,HoloceneAbruptChange; HoloceneHydroclimate; RapidArcticWarming; Temp12k; Temp24k,M2Lzs0n1ix6P,age,yr 14c bp,17,493,5615
Saint-JeanOrleans.Richard.1981,uncalibrated radiocarbon axis,HoloceneAbruptChange; HoloceneHydroclimate; Temp12k; Temp24k,M2Lhtqm5dmfP,age,yr 14c bp,17,143,6561
SaintCalixte.Larouche.NA,uncalibrated radiocarbon axis,HoloceneAbruptChange; HoloceneHydroclimate; Temp12k; Temp24k,M2LffnyeecsP,age,yr 14c bp,35,77,11209
SaintGabriel.Larouche.1977,uncalibrated radiocarbon axis,HoloceneAbruptChange,M2Lgnxf9p6xP,age,yr 14c bp,55,93,10058
Sixteen.Futyma.1986,uncalibrated radiocarbon axis,HoloceneAbruptChange; HoloceneHydroclimate; Temp12k; Temp24k,M2L9da4ptd6P,age,yr 14c bp,33,2206,10419
StewartsDark.Peters.1984,uncalibrated radiocarbon axis,HoloceneAbruptChange,M2Lp6j72b8vP,age,yr 14c bp,45,1923,12447
Sud_duLac_duNoyer.Larouche.1977,uncalibrated radiocarbon axis,HoloceneAbruptChange,M2L90qjphw9P,age,yr 14c bp,31,260,10945
ThreePinesBog.McAndrews.1990,uncalibrated radiocarbon axis,HoloceneAbruptChange,M2Ldp59lq6gP,age,yr 14c bp,39,-24,7169
Tourbiere_deLanoraieJoseph.Comtois.1982,uncalibrated radiocarbon axis,HoloceneAbruptChange,M2Lws1takzaP,age,yr 14c bp,14,0,5526
Tourbiere_deLanorie_CoteauJaune.Comtois.1982,uncalibrated radiocarbon axis,HoloceneAbruptChange,M2L5vnvj1gzP,age,yr 14c bp,19,1643,7289
TourbieredeLanorieHenri.Comtois.1982,uncalibrated radiocarbon axis,HoloceneAbruptChange; Temp12k; Temp24k,M2LtwrphilkP,age,yr 14c bp,23,265,6620
TourbieredeLanorieStJean.Comtois.1982,uncalibrated radiocarbon axis,HoloceneAbruptChange; HoloceneHydroclimate; Temp12k; Temp24k,M2L3rn0w12wP,age,yr 14c bp,40,0,5468
VM21_40,uncalibrated radiocarbon axis,Tverse,T2L_VM21_40_age_original,age,yr 14c bp,32,2247,34642
WCA3BGumboLimboFarTail.Willard.2001,uncalibrated radiocarbon axis,HoloceneAbruptChange; HoloceneHydroclimate; Temp12k; Temp24k,M2L8gmvxztxP,age,yr 14c bp,15,-40,4653
WCA3BGumboLimboMarsh.Willard.2001,uncalibrated radiocarbon axis,HoloceneAbruptChange; HoloceneHydroclimate; Temp12k; Temp24k,M2L3atojt75P,age,yr 14c bp,21,-34,4324
WCA3B_GumboLimboWetHead.Willard.2001,uncalibrated radiocarbon axis,HoloceneAbruptChange,M2Lbcoqmim2P,age,yr 14c bp,17,-44,4201
WestOkoboji.VanZant.1979,uncalibrated radiocarbon axis,HoloceneAbruptChange; HoloceneHydroclimate; Temp12k; Temp24k,M2Lxk84tpifP,age,yr 14c bp,105,5,16851
31Dpt ice core snow accumulation rate,units carry no axis information,NA,WEB-8fe9b-5b6a-41db-a655-797f2,year,year,227,1777,2003
893A.Kennet.2007,units carry no axis information,HoloceneAbruptChange; NAm21k-noPollen; Temp12k; Temp24k,LPD7e8e8eaadp,age,NA,256,69,2150
Abbott.Hiner.2016,units carry no axis information,NA,WEB-efe0f-9b02-4eff-8e7f-46009,age,year,299,-61.1,1388.8
Albemarle.Stahle.2013,units carry no axis information,NA,WEB-b84e1-b127-457d-98c2-d4166,year,year,1072,934,2005
Alumine.Hadad.2021,units carry no axis information,NA,WEB-deb88-50f0-4daa-949d-95ad5,year,year,534,1482,2015
Bakony.Kern.2009,units carry no axis information,NA,WEB-d61d9-421b-4e4e-9627-9e3ca,year,count/yr,258,1746,2003
CandelariaNewMexico.Olivera.2019,units carry no axis information,NA,WEB-fc902-0197-4fb2-ad69-145f8,year,unitless,2014,2,2015
CarreriMalal_Hadad_2016,units carry no axis information,NA,WEB-322a8-7086-4267-9736-5318c,year,year,260,1751,2010
CentralMexico.Sthale.2011,units carry no axis information,NA,missRaIcjhZ9nb3GkOPzj,year,year,1238,771,2008
D66 ice core snow accumulation rate,units carry no axis information,NA,WEB-99345-2cb0-49ad-a3ed-fc3de,year,year,140,1864,2003
EasternAmazonBasin.GuimaraesPereira.2025,units carry no axis information,NA,missR2668ZVfYs74WyTRN,year,year,132,1885,2016
EasternEquatorialAmazon.GranatoSouza.2018,units carry no axis information,NA,WEB-473b7-b1a4-46de-8ce7-bf1e6,year,year,231,1786,2016
EasternUtah.Finley.2020,units carry no axis information,NA,RJJbqmXIKe3dQBd56,year,year,2116,-110,2005
Elk.Dean.2002,units carry no axis information,NA,WEB-630f1-3306-4208-affa-d9ccd,year,year,127,453,1908
EsternAmazon.Granato-Souza.2020,units carry no axis information,NA,WEB-ea857-1da6-4522-b815-91b17,year,year,258,1759,2016
GV2 ice core snow accumulation rate,units carry no axis information,NA,WEB-cd72e-93f5-402c-b0bf-f9bdb,year,year,334,1670,2003
GV5 ice core snow accumulation rate,units carry no axis information,NA,WEB-4c8d8-c36a-4bf8-9d6f-7331e,year,year,228,1777,2004
GV7 ice core snow accumulation rate,units carry no axis information,NA,WEB-c4e32-a30e-4a5a-8f06-70606,year,year,151,1854,2004
Hercules Névé ice core snow accumulation rate,units carry no axis information,NA,WEB-c6c17-5c2e-45c3-8405-0f944,year,year,223,1770,1992
IberianRange.Tejedor.2016,units carry no axis information,NA,RRyEYz8SO23OaEGXI,year,year,310,1694,2012
Kongtong.Fang.2012,units carry no axis information,NA,WEB-1edde-e5aa-4193-8a44-9a79b,year,count/yr,395,1615,2009
LakeBarrine.Li.2022,units carry no axis information,HoloceneAbruptChange,WEB-7b5aa-d690-4b03-baf5-29dd3,age,unitless,650,1445,18035
LakeElingamite.Barr.2014,units carry no axis information,hydroclimate2k,WEB-9a936-da59-41a7-a566-4e0dd,year,unitless,239,520,1843
LakeSurprise.Barr.2014,units carry no axis information,hydroclimate2k,WEB-87794-7d4e-403f-b4ee-7c758,year,unitless,250,577,1847
LittleWindy.Minckley.2012,units carry no axis information,HoloceneAbruptChange; HoloceneHydroclimate; wNAm,GHeece389e,year,unitless,240,11414,11414
MD01_2416.Gray.2018,units carry no axis information,PalMod,MD01_2416_TS_008,age,NA,1574,4.17,11.92
Manitoba.George.2002,units carry no axis information,NA,WEB-2a386-4116-48b0-b66f-19ff2,year,year,590,1409,1998
MitseroHills.Griggs.2013,units carry no axis information,NA,WEB-b0fc0-8038-4665-b312-88936,year,count/yr,180,1830,2009
Muna.Evans.2026,units carry no axis information,NA,WEB-144de-ae8c-4428-8409-ede9c,year,unitless,2005,1,2005
NegroRiver.Wang.2025,units carry no axis information,NA,missRj6m1m9ExFVDWsvWT,year,year,827,1197,2023
NorthernPatagonia.Hadad.2021,units carry no axis information,NA,missR89QSWxXdrWvHOrLO,year,year,960,1055,2014
Olympus.Klesse.2015,units carry no axis information,NA,WEB-c0e43-405e-4d27-bc32-0972c,year,count/yr,394,1617,2010
Poprad.Bueantgen.2010,units carry no axis information,NA,WEB-82e24-d04c-4326-81d2-04f15,year,count/yr,273,1734,2006
PrimerosPinos_Hadad_2016,units carry no axis information,NA,missRxS664UYUAXCexkip,year,NA,316,1693,2008
Rebolledo.Hadad.2021,units carry no axis information,NA,WEB-592b1-eb19-43cc-8585-a450d,year,year,962,1055,2016
RioAlumineOeste.Hadad.2021,units carry no axis information,NA,WEB-d8efe-6c64-411d-9d85-9efe1,year,year,905,1112,2016
Rystad.Vorren.2012,units carry no axis information,HoloceneAbruptChange; HoloceneHydroclimate; RapidArcticWarming,LPD5f387c0c,age,needstobechanged,297,32,479
Rystad.Vorren.2012,units carry no axis information,HoloceneAbruptChange; HoloceneHydroclimate; RapidArcticWarming,LPD70878a8b,age,needstobechanged,297,24,274
SJordan.Touchan.1999,units carry no axis information,NA,WEB-77348-9fd7-4cbf-aca0-6f841,year,count/yr,396,1600,1995
Skuleskogen.Stridbeck.2026,units carry no axis information,NA,WEB-448cc-6e87-41f0-877a-45e53,year,count/yr,702,1320,2021
SouthernAmazonBasin.Lopez.2017,units carry no axis information,NA,missRvu8K5kxtWTEBtkIi,year,year,214,1799,2012
Taiwan.Sun.2021,units carry no axis information,NA,WEB-6b540-5bff-4f04-9fdc-8bba0,year,year,748,1259,2006
Talos Dome ice core snow accumulation rate,units carry no axis information,NA,WEB-49691-85ab-495d-83b6-858ee,year,year,794,1213,2010
Thailand.Xu.2019,units carry no axis information,NA,R6ibP9TWkhfyJ4sSn,year,year,202,1804,2005
Uturunco.Morales.2012,units carry no axis information,NA,WEB-7f9be-9162-4c6e-8024-39da7,year,count/yr,694,1313,2006
Vietnam.Buckley.2010,units carry no axis information,NA,WEB-02950-cfa8-44c5-b8a6-eeb96,year,year,758,1250,2007
WCyprus.Griggs.2013,units carry no axis information,NA,WEB-25b39-33d6-4d9c-acfc-95ba4,year,count/yr,257,1750,2006
Yanou.Foster.2016,units carry no axis information,HoloceneAbruptChange; Temp12k; Temp24k,WEB77ba139b,age,unitless,41,-57,5992
Yanou.Foster.2016,units carry no axis information,HoloceneAbruptChange; Temp12k; Temp24k,WEB07d35f61,age,unitless,41,-57,5998
Yanou.Foster.2016,units carry no axis information,HoloceneAbruptChange; Temp12k; Temp24k,WEB53bb9c33,year,unitless,41,-4048,2007
Zaca.Kirby.2014,units carry no axis information,NA,WEB-c0e2e-5c45-4c0b-9947-c6636,year,year,873,-57.7,3000.9
Zimbawe.Therrell.2006,units carry no axis information,NA,missReRnhlHVFE2JA7FOK,year,NA,201,1796,1996
