dataSetName,column,key,wanted,has
AL03DAV01_1,year,coralExtensionRate,CoralHydro2k;GBRCD,
AL03DAV01_1,year,coralExtensionRateNotes,CoralHydro2k;GBRCD,
AL03DAV01_1,year,coralTissueThickness,CoralHydro2k;GBRCD,
AL03DAV01_1,year,gbr14CDate,GBRCD,
AL03DAV01_1,year,gbr14CDateUncertainty,GBRCD,
AL03DAV01_1,year,gbrChronologyNotes,GBRCD,
AL03DAV01_1,year,gbrDataCoverageGroup,GBRCD,
AL03DAV01_1,year,gbrIsAnomaly,GBRCD,
AL03DAV01_1,year,gbrIsDatabaseDuplicate,GBRCD,
AL03DAV01_1,year,gbrUThDate,GBRCD,
AL03DAV01_1,year,gbrUThDateUncertainty,GBRCD,
AL03DAV01_1,year,jcpMeasured,CoralHydro2k;GBRCD,
AL03DAV01_1,year,jcpUsed,CoralHydro2k;GBRCD,
AL03DAV01_2,year,coralExtensionRate,CoralHydro2k;GBRCD,
AL03DAV01_2,year,coralExtensionRateNotes,CoralHydro2k;GBRCD,
AL03DAV01_2,year,coralTissueThickness,CoralHydro2k;GBRCD,
AL03DAV01_2,year,gbr14CDate,GBRCD,
AL03DAV01_2,year,gbr14CDateUncertainty,GBRCD,
AL03DAV01_2,year,gbrChronologyNotes,GBRCD,
AL03DAV01_2,year,gbrDataCoverageGroup,GBRCD,
AL03DAV01_2,year,gbrIsAnomaly,GBRCD,
AL03DAV01_2,year,gbrIsDatabaseDuplicate,GBRCD,
AL03DAV01_2,year,gbrUThDate,GBRCD,
AL03DAV01_2,year,gbrUThDateUncertainty,GBRCD,
AL03DAV01_2,year,jcpMeasured,CoralHydro2k;GBRCD,
AL03DAV01_2,year,jcpUsed,CoralHydro2k;GBRCD,
AL03PAN01_1,year,coralExtensionRate,CoralHydro2k;GBRCD,
AL03PAN01_1,year,coralExtensionRateNotes,CoralHydro2k;GBRCD,
AL03PAN01_1,year,coralTissueThickness,CoralHydro2k;GBRCD,
AL03PAN01_1,year,gbr14CDate,GBRCD,
AL03PAN01_1,year,gbr14CDateUncertainty,GBRCD,
AL03PAN01_1,year,gbrChronologyNotes,GBRCD,
AL03PAN01_1,year,gbrDataCoverageGroup,GBRCD,
AL03PAN01_1,year,gbrIsAnomaly,GBRCD,
AL03PAN01_1,year,gbrIsDatabaseDuplicate,GBRCD,
AL03PAN01_1,year,gbrUThDate,GBRCD,
AL03PAN01_1,year,gbrUThDateUncertainty,GBRCD,
AL03PAN01_1,year,jcpMeasured,CoralHydro2k;GBRCD,
AL03PAN01_1,year,jcpUsed,CoralHydro2k;GBRCD,
AL03PAN01_2,year,coralExtensionRate,CoralHydro2k;GBRCD,
AL03PAN01_2,year,coralExtensionRateNotes,CoralHydro2k;GBRCD,
AL03PAN01_2,year,coralTissueThickness,CoralHydro2k;GBRCD,
AL03PAN01_2,year,gbr14CDate,GBRCD,
AL03PAN01_2,year,gbr14CDateUncertainty,GBRCD,
AL03PAN01_2,year,gbrChronologyNotes,GBRCD,
AL03PAN01_2,year,gbrDataCoverageGroup,GBRCD,
AL03PAN01_2,year,gbrIsAnomaly,GBRCD,
AL03PAN01_2,year,gbrIsDatabaseDuplicate,GBRCD,
AL03PAN01_2,year,gbrUThDate,GBRCD,
AL03PAN01_2,year,gbrUThDateUncertainty,GBRCD,
AL03PAN01_2,year,jcpMeasured,CoralHydro2k;GBRCD,
AL03PAN01_2,year,jcpUsed,CoralHydro2k;GBRCD,
AL03PAN01_3,year,coralExtensionRate,CoralHydro2k;GBRCD,
AL03PAN01_3,year,coralExtensionRateNotes,CoralHydro2k;GBRCD,
AL03PAN01_3,year,coralTissueThickness,CoralHydro2k;GBRCD,
AL03PAN01_3,year,gbr14CDate,GBRCD,
AL03PAN01_3,year,gbr14CDateUncertainty,GBRCD,
AL03PAN01_3,year,gbrChronologyNotes,GBRCD,
AL03PAN01_3,year,gbrDataCoverageGroup,GBRCD,
AL03PAN01_3,year,gbrIsAnomaly,GBRCD,
AL03PAN01_3,year,gbrIsDatabaseDuplicate,GBRCD,
AL03PAN01_3,year,gbrUThDate,GBRCD,
AL03PAN01_3,year,gbrUThDateUncertainty,GBRCD,
AL03PAN01_3,year,jcpMeasured,CoralHydro2k;GBRCD,
AL03PAN01_3,year,jcpUsed,CoralHydro2k;GBRCD,
AL03PAN01_4,year,coralExtensionRate,CoralHydro2k;GBRCD,
AL03PAN01_4,year,coralExtensionRateNotes,CoralHydro2k;GBRCD,
AL03PAN01_4,year,coralTissueThickness,CoralHydro2k;GBRCD,
AL03PAN01_4,year,gbr14CDate,GBRCD,
AL03PAN01_4,year,gbr14CDateUncertainty,GBRCD,
AL03PAN01_4,year,gbrChronologyNotes,GBRCD,
AL03PAN01_4,year,gbrDataCoverageGroup,GBRCD,
AL03PAN01_4,year,gbrIsAnomaly,GBRCD,
AL03PAN01_4,year,gbrIsDatabaseDuplicate,GBRCD,
AL03PAN01_4,year,gbrUThDate,GBRCD,
AL03PAN01_4,year,gbrUThDateUncertainty,GBRCD,
AL03PAN01_4,year,jcpMeasured,CoralHydro2k;GBRCD,
AL03PAN01_4,year,jcpUsed,CoralHydro2k;GBRCD,
AR24DIP01,year,coralExtensionRate,CoralHydro2k;GBRCD,
AR24DIP01,year,coralTissueThickness,CoralHydro2k;GBRCD,
AR24DIP01,year,gbr14CDate,GBRCD,
AR24DIP01,year,gbr14CDateUncertainty,GBRCD,
AR24DIP01,year,gbrChronologyNotes,GBRCD,
AR24DIP01,year,gbrDataCoverageGroup,GBRCD,
AR24DIP01,year,gbrIsAnomaly,GBRCD,
AR24DIP01,year,gbrIsDatabaseDuplicate,GBRCD,
AR24DIP01,year,gbrUThDate,GBRCD,
AR24DIP01,year,gbrUThDateUncertainty,GBRCD,
AR24DIP01,year,jcpMeasured,CoralHydro2k;GBRCD,
AR24DIP01,year,jcpUsed,CoralHydro2k;GBRCD,
AR24OTI01,year,coralExtensionRate,CoralHydro2k;GBRCD,
AR24OTI01,year,coralExtensionRateNotes,CoralHydro2k;GBRCD,
AR24OTI01,year,coralTissueThickness,CoralHydro2k;GBRCD,
AR24OTI01,year,gbr14CDate,GBRCD,
AR24OTI01,year,gbr14CDateUncertainty,GBRCD,
AR24OTI01,year,gbrChronologyNotes,GBRCD,
AR24OTI01,year,gbrDataCoverageGroup,GBRCD,
AR24OTI01,year,gbrIsAnomaly,GBRCD,
AR24OTI01,year,gbrIsDatabaseDuplicate,GBRCD,
AR24OTI01,year,gbrUThDate,GBRCD,
AR24OTI01,year,gbrUThDateUncertainty,GBRCD,
AR24OTI01,year,jcpMeasured,CoralHydro2k;GBRCD,
AR24OTI01,year,jcpUsed,CoralHydro2k;GBRCD,
AR24OTI02,year,coralExtensionRate,CoralHydro2k;GBRCD,
AR24OTI02,year,coralTissueThickness,CoralHydro2k;GBRCD,
AR24OTI02,year,gbr14CDate,GBRCD,
AR24OTI02,year,gbr14CDateUncertainty,GBRCD,
AR24OTI02,year,gbrChronologyNotes,GBRCD,
AR24OTI02,year,gbrDataCoverageGroup,GBRCD,
AR24OTI02,year,gbrIsAnomaly,GBRCD,
AR24OTI02,year,gbrIsDatabaseDuplicate,GBRCD,
AR24OTI02,year,gbrUThDate,GBRCD,
AR24OTI02,year,gbrUThDateUncertainty,GBRCD,
AR24OTI02,year,jcpMeasured,CoralHydro2k;GBRCD,
AR24OTI02,year,jcpUsed,CoralHydro2k;GBRCD,
AR24OTI03,year,coralExtensionRate,CoralHydro2k;GBRCD,
AR24OTI03,year,coralTissueThickness,CoralHydro2k;GBRCD,
AR24OTI03,year,gbr14CDate,GBRCD,
AR24OTI03,year,gbr14CDateUncertainty,GBRCD,
AR24OTI03,year,gbrChronologyNotes,GBRCD,
AR24OTI03,year,gbrDataCoverageGroup,GBRCD,
AR24OTI03,year,gbrIsAnomaly,GBRCD,
AR24OTI03,year,gbrIsDatabaseDuplicate,GBRCD,
AR24OTI03,year,gbrUThDate,GBRCD,
AR24OTI03,year,gbrUThDateUncertainty,GBRCD,
AR24OTI03,year,jcpMeasured,CoralHydro2k;GBRCD,
AR24OTI03,year,jcpUsed,CoralHydro2k;GBRCD,
AR24OTI04,year,coralExtensionRate,CoralHydro2k;GBRCD,
AR24OTI04,year,coralTissueThickness,CoralHydro2k;GBRCD,
AR24OTI04,year,gbr14CDate,GBRCD,
AR24OTI04,year,gbr14CDateUncertainty,GBRCD,
AR24OTI04,year,gbrChronologyNotes,GBRCD,
AR24OTI04,year,gbrDataCoverageGroup,GBRCD,
AR24OTI04,year,gbrDatingNotes,GBRCD,
AR24OTI04,year,gbrIsAnomaly,GBRCD,
AR24OTI04,year,gbrIsDatabaseDuplicate,GBRCD,
AR24OTI04,year,gbrUThDate,GBRCD,
AR24OTI04,year,gbrUThDateUncertainty,GBRCD,
AR24OTI04,year,jcpMeasured,CoralHydro2k;GBRCD,
AR24OTI04,year,jcpUsed,CoralHydro2k;GBRCD,
AR24OTI05,year,coralExtensionRate,CoralHydro2k;GBRCD,
AR24OTI05,year,coralTissueThickness,CoralHydro2k;GBRCD,
AR24OTI05,year,gbr14CDate,GBRCD,
AR24OTI05,year,gbr14CDateUncertainty,GBRCD,
AR24OTI05,year,gbrChronologyNotes,GBRCD,
AR24OTI05,year,gbrDataCoverageGroup,GBRCD,
AR24OTI05,year,gbrDatingNotes,GBRCD,
AR24OTI05,year,gbrIsAnomaly,GBRCD,
AR24OTI05,year,gbrIsDatabaseDuplicate,GBRCD,
AR24OTI05,year,gbrUThDate,GBRCD,
AR24OTI05,year,gbrUThDateUncertainty,GBRCD,
AR24OTI05,year,jcpMeasured,CoralHydro2k;GBRCD,
AR24OTI05,year,jcpUsed,CoralHydro2k;GBRCD,
AR24SLY01,year,coralExtensionRate,CoralHydro2k;GBRCD,
AR24SLY01,year,coralTissueThickness,CoralHydro2k;GBRCD,
AR24SLY01,year,gbr14CDate,GBRCD,
AR24SLY01,year,gbr14CDateUncertainty,GBRCD,
AR24SLY01,year,gbrChronologyNotes,GBRCD,
AR24SLY01,year,gbrDataCoverageGroup,GBRCD,
AR24SLY01,year,gbrIsAnomaly,GBRCD,
AR24SLY01,year,gbrIsDatabaseDuplicate,GBRCD,
AR24SLY01,year,gbrUThDate,GBRCD,
AR24SLY01,year,gbrUThDateUncertainty,GBRCD,
AR24SLY01,year,jcpMeasured,CoralHydro2k;GBRCD,
AR24SLY01,year,jcpUsed,CoralHydro2k;GBRCD,
BR17HER01,year,coralExtensionRate,CoralHydro2k;GBRCD,
BR17HER01,year,coralExtensionRateNotes,CoralHydro2k;GBRCD,
BR17HER01,year,coralTissueThickness,CoralHydro2k;GBRCD,
BR17HER01,year,gbr14CDate,GBRCD,
BR17HER01,year,gbr14CDateUncertainty,GBRCD,
BR17HER01,year,gbrChronologyNotes,GBRCD,
BR17HER01,year,gbrDataCoverageGroup,GBRCD,
BR17HER01,year,gbrIsAnomaly,GBRCD,
BR17HER01,year,gbrIsDatabaseDuplicate,GBRCD,
BR17HER01,year,gbrUThDate,GBRCD,
BR17HER01,year,gbrUThDateUncertainty,GBRCD,
BR17HER01,year,jcpMeasured,CoralHydro2k;GBRCD,
BR17HER01,year,jcpUsed,CoralHydro2k;GBRCD,
BR17HER02,year,coralExtensionRate,CoralHydro2k;GBRCD,
BR17HER02,year,coralExtensionRateNotes,CoralHydro2k;GBRCD,
BR17HER02,year,coralTissueThickness,CoralHydro2k;GBRCD,
BR17HER02,year,gbr14CDate,GBRCD,
BR17HER02,year,gbr14CDateUncertainty,GBRCD,
BR17HER02,year,gbrChronologyNotes,GBRCD,
BR17HER02,year,gbrDataCoverageGroup,GBRCD,
BR17HER02,year,gbrIsAnomaly,GBRCD,
BR17HER02,year,gbrIsDatabaseDuplicate,GBRCD,
BR17HER02,year,gbrUThDate,GBRCD,
BR17HER02,year,gbrUThDateUncertainty,GBRCD,
BR17HER02,year,jcpMeasured,CoralHydro2k;GBRCD,
BR17HER02,year,jcpUsed,CoralHydro2k;GBRCD,
BR17HER03,year,coralExtensionRate,CoralHydro2k;GBRCD,
BR17HER03,year,coralExtensionRateNotes,CoralHydro2k;GBRCD,
BR17HER03,year,coralTissueThickness,CoralHydro2k;GBRCD,
BR17HER03,year,gbr14CDate,GBRCD,
BR17HER03,year,gbr14CDateUncertainty,GBRCD,
BR17HER03,year,gbrChronologyNotes,GBRCD,
BR17HER03,year,gbrDataCoverageGroup,GBRCD,
BR17HER03,year,gbrIsAnomaly,GBRCD,
BR17HER03,year,gbrIsDatabaseDuplicate,GBRCD,
BR17HER03,year,gbrUThDate,GBRCD,
BR17HER03,year,gbrUThDateUncertainty,GBRCD,
BR17HER03,year,jcpMeasured,CoralHydro2k;GBRCD,
BR17HER03,year,jcpUsed,CoralHydro2k;GBRCD,
BR17HER04,year,coralExtensionRate,CoralHydro2k;GBRCD,
BR17HER04,year,coralExtensionRateNotes,CoralHydro2k;GBRCD,
BR17HER04,year,coralTissueThickness,CoralHydro2k;GBRCD,
BR17HER04,year,gbr14CDate,GBRCD,
BR17HER04,year,gbr14CDateUncertainty,GBRCD,
BR17HER04,year,gbrChronologyNotes,GBRCD,
BR17HER04,year,gbrDataCoverageGroup,GBRCD,
BR17HER04,year,gbrIsAnomaly,GBRCD,
BR17HER04,year,gbrIsDatabaseDuplicate,GBRCD,
BR17HER04,year,gbrUThDate,GBRCD,
BR17HER04,year,gbrUThDateUncertainty,GBRCD,
BR17HER04,year,jcpMeasured,CoralHydro2k;GBRCD,
BR17HER04,year,jcpUsed,CoralHydro2k;GBRCD,
BR17HER05,year,coralExtensionRate,CoralHydro2k;GBRCD,
BR17HER05,year,coralExtensionRateNotes,CoralHydro2k;GBRCD,
BR17HER05,year,coralTissueThickness,CoralHydro2k;GBRCD,
BR17HER05,year,gbr14CDate,GBRCD,
BR17HER05,year,gbr14CDateUncertainty,GBRCD,
BR17HER05,year,gbrChronologyNotes,GBRCD,
BR17HER05,year,gbrDataCoverageGroup,GBRCD,
BR17HER05,year,gbrIsAnomaly,GBRCD,
BR17HER05,year,gbrIsDatabaseDuplicate,GBRCD,
BR17HER05,year,gbrUThDate,GBRCD,
BR17HER05,year,gbrUThDateUncertainty,GBRCD,
BR17HER05,year,jcpMeasured,CoralHydro2k;GBRCD,
BR17HER05,year,jcpUsed,CoralHydro2k;GBRCD,
CA07FLI01,year,coralExtensionRate,CoralHydro2k;GBRCD,
CA07FLI01,year,coralExtensionRateNotes,CoralHydro2k;GBRCD,
CA07FLI01,year,coralTissueThickness,CoralHydro2k;GBRCD,
CA07FLI01,year,gbr14CDate,GBRCD,
CA07FLI01,year,gbr14CDateUncertainty,GBRCD,
CA07FLI01,year,gbrChronologyNotes,GBRCD,
CA07FLI01,year,gbrDataCoverageGroup,GBRCD,
CA07FLI01,year,gbrIsAnomaly,GBRCD,
CA07FLI01,year,gbrIsDatabaseDuplicate,GBRCD,
CA07FLI01,year,gbrUThDate,GBRCD,
CA07FLI01,year,gbrUThDateUncertainty,GBRCD,
CA07FLI01,year,jcpMeasured,CoralHydro2k;GBRCD,
CA07FLI01,year,jcpUsed,CoralHydro2k;GBRCD,
CH93SLY01,year,coralExtensionRate,CoralHydro2k;GBRCD,
CH93SLY01,year,coralExtensionRateNotes,CoralHydro2k;GBRCD,
CH93SLY01,year,coralTissueThickness,CoralHydro2k;GBRCD,
CH93SLY01,year,gbr14CDate,GBRCD,
CH93SLY01,year,gbr14CDateUncertainty,GBRCD,
CH93SLY01,year,gbrChronologyNotes,GBRCD,
CH93SLY01,year,gbrDataCoverageGroup,GBRCD,
CH93SLY01,year,gbrIsAnomaly,GBRCD,
CH93SLY01,year,gbrIsDatabaseDuplicate,GBRCD,
CH93SLY01,year,gbrUThDate,GBRCD,
CH93SLY01,year,gbrUThDateUncertainty,GBRCD,
CH93SLY01,year,jcpMeasured,CoralHydro2k;GBRCD,
CH93SLY01,year,jcpUsed,CoralHydro2k;GBRCD,
CH93SLY02,year,coralExtensionRate,CoralHydro2k;GBRCD,
CH93SLY02,year,coralExtensionRateNotes,CoralHydro2k;GBRCD,
CH93SLY02,year,coralTissueThickness,CoralHydro2k;GBRCD,
CH93SLY02,year,gbr14CDate,GBRCD,
CH93SLY02,year,gbr14CDateUncertainty,GBRCD,
CH93SLY02,year,gbrChronologyNotes,GBRCD,
CH93SLY02,year,gbrDataCoverageGroup,GBRCD,
CH93SLY02,year,gbrIsAnomaly,GBRCD,
CH93SLY02,year,gbrIsDatabaseDuplicate,GBRCD,
CH93SLY02,year,gbrUThDate,GBRCD,
CH93SLY02,year,gbrUThDateUncertainty,GBRCD,
CH93SLY02,year,jcpMeasured,CoralHydro2k;GBRCD,
CH93SLY02,year,jcpUsed,CoralHydro2k;GBRCD,
DE14ARL01,year,coralExtensionRate,CoralHydro2k;GBRCD,
DE14ARL01,year,coralExtensionRateNotes,CoralHydro2k;GBRCD,
DE14ARL01,year,coralTissueThickness,CoralHydro2k;GBRCD,
DE14ARL01,year,gbr14CDate,GBRCD,
DE14ARL01,year,gbr14CDateUncertainty,GBRCD,
DE14ARL01,year,gbrChronologyNotes,GBRCD,
DE14ARL01,year,gbrDataCoverageGroup,GBRCD,
DE14ARL01,year,gbrIsAnomaly,GBRCD,
DE14ARL01,year,gbrIsDatabaseDuplicate,GBRCD,
DE14ARL01,year,gbrUThDate,GBRCD,
DE14ARL01,year,gbrUThDateUncertainty,GBRCD,
DE14ARL01,year,jcpMeasured,CoralHydro2k;GBRCD,
DE14ARL01,year,jcpUsed,CoralHydro2k;GBRCD,
DE14ARL02,year,coralExtensionRate,CoralHydro2k;GBRCD,
DE14ARL02,year,coralExtensionRateNotes,CoralHydro2k;GBRCD,
DE14ARL02,year,coralTissueThickness,CoralHydro2k;GBRCD,
DE14ARL02,year,gbr14CDate,GBRCD,
DE14ARL02,year,gbr14CDateUncertainty,GBRCD,
DE14ARL02,year,gbrChronologyNotes,GBRCD,
DE14ARL02,year,gbrDataCoverageGroup,GBRCD,
DE14ARL02,year,gbrIsAnomaly,GBRCD,
DE14ARL02,year,gbrIsDatabaseDuplicate,GBRCD,
DE14ARL02,year,gbrUThDate,GBRCD,
DE14ARL02,year,gbrUThDateUncertainty,GBRCD,
DE14ARL02,year,jcpMeasured,CoralHydro2k;GBRCD,
DE14ARL02,year,jcpUsed,CoralHydro2k;GBRCD,
DO15GBR01,year,coralExtensionRate,CoralHydro2k;GBRCD,
DO15GBR01,year,coralExtensionRateNotes,CoralHydro2k;GBRCD,
DO15GBR01,year,coralTissueThickness,CoralHydro2k;GBRCD,
DO15GBR01,year,gbr14CDate,GBRCD,
DO15GBR01,year,gbr14CDateUncertainty,GBRCD,
DO15GBR01,year,gbrChronologyNotes,GBRCD,
DO15GBR01,year,gbrDataCoverageGroup,GBRCD,
DO15GBR01,year,gbrIsAnomaly,GBRCD,
DO15GBR01,year,gbrIsDatabaseDuplicate,GBRCD,
DO15GBR01,year,gbrUThDate,GBRCD,
DO15GBR01,year,gbrUThDateUncertainty,GBRCD,
DO15GBR01,year,jcpMeasured,CoralHydro2k;GBRCD,
DO15GBR01,year,jcpUsed,CoralHydro2k;GBRCD,
DO15HAV01,year,coralExtensionRate,CoralHydro2k;GBRCD,
DO15HAV01,year,coralExtensionRateNotes,CoralHydro2k;GBRCD,
DO15HAV01,year,coralTissueThickness,CoralHydro2k;GBRCD,
DO15HAV01,year,gbr14CDate,GBRCD,
DO15HAV01,year,gbr14CDateUncertainty,GBRCD,
DO15HAV01,year,gbrChronologyNotes,GBRCD,
DO15HAV01,year,gbrDataCoverageGroup,GBRCD,
DO15HAV01,year,gbrIsAnomaly,GBRCD,
DO15HAV01,year,gbrIsDatabaseDuplicate,GBRCD,
DO15HAV01,year,gbrUThDate,GBRCD,
DO15HAV01,year,gbrUThDateUncertainty,GBRCD,
DO15HAV01,year,jcpMeasured,CoralHydro2k;GBRCD,
DO15HAV01,year,jcpUsed,CoralHydro2k;GBRCD,
DO15HAV02,year,coralExtensionRate,CoralHydro2k;GBRCD,
DO15HAV02,year,coralExtensionRateNotes,CoralHydro2k;GBRCD,
DO15HAV02,year,coralTissueThickness,CoralHydro2k;GBRCD,
DO15HAV02,year,gbr14CDate,GBRCD,
DO15HAV02,year,gbr14CDateUncertainty,GBRCD,
DO15HAV02,year,gbrChronologyNotes,GBRCD,
DO15HAV02,year,gbrDataCoverageGroup,GBRCD,
DO15HAV02,year,gbrIsAnomaly,GBRCD,
DO15HAV02,year,gbrIsDatabaseDuplicate,GBRCD,
DO15HAV02,year,gbrUThDate,GBRCD,
DO15HAV02,year,gbrUThDateUncertainty,GBRCD,
DO15HAV02,year,jcpMeasured,CoralHydro2k;GBRCD,
DO15HAV02,year,jcpUsed,CoralHydro2k;GBRCD,
DO15HAV03,year,coralExtensionRate,CoralHydro2k;GBRCD,
DO15HAV03,year,coralTissueThickness,CoralHydro2k;GBRCD,
DO15HAV03,year,gbr14CDate,GBRCD,
DO15HAV03,year,gbr14CDateUncertainty,GBRCD,
DO15HAV03,year,gbrChronologyNotes,GBRCD,
DO15HAV03,year,gbrDataCoverageGroup,GBRCD,
DO15HAV03,year,gbrIsAnomaly,GBRCD,
DO15HAV03,year,gbrIsDatabaseDuplicate,GBRCD,
DO15HAV03,year,gbrUThDate,GBRCD,
DO15HAV03,year,gbrUThDateUncertainty,GBRCD,
DO15HAV03,year,jcpMeasured,CoralHydro2k;GBRCD,
DO15HAV03,year,jcpUsed,CoralHydro2k;GBRCD,
DO15PAN01,year,coralExtensionRate,CoralHydro2k;GBRCD,
DO15PAN01,year,coralTissueThickness,CoralHydro2k;GBRCD,
DO15PAN01,year,gbr14CDate,GBRCD,
DO15PAN01,year,gbr14CDateUncertainty,GBRCD,
DO15PAN01,year,gbrChronologyNotes,GBRCD,
DO15PAN01,year,gbrDataCoverageGroup,GBRCD,
DO15PAN01,year,gbrIsAnomaly,GBRCD,
DO15PAN01,year,gbrIsDatabaseDuplicate,GBRCD,
DO15PAN01,year,gbrUThDate,GBRCD,
DO15PAN01,year,gbrUThDateUncertainty,GBRCD,
DO15PAN01,year,jcpMeasured,CoralHydro2k;GBRCD,
DO15PAN01,year,jcpUsed,CoralHydro2k;GBRCD,
DO15RIB01,year,coralExtensionRate,CoralHydro2k;GBRCD,
DO15RIB01,year,coralExtensionRateNotes,CoralHydro2k;GBRCD,
DO15RIB01,year,coralTissueThickness,CoralHydro2k;GBRCD,
DO15RIB01,year,gbr14CDate,GBRCD,
DO15RIB01,year,gbr14CDateUncertainty,GBRCD,
DO15RIB01,year,gbrChronologyNotes,GBRCD,
DO15RIB01,year,gbrDataCoverageGroup,GBRCD,
DO15RIB01,year,gbrIsAnomaly,GBRCD,
DO15RIB01,year,gbrIsDatabaseDuplicate,GBRCD,
DO15RIB01,year,gbrUThDate,GBRCD,
DO15RIB01,year,gbrUThDateUncertainty,GBRCD,
DO15RIB01,year,jcpMeasured,CoralHydro2k;GBRCD,
DO15RIB01,year,jcpUsed,CoralHydro2k;GBRCD,
DO17HAV01,year,coralExtensionRate,CoralHydro2k;GBRCD,
DO17HAV01,year,coralTissueThickness,CoralHydro2k;GBRCD,
DO17HAV01,year,gbr14CDate,GBRCD,
DO17HAV01,year,gbr14CDateUncertainty,GBRCD,
DO17HAV01,year,gbrChronologyNotes,GBRCD,
DO17HAV01,year,gbrDataCoverageGroup,GBRCD,
DO17HAV01,year,gbrIsAnomaly,GBRCD,
DO17HAV01,year,gbrIsDatabaseDuplicate,GBRCD,
DO17HAV01,year,gbrUThDate,GBRCD,
DO17HAV01,year,gbrUThDateUncertainty,GBRCD,
DO17HAV01,year,jcpMeasured,CoralHydro2k;GBRCD,
DO17HAV01,year,jcpUsed,CoralHydro2k;GBRCD,
DO17HAV02,year,coralExtensionRate,CoralHydro2k;GBRCD,
DO17HAV02,year,coralTissueThickness,CoralHydro2k;GBRCD,
DO17HAV02,year,gbr14CDate,GBRCD,
DO17HAV02,year,gbr14CDateUncertainty,GBRCD,
DO17HAV02,year,gbrChronologyNotes,GBRCD,
DO17HAV02,year,gbrDataCoverageGroup,GBRCD,
DO17HAV02,year,gbrIsAnomaly,GBRCD,
DO17HAV02,year,gbrIsDatabaseDuplicate,GBRCD,
DO17HAV02,year,gbrUThDate,GBRCD,
DO17HAV02,year,gbrUThDateUncertainty,GBRCD,
DO17HAV02,year,jcpMeasured,CoralHydro2k;GBRCD,
DO17HAV02,year,jcpUsed,CoralHydro2k;GBRCD,
DO17HAV03,year,coralExtensionRate,CoralHydro2k;GBRCD,
DO17HAV03,year,coralTissueThickness,CoralHydro2k;GBRCD,
DO17HAV03,year,gbr14CDate,GBRCD,
DO17HAV03,year,gbr14CDateUncertainty,GBRCD,
DO17HAV03,year,gbrChronologyNotes,GBRCD,
DO17HAV03,year,gbrDataCoverageGroup,GBRCD,
DO17HAV03,year,gbrIsAnomaly,GBRCD,
DO17HAV03,year,gbrIsDatabaseDuplicate,GBRCD,
DO17HAV03,year,gbrUThDate,GBRCD,
DO17HAV03,year,gbrUThDateUncertainty,GBRCD,
DO17HAV03,year,jcpMeasured,CoralHydro2k;GBRCD,
DO17HAV03,year,jcpUsed,CoralHydro2k;GBRCD,
DO17HAV04,year,coralExtensionRate,CoralHydro2k;GBRCD,
DO17HAV04,year,coralTissueThickness,CoralHydro2k;GBRCD,
DO17HAV04,year,gbr14CDate,GBRCD,
DO17HAV04,year,gbr14CDateUncertainty,GBRCD,
DO17HAV04,year,gbrChronologyNotes,GBRCD,
DO17HAV04,year,gbrDataCoverageGroup,GBRCD,
DO17HAV04,year,gbrIsAnomaly,GBRCD,
DO17HAV04,year,gbrIsDatabaseDuplicate,GBRCD,
DO17HAV04,year,gbrUThDate,GBRCD,
DO17HAV04,year,gbrUThDateUncertainty,GBRCD,
DO17HAV04,year,jcpMeasured,CoralHydro2k;GBRCD,
DO17HAV04,year,jcpUsed,CoralHydro2k;GBRCD,
DO18DAV01,year,coralExtensionRate,CoralHydro2k;GBRCD,
DO18DAV01,year,coralExtensionRateNotes,CoralHydro2k;GBRCD,
DO18DAV01,year,coralTissueThickness,CoralHydro2k;GBRCD,
DO18DAV01,year,gbr14CDate,GBRCD,
DO18DAV01,year,gbr14CDateUncertainty,GBRCD,
DO18DAV01,year,gbrChronologyNotes,GBRCD,
DO18DAV01,year,gbrDataCoverageGroup,GBRCD,
DO18DAV01,year,gbrIsAnomaly,GBRCD,
DO18DAV01,year,gbrIsDatabaseDuplicate,GBRCD,
DO18DAV01,year,gbrUThDate,GBRCD,
DO18DAV01,year,gbrUThDateUncertainty,GBRCD,
DO18DAV01,year,jcpMeasured,CoralHydro2k;GBRCD,
DO18DAV01,year,jcpUsed,CoralHydro2k;GBRCD,
DO18DAV02,year,coralExtensionRate,CoralHydro2k;GBRCD,
DO18DAV02,year,coralExtensionRateNotes,CoralHydro2k;GBRCD,
DO18DAV02,year,coralTissueThickness,CoralHydro2k;GBRCD,
DO18DAV02,year,gbr14CDate,GBRCD,
DO18DAV02,year,gbr14CDateUncertainty,GBRCD,
DO18DAV02,year,gbrChronologyNotes,GBRCD,
DO18DAV02,year,gbrDataCoverageGroup,GBRCD,
DO18DAV02,year,gbrIsAnomaly,GBRCD,
DO18DAV02,year,gbrIsDatabaseDuplicate,GBRCD,
DO18DAV02,year,gbrUThDate,GBRCD,
DO18DAV02,year,gbrUThDateUncertainty,GBRCD,
DO18DAV02,year,jcpMeasured,CoralHydro2k;GBRCD,
DO18DAV02,year,jcpUsed,CoralHydro2k;GBRCD,
DO18DAV03,year,coralExtensionRate,CoralHydro2k;GBRCD,
DO18DAV03,year,coralExtensionRateNotes,CoralHydro2k;GBRCD,
DO18DAV03,year,coralTissueThickness,CoralHydro2k;GBRCD,
DO18DAV03,year,gbr14CDate,GBRCD,
DO18DAV03,year,gbr14CDateUncertainty,GBRCD,
DO18DAV03,year,gbrChronologyNotes,GBRCD,
DO18DAV03,year,gbrDataCoverageGroup,GBRCD,
DO18DAV03,year,gbrIsAnomaly,GBRCD,
DO18DAV03,year,gbrIsDatabaseDuplicate,GBRCD,
DO18DAV03,year,gbrUThDate,GBRCD,
DO18DAV03,year,gbrUThDateUncertainty,GBRCD,
DO18DAV03,year,jcpMeasured,CoralHydro2k;GBRCD,
DO18DAV03,year,jcpUsed,CoralHydro2k;GBRCD,
DO18FIT01,year,coralExtensionRate,CoralHydro2k;GBRCD,
DO18FIT01,year,coralExtensionRateNotes,CoralHydro2k;GBRCD,
DO18FIT01,year,coralTissueThickness,CoralHydro2k;GBRCD,
DO18FIT01,year,gbr14CDate,GBRCD,
DO18FIT01,year,gbr14CDateUncertainty,GBRCD,
DO18FIT01,year,gbrChronologyNotes,GBRCD,
DO18FIT01,year,gbrDataCoverageGroup,GBRCD,
DO18FIT01,year,gbrIsAnomaly,GBRCD,
DO18FIT01,year,gbrIsDatabaseDuplicate,GBRCD,
DO18FIT01,year,gbrUThDate,GBRCD,
DO18FIT01,year,gbrUThDateUncertainty,GBRCD,
DO18FIT01,year,jcpMeasured,CoralHydro2k;GBRCD,
DO18FIT01,year,jcpUsed,CoralHydro2k;GBRCD,
DO18GBR01,year,coralExtensionRate,CoralHydro2k;GBRCD,
DO18GBR01,year,coralExtensionRateNotes,CoralHydro2k;GBRCD,
DO18GBR01,year,coralTissueThickness,CoralHydro2k;GBRCD,
DO18GBR01,year,gbr14CDate,GBRCD,
DO18GBR01,year,gbr14CDateUncertainty,GBRCD,
DO18GBR01,year,gbrChronologyNotes,GBRCD,
DO18GBR01,year,gbrDataCoverageGroup,GBRCD,
DO18GBR01,year,gbrIsAnomaly,GBRCD,
DO18GBR01,year,gbrIsDatabaseDuplicate,GBRCD,
DO18GBR01,year,gbrUThDate,GBRCD,
DO18GBR01,year,gbrUThDateUncertainty,GBRCD,
DO18GBR01,year,jcpMeasured,CoralHydro2k;GBRCD,
DO18GBR01,year,jcpUsed,CoralHydro2k;GBRCD,
DO18HAV01,year,coralExtensionRate,CoralHydro2k;GBRCD,
DO18HAV01,year,coralExtensionRateNotes,CoralHydro2k;GBRCD,
DO18HAV01,year,coralTissueThickness,CoralHydro2k;GBRCD,
DO18HAV01,year,gbr14CDate,GBRCD,
DO18HAV01,year,gbr14CDateUncertainty,GBRCD,
DO18HAV01,year,gbrChronologyNotes,GBRCD,
DO18HAV01,year,gbrDataCoverageGroup,GBRCD,
DO18HAV01,year,gbrIsAnomaly,GBRCD,
DO18HAV01,year,gbrIsDatabaseDuplicate,GBRCD,
DO18HAV01,year,gbrUThDate,GBRCD,
DO18HAV01,year,gbrUThDateUncertainty,GBRCD,
DO18HAV01,year,jcpMeasured,CoralHydro2k;GBRCD,
DO18HAV01,year,jcpUsed,CoralHydro2k;GBRCD,
DO18LIZ01,year,coralExtensionRate,CoralHydro2k;GBRCD,
DO18LIZ01,year,coralExtensionRateNotes,CoralHydro2k;GBRCD,
DO18LIZ01,year,coralTissueThickness,CoralHydro2k;GBRCD,
DO18LIZ01,year,gbr14CDate,GBRCD,
DO18LIZ01,year,gbr14CDateUncertainty,GBRCD,
DO18LIZ01,year,gbrChronologyNotes,GBRCD,
DO18LIZ01,year,gbrDataCoverageGroup,GBRCD,
DO18LIZ01,year,gbrIsAnomaly,GBRCD,
DO18LIZ01,year,gbrIsDatabaseDuplicate,GBRCD,
DO18LIZ01,year,gbrUThDate,GBRCD,
DO18LIZ01,year,gbrUThDateUncertainty,GBRCD,
DO18LIZ01,year,jcpMeasured,CoralHydro2k;GBRCD,
DO18LIZ01,year,jcpUsed,CoralHydro2k;GBRCD,
DO18MYR01,year,coralExtensionRate,CoralHydro2k;GBRCD,
DO18MYR01,year,coralExtensionRateNotes,CoralHydro2k;GBRCD,
DO18MYR01,year,coralTissueThickness,CoralHydro2k;GBRCD,
DO18MYR01,year,gbr14CDate,GBRCD,
DO18MYR01,year,gbr14CDateUncertainty,GBRCD,
DO18MYR01,year,gbrChronologyNotes,GBRCD,
DO18MYR01,year,gbrDataCoverageGroup,GBRCD,
DO18MYR01,year,gbrIsAnomaly,GBRCD,
DO18MYR01,year,gbrIsDatabaseDuplicate,GBRCD,
DO18MYR01,year,gbrUThDate,GBRCD,
DO18MYR01,year,gbrUThDateUncertainty,GBRCD,
DO18MYR01,year,jcpMeasured,CoralHydro2k;GBRCD,
DO18MYR01,year,jcpUsed,CoralHydro2k;GBRCD,
DO18MYR02,year,coralExtensionRate,CoralHydro2k;GBRCD,
DO18MYR02,year,coralExtensionRateNotes,CoralHydro2k;GBRCD,
DO18MYR02,year,coralTissueThickness,CoralHydro2k;GBRCD,
DO18MYR02,year,gbr14CDate,GBRCD,
DO18MYR02,year,gbr14CDateUncertainty,GBRCD,
DO18MYR02,year,gbrChronologyNotes,GBRCD,
DO18MYR02,year,gbrDataCoverageGroup,GBRCD,
DO18MYR02,year,gbrIsAnomaly,GBRCD,
DO18MYR02,year,gbrIsDatabaseDuplicate,GBRCD,
DO18MYR02,year,gbrUThDate,GBRCD,
DO18MYR02,year,gbrUThDateUncertainty,GBRCD,
DO18MYR02,year,jcpMeasured,CoralHydro2k;GBRCD,
DO18MYR02,year,jcpUsed,CoralHydro2k;GBRCD,
DO18MYR03,year,coralExtensionRate,CoralHydro2k;GBRCD,
DO18MYR03,year,coralExtensionRateNotes,CoralHydro2k;GBRCD,
DO18MYR03,year,coralTissueThickness,CoralHydro2k;GBRCD,
DO18MYR03,year,gbr14CDate,GBRCD,
DO18MYR03,year,gbr14CDateUncertainty,GBRCD,
DO18MYR03,year,gbrChronologyNotes,GBRCD,
DO18MYR03,year,gbrDataCoverageGroup,GBRCD,
DO18MYR03,year,gbrIsAnomaly,GBRCD,
DO18MYR03,year,gbrIsDatabaseDuplicate,GBRCD,
DO18MYR03,year,gbrUThDate,GBRCD,
DO18MYR03,year,gbrUThDateUncertainty,GBRCD,
DO18MYR03,year,jcpMeasured,CoralHydro2k;GBRCD,
DO18MYR03,year,jcpUsed,CoralHydro2k;GBRCD,
DO18MYR04,year,coralExtensionRate,CoralHydro2k;GBRCD,
DO18MYR04,year,coralExtensionRateNotes,CoralHydro2k;GBRCD,
DO18MYR04,year,coralTissueThickness,CoralHydro2k;GBRCD,
DO18MYR04,year,gbr14CDate,GBRCD,
DO18MYR04,year,gbr14CDateUncertainty,GBRCD,
DO18MYR04,year,gbrChronologyNotes,GBRCD,
DO18MYR04,year,gbrDataCoverageGroup,GBRCD,
DO18MYR04,year,gbrIsAnomaly,GBRCD,
DO18MYR04,year,gbrIsDatabaseDuplicate,GBRCD,
DO18MYR04,year,gbrUThDate,GBRCD,
DO18MYR04,year,gbrUThDateUncertainty,GBRCD,
DO18MYR04,year,jcpMeasured,CoralHydro2k;GBRCD,
DO18MYR04,year,jcpUsed,CoralHydro2k;GBRCD,
DO18RIB01,year,coralExtensionRate,CoralHydro2k;GBRCD,
DO18RIB01,year,coralExtensionRateNotes,CoralHydro2k;GBRCD,
DO18RIB01,year,coralTissueThickness,CoralHydro2k;GBRCD,
DO18RIB01,year,gbr14CDate,GBRCD,
DO18RIB01,year,gbr14CDateUncertainty,GBRCD,
DO18RIB01,year,gbrChronologyNotes,GBRCD,
DO18RIB01,year,gbrDataCoverageGroup,GBRCD,
DO18RIB01,year,gbrIsAnomaly,GBRCD,
DO18RIB01,year,gbrIsDatabaseDuplicate,GBRCD,
DO18RIB01,year,gbrUThDate,GBRCD,
DO18RIB01,year,gbrUThDateUncertainty,GBRCD,
DO18RIB01,year,jcpMeasured,CoralHydro2k;GBRCD,
DO18RIB01,year,jcpUsed,CoralHydro2k;GBRCD,
DO22ARL01,year,coralExtensionRate,CoralHydro2k;GBRCD,
DO22ARL01,year,coralTissueThickness,CoralHydro2k;GBRCD,
DO22ARL01,year,gbr14CDate,GBRCD,
DO22ARL01,year,gbr14CDateUncertainty,GBRCD,
DO22ARL01,year,gbrChronologyNotes,GBRCD,
DO22ARL01,year,gbrDataCoverageGroup,GBRCD,
DO22ARL01,year,gbrIsAnomaly,GBRCD,
DO22ARL01,year,gbrIsDatabaseDuplicate,GBRCD,
DO22ARL01,year,gbrUThDate,GBRCD,
DO22ARL01,year,gbrUThDateUncertainty,GBRCD,
DO22ARL01,year,jcpMeasured,CoralHydro2k;GBRCD,
DO22ARL01,year,jcpUsed,CoralHydro2k;GBRCD,
DO22BRT01,year,coralExtensionRate,CoralHydro2k;GBRCD,
DO22BRT01,year,coralTissueThickness,CoralHydro2k;GBRCD,
DO22BRT01,year,gbr14CDate,GBRCD,
DO22BRT01,year,gbr14CDateUncertainty,GBRCD,
DO22BRT01,year,gbrChronologyNotes,GBRCD,
DO22BRT01,year,gbrDataCoverageGroup,GBRCD,
DO22BRT01,year,gbrIsAnomaly,GBRCD,
DO22BRT01,year,gbrIsDatabaseDuplicate,GBRCD,
DO22BRT01,year,gbrUThDate,GBRCD,
DO22BRT01,year,gbrUThDateUncertainty,GBRCD,
DO22BRT01,year,jcpMeasured,CoralHydro2k;GBRCD,
DO22BRT01,year,jcpUsed,CoralHydro2k;GBRCD,
DO22FIT01,year,coralExtensionRate,CoralHydro2k;GBRCD,
DO22FIT01,year,coralTissueThickness,CoralHydro2k;GBRCD,
DO22FIT01,year,gbr14CDate,GBRCD,
DO22FIT01,year,gbr14CDateUncertainty,GBRCD,
DO22FIT01,year,gbrChronologyNotes,GBRCD,
DO22FIT01,year,gbrDataCoverageGroup,GBRCD,
DO22FIT01,year,gbrIsAnomaly,GBRCD,
DO22FIT01,year,gbrIsDatabaseDuplicate,GBRCD,
DO22FIT01,year,gbrUThDate,GBRCD,
DO22FIT01,year,gbrUThDateUncertainty,GBRCD,
DO22FIT01,year,jcpMeasured,CoralHydro2k;GBRCD,
DO22FIT01,year,jcpUsed,CoralHydro2k;GBRCD,
DO22FIT02,year,coralExtensionRate,CoralHydro2k;GBRCD,
DO22FIT02,year,coralTissueThickness,CoralHydro2k;GBRCD,
DO22FIT02,year,gbr14CDate,GBRCD,
DO22FIT02,year,gbr14CDateUncertainty,GBRCD,
DO22FIT02,year,gbrChronologyNotes,GBRCD,
DO22FIT02,year,gbrDataCoverageGroup,GBRCD,
DO22FIT02,year,gbrIsAnomaly,GBRCD,
DO22FIT02,year,gbrIsDatabaseDuplicate,GBRCD,
DO22FIT02,year,gbrUThDate,GBRCD,
DO22FIT02,year,gbrUThDateUncertainty,GBRCD,
DO22FIT02,year,jcpMeasured,CoralHydro2k;GBRCD,
DO22FIT02,year,jcpUsed,CoralHydro2k;GBRCD,
DO22HIG01,year,coralExtensionRate,CoralHydro2k;GBRCD,
DO22HIG01,year,coralTissueThickness,CoralHydro2k;GBRCD,
DO22HIG01,year,gbr14CDate,GBRCD,
DO22HIG01,year,gbr14CDateUncertainty,GBRCD,
DO22HIG01,year,gbrChronologyNotes,GBRCD,
DO22HIG01,year,gbrDataCoverageGroup,GBRCD,
DO22HIG01,year,gbrIsAnomaly,GBRCD,
DO22HIG01,year,gbrIsDatabaseDuplicate,GBRCD,
DO22HIG01,year,gbrUThDate,GBRCD,
DO22HIG01,year,gbrUThDateUncertainty,GBRCD,
DO22HIG01,year,jcpMeasured,CoralHydro2k;GBRCD,
DO22HIG01,year,jcpUsed,CoralHydro2k;GBRCD,
DO22HMP01,year,coralExtensionRate,CoralHydro2k;GBRCD,
DO22HMP01,year,coralTissueThickness,CoralHydro2k;GBRCD,
DO22HMP01,year,gbr14CDate,GBRCD,
DO22HMP01,year,gbr14CDateUncertainty,GBRCD,
DO22HMP01,year,gbrChronologyNotes,GBRCD,
DO22HMP01,year,gbrDataCoverageGroup,GBRCD,
DO22HMP01,year,gbrIsAnomaly,GBRCD,
DO22HMP01,year,gbrIsDatabaseDuplicate,GBRCD,
DO22HMP01,year,gbrUThDate,GBRCD,
DO22HMP01,year,gbrUThDateUncertainty,GBRCD,
DO22HMP01,year,jcpMeasured,CoralHydro2k;GBRCD,
DO22HMP01,year,jcpUsed,CoralHydro2k;GBRCD,
DO22MAG01,year,coralExtensionRate,CoralHydro2k;GBRCD,
DO22MAG01,year,coralTissueThickness,CoralHydro2k;GBRCD,
DO22MAG01,year,gbr14CDate,GBRCD,
DO22MAG01,year,gbr14CDateUncertainty,GBRCD,
DO22MAG01,year,gbrChronologyNotes,GBRCD,
DO22MAG01,year,gbrDataCoverageGroup,GBRCD,
DO22MAG01,year,gbrIsAnomaly,GBRCD,
DO22MAG01,year,gbrIsDatabaseDuplicate,GBRCD,
DO22MAG01,year,gbrUThDate,GBRCD,
DO22MAG01,year,gbrUThDateUncertainty,GBRCD,
DO22MAG01,year,jcpMeasured,CoralHydro2k;GBRCD,
DO22MAG01,year,jcpUsed,CoralHydro2k;GBRCD,
DO22OYS01,year,coralExtensionRate,CoralHydro2k;GBRCD,
DO22OYS01,year,coralTissueThickness,CoralHydro2k;GBRCD,
DO22OYS01,year,gbr14CDate,GBRCD,
DO22OYS01,year,gbr14CDateUncertainty,GBRCD,
DO22OYS01,year,gbrChronologyNotes,GBRCD,
DO22OYS01,year,gbrDataCoverageGroup,GBRCD,
DO22OYS01,year,gbrIsAnomaly,GBRCD,
DO22OYS01,year,gbrIsDatabaseDuplicate,GBRCD,
DO22OYS01,year,gbrUThDate,GBRCD,
DO22OYS01,year,gbrUThDateUncertainty,GBRCD,
DO22OYS01,year,jcpMeasured,CoralHydro2k;GBRCD,
DO22OYS01,year,jcpUsed,CoralHydro2k;GBRCD,
DO22PAN01,year,coralExtensionRate,CoralHydro2k;GBRCD,
DO22PAN01,year,coralTissueThickness,CoralHydro2k;GBRCD,
DO22PAN01,year,gbr14CDate,GBRCD,
DO22PAN01,year,gbr14CDateUncertainty,GBRCD,
DO22PAN01,year,gbrChronologyNotes,GBRCD,
DO22PAN01,year,gbrDataCoverageGroup,GBRCD,
DO22PAN01,year,gbrIsAnomaly,GBRCD,
DO22PAN01,year,gbrIsDatabaseDuplicate,GBRCD,
DO22PAN01,year,gbrUThDate,GBRCD,
DO22PAN01,year,gbrUThDateUncertainty,GBRCD,
DO22PAN01,year,jcpMeasured,CoralHydro2k;GBRCD,
DO22PAN01,year,jcpUsed,CoralHydro2k;GBRCD,
DO22PAN02,year,coralExtensionRate,CoralHydro2k;GBRCD,
DO22PAN02,year,coralTissueThickness,CoralHydro2k;GBRCD,
DO22PAN02,year,gbr14CDate,GBRCD,
DO22PAN02,year,gbr14CDateUncertainty,GBRCD,
DO22PAN02,year,gbrChronologyNotes,GBRCD,
DO22PAN02,year,gbrDataCoverageGroup,GBRCD,
DO22PAN02,year,gbrIsAnomaly,GBRCD,
DO22PAN02,year,gbrIsDatabaseDuplicate,GBRCD,
DO22PAN02,year,gbrUThDate,GBRCD,
DO22PAN02,year,gbrUThDateUncertainty,GBRCD,
DO22PAN02,year,jcpMeasured,CoralHydro2k;GBRCD,
DO22PAN02,year,jcpUsed,CoralHydro2k;GBRCD,
DR95LMI01,year,coralExtensionRate,CoralHydro2k;GBRCD,
DR95LMI01,year,coralTissueThickness,CoralHydro2k;GBRCD,
DR95LMI01,year,gbr14CDate,GBRCD,
DR95LMI01,year,gbr14CDateUncertainty,GBRCD,
DR95LMI01,year,gbrChronologyNotes,GBRCD,
DR95LMI01,year,gbrDataCoverageGroup,GBRCD,
DR95LMI01,year,gbrIsAnomaly,GBRCD,
DR95LMI01,year,gbrIsDatabaseDuplicate,GBRCD,
DR95LMI01,year,gbrUThDate,GBRCD,
DR95LMI01,year,gbrUThDateUncertainty,GBRCD,
DR95LMI01,year,jcpMeasured,CoralHydro2k;GBRCD,
DR95LMI01,year,jcpUsed,CoralHydro2k;GBRCD,
DR99ABR01_1,year,coralExtensionRate,CoralHydro2k;GBRCD,
DR99ABR01_1,year,coralTissueThickness,CoralHydro2k;GBRCD,
DR99ABR01_1,year,gbr14CDate,GBRCD,
DR99ABR01_1,year,gbr14CDateUncertainty,GBRCD,
DR99ABR01_1,year,gbrChronologyNotes,GBRCD,
DR99ABR01_1,year,gbrDataCoverageGroup,GBRCD,
DR99ABR01_1,year,gbrIsAnomaly,GBRCD,
DR99ABR01_1,year,gbrIsDatabaseDuplicate,GBRCD,
DR99ABR01_1,year,gbrUThDate,GBRCD,
DR99ABR01_1,year,gbrUThDateUncertainty,GBRCD,
DR99ABR01_1,year,jcpMeasured,CoralHydro2k;GBRCD,
DR99ABR01_1,year,jcpUsed,CoralHydro2k;GBRCD,
DR99ABR01_2,year,coralExtensionRate,CoralHydro2k;GBRCD,
DR99ABR01_2,year,coralTissueThickness,CoralHydro2k;GBRCD,
DR99ABR01_2,year,gbr14CDate,GBRCD,
DR99ABR01_2,year,gbr14CDateUncertainty,GBRCD,
DR99ABR01_2,year,gbrChronologyNotes,GBRCD,
DR99ABR01_2,year,gbrDataCoverageGroup,GBRCD,
DR99ABR01_2,year,gbrIsAnomaly,GBRCD,
DR99ABR01_2,year,gbrIsDatabaseDuplicate,GBRCD,
DR99ABR01_2,year,gbrUThDate,GBRCD,
DR99ABR01_2,year,gbrUThDateUncertainty,GBRCD,
DR99ABR01_2,year,jcpMeasured,CoralHydro2k;GBRCD,
DR99ABR01_2,year,jcpUsed,CoralHydro2k;GBRCD,
DR99ABR02,year,coralExtensionRate,CoralHydro2k;GBRCD,
DR99ABR02,year,coralTissueThickness,CoralHydro2k;GBRCD,
DR99ABR02,year,gbr14CDate,GBRCD,
DR99ABR02,year,gbr14CDateUncertainty,GBRCD,
DR99ABR02,year,gbrChronologyNotes,GBRCD,
DR99ABR02,year,gbrDataCoverageGroup,GBRCD,
DR99ABR02,year,gbrIsAnomaly,GBRCD,
DR99ABR02,year,gbrIsDatabaseDuplicate,GBRCD,
DR99ABR02,year,gbrUThDate,GBRCD,
DR99ABR02,year,gbrUThDateUncertainty,GBRCD,
DR99ABR02,year,jcpMeasured,CoralHydro2k;GBRCD,
DR99ABR02,year,jcpUsed,CoralHydro2k;GBRCD,
DR99HER01,year,coralExtensionRate,CoralHydro2k;GBRCD,
DR99HER01,year,coralTissueThickness,CoralHydro2k;GBRCD,
DR99HER01,year,gbr14CDate,GBRCD,
DR99HER01,year,gbr14CDateUncertainty,GBRCD,
DR99HER01,year,gbrChronologyNotes,GBRCD,
DR99HER01,year,gbrDataCoverageGroup,GBRCD,
DR99HER01,year,gbrIsAnomaly,GBRCD,
DR99HER01,year,gbrIsDatabaseDuplicate,GBRCD,
DR99HER01,year,gbrUThDate,GBRCD,
DR99HER01,year,gbrUThDateUncertainty,GBRCD,
DR99HER01,year,jcpMeasured,CoralHydro2k;GBRCD,
DR99HER01,year,jcpUsed,CoralHydro2k;GBRCD,
EL19OTI01,year,coralExtensionRate,CoralHydro2k;GBRCD,
EL19OTI01,year,coralExtensionRateNotes,CoralHydro2k;GBRCD,
EL19OTI01,year,coralTissueThickness,CoralHydro2k;GBRCD,
EL19OTI01,year,gbr14CDate,GBRCD,
EL19OTI01,year,gbr14CDateUncertainty,GBRCD,
EL19OTI01,year,gbrChronologyNotes,GBRCD,
EL19OTI01,year,gbrDataCoverageGroup,GBRCD,
EL19OTI01,year,gbrIsAnomaly,GBRCD,
EL19OTI01,year,gbrIsDatabaseDuplicate,GBRCD,
EL19OTI01,year,gbrUThDate,GBRCD,
EL19OTI01,year,gbrUThDateUncertainty,GBRCD,
EL19OTI01,year,jcpMeasured,CoralHydro2k;GBRCD,
EL19OTI01,year,jcpUsed,CoralHydro2k;GBRCD,
ER16MAG01,year,coralExtensionRate,CoralHydro2k;GBRCD,
ER16MAG01,year,coralExtensionRateNotes,CoralHydro2k;GBRCD,
ER16MAG01,year,coralTissueThickness,CoralHydro2k;GBRCD,
ER16MAG01,year,gbr14CDate,GBRCD,
ER16MAG01,year,gbr14CDateUncertainty,GBRCD,
ER16MAG01,year,gbrChronologyNotes,GBRCD,
ER16MAG01,year,gbrDataCoverageGroup,GBRCD,
ER16MAG01,year,gbrIsAnomaly,GBRCD,
ER16MAG01,year,gbrIsDatabaseDuplicate,GBRCD,
ER16MAG01,year,gbrUThDate,GBRCD,
ER16MAG01,year,gbrUThDateUncertainty,GBRCD,
ER16MAG01,year,jcpMeasured,CoralHydro2k;GBRCD,
ER16MAG01,year,jcpUsed,CoralHydro2k;GBRCD,
ER20HAV01,year,coralExtensionRate,CoralHydro2k;GBRCD,
ER20HAV01,year,coralTissueThickness,CoralHydro2k;GBRCD,
ER20HAV01,year,gbr14CDate,GBRCD,
ER20HAV01,year,gbr14CDateUncertainty,GBRCD,
ER20HAV01,year,gbrChronologyNotes,GBRCD,
ER20HAV01,year,gbrDataCoverageGroup,GBRCD,
ER20HAV01,year,gbrIsAnomaly,GBRCD,
ER20HAV01,year,gbrIsDatabaseDuplicate,GBRCD,
ER20HAV01,year,gbrUThDate,GBRCD,
ER20HAV01,year,gbrUThDateUncertainty,GBRCD,
ER20HAV01,year,jcpMeasured,CoralHydro2k;GBRCD,
ER20HAV01,year,jcpUsed,CoralHydro2k;GBRCD,
ER20HAV02,year,coralExtensionRate,CoralHydro2k;GBRCD,
ER20HAV02,year,coralTissueThickness,CoralHydro2k;GBRCD,
ER20HAV02,year,gbr14CDate,GBRCD,
ER20HAV02,year,gbr14CDateUncertainty,GBRCD,
ER20HAV02,year,gbrChronologyNotes,GBRCD,
ER20HAV02,year,gbrDataCoverageGroup,GBRCD,
ER20HAV02,year,gbrIsAnomaly,GBRCD,
ER20HAV02,year,gbrIsDatabaseDuplicate,GBRCD,
ER20HAV02,year,gbrUThDate,GBRCD,
ER20HAV02,year,gbrUThDateUncertainty,GBRCD,
ER20HAV02,year,jcpMeasured,CoralHydro2k;GBRCD,
ER20HAV02,year,jcpUsed,CoralHydro2k;GBRCD,
ER20PAN01,year,coralExtensionRate,CoralHydro2k;GBRCD,
ER20PAN01,year,coralTissueThickness,CoralHydro2k;GBRCD,
ER20PAN01,year,gbr14CDate,GBRCD,
ER20PAN01,year,gbr14CDateUncertainty,GBRCD,
ER20PAN01,year,gbrChronologyNotes,GBRCD,
ER20PAN01,year,gbrDataCoverageGroup,GBRCD,
ER20PAN01,year,gbrIsAnomaly,GBRCD,
ER20PAN01,year,gbrIsDatabaseDuplicate,GBRCD,
ER20PAN01,year,gbrUThDate,GBRCD,
ER20PAN01,year,gbrUThDateUncertainty,GBRCD,
ER20PAN01,year,jcpMeasured,CoralHydro2k;GBRCD,
ER20PAN01,year,jcpUsed,CoralHydro2k;GBRCD,
ER20PAN02,year,coralExtensionRate,CoralHydro2k;GBRCD,
ER20PAN02,year,coralTissueThickness,CoralHydro2k;GBRCD,
ER20PAN02,year,gbr14CDate,GBRCD,
ER20PAN02,year,gbr14CDateUncertainty,GBRCD,
ER20PAN02,year,gbrChronologyNotes,GBRCD,
ER20PAN02,year,gbrDataCoverageGroup,GBRCD,
ER20PAN02,year,gbrIsAnomaly,GBRCD,
ER20PAN02,year,gbrIsDatabaseDuplicate,GBRCD,
ER20PAN02,year,gbrUThDate,GBRCD,
ER20PAN02,year,gbrUThDateUncertainty,GBRCD,
ER20PAN02,year,jcpMeasured,CoralHydro2k;GBRCD,
ER20PAN02,year,jcpUsed,CoralHydro2k;GBRCD,
FA00PAN01,year,coralExtensionRate,CoralHydro2k;GBRCD,
FA00PAN01,year,coralTissueThickness,CoralHydro2k;GBRCD,
FA00PAN01,year,gbr14CDate,GBRCD,
FA00PAN01,year,gbr14CDateUncertainty,GBRCD,
FA00PAN01,year,gbrChronologyNotes,GBRCD,
FA00PAN01,year,gbrDataCoverageGroup,GBRCD,
FA00PAN01,year,gbrIsAnomaly,GBRCD,
FA00PAN01,year,gbrIsDatabaseDuplicate,GBRCD,
FA00PAN01,year,gbrUThDate,GBRCD,
FA00PAN01,year,gbrUThDateUncertainty,GBRCD,
FA00PAN01,year,jcpMeasured,CoralHydro2k;GBRCD,
FA00PAN01,year,jcpUsed,CoralHydro2k;GBRCD,
FA03DAV01,year,coralExtensionRate,CoralHydro2k;GBRCD,
FA03DAV01,year,coralTissueThickness,CoralHydro2k;GBRCD,
FA03DAV01,year,gbr14CDate,GBRCD,
FA03DAV01,year,gbr14CDateUncertainty,GBRCD,
FA03DAV01,year,gbrChronologyNotes,GBRCD,
FA03DAV01,year,gbrDataCoverageGroup,GBRCD,
FA03DAV01,year,gbrIsAnomaly,GBRCD,
FA03DAV01,year,gbrIsDatabaseDuplicate,GBRCD,
FA03DAV01,year,gbrUThDate,GBRCD,
FA03DAV01,year,gbrUThDateUncertainty,GBRCD,
FA03DAV01,year,jcpMeasured,CoralHydro2k;GBRCD,
FA03DAV01,year,jcpUsed,CoralHydro2k;GBRCD,
FA03DAV02,year,coralExtensionRate,CoralHydro2k;GBRCD,
FA03DAV02,year,coralTissueThickness,CoralHydro2k;GBRCD,
FA03DAV02,year,gbr14CDate,GBRCD,
FA03DAV02,year,gbr14CDateUncertainty,GBRCD,
FA03DAV02,year,gbrChronologyNotes,GBRCD,
FA03DAV02,year,gbrDataCoverageGroup,GBRCD,
FA03DAV02,year,gbrIsAnomaly,GBRCD,
FA03DAV02,year,gbrIsDatabaseDuplicate,GBRCD,
FA03DAV02,year,gbrUThDate,GBRCD,
FA03DAV02,year,gbrUThDateUncertainty,GBRCD,
FA03DAV02,year,jcpMeasured,CoralHydro2k;GBRCD,
FA03DAV02,year,jcpUsed,CoralHydro2k;GBRCD,
FA03HAV01,year,coralExtensionRate,CoralHydro2k;GBRCD,
FA03HAV01,year,coralTissueThickness,CoralHydro2k;GBRCD,
FA03HAV01,year,gbr14CDate,GBRCD,
FA03HAV01,year,gbr14CDateUncertainty,GBRCD,
FA03HAV01,year,gbrChronologyNotes,GBRCD,
FA03HAV01,year,gbrDataCoverageGroup,GBRCD,
FA03HAV01,year,gbrIsAnomaly,GBRCD,
FA03HAV01,year,gbrIsDatabaseDuplicate,GBRCD,
FA03HAV01,year,gbrUThDate,GBRCD,
FA03HAV01,year,gbrUThDateUncertainty,GBRCD,
FA03HAV01,year,jcpMeasured,CoralHydro2k;GBRCD,
FA03HAV01,year,jcpUsed,CoralHydro2k;GBRCD,
FA03MYR01,year,coralExtensionRate,CoralHydro2k;GBRCD,
FA03MYR01,year,coralExtensionRateNotes,CoralHydro2k;GBRCD,
FA03MYR01,year,coralTissueThickness,CoralHydro2k;GBRCD,
FA03MYR01,year,gbr14CDate,GBRCD,
FA03MYR01,year,gbr14CDateUncertainty,GBRCD,
FA03MYR01,year,gbrChronologyNotes,GBRCD,
FA03MYR01,year,gbrDataCoverageGroup,GBRCD,
FA03MYR01,year,gbrIsAnomaly,GBRCD,
FA03MYR01,year,gbrIsDatabaseDuplicate,GBRCD,
FA03MYR01,year,gbrUThDate,GBRCD,
FA03MYR01,year,gbrUThDateUncertainty,GBRCD,
FA03MYR01,year,jcpMeasured,CoralHydro2k;GBRCD,
FA03MYR01,year,jcpUsed,CoralHydro2k;GBRCD,
FA03ORP01,year,coralExtensionRate,CoralHydro2k;GBRCD,
FA03ORP01,year,coralTissueThickness,CoralHydro2k;GBRCD,
FA03ORP01,year,gbr14CDate,GBRCD,
FA03ORP01,year,gbr14CDateUncertainty,GBRCD,
FA03ORP01,year,gbrChronologyNotes,GBRCD,
FA03ORP01,year,gbrDataCoverageGroup,GBRCD,
FA03ORP01,year,gbrIsAnomaly,GBRCD,
FA03ORP01,year,gbrIsDatabaseDuplicate,GBRCD,
FA03ORP01,year,gbrUThDate,GBRCD,
FA03ORP01,year,gbrUThDateUncertainty,GBRCD,
FA03ORP01,year,jcpMeasured,CoralHydro2k;GBRCD,
FA03ORP01,year,jcpUsed,CoralHydro2k;GBRCD,
FA03PAN01,year,coralExtensionRate,CoralHydro2k;GBRCD,
FA03PAN01,year,coralTissueThickness,CoralHydro2k;GBRCD,
FA03PAN01,year,gbr14CDate,GBRCD,
FA03PAN01,year,gbr14CDateUncertainty,GBRCD,
FA03PAN01,year,gbrChronologyNotes,GBRCD,
FA03PAN01,year,gbrDataCoverageGroup,GBRCD,
FA03PAN01,year,gbrIsAnomaly,GBRCD,
FA03PAN01,year,gbrIsDatabaseDuplicate,GBRCD,
FA03PAN01,year,gbrUThDate,GBRCD,
FA03PAN01,year,gbrUThDateUncertainty,GBRCD,
FA03PAN01,year,jcpMeasured,CoralHydro2k;GBRCD,
FA03PAN01,year,jcpUsed,CoralHydro2k;GBRCD,
FA03WHE01,year,coralExtensionRate,CoralHydro2k;GBRCD,
FA03WHE01,year,coralTissueThickness,CoralHydro2k;GBRCD,
FA03WHE01,year,gbr14CDate,GBRCD,
FA03WHE01,year,gbr14CDateUncertainty,GBRCD,
FA03WHE01,year,gbrChronologyNotes,GBRCD,
FA03WHE01,year,gbrDataCoverageGroup,GBRCD,
FA03WHE01,year,gbrIsAnomaly,GBRCD,
FA03WHE01,year,gbrIsDatabaseDuplicate,GBRCD,
FA03WHE01,year,gbrUThDate,GBRCD,
FA03WHE01,year,gbrUThDateUncertainty,GBRCD,
FA03WHE01,year,jcpMeasured,CoralHydro2k;GBRCD,
FA03WHE01,year,jcpUsed,CoralHydro2k;GBRCD,
GA98ORP01,year,coralExtensionRate,CoralHydro2k;GBRCD,
GA98ORP01,year,coralExtensionRateNotes,CoralHydro2k;GBRCD,
GA98ORP01,year,coralTissueThickness,CoralHydro2k;GBRCD,
GA98ORP01,year,gbr14CDate,GBRCD,
GA98ORP01,year,gbr14CDateUncertainty,GBRCD,
GA98ORP01,year,gbrChronologyNotes,GBRCD,
GA98ORP01,year,gbrDataCoverageGroup,GBRCD,
GA98ORP01,year,gbrIsAnomaly,GBRCD,
GA98ORP01,year,gbrIsDatabaseDuplicate,GBRCD,
GA98ORP01,year,gbrUThDate,GBRCD,
GA98ORP01,year,gbrUThDateUncertainty,GBRCD,
GA98ORP01,year,jcpMeasured,CoralHydro2k;GBRCD,
GA98ORP01,year,jcpUsed,CoralHydro2k;GBRCD,
HE02GBR01,year,coralExtensionRate,CoralHydro2k;GBRCD,
HE02GBR01,year,coralTissueThickness,CoralHydro2k;GBRCD,
HE02GBR01,year,gbr14CDate,GBRCD,
HE02GBR01,year,gbr14CDateUncertainty,GBRCD,
HE02GBR01,year,gbrChronologyNotes,GBRCD,
HE02GBR01,year,gbrDataCoverageGroup,GBRCD,
HE02GBR01,year,gbrIsAnomaly,GBRCD,
HE02GBR01,year,gbrIsDatabaseDuplicate,GBRCD,
HE02GBR01,year,gbrUThDate,GBRCD,
HE02GBR01,year,gbrUThDateUncertainty,GBRCD,
HE02GBR01,year,jcpMeasured,CoralHydro2k;GBRCD,
HE02GBR01,year,jcpUsed,CoralHydro2k;GBRCD,
HE03GBR01,year,coralExtensionRate,CoralHydro2k;GBRCD,
HE03GBR01,year,coralTissueThickness,CoralHydro2k;GBRCD,
HE03GBR01,year,gbr14CDate,GBRCD,
HE03GBR01,year,gbr14CDateUncertainty,GBRCD,
HE03GBR01,year,gbrChronologyNotes,GBRCD,
HE03GBR01,year,gbrDataCoverageGroup,GBRCD,
HE03GBR01,year,gbrIsAnomaly,GBRCD,
HE03GBR01,year,gbrIsDatabaseDuplicate,GBRCD,
HE03GBR01,year,gbrUThDate,GBRCD,
HE03GBR01,year,gbrUThDateUncertainty,GBRCD,
HE03GBR01,year,jcpMeasured,CoralHydro2k;GBRCD,
HE03GBR01,year,jcpUsed,CoralHydro2k;GBRCD,
HE03GPI01,year,coralExtensionRate,CoralHydro2k;GBRCD,
HE03GPI01,year,coralTissueThickness,CoralHydro2k;GBRCD,
HE03GPI01,year,gbr14CDate,GBRCD,
HE03GPI01,year,gbr14CDateUncertainty,GBRCD,
HE03GPI01,year,gbrChronologyNotes,GBRCD,
HE03GPI01,year,gbrDataCoverageGroup,GBRCD,
HE03GPI01,year,gbrIsAnomaly,GBRCD,
HE03GPI01,year,gbrIsDatabaseDuplicate,GBRCD,
HE03GPI01,year,gbrUThDate,GBRCD,
HE03GPI01,year,gbrUThDateUncertainty,GBRCD,
HE03GPI01,year,jcpMeasured,CoralHydro2k;GBRCD,
HE03GPI01,year,jcpUsed,CoralHydro2k;GBRCD,
IS98HAV02,year,coralExtensionRate,CoralHydro2k;GBRCD,
IS98HAV02,year,coralTissueThickness,CoralHydro2k;GBRCD,
IS98HAV02,year,gbr14CDate,GBRCD,
IS98HAV02,year,gbr14CDateUncertainty,GBRCD,
IS98HAV02,year,gbrChronologyNotes,GBRCD,
IS98HAV02,year,gbrDataCoverageGroup,GBRCD,
IS98HAV02,year,gbrIsAnomaly,GBRCD,
IS98HAV02,year,gbrIsDatabaseDuplicate,GBRCD,
IS98HAV02,year,gbrUThDate,GBRCD,
IS98HAV02,year,gbrUThDateUncertainty,GBRCD,
IS98HAV02,year,jcpMeasured,CoralHydro2k;GBRCD,
IS98HAV02,year,jcpUsed,CoralHydro2k;GBRCD,
IS98PAN01,year,coralExtensionRate,CoralHydro2k;GBRCD,
IS98PAN01,year,coralTissueThickness,CoralHydro2k;GBRCD,
IS98PAN01,year,gbr14CDate,GBRCD,
IS98PAN01,year,gbr14CDateUncertainty,GBRCD,
IS98PAN01,year,gbrChronologyNotes,GBRCD,
IS98PAN01,year,gbrDataCoverageGroup,GBRCD,
IS98PAN01,year,gbrIsAnomaly,GBRCD,
IS98PAN01,year,gbrIsDatabaseDuplicate,GBRCD,
IS98PAN01,year,gbrUThDate,GBRCD,
IS98PAN01,year,gbrUThDateUncertainty,GBRCD,
IS98PAN01,year,jcpMeasured,CoralHydro2k;GBRCD,
IS98PAN01,year,jcpUsed,CoralHydro2k;GBRCD,
JU08KES01a,year,coralExtensionRate,CoralHydro2k;GBRCD,
JU08KES01a,year,coralExtensionRateNotes,CoralHydro2k;GBRCD,
JU08KES01a,year,coralTissueThickness,CoralHydro2k;GBRCD,
JU08KES01a,year,gbr14CDate,GBRCD,
JU08KES01a,year,gbr14CDateUncertainty,GBRCD,
JU08KES01a,year,gbrChronologyNotes,GBRCD,
JU08KES01a,year,gbrDataCoverageGroup,GBRCD,
JU08KES01a,year,gbrIsAnomaly,GBRCD,
JU08KES01a,year,gbrIsDatabaseDuplicate,GBRCD,
JU08KES01a,year,gbrUThDate,GBRCD,
JU08KES01a,year,gbrUThDateUncertainty,GBRCD,
JU08KES01a,year,jcpMeasured,CoralHydro2k;GBRCD,
JU08KES01a,year,jcpUsed,CoralHydro2k;GBRCD,
JU08KES01b,year,coralExtensionRate,CoralHydro2k;GBRCD,
JU08KES01b,year,coralExtensionRateNotes,CoralHydro2k;GBRCD,
JU08KES01b,year,coralTissueThickness,CoralHydro2k;GBRCD,
JU08KES01b,year,gbr14CDate,GBRCD,
JU08KES01b,year,gbr14CDateUncertainty,GBRCD,
JU08KES01b,year,gbrChronologyNotes,GBRCD,
JU08KES01b,year,gbrDataCoverageGroup,GBRCD,
JU08KES01b,year,gbrIsAnomaly,GBRCD,
JU08KES01b,year,gbrIsDatabaseDuplicate,GBRCD,
JU08KES01b,year,gbrUThDate,GBRCD,
JU08KES01b,year,gbrUThDateUncertainty,GBRCD,
JU08KES01b,year,jcpMeasured,CoralHydro2k;GBRCD,
JU08KES01b,year,jcpUsed,CoralHydro2k;GBRCD,
JU08KES02,year,coralExtensionRate,CoralHydro2k;GBRCD,
JU08KES02,year,coralExtensionRateNotes,CoralHydro2k;GBRCD,
JU08KES02,year,coralTissueThickness,CoralHydro2k;GBRCD,
JU08KES02,year,gbr14CDate,GBRCD,
JU08KES02,year,gbr14CDateUncertainty,GBRCD,
JU08KES02,year,gbrChronologyNotes,GBRCD,
JU08KES02,year,gbrDataCoverageGroup,GBRCD,
JU08KES02,year,gbrIsAnomaly,GBRCD,
JU08KES02,year,gbrIsDatabaseDuplicate,GBRCD,
JU08KES02,year,gbrUThDate,GBRCD,
JU08KES02,year,gbrUThDateUncertainty,GBRCD,
JU08KES02,year,jcpMeasured,CoralHydro2k;GBRCD,
JU08KES02,year,jcpUsed,CoralHydro2k;GBRCD,
JU08KES03,year,coralExtensionRate,CoralHydro2k;GBRCD,
JU08KES03,year,coralExtensionRateNotes,CoralHydro2k;GBRCD,
JU08KES03,year,coralTissueThickness,CoralHydro2k;GBRCD,
JU08KES03,year,gbr14CDate,GBRCD,
JU08KES03,year,gbr14CDateUncertainty,GBRCD,
JU08KES03,year,gbrChronologyNotes,GBRCD,
JU08KES03,year,gbrDataCoverageGroup,GBRCD,
JU08KES03,year,gbrIsAnomaly,GBRCD,
JU08KES03,year,gbrIsDatabaseDuplicate,GBRCD,
JU08KES03,year,gbrUThDate,GBRCD,
JU08KES03,year,gbrUThDateUncertainty,GBRCD,
JU08KES03,year,jcpMeasured,CoralHydro2k;GBRCD,
JU08KES03,year,jcpUsed,CoralHydro2k;GBRCD,
JU08RTI01a,year,coralExtensionRate,CoralHydro2k;GBRCD,
JU08RTI01a,year,coralExtensionRateNotes,CoralHydro2k;GBRCD,
JU08RTI01a,year,coralTissueThickness,CoralHydro2k;GBRCD,
JU08RTI01a,year,gbr14CDate,GBRCD,
JU08RTI01a,year,gbr14CDateUncertainty,GBRCD,
JU08RTI01a,year,gbrChronologyNotes,GBRCD,
JU08RTI01a,year,gbrDataCoverageGroup,GBRCD,
JU08RTI01a,year,gbrIsAnomaly,GBRCD,
JU08RTI01a,year,gbrIsDatabaseDuplicate,GBRCD,
JU08RTI01a,year,gbrUThDate,GBRCD,
JU08RTI01a,year,gbrUThDateUncertainty,GBRCD,
JU08RTI01a,year,jcpMeasured,CoralHydro2k;GBRCD,
JU08RTI01a,year,jcpUsed,CoralHydro2k;GBRCD,
JU08RTI01b,year,coralExtensionRate,CoralHydro2k;GBRCD,
JU08RTI01b,year,coralExtensionRateNotes,CoralHydro2k;GBRCD,
JU08RTI01b,year,coralTissueThickness,CoralHydro2k;GBRCD,
JU08RTI01b,year,gbr14CDate,GBRCD,
JU08RTI01b,year,gbr14CDateUncertainty,GBRCD,
JU08RTI01b,year,gbrChronologyNotes,GBRCD,
JU08RTI01b,year,gbrDataCoverageGroup,GBRCD,
JU08RTI01b,year,gbrIsAnomaly,GBRCD,
JU08RTI01b,year,gbrIsDatabaseDuplicate,GBRCD,
JU08RTI01b,year,gbrUThDate,GBRCD,
JU08RTI01b,year,gbrUThDateUncertainty,GBRCD,
JU08RTI01b,year,jcpMeasured,CoralHydro2k;GBRCD,
JU08RTI01b,year,jcpUsed,CoralHydro2k;GBRCD,
JU08RTI02,year,coralExtensionRate,CoralHydro2k;GBRCD,
JU08RTI02,year,coralExtensionRateNotes,CoralHydro2k;GBRCD,
JU08RTI02,year,coralTissueThickness,CoralHydro2k;GBRCD,
JU08RTI02,year,gbr14CDate,GBRCD,
JU08RTI02,year,gbr14CDateUncertainty,GBRCD,
JU08RTI02,year,gbrChronologyNotes,GBRCD,
JU08RTI02,year,gbrDataCoverageGroup,GBRCD,
JU08RTI02,year,gbrIsAnomaly,GBRCD,
JU08RTI02,year,gbrIsDatabaseDuplicate,GBRCD,
JU08RTI02,year,gbrUThDate,GBRCD,
JU08RTI02,year,gbrUThDateUncertainty,GBRCD,
JU08RTI02,year,jcpMeasured,CoralHydro2k;GBRCD,
JU08RTI02,year,jcpUsed,CoralHydro2k;GBRCD,
JU08RTI03,year,coralExtensionRate,CoralHydro2k;GBRCD,
JU08RTI03,year,coralExtensionRateNotes,CoralHydro2k;GBRCD,
JU08RTI03,year,coralTissueThickness,CoralHydro2k;GBRCD,
JU08RTI03,year,gbr14CDate,GBRCD,
JU08RTI03,year,gbr14CDateUncertainty,GBRCD,
JU08RTI03,year,gbrChronologyNotes,GBRCD,
JU08RTI03,year,gbrDataCoverageGroup,GBRCD,
JU08RTI03,year,gbrIsAnomaly,GBRCD,
JU08RTI03,year,gbrIsDatabaseDuplicate,GBRCD,
JU08RTI03,year,gbrUThDate,GBRCD,
JU08RTI03,year,gbrUThDateUncertainty,GBRCD,
JU08RTI03,year,jcpMeasured,CoralHydro2k;GBRCD,
JU08RTI03,year,jcpUsed,CoralHydro2k;GBRCD,
JU08SCA01,year,coralExtensionRate,CoralHydro2k;GBRCD,
JU08SCA01,year,coralExtensionRateNotes,CoralHydro2k;GBRCD,
JU08SCA01,year,coralTissueThickness,CoralHydro2k;GBRCD,
JU08SCA01,year,gbr14CDate,GBRCD,
JU08SCA01,year,gbr14CDateUncertainty,GBRCD,
JU08SCA01,year,gbrChronologyNotes,GBRCD,
JU08SCA01,year,gbrDataCoverageGroup,GBRCD,
JU08SCA01,year,gbrIsAnomaly,GBRCD,
JU08SCA01,year,gbrIsDatabaseDuplicate,GBRCD,
JU08SCA01,year,gbrUThDate,GBRCD,
JU08SCA01,year,gbrUThDateUncertainty,GBRCD,
JU08SCA01,year,jcpMeasured,CoralHydro2k;GBRCD,
JU08SCA01,year,jcpUsed,CoralHydro2k;GBRCD,
JU08SCA02,year,coralExtensionRate,CoralHydro2k;GBRCD,
JU08SCA02,year,coralExtensionRateNotes,CoralHydro2k;GBRCD,
JU08SCA02,year,coralTissueThickness,CoralHydro2k;GBRCD,
JU08SCA02,year,gbr14CDate,GBRCD,
JU08SCA02,year,gbr14CDateUncertainty,GBRCD,
JU08SCA02,year,gbrChronologyNotes,GBRCD,
JU08SCA02,year,gbrDataCoverageGroup,GBRCD,
JU08SCA02,year,gbrIsAnomaly,GBRCD,
JU08SCA02,year,gbrIsDatabaseDuplicate,GBRCD,
JU08SCA02,year,gbrUThDate,GBRCD,
JU08SCA02,year,gbrUThDateUncertainty,GBRCD,
JU08SCA02,year,jcpMeasured,CoralHydro2k;GBRCD,
JU08SCA02,year,jcpUsed,CoralHydro2k;GBRCD,
JU08SCA03,year,coralExtensionRate,CoralHydro2k;GBRCD,
JU08SCA03,year,coralExtensionRateNotes,CoralHydro2k;GBRCD,
JU08SCA03,year,coralTissueThickness,CoralHydro2k;GBRCD,
JU08SCA03,year,gbr14CDate,GBRCD,
JU08SCA03,year,gbr14CDateUncertainty,GBRCD,
JU08SCA03,year,gbrChronologyNotes,GBRCD,
JU08SCA03,year,gbrDataCoverageGroup,GBRCD,
JU08SCA03,year,gbrIsAnomaly,GBRCD,
JU08SCA03,year,gbrIsDatabaseDuplicate,GBRCD,
JU08SCA03,year,gbrUThDate,GBRCD,
JU08SCA03,year,gbrUThDateUncertainty,GBRCD,
JU08SCA03,year,jcpMeasured,CoralHydro2k;GBRCD,
JU08SCA03,year,jcpUsed,CoralHydro2k;GBRCD,
LE05MAG01,year,coralExtensionRate,CoralHydro2k;GBRCD,
LE05MAG01,year,coralExtensionRateNotes,CoralHydro2k;GBRCD,
LE05MAG01,year,coralTissueThickness,CoralHydro2k;GBRCD,
LE05MAG01,year,gbr14CDate,GBRCD,
LE05MAG01,year,gbr14CDateUncertainty,GBRCD,
LE05MAG01,year,gbrChronologyNotes,GBRCD,
LE05MAG01,year,gbrDataCoverageGroup,GBRCD,
LE05MAG01,year,gbrIsAnomaly,GBRCD,
LE05MAG01,year,gbrIsDatabaseDuplicate,GBRCD,
LE05MAG01,year,gbrUThDate,GBRCD,
LE05MAG01,year,gbrUThDateUncertainty,GBRCD,
LE05MAG01,year,jcpMeasured,CoralHydro2k;GBRCD,
LE05MAG01,year,jcpUsed,CoralHydro2k;GBRCD,
LE05NEL01,year,coralExtensionRate,CoralHydro2k;GBRCD,
LE05NEL01,year,coralExtensionRateNotes,CoralHydro2k;GBRCD,
LE05NEL01,year,coralTissueThickness,CoralHydro2k;GBRCD,
LE05NEL01,year,gbr14CDate,GBRCD,
LE05NEL01,year,gbr14CDateUncertainty,GBRCD,
LE05NEL01,year,gbrChronologyNotes,GBRCD,
LE05NEL01,year,gbrDataCoverageGroup,GBRCD,
LE05NEL01,year,gbrDatingNotes,GBRCD,
LE05NEL01,year,gbrIsAnomaly,GBRCD,
LE05NEL01,year,gbrIsDatabaseDuplicate,GBRCD,
LE05NEL01,year,gbrUThDate,GBRCD,
LE05NEL01,year,gbrUThDateUncertainty,GBRCD,
LE05NEL01,year,jcpMeasured,CoralHydro2k;GBRCD,
LE05NEL01,year,jcpUsed,CoralHydro2k;GBRCD,
LE05NEL02,year,coralExtensionRate,CoralHydro2k;GBRCD,
LE05NEL02,year,coralExtensionRateNotes,CoralHydro2k;GBRCD,
LE05NEL02,year,coralTissueThickness,CoralHydro2k;GBRCD,
LE05NEL02,year,gbr14CDate,GBRCD,
LE05NEL02,year,gbr14CDateUncertainty,GBRCD,
LE05NEL02,year,gbrChronologyNotes,GBRCD,
LE05NEL02,year,gbrDataCoverageGroup,GBRCD,
LE05NEL02,year,gbrDatingNotes,GBRCD,
LE05NEL02,year,gbrIsAnomaly,GBRCD,
LE05NEL02,year,gbrIsDatabaseDuplicate,GBRCD,
LE05NEL02,year,gbrUThDate,GBRCD,
LE05NEL02,year,gbrUThDateUncertainty,GBRCD,
LE05NEL02,year,jcpMeasured,CoralHydro2k;GBRCD,
LE05NEL02,year,jcpUsed,CoralHydro2k;GBRCD,
LE07MAG01,year,coralExtensionRate,CoralHydro2k;GBRCD,
LE07MAG01,year,coralExtensionRateNotes,CoralHydro2k;GBRCD,
LE07MAG01,year,coralTissueThickness,CoralHydro2k;GBRCD,
LE07MAG01,year,gbr14CDate,GBRCD,
LE07MAG01,year,gbr14CDateUncertainty,GBRCD,
LE07MAG01,year,gbrChronologyNotes,GBRCD,
LE07MAG01,year,gbrDataCoverageGroup,GBRCD,
LE07MAG01,year,gbrIsAnomaly,GBRCD,
LE07MAG01,year,gbrIsDatabaseDuplicate,GBRCD,
LE07MAG01,year,gbrUThDate,GBRCD,
LE07MAG01,year,gbrUThDateUncertainty,GBRCD,
LE07MAG01,year,jcpMeasured,CoralHydro2k;GBRCD,
LE07MAG01,year,jcpUsed,CoralHydro2k;GBRCD,
LE07NEL01,year,coralExtensionRate,CoralHydro2k;GBRCD,
LE07NEL01,year,coralExtensionRateNotes,CoralHydro2k;GBRCD,
LE07NEL01,year,coralTissueThickness,CoralHydro2k;GBRCD,
LE07NEL01,year,gbr14CDate,GBRCD,
LE07NEL01,year,gbr14CDateUncertainty,GBRCD,
LE07NEL01,year,gbrChronologyNotes,GBRCD,
LE07NEL01,year,gbrDataCoverageGroup,GBRCD,
LE07NEL01,year,gbrDatingNotes,GBRCD,
LE07NEL01,year,gbrIsAnomaly,GBRCD,
LE07NEL01,year,gbrIsDatabaseDuplicate,GBRCD,
LE07NEL01,year,gbrUThDate,GBRCD,
LE07NEL01,year,gbrUThDateUncertainty,GBRCD,
LE07NEL01,year,jcpMeasured,CoralHydro2k;GBRCD,
LE07NEL01,year,jcpUsed,CoralHydro2k;GBRCD,
LE12CID01,year,coralExtensionRate,CoralHydro2k;GBRCD,
LE12CID01,year,coralTissueThickness,CoralHydro2k;GBRCD,
LE12CID01,year,gbr14CDate,GBRCD,
LE12CID01,year,gbr14CDateUncertainty,GBRCD,
LE12CID01,year,gbrChronologyNotes,GBRCD,
LE12CID01,year,gbrDataCoverageGroup,GBRCD,
LE12CID01,year,gbrIsAnomaly,GBRCD,
LE12CID01,year,gbrIsDatabaseDuplicate,GBRCD,
LE12CID01,year,gbrUThDate,GBRCD,
LE12CID01,year,gbrUThDateUncertainty,GBRCD,
LE12CID01,year,jcpMeasured,CoralHydro2k;GBRCD,
LE12CID01,year,jcpUsed,CoralHydro2k;GBRCD,
LE12CID02,year,coralExtensionRate,CoralHydro2k;GBRCD,
LE12CID02,year,coralTissueThickness,CoralHydro2k;GBRCD,
LE12CID02,year,gbr14CDate,GBRCD,
LE12CID02,year,gbr14CDateUncertainty,GBRCD,
LE12CID02,year,gbrChronologyNotes,GBRCD,
LE12CID02,year,gbrDataCoverageGroup,GBRCD,
LE12CID02,year,gbrIsAnomaly,GBRCD,
LE12CID02,year,gbrIsDatabaseDuplicate,GBRCD,
LE12CID02,year,gbrUThDate,GBRCD,
LE12CID02,year,gbrUThDateUncertainty,GBRCD,
LE12CID02,year,jcpMeasured,CoralHydro2k;GBRCD,
LE12CID02,year,jcpUsed,CoralHydro2k;GBRCD,
LE12CID03,year,coralExtensionRate,CoralHydro2k;GBRCD,
LE12CID03,year,coralTissueThickness,CoralHydro2k;GBRCD,
LE12CID03,year,gbr14CDate,GBRCD,
LE12CID03,year,gbr14CDateUncertainty,GBRCD,
LE12CID03,year,gbrChronologyNotes,GBRCD,
LE12CID03,year,gbrDataCoverageGroup,GBRCD,
LE12CID03,year,gbrIsAnomaly,GBRCD,
LE12CID03,year,gbrIsDatabaseDuplicate,GBRCD,
LE12CID03,year,gbrUThDate,GBRCD,
LE12CID03,year,gbrUThDateUncertainty,GBRCD,
LE12CID03,year,jcpMeasured,CoralHydro2k;GBRCD,
LE12CID03,year,jcpUsed,CoralHydro2k;GBRCD,
LE12COB01,year,coralExtensionRate,CoralHydro2k;GBRCD,
LE12COB01,year,coralTissueThickness,CoralHydro2k;GBRCD,
LE12COB01,year,gbr14CDate,GBRCD,
LE12COB01,year,gbr14CDateUncertainty,GBRCD,
LE12COB01,year,gbrChronologyNotes,GBRCD,
LE12COB01,year,gbrDataCoverageGroup,GBRCD,
LE12COB01,year,gbrIsAnomaly,GBRCD,
LE12COB01,year,gbrIsDatabaseDuplicate,GBRCD,
LE12COB01,year,gbrUThDate,GBRCD,
LE12COB01,year,gbrUThDateUncertainty,GBRCD,
LE12COB01,year,jcpMeasured,CoralHydro2k;GBRCD,
LE12COB01,year,jcpUsed,CoralHydro2k;GBRCD,
LE12HAS01,year,coralExtensionRate,CoralHydro2k;GBRCD,
LE12HAS01,year,coralTissueThickness,CoralHydro2k;GBRCD,
LE12HAS01,year,gbr14CDate,GBRCD,
LE12HAS01,year,gbr14CDateUncertainty,GBRCD,
LE12HAS01,year,gbrChronologyNotes,GBRCD,
LE12HAS01,year,gbrDataCoverageGroup,GBRCD,
LE12HAS01,year,gbrIsAnomaly,GBRCD,
LE12HAS01,year,gbrIsDatabaseDuplicate,GBRCD,
LE12HAS01,year,gbrUThDate,GBRCD,
LE12HAS01,year,gbrUThDateUncertainty,GBRCD,
LE12HAS01,year,jcpMeasured,CoralHydro2k;GBRCD,
LE12HAS01,year,jcpUsed,CoralHydro2k;GBRCD,
LE12HKI01,year,coralExtensionRate,CoralHydro2k;GBRCD,
LE12HKI01,year,coralTissueThickness,CoralHydro2k;GBRCD,
LE12HKI01,year,gbr14CDate,GBRCD,
LE12HKI01,year,gbr14CDateUncertainty,GBRCD,
LE12HKI01,year,gbrChronologyNotes,GBRCD,
LE12HKI01,year,gbrDataCoverageGroup,GBRCD,
LE12HKI01,year,gbrIsAnomaly,GBRCD,
LE12HKI01,year,gbrIsDatabaseDuplicate,GBRCD,
LE12HKI01,year,gbrUThDate,GBRCD,
LE12HKI01,year,gbrUThDateUncertainty,GBRCD,
LE12HKI01,year,jcpMeasured,CoralHydro2k;GBRCD,
LE12HKI01,year,jcpUsed,CoralHydro2k;GBRCD,
LE12NMI01,year,coralExtensionRate,CoralHydro2k;GBRCD,
LE12NMI01,year,coralTissueThickness,CoralHydro2k;GBRCD,
LE12NMI01,year,gbr14CDate,GBRCD,
LE12NMI01,year,gbr14CDateUncertainty,GBRCD,
LE12NMI01,year,gbrChronologyNotes,GBRCD,
LE12NMI01,year,gbrDataCoverageGroup,GBRCD,
LE12NMI01,year,gbrIsAnomaly,GBRCD,
LE12NMI01,year,gbrIsDatabaseDuplicate,GBRCD,
LE12NMI01,year,gbrUThDate,GBRCD,
LE12NMI01,year,gbrUThDateUncertainty,GBRCD,
LE12NMI01,year,jcpMeasured,CoralHydro2k;GBRCD,
LE12NMI01,year,jcpUsed,CoralHydro2k;GBRCD,
LE12REP01,year,coralExtensionRate,CoralHydro2k;GBRCD,
LE12REP01,year,coralTissueThickness,CoralHydro2k;GBRCD,
LE12REP01,year,gbr14CDate,GBRCD,
LE12REP01,year,gbr14CDateUncertainty,GBRCD,
LE12REP01,year,gbrChronologyNotes,GBRCD,
LE12REP01,year,gbrDataCoverageGroup,GBRCD,
LE12REP01,year,gbrIsAnomaly,GBRCD,
LE12REP01,year,gbrIsDatabaseDuplicate,GBRCD,
LE12REP01,year,gbrUThDate,GBRCD,
LE12REP01,year,gbrUThDateUncertainty,GBRCD,
LE12REP01,year,jcpMeasured,CoralHydro2k;GBRCD,
LE12REP01,year,jcpUsed,CoralHydro2k;GBRCD,
LE12REP02,year,coralExtensionRate,CoralHydro2k;GBRCD,
LE12REP02,year,coralTissueThickness,CoralHydro2k;GBRCD,
LE12REP02,year,gbr14CDate,GBRCD,
LE12REP02,year,gbr14CDateUncertainty,GBRCD,
LE12REP02,year,gbrChronologyNotes,GBRCD,
LE12REP02,year,gbrDataCoverageGroup,GBRCD,
LE12REP02,year,gbrIsAnomaly,GBRCD,
LE12REP02,year,gbrIsDatabaseDuplicate,GBRCD,
LE12REP02,year,gbrUThDate,GBRCD,
LE12REP02,year,gbrUThDateUncertainty,GBRCD,
LE12REP02,year,jcpMeasured,CoralHydro2k;GBRCD,
LE12REP02,year,jcpUsed,CoralHydro2k;GBRCD,
LE12REP03,year,coralExtensionRate,CoralHydro2k;GBRCD,
LE12REP03,year,coralTissueThickness,CoralHydro2k;GBRCD,
LE12REP03,year,gbr14CDate,GBRCD,
LE12REP03,year,gbr14CDateUncertainty,GBRCD,
LE12REP03,year,gbrChronologyNotes,GBRCD,
LE12REP03,year,gbrDataCoverageGroup,GBRCD,
LE12REP03,year,gbrIsAnomaly,GBRCD,
LE12REP03,year,gbrIsDatabaseDuplicate,GBRCD,
LE12REP03,year,gbrUThDate,GBRCD,
LE12REP03,year,gbrUThDateUncertainty,GBRCD,
LE12REP03,year,jcpMeasured,CoralHydro2k;GBRCD,
LE12REP03,year,jcpUsed,CoralHydro2k;GBRCD,
LE12SHW01,year,coralExtensionRate,CoralHydro2k;GBRCD,
LE12SHW01,year,coralTissueThickness,CoralHydro2k;GBRCD,
LE12SHW01,year,gbr14CDate,GBRCD,
LE12SHW01,year,gbr14CDateUncertainty,GBRCD,
LE12SHW01,year,gbrChronologyNotes,GBRCD,
LE12SHW01,year,gbrDataCoverageGroup,GBRCD,
LE12SHW01,year,gbrIsAnomaly,GBRCD,
LE12SHW01,year,gbrIsDatabaseDuplicate,GBRCD,
LE12SHW01,year,gbrUThDate,GBRCD,
LE12SHW01,year,gbrUThDateUncertainty,GBRCD,
LE12SHW01,year,jcpMeasured,CoralHydro2k;GBRCD,
LE12SHW01,year,jcpUsed,CoralHydro2k;GBRCD,
LE12SHW02,year,coralExtensionRate,CoralHydro2k;GBRCD,
LE12SHW02,year,coralTissueThickness,CoralHydro2k;GBRCD,
LE12SHW02,year,gbr14CDate,GBRCD,
LE12SHW02,year,gbr14CDateUncertainty,GBRCD,
LE12SHW02,year,gbrChronologyNotes,GBRCD,
LE12SHW02,year,gbrDataCoverageGroup,GBRCD,
LE12SHW02,year,gbrIsAnomaly,GBRCD,
LE12SHW02,year,gbrIsDatabaseDuplicate,GBRCD,
LE12SHW02,year,gbrUThDate,GBRCD,
LE12SHW02,year,gbrUThDateUncertainty,GBRCD,
LE12SHW02,year,jcpMeasured,CoralHydro2k;GBRCD,
LE12SHW02,year,jcpUsed,CoralHydro2k;GBRCD,
LE12WHI01,year,coralExtensionRate,CoralHydro2k;GBRCD,
LE12WHI01,year,coralTissueThickness,CoralHydro2k;GBRCD,
LE12WHI01,year,gbr14CDate,GBRCD,
LE12WHI01,year,gbr14CDateUncertainty,GBRCD,
LE12WHI01,year,gbrChronologyNotes,GBRCD,
LE12WHI01,year,gbrDataCoverageGroup,GBRCD,
LE12WHI01,year,gbrIsAnomaly,GBRCD,
LE12WHI01,year,gbrIsDatabaseDuplicate,GBRCD,
LE12WHI01,year,gbrUThDate,GBRCD,
LE12WHI01,year,gbrUThDateUncertainty,GBRCD,
LE12WHI01,year,jcpMeasured,CoralHydro2k;GBRCD,
LE12WHI01,year,jcpUsed,CoralHydro2k;GBRCD,
LE16GPI01,year,coralExtensionRate,CoralHydro2k;GBRCD,
LE16GPI01,year,coralExtensionRateNotes,CoralHydro2k;GBRCD,
LE16GPI01,year,coralTissueThickness,CoralHydro2k;GBRCD,
LE16GPI01,year,gbr14CDate,GBRCD,
LE16GPI01,year,gbr14CDateUncertainty,GBRCD,
LE16GPI01,year,gbrChronologyNotes,GBRCD,
LE16GPI01,year,gbrDataCoverageGroup,GBRCD,
LE16GPI01,year,gbrDatingNotes,GBRCD,
LE16GPI01,year,gbrIsAnomaly,GBRCD,
LE16GPI01,year,gbrIsDatabaseDuplicate,GBRCD,
LE16GPI01,year,gbrUThDate,GBRCD,
LE16GPI01,year,gbrUThDateUncertainty,GBRCD,
LE16GPI01,year,jcpMeasured,CoralHydro2k;GBRCD,
LE16GPI01,year,jcpUsed,CoralHydro2k;GBRCD,
LE16GPI02,year,coralExtensionRate,CoralHydro2k;GBRCD,
LE16GPI02,year,coralExtensionRateNotes,CoralHydro2k;GBRCD,
LE16GPI02,year,coralTissueThickness,CoralHydro2k;GBRCD,
LE16GPI02,year,gbr14CDate,GBRCD,
LE16GPI02,year,gbr14CDateUncertainty,GBRCD,
LE16GPI02,year,gbrChronologyNotes,GBRCD,
LE16GPI02,year,gbrDataCoverageGroup,GBRCD,
LE16GPI02,year,gbrDatingNotes,GBRCD,
LE16GPI02,year,gbrIsAnomaly,GBRCD,
LE16GPI02,year,gbrIsDatabaseDuplicate,GBRCD,
LE16GPI02,year,gbrUThDate,GBRCD,
LE16GPI02,year,gbrUThDateUncertainty,GBRCD,
LE16GPI02,year,jcpMeasured,CoralHydro2k;GBRCD,
LE16GPI02,year,jcpUsed,CoralHydro2k;GBRCD,
LE16GPI03,year,coralExtensionRate,CoralHydro2k;GBRCD,
LE16GPI03,year,coralExtensionRateNotes,CoralHydro2k;GBRCD,
LE16GPI03,year,coralTissueThickness,CoralHydro2k;GBRCD,
LE16GPI03,year,gbr14CDate,GBRCD,
LE16GPI03,year,gbr14CDateUncertainty,GBRCD,
LE16GPI03,year,gbrChronologyNotes,GBRCD,
LE16GPI03,year,gbrDataCoverageGroup,GBRCD,
LE16GPI03,year,gbrDatingNotes,GBRCD,
LE16GPI03,year,gbrIsAnomaly,GBRCD,
LE16GPI03,year,gbrIsDatabaseDuplicate,GBRCD,
LE16GPI03,year,gbrUThDate,GBRCD,
LE16GPI03,year,gbrUThDateUncertainty,GBRCD,
LE16GPI03,year,jcpMeasured,CoralHydro2k;GBRCD,
LE16GPI03,year,jcpUsed,CoralHydro2k;GBRCD,
LE18GFB01,year,coralExtensionRate,CoralHydro2k;GBRCD,
LE18GFB01,year,coralExtensionRateNotes,CoralHydro2k;GBRCD,
LE18GFB01,year,coralTissueThickness,CoralHydro2k;GBRCD,
LE18GFB01,year,gbr14CDate,GBRCD,
LE18GFB01,year,gbr14CDateUncertainty,GBRCD,
LE18GFB01,year,gbrChronologyNotes,GBRCD,
LE18GFB01,year,gbrDataCoverageGroup,GBRCD,
LE18GFB01,year,gbrIsAnomaly,GBRCD,
LE18GFB01,year,gbrIsDatabaseDuplicate,GBRCD,
LE18GFB01,year,gbrUThDate,GBRCD,
LE18GFB01,year,gbrUThDateUncertainty,GBRCD,
LE18GFB01,year,jcpMeasured,CoralHydro2k;GBRCD,
LE18GFB01,year,jcpUsed,CoralHydro2k;GBRCD,
LE18GFB02,year,coralExtensionRate,CoralHydro2k;GBRCD,
LE18GFB02,year,coralExtensionRateNotes,CoralHydro2k;GBRCD,
LE18GFB02,year,coralTissueThickness,CoralHydro2k;GBRCD,
LE18GFB02,year,gbr14CDate,GBRCD,
LE18GFB02,year,gbr14CDateUncertainty,GBRCD,
LE18GFB02,year,gbrChronologyNotes,GBRCD,
LE18GFB02,year,gbrDataCoverageGroup,GBRCD,
LE18GFB02,year,gbrIsAnomaly,GBRCD,
LE18GFB02,year,gbrIsDatabaseDuplicate,GBRCD,
LE18GFB02,year,gbrUThDate,GBRCD,
LE18GFB02,year,gbrUThDateUncertainty,GBRCD,
LE18GFB02,year,jcpMeasured,CoralHydro2k;GBRCD,
LE18GFB02,year,jcpUsed,CoralHydro2k;GBRCD,
LE18HAV01,year,coralExtensionRate,CoralHydro2k;GBRCD,
LE18HAV01,year,coralExtensionRateNotes,CoralHydro2k;GBRCD,
LE18HAV01,year,coralTissueThickness,CoralHydro2k;GBRCD,
LE18HAV01,year,gbr14CDate,GBRCD,
LE18HAV01,year,gbr14CDateUncertainty,GBRCD,
LE18HAV01,year,gbrChronologyNotes,GBRCD,
LE18HAV01,year,gbrDataCoverageGroup,GBRCD,
LE18HAV01,year,gbrIsAnomaly,GBRCD,
LE18HAV01,year,gbrIsDatabaseDuplicate,GBRCD,
LE18HAV01,year,gbrUThDate,GBRCD,
LE18HAV01,year,gbrUThDateUncertainty,GBRCD,
LE18HAV01,year,jcpMeasured,CoralHydro2k;GBRCD,
LE18HAV01,year,jcpUsed,CoralHydro2k;GBRCD,
LE18HAV02,year,coralExtensionRate,CoralHydro2k;GBRCD,
LE18HAV02,year,coralExtensionRateNotes,CoralHydro2k;GBRCD,
LE18HAV02,year,coralTissueThickness,CoralHydro2k;GBRCD,
LE18HAV02,year,gbr14CDate,GBRCD,
LE18HAV02,year,gbr14CDateUncertainty,GBRCD,
LE18HAV02,year,gbrChronologyNotes,GBRCD,
LE18HAV02,year,gbrDataCoverageGroup,GBRCD,
LE18HAV02,year,gbrIsAnomaly,GBRCD,
LE18HAV02,year,gbrIsDatabaseDuplicate,GBRCD,
LE18HAV02,year,gbrUThDate,GBRCD,
LE18HAV02,year,gbrUThDateUncertainty,GBRCD,
LE18HAV02,year,jcpMeasured,CoralHydro2k;GBRCD,
LE18HAV02,year,jcpUsed,CoralHydro2k;GBRCD,
LE18NEL01,year,coralExtensionRate,CoralHydro2k;GBRCD,
LE18NEL01,year,coralExtensionRateNotes,CoralHydro2k;GBRCD,
LE18NEL01,year,coralTissueThickness,CoralHydro2k;GBRCD,
LE18NEL01,year,gbr14CDate,GBRCD,
LE18NEL01,year,gbr14CDateUncertainty,GBRCD,
LE18NEL01,year,gbrChronologyNotes,GBRCD,
LE18NEL01,year,gbrDataCoverageGroup,GBRCD,
LE18NEL01,year,gbrIsAnomaly,GBRCD,
LE18NEL01,year,gbrIsDatabaseDuplicate,GBRCD,
LE18NEL01,year,gbrUThDate,GBRCD,
LE18NEL01,year,gbrUThDateUncertainty,GBRCD,
LE18NEL01,year,jcpMeasured,CoralHydro2k;GBRCD,
LE18NEL01,year,jcpUsed,CoralHydro2k;GBRCD,
LE18NEL02,year,coralExtensionRate,CoralHydro2k;GBRCD,
LE18NEL02,year,coralExtensionRateNotes,CoralHydro2k;GBRCD,
LE18NEL02,year,coralTissueThickness,CoralHydro2k;GBRCD,
LE18NEL02,year,gbr14CDate,GBRCD,
LE18NEL02,year,gbr14CDateUncertainty,GBRCD,
LE18NEL02,year,gbrChronologyNotes,GBRCD,
LE18NEL02,year,gbrDataCoverageGroup,GBRCD,
LE18NEL02,year,gbrIsAnomaly,GBRCD,
LE18NEL02,year,gbrIsDatabaseDuplicate,GBRCD,
LE18NEL02,year,gbrUThDate,GBRCD,
LE18NEL02,year,gbrUThDateUncertainty,GBRCD,
LE18NEL02,year,jcpMeasured,CoralHydro2k;GBRCD,
LE18NEL02,year,jcpUsed,CoralHydro2k;GBRCD,
LE18PAN01,year,coralExtensionRate,CoralHydro2k;GBRCD,
LE18PAN01,year,coralExtensionRateNotes,CoralHydro2k;GBRCD,
LE18PAN01,year,coralTissueThickness,CoralHydro2k;GBRCD,
LE18PAN01,year,gbr14CDate,GBRCD,
LE18PAN01,year,gbr14CDateUncertainty,GBRCD,
LE18PAN01,year,gbrChronologyNotes,GBRCD,
LE18PAN01,year,gbrDataCoverageGroup,GBRCD,
LE18PAN01,year,gbrIsAnomaly,GBRCD,
LE18PAN01,year,gbrIsDatabaseDuplicate,GBRCD,
LE18PAN01,year,gbrUThDate,GBRCD,
LE18PAN01,year,gbrUThDateUncertainty,GBRCD,
LE18PAN01,year,jcpMeasured,CoralHydro2k;GBRCD,
LE18PAN01,year,jcpUsed,CoralHydro2k;GBRCD,
LE18PAN02,year,coralExtensionRate,CoralHydro2k;GBRCD,
LE18PAN02,year,coralExtensionRateNotes,CoralHydro2k;GBRCD,
LE18PAN02,year,coralTissueThickness,CoralHydro2k;GBRCD,
LE18PAN02,year,gbr14CDate,GBRCD,
LE18PAN02,year,gbr14CDateUncertainty,GBRCD,
LE18PAN02,year,gbrChronologyNotes,GBRCD,
LE18PAN02,year,gbrDataCoverageGroup,GBRCD,
LE18PAN02,year,gbrIsAnomaly,GBRCD,
LE18PAN02,year,gbrIsDatabaseDuplicate,GBRCD,
LE18PAN02,year,gbrUThDate,GBRCD,
LE18PAN02,year,gbrUThDateUncertainty,GBRCD,
LE18PAN02,year,jcpMeasured,CoralHydro2k;GBRCD,
LE18PAN02,year,jcpUsed,CoralHydro2k;GBRCD,
LE18PEL01,year,coralExtensionRate,CoralHydro2k;GBRCD,
LE18PEL01,year,coralExtensionRateNotes,CoralHydro2k;GBRCD,
LE18PEL01,year,coralTissueThickness,CoralHydro2k;GBRCD,
LE18PEL01,year,gbr14CDate,GBRCD,
LE18PEL01,year,gbr14CDateUncertainty,GBRCD,
LE18PEL01,year,gbrChronologyNotes,GBRCD,
LE18PEL01,year,gbrDataCoverageGroup,GBRCD,
LE18PEL01,year,gbrIsAnomaly,GBRCD,
LE18PEL01,year,gbrIsDatabaseDuplicate,GBRCD,
LE18PEL01,year,gbrUThDate,GBRCD,
LE18PEL01,year,gbrUThDateUncertainty,GBRCD,
LE18PEL01,year,jcpMeasured,CoralHydro2k;GBRCD,
LE18PEL01,year,jcpUsed,CoralHydro2k;GBRCD,
LE18PEL02,year,coralExtensionRate,CoralHydro2k;GBRCD,
LE18PEL02,year,coralExtensionRateNotes,CoralHydro2k;GBRCD,
LE18PEL02,year,coralTissueThickness,CoralHydro2k;GBRCD,
LE18PEL02,year,gbr14CDate,GBRCD,
LE18PEL02,year,gbr14CDateUncertainty,GBRCD,
LE18PEL02,year,gbrChronologyNotes,GBRCD,
LE18PEL02,year,gbrDataCoverageGroup,GBRCD,
LE18PEL02,year,gbrIsAnomaly,GBRCD,
LE18PEL02,year,gbrIsDatabaseDuplicate,GBRCD,
LE18PEL02,year,gbrUThDate,GBRCD,
LE18PEL02,year,gbrUThDateUncertainty,GBRCD,
LE18PEL02,year,jcpMeasured,CoralHydro2k;GBRCD,
LE18PEL02,year,jcpUsed,CoralHydro2k;GBRCD,
LE19HIG01,year,coralExtensionRate,CoralHydro2k;GBRCD,
LE19HIG01,year,coralExtensionRateNotes,CoralHydro2k;GBRCD,
LE19HIG01,year,coralTissueThickness,CoralHydro2k;GBRCD,
LE19HIG01,year,gbr14CDate,GBRCD,
LE19HIG01,year,gbr14CDateUncertainty,GBRCD,
LE19HIG01,year,gbrChronologyNotes,GBRCD,
LE19HIG01,year,gbrDataCoverageGroup,GBRCD,
LE19HIG01,year,gbrIsAnomaly,GBRCD,
LE19HIG01,year,gbrIsDatabaseDuplicate,GBRCD,
LE19HIG01,year,gbrUThDate,GBRCD,
LE19HIG01,year,gbrUThDateUncertainty,GBRCD,
LE19HIG01,year,jcpMeasured,CoralHydro2k;GBRCD,
LE19HIG01,year,jcpUsed,CoralHydro2k;GBRCD,
LE19RUS01,year,coralExtensionRate,CoralHydro2k;GBRCD,
LE19RUS01,year,coralExtensionRateNotes,CoralHydro2k;GBRCD,
LE19RUS01,year,coralTissueThickness,CoralHydro2k;GBRCD,
LE19RUS01,year,gbr14CDate,GBRCD,
LE19RUS01,year,gbr14CDateUncertainty,GBRCD,
LE19RUS01,year,gbrChronologyNotes,GBRCD,
LE19RUS01,year,gbrDataCoverageGroup,GBRCD,
LE19RUS01,year,gbrIsAnomaly,GBRCD,
LE19RUS01,year,gbrIsDatabaseDuplicate,GBRCD,
LE19RUS01,year,gbrUThDate,GBRCD,
LE19RUS01,year,gbrUThDateUncertainty,GBRCD,
LE19RUS01,year,jcpMeasured,CoralHydro2k;GBRCD,
LE19RUS01,year,jcpUsed,CoralHydro2k;GBRCD,
LE19RUS02,year,coralExtensionRate,CoralHydro2k;GBRCD,
LE19RUS02,year,coralExtensionRateNotes,CoralHydro2k;GBRCD,
LE19RUS02,year,coralTissueThickness,CoralHydro2k;GBRCD,
LE19RUS02,year,gbr14CDate,GBRCD,
LE19RUS02,year,gbr14CDateUncertainty,GBRCD,
LE19RUS02,year,gbrChronologyNotes,GBRCD,
LE19RUS02,year,gbrDataCoverageGroup,GBRCD,
LE19RUS02,year,gbrIsAnomaly,GBRCD,
LE19RUS02,year,gbrIsDatabaseDuplicate,GBRCD,
LE19RUS02,year,gbrUThDate,GBRCD,
LE19RUS02,year,gbrUThDateUncertainty,GBRCD,
LE19RUS02,year,jcpMeasured,CoralHydro2k;GBRCD,
LE19RUS02,year,jcpUsed,CoralHydro2k;GBRCD,
LE19SUD01,year,coralExtensionRate,CoralHydro2k;GBRCD,
LE19SUD01,year,coralExtensionRateNotes,CoralHydro2k;GBRCD,
LE19SUD01,year,coralTissueThickness,CoralHydro2k;GBRCD,
LE19SUD01,year,gbr14CDate,GBRCD,
LE19SUD01,year,gbr14CDateUncertainty,GBRCD,
LE19SUD01,year,gbrChronologyNotes,GBRCD,
LE19SUD01,year,gbrDataCoverageGroup,GBRCD,
LE19SUD01,year,gbrIsAnomaly,GBRCD,
LE19SUD01,year,gbrIsDatabaseDuplicate,GBRCD,
LE19SUD01,year,gbrUThDate,GBRCD,
LE19SUD01,year,gbrUThDateUncertainty,GBRCD,
LE19SUD01,year,jcpMeasured,CoralHydro2k;GBRCD,
LE19SUD01,year,jcpUsed,CoralHydro2k;GBRCD,
LO11ACH01,year,coralExtensionRate,CoralHydro2k;GBRCD,
LO11ACH01,year,coralTissueThickness,CoralHydro2k;GBRCD,
LO11ACH01,year,gbr14CDate,GBRCD,
LO11ACH01,year,gbr14CDateUncertainty,GBRCD,
LO11ACH01,year,gbrChronologyNotes,GBRCD,
LO11ACH01,year,gbrDataCoverageGroup,GBRCD,
LO11ACH01,year,gbrIsAnomaly,GBRCD,
LO11ACH01,year,gbrIsDatabaseDuplicate,GBRCD,
LO11ACH01,year,gbrUThDate,GBRCD,
LO11ACH01,year,gbrUThDateUncertainty,GBRCD,
LO11ACH01,year,jcpMeasured,CoralHydro2k;GBRCD,
LO11ACH01,year,jcpUsed,CoralHydro2k;GBRCD,
LO11BRO01,year,coralExtensionRate,CoralHydro2k;GBRCD,
LO11BRO01,year,coralTissueThickness,CoralHydro2k;GBRCD,
LO11BRO01,year,gbr14CDate,GBRCD,
LO11BRO01,year,gbr14CDateUncertainty,GBRCD,
LO11BRO01,year,gbrChronologyNotes,GBRCD,
LO11BRO01,year,gbrDataCoverageGroup,GBRCD,
LO11BRO01,year,gbrIsAnomaly,GBRCD,
LO11BRO01,year,gbrIsDatabaseDuplicate,GBRCD,
LO11BRO01,year,gbrUThDate,GBRCD,
LO11BRO01,year,gbrUThDateUncertainty,GBRCD,
LO11BRO01,year,jcpMeasured,CoralHydro2k;GBRCD,
LO11BRO01,year,jcpUsed,CoralHydro2k;GBRCD,
LO11CID01,year,coralExtensionRate,CoralHydro2k;GBRCD,
LO11CID01,year,coralTissueThickness,CoralHydro2k;GBRCD,
LO11CID01,year,gbr14CDate,GBRCD,
LO11CID01,year,gbr14CDateUncertainty,GBRCD,
LO11CID01,year,gbrChronologyNotes,GBRCD,
LO11CID01,year,gbrDataCoverageGroup,GBRCD,
LO11CID01,year,gbrIsAnomaly,GBRCD,
LO11CID01,year,gbrIsDatabaseDuplicate,GBRCD,
LO11CID01,year,gbrUThDate,GBRCD,
LO11CID01,year,gbrUThDateUncertainty,GBRCD,
LO11CID01,year,jcpMeasured,CoralHydro2k;GBRCD,
LO11CID01,year,jcpUsed,CoralHydro2k;GBRCD,
LO11CNR01,year,coralExtensionRate,CoralHydro2k;GBRCD,
LO11CNR01,year,coralTissueThickness,CoralHydro2k;GBRCD,
LO11CNR01,year,gbr14CDate,GBRCD,
LO11CNR01,year,gbr14CDateUncertainty,GBRCD,
LO11CNR01,year,gbrChronologyNotes,GBRCD,
LO11CNR01,year,gbrDataCoverageGroup,GBRCD,
LO11CNR01,year,gbrIsAnomaly,GBRCD,
LO11CNR01,year,gbrIsDatabaseDuplicate,GBRCD,
LO11CNR01,year,gbrUThDate,GBRCD,
LO11CNR01,year,gbrUThDateUncertainty,GBRCD,
LO11CNR01,year,jcpMeasured,CoralHydro2k;GBRCD,
LO11CNR01,year,jcpUsed,CoralHydro2k;GBRCD,
LO11COO01,year,coralExtensionRate,CoralHydro2k;GBRCD,
LO11COO01,year,coralTissueThickness,CoralHydro2k;GBRCD,
LO11COO01,year,gbr14CDate,GBRCD,
LO11COO01,year,gbr14CDateUncertainty,GBRCD,
LO11COO01,year,gbrChronologyNotes,GBRCD,
LO11COO01,year,gbrDataCoverageGroup,GBRCD,
LO11COO01,year,gbrIsAnomaly,GBRCD,
LO11COO01,year,gbrIsDatabaseDuplicate,GBRCD,
LO11COO01,year,gbrUThDate,GBRCD,
LO11COO01,year,gbrUThDateUncertainty,GBRCD,
LO11COO01,year,jcpMeasured,CoralHydro2k;GBRCD,
LO11COO01,year,jcpUsed,CoralHydro2k;GBRCD,
LO11DUN01,year,coralExtensionRate,CoralHydro2k;GBRCD,
LO11DUN01,year,coralTissueThickness,CoralHydro2k;GBRCD,
LO11DUN01,year,gbr14CDate,GBRCD,
LO11DUN01,year,gbr14CDateUncertainty,GBRCD,
LO11DUN01,year,gbrChronologyNotes,GBRCD,
LO11DUN01,year,gbrDataCoverageGroup,GBRCD,
LO11DUN01,year,gbrIsAnomaly,GBRCD,
LO11DUN01,year,gbrIsDatabaseDuplicate,GBRCD,
LO11DUN01,year,gbrUThDate,GBRCD,
LO11DUN01,year,gbrUThDateUncertainty,GBRCD,
LO11DUN01,year,jcpMeasured,CoralHydro2k;GBRCD,
LO11DUN01,year,jcpUsed,CoralHydro2k;GBRCD,
LO11GPI01,year,coralExtensionRate,CoralHydro2k;GBRCD,
LO11GPI01,year,coralTissueThickness,CoralHydro2k;GBRCD,
LO11GPI01,year,gbr14CDate,GBRCD,
LO11GPI01,year,gbr14CDateUncertainty,GBRCD,
LO11GPI01,year,gbrChronologyNotes,GBRCD,
LO11GPI01,year,gbrDataCoverageGroup,GBRCD,
LO11GPI01,year,gbrIsAnomaly,GBRCD,
LO11GPI01,year,gbrIsDatabaseDuplicate,GBRCD,
LO11GPI01,year,gbrUThDate,GBRCD,
LO11GPI01,year,gbrUThDateUncertainty,GBRCD,
LO11GPI01,year,jcpMeasured,CoralHydro2k;GBRCD,
LO11GPI01,year,jcpUsed,CoralHydro2k;GBRCD,
LO11HAV01,year,coralExtensionRate,CoralHydro2k;GBRCD,
LO11HAV01,year,coralTissueThickness,CoralHydro2k;GBRCD,
LO11HAV01,year,gbr14CDate,GBRCD,
LO11HAV01,year,gbr14CDateUncertainty,GBRCD,
LO11HAV01,year,gbrChronologyNotes,GBRCD,
LO11HAV01,year,gbrDataCoverageGroup,GBRCD,
LO11HAV01,year,gbrIsAnomaly,GBRCD,
LO11HAV01,year,gbrIsDatabaseDuplicate,GBRCD,
LO11HAV01,year,gbrUThDate,GBRCD,
LO11HAV01,year,gbrUThDateUncertainty,GBRCD,
LO11HAV01,year,jcpMeasured,CoralHydro2k;GBRCD,
LO11HAV01,year,jcpUsed,CoralHydro2k;GBRCD,
LO11HKI01,year,coralExtensionRate,CoralHydro2k;GBRCD,
LO11HKI01,year,coralTissueThickness,CoralHydro2k;GBRCD,
LO11HKI01,year,gbr14CDate,GBRCD,
LO11HKI01,year,gbr14CDateUncertainty,GBRCD,
LO11HKI01,year,gbrChronologyNotes,GBRCD,
LO11HKI01,year,gbrDataCoverageGroup,GBRCD,
LO11HKI01,year,gbrIsAnomaly,GBRCD,
LO11HKI01,year,gbrIsDatabaseDuplicate,GBRCD,
LO11HKI01,year,gbrUThDate,GBRCD,
LO11HKI01,year,gbrUThDateUncertainty,GBRCD,
LO11HKI01,year,jcpMeasured,CoralHydro2k;GBRCD,
LO11HKI01,year,jcpUsed,CoralHydro2k;GBRCD,
LO11HKI02,year,coralExtensionRate,CoralHydro2k;GBRCD,
LO11HKI02,year,coralTissueThickness,CoralHydro2k;GBRCD,
LO11HKI02,year,gbr14CDate,GBRCD,
LO11HKI02,year,gbr14CDateUncertainty,GBRCD,
LO11HKI02,year,gbrChronologyNotes,GBRCD,
LO11HKI02,year,gbrDataCoverageGroup,GBRCD,
LO11HKI02,year,gbrIsAnomaly,GBRCD,
LO11HKI02,year,gbrIsDatabaseDuplicate,GBRCD,
LO11HKI02,year,gbrUThDate,GBRCD,
LO11HKI02,year,gbrUThDateUncertainty,GBRCD,
LO11HKI02,year,jcpMeasured,CoralHydro2k;GBRCD,
LO11HKI02,year,jcpUsed,CoralHydro2k;GBRCD,
LO11HMP01,year,coralExtensionRate,CoralHydro2k;GBRCD,
LO11HMP01,year,coralTissueThickness,CoralHydro2k;GBRCD,
LO11HMP01,year,gbr14CDate,GBRCD,
LO11HMP01,year,gbr14CDateUncertainty,GBRCD,
LO11HMP01,year,gbrChronologyNotes,GBRCD,
LO11HMP01,year,gbrDataCoverageGroup,GBRCD,
LO11HMP01,year,gbrIsAnomaly,GBRCD,
LO11HMP01,year,gbrIsDatabaseDuplicate,GBRCD,
LO11HMP01,year,gbrUThDate,GBRCD,
LO11HMP01,year,gbrUThDateUncertainty,GBRCD,
LO11HMP01,year,jcpMeasured,CoralHydro2k;GBRCD,
LO11HMP01,year,jcpUsed,CoralHydro2k;GBRCD,
LO11LUP01,year,coralExtensionRate,CoralHydro2k;GBRCD,
LO11LUP01,year,coralTissueThickness,CoralHydro2k;GBRCD,
LO11LUP01,year,gbr14CDate,GBRCD,
LO11LUP01,year,gbr14CDateUncertainty,GBRCD,
LO11LUP01,year,gbrChronologyNotes,GBRCD,
LO11LUP01,year,gbrDataCoverageGroup,GBRCD,
LO11LUP01,year,gbrIsAnomaly,GBRCD,
LO11LUP01,year,gbrIsDatabaseDuplicate,GBRCD,
LO11LUP01,year,gbrUThDate,GBRCD,
LO11LUP01,year,gbrUThDateUncertainty,GBRCD,
LO11LUP01,year,jcpMeasured,CoralHydro2k;GBRCD,
LO11LUP01,year,jcpUsed,CoralHydro2k;GBRCD,
LO11MAG01,year,coralExtensionRate,CoralHydro2k;GBRCD,
LO11MAG01,year,coralTissueThickness,CoralHydro2k;GBRCD,
LO11MAG01,year,gbr14CDate,GBRCD,
LO11MAG01,year,gbr14CDateUncertainty,GBRCD,
LO11MAG01,year,gbrChronologyNotes,GBRCD,
LO11MAG01,year,gbrDataCoverageGroup,GBRCD,
LO11MAG01,year,gbrIsAnomaly,GBRCD,
LO11MAG01,year,gbrIsDatabaseDuplicate,GBRCD,
LO11MAG01,year,gbrUThDate,GBRCD,
LO11MAG01,year,gbrUThDateUncertainty,GBRCD,
LO11MAG01,year,jcpMeasured,CoralHydro2k;GBRCD,
LO11MAG01,year,jcpUsed,CoralHydro2k;GBRCD,
LO11NMI01,year,coralExtensionRate,CoralHydro2k;GBRCD,
LO11NMI01,year,coralTissueThickness,CoralHydro2k;GBRCD,
LO11NMI01,year,gbr14CDate,GBRCD,
LO11NMI01,year,gbr14CDateUncertainty,GBRCD,
LO11NMI01,year,gbrChronologyNotes,GBRCD,
LO11NMI01,year,gbrDataCoverageGroup,GBRCD,
LO11NMI01,year,gbrIsAnomaly,GBRCD,
LO11NMI01,year,gbrIsDatabaseDuplicate,GBRCD,
LO11NMI01,year,gbrUThDate,GBRCD,
LO11NMI01,year,gbrUThDateUncertainty,GBRCD,
LO11NMI01,year,jcpMeasured,CoralHydro2k;GBRCD,
LO11NMI01,year,jcpUsed,CoralHydro2k;GBRCD,
LO11NOR01,year,coralExtensionRate,CoralHydro2k;GBRCD,
LO11NOR01,year,coralTissueThickness,CoralHydro2k;GBRCD,
LO11NOR01,year,gbr14CDate,GBRCD,
LO11NOR01,year,gbr14CDateUncertainty,GBRCD,
LO11NOR01,year,gbrChronologyNotes,GBRCD,
LO11NOR01,year,gbrDataCoverageGroup,GBRCD,
LO11NOR01,year,gbrIsAnomaly,GBRCD,
LO11NOR01,year,gbrIsDatabaseDuplicate,GBRCD,
LO11NOR01,year,gbrUThDate,GBRCD,
LO11NOR01,year,gbrUThDateUncertainty,GBRCD,
LO11NOR01,year,jcpMeasured,CoralHydro2k;GBRCD,
LO11NOR01,year,jcpUsed,CoralHydro2k;GBRCD,
LO11PAN01,year,coralExtensionRate,CoralHydro2k;GBRCD,
LO11PAN01,year,coralTissueThickness,CoralHydro2k;GBRCD,
LO11PAN01,year,gbr14CDate,GBRCD,
LO11PAN01,year,gbr14CDateUncertainty,GBRCD,
LO11PAN01,year,gbrChronologyNotes,GBRCD,
LO11PAN01,year,gbrDataCoverageGroup,GBRCD,
LO11PAN01,year,gbrIsAnomaly,GBRCD,
LO11PAN01,year,gbrIsDatabaseDuplicate,GBRCD,
LO11PAN01,year,gbrUThDate,GBRCD,
LO11PAN01,year,gbrUThDateUncertainty,GBRCD,
LO11PAN01,year,jcpMeasured,CoralHydro2k;GBRCD,
LO11PAN01,year,jcpUsed,CoralHydro2k;GBRCD,
LO11SMI01,year,coralExtensionRate,CoralHydro2k;GBRCD,
LO11SMI01,year,coralTissueThickness,CoralHydro2k;GBRCD,
LO11SMI01,year,gbr14CDate,GBRCD,
LO11SMI01,year,gbr14CDateUncertainty,GBRCD,
LO11SMI01,year,gbrChronologyNotes,GBRCD,
LO11SMI01,year,gbrDataCoverageGroup,GBRCD,
LO11SMI01,year,gbrIsAnomaly,GBRCD,
LO11SMI01,year,gbrIsDatabaseDuplicate,GBRCD,
LO11SMI01,year,gbrUThDate,GBRCD,
LO11SMI01,year,gbrUThDateUncertainty,GBRCD,
LO11SMI01,year,jcpMeasured,CoralHydro2k;GBRCD,
LO11SMI01,year,jcpUsed,CoralHydro2k;GBRCD,
LO14NEL01,year,coralExtensionRate,CoralHydro2k;GBRCD,
LO14NEL01,year,coralTissueThickness,CoralHydro2k;GBRCD,
LO14NEL01,year,gbr14CDate,GBRCD,
LO14NEL01,year,gbr14CDateUncertainty,GBRCD,
LO14NEL01,year,gbrChronologyNotes,GBRCD,
LO14NEL01,year,gbrDataCoverageGroup,GBRCD,
LO14NEL01,year,gbrDatingNotes,GBRCD,
LO14NEL01,year,gbrIsAnomaly,GBRCD,
LO14NEL01,year,gbrIsDatabaseDuplicate,GBRCD,
LO14NEL01,year,gbrUThDate,GBRCD,
LO14NEL01,year,gbrUThDateUncertainty,GBRCD,
LO14NEL01,year,jcpMeasured,CoralHydro2k;GBRCD,
LO14NEL01,year,jcpUsed,CoralHydro2k;GBRCD,
LO14NEL02,year,coralExtensionRate,CoralHydro2k;GBRCD,
LO14NEL02,year,coralTissueThickness,CoralHydro2k;GBRCD,
LO14NEL02,year,gbr14CDate,GBRCD,
LO14NEL02,year,gbr14CDateUncertainty,GBRCD,
LO14NEL02,year,gbrChronologyNotes,GBRCD,
LO14NEL02,year,gbrDataCoverageGroup,GBRCD,
LO14NEL02,year,gbrDatingNotes,GBRCD,
LO14NEL02,year,gbrIsAnomaly,GBRCD,
LO14NEL02,year,gbrIsDatabaseDuplicate,GBRCD,
LO14NEL02,year,gbrUThDate,GBRCD,
LO14NEL02,year,gbrUThDateUncertainty,GBRCD,
LO14NEL02,year,jcpMeasured,CoralHydro2k;GBRCD,
LO14NEL02,year,jcpUsed,CoralHydro2k;GBRCD,
LO14NEL03,year,coralExtensionRate,CoralHydro2k;GBRCD,
LO14NEL03,year,coralTissueThickness,CoralHydro2k;GBRCD,
LO14NEL03,year,gbr14CDate,GBRCD,
LO14NEL03,year,gbr14CDateUncertainty,GBRCD,
LO14NEL03,year,gbrChronologyNotes,GBRCD,
LO14NEL03,year,gbrDataCoverageGroup,GBRCD,
LO14NEL03,year,gbrDatingNotes,GBRCD,
LO14NEL03,year,gbrIsAnomaly,GBRCD,
LO14NEL03,year,gbrIsDatabaseDuplicate,GBRCD,
LO14NEL03,year,gbrUThDate,GBRCD,
LO14NEL03,year,gbrUThDateUncertainty,GBRCD,
LO14NEL03,year,jcpMeasured,CoralHydro2k;GBRCD,
LO14NEL03,year,jcpUsed,CoralHydro2k;GBRCD,
LO14NEL04,year,coralExtensionRate,CoralHydro2k;GBRCD,
LO14NEL04,year,coralTissueThickness,CoralHydro2k;GBRCD,
LO14NEL04,year,gbr14CDate,GBRCD,
LO14NEL04,year,gbr14CDateUncertainty,GBRCD,
LO14NEL04,year,gbrChronologyNotes,GBRCD,
LO14NEL04,year,gbrDataCoverageGroup,GBRCD,
LO14NEL04,year,gbrDatingNotes,GBRCD,
LO14NEL04,year,gbrIsAnomaly,GBRCD,
LO14NEL04,year,gbrIsDatabaseDuplicate,GBRCD,
LO14NEL04,year,gbrUThDate,GBRCD,
LO14NEL04,year,gbrUThDateUncertainty,GBRCD,
LO14NEL04,year,jcpMeasured,CoralHydro2k;GBRCD,
LO14NEL04,year,jcpUsed,CoralHydro2k;GBRCD,
LO14NEL05,year,coralExtensionRate,CoralHydro2k;GBRCD,
LO14NEL05,year,coralTissueThickness,CoralHydro2k;GBRCD,
LO14NEL05,year,gbr14CDate,GBRCD,
LO14NEL05,year,gbr14CDateUncertainty,GBRCD,
LO14NEL05,year,gbrChronologyNotes,GBRCD,
LO14NEL05,year,gbrDataCoverageGroup,GBRCD,
LO14NEL05,year,gbrDatingNotes,GBRCD,
LO14NEL05,year,gbrIsAnomaly,GBRCD,
LO14NEL05,year,gbrIsDatabaseDuplicate,GBRCD,
LO14NEL05,year,gbrUThDate,GBRCD,
LO14NEL05,year,gbrUThDateUncertainty,GBRCD,
LO14NEL05,year,jcpMeasured,CoralHydro2k;GBRCD,
LO14NEL05,year,jcpUsed,CoralHydro2k;GBRCD,
LO14NEL06,year,coralExtensionRate,CoralHydro2k;GBRCD,
LO14NEL06,year,coralTissueThickness,CoralHydro2k;GBRCD,
LO14NEL06,year,gbr14CDate,GBRCD,
LO14NEL06,year,gbr14CDateUncertainty,GBRCD,
LO14NEL06,year,gbrChronologyNotes,GBRCD,
LO14NEL06,year,gbrDataCoverageGroup,GBRCD,
LO14NEL06,year,gbrIsAnomaly,GBRCD,
LO14NEL06,year,gbrIsDatabaseDuplicate,GBRCD,
LO14NEL06,year,gbrUThDate,GBRCD,
LO14NEL06,year,gbrUThDateUncertainty,GBRCD,
LO14NEL06,year,jcpMeasured,CoralHydro2k;GBRCD,
LO14NEL06,year,jcpUsed,CoralHydro2k;GBRCD,
LO14NEL07,year,coralExtensionRate,CoralHydro2k;GBRCD,
LO14NEL07,year,coralTissueThickness,CoralHydro2k;GBRCD,
LO14NEL07,year,gbr14CDate,GBRCD,
LO14NEL07,year,gbr14CDateUncertainty,GBRCD,
LO14NEL07,year,gbrChronologyNotes,GBRCD,
LO14NEL07,year,gbrDataCoverageGroup,GBRCD,
LO14NEL07,year,gbrIsAnomaly,GBRCD,
LO14NEL07,year,gbrIsDatabaseDuplicate,GBRCD,
LO14NEL07,year,gbrUThDate,GBRCD,
LO14NEL07,year,gbrUThDateUncertainty,GBRCD,
LO14NEL07,year,jcpMeasured,CoralHydro2k;GBRCD,
LO14NEL07,year,jcpUsed,CoralHydro2k;GBRCD,
LO14NEL08,year,coralExtensionRate,CoralHydro2k;GBRCD,
LO14NEL08,year,coralTissueThickness,CoralHydro2k;GBRCD,
LO14NEL08,year,gbr14CDate,GBRCD,
LO14NEL08,year,gbr14CDateUncertainty,GBRCD,
LO14NEL08,year,gbrChronologyNotes,GBRCD,
LO14NEL08,year,gbrDataCoverageGroup,GBRCD,
LO14NEL08,year,gbrIsAnomaly,GBRCD,
LO14NEL08,year,gbrIsDatabaseDuplicate,GBRCD,
LO14NEL08,year,gbrUThDate,GBRCD,
LO14NEL08,year,gbrUThDateUncertainty,GBRCD,
LO14NEL08,year,jcpMeasured,CoralHydro2k;GBRCD,
LO14NEL08,year,jcpUsed,CoralHydro2k;GBRCD,
LO15HAV01,year,coralExtensionRate,CoralHydro2k;GBRCD,
LO15HAV01,year,coralTissueThickness,CoralHydro2k;GBRCD,
LO15HAV01,year,gbr14CDate,GBRCD,
LO15HAV01,year,gbr14CDateUncertainty,GBRCD,
LO15HAV01,year,gbrChronologyNotes,GBRCD,
LO15HAV01,year,gbrDataCoverageGroup,GBRCD,
LO15HAV01,year,gbrIsAnomaly,GBRCD,
LO15HAV01,year,gbrIsDatabaseDuplicate,GBRCD,
LO15HAV01,year,gbrUThDate,GBRCD,
LO15HAV01,year,gbrUThDateUncertainty,GBRCD,
LO15HAV01,year,jcpMeasured,CoralHydro2k;GBRCD,
LO15HAV01,year,jcpUsed,CoralHydro2k;GBRCD,
LO15HAV02,year,coralExtensionRate,CoralHydro2k;GBRCD,
LO15HAV02,year,coralTissueThickness,CoralHydro2k;GBRCD,
LO15HAV02,year,gbr14CDate,GBRCD,
LO15HAV02,year,gbr14CDateUncertainty,GBRCD,
LO15HAV02,year,gbrChronologyNotes,GBRCD,
LO15HAV02,year,gbrDataCoverageGroup,GBRCD,
LO15HAV02,year,gbrIsAnomaly,GBRCD,
LO15HAV02,year,gbrIsDatabaseDuplicate,GBRCD,
LO15HAV02,year,gbrUThDate,GBRCD,
LO15HAV02,year,gbrUThDateUncertainty,GBRCD,
LO15HAV02,year,jcpMeasured,CoralHydro2k;GBRCD,
LO15HAV02,year,jcpUsed,CoralHydro2k;GBRCD,
LO15HAV03,year,coralExtensionRate,CoralHydro2k;GBRCD,
LO15HAV03,year,coralTissueThickness,CoralHydro2k;GBRCD,
LO15HAV03,year,gbr14CDate,GBRCD,
LO15HAV03,year,gbr14CDateUncertainty,GBRCD,
LO15HAV03,year,gbrChronologyNotes,GBRCD,
LO15HAV03,year,gbrDataCoverageGroup,GBRCD,
LO15HAV03,year,gbrIsAnomaly,GBRCD,
LO15HAV03,year,gbrIsDatabaseDuplicate,GBRCD,
LO15HAV03,year,gbrUThDate,GBRCD,
LO15HAV03,year,gbrUThDateUncertainty,GBRCD,
LO15HAV03,year,jcpMeasured,CoralHydro2k;GBRCD,
LO15HAV03,year,jcpUsed,CoralHydro2k;GBRCD,
LO15HAV04,year,coralExtensionRate,CoralHydro2k;GBRCD,
LO15HAV04,year,coralTissueThickness,CoralHydro2k;GBRCD,
LO15HAV04,year,gbr14CDate,GBRCD,
LO15HAV04,year,gbr14CDateUncertainty,GBRCD,
LO15HAV04,year,gbrChronologyNotes,GBRCD,
LO15HAV04,year,gbrDataCoverageGroup,GBRCD,
LO15HAV04,year,gbrIsAnomaly,GBRCD,
LO15HAV04,year,gbrIsDatabaseDuplicate,GBRCD,
LO15HAV04,year,gbrUThDate,GBRCD,
LO15HAV04,year,gbrUThDateUncertainty,GBRCD,
LO15HAV04,year,jcpMeasured,CoralHydro2k;GBRCD,
LO15HAV04,year,jcpUsed,CoralHydro2k;GBRCD,
LO15HAV05,year,coralExtensionRate,CoralHydro2k;GBRCD,
LO15HAV05,year,coralTissueThickness,CoralHydro2k;GBRCD,
LO15HAV05,year,gbr14CDate,GBRCD,
LO15HAV05,year,gbr14CDateUncertainty,GBRCD,
LO15HAV05,year,gbrChronologyNotes,GBRCD,
LO15HAV05,year,gbrDataCoverageGroup,GBRCD,
LO15HAV05,year,gbrIsAnomaly,GBRCD,
LO15HAV05,year,gbrIsDatabaseDuplicate,GBRCD,
LO15HAV05,year,gbrUThDate,GBRCD,
LO15HAV05,year,gbrUThDateUncertainty,GBRCD,
LO15HAV05,year,jcpMeasured,CoralHydro2k;GBRCD,
LO15HAV05,year,jcpUsed,CoralHydro2k;GBRCD,
MA00MYR01,year,coralExtensionRate,CoralHydro2k;GBRCD,
MA00MYR01,year,coralExtensionRateNotes,CoralHydro2k;GBRCD,
MA00MYR01,year,coralTissueThickness,CoralHydro2k;GBRCD,
MA00MYR01,year,gbr14CDate,GBRCD,
MA00MYR01,year,gbr14CDateUncertainty,GBRCD,
MA00MYR01,year,gbrChronologyNotes,GBRCD,
MA00MYR01,year,gbrDataCoverageGroup,GBRCD,
MA00MYR01,year,gbrIsAnomaly,GBRCD,
MA00MYR01,year,gbrIsDatabaseDuplicate,GBRCD,
MA00MYR01,year,gbrUThDate,GBRCD,
MA00MYR01,year,gbrUThDateUncertainty,GBRCD,
MA00MYR01,year,jcpMeasured,CoralHydro2k;GBRCD,
MA00MYR01,year,jcpUsed,CoralHydro2k;GBRCD,
MA00MYR02,year,coralExtensionRate,CoralHydro2k;GBRCD,
MA00MYR02,year,coralTissueThickness,CoralHydro2k;GBRCD,
MA00MYR02,year,gbr14CDate,GBRCD,
MA00MYR02,year,gbr14CDateUncertainty,GBRCD,
MA00MYR02,year,gbrChronologyNotes,GBRCD,
MA00MYR02,year,gbrDataCoverageGroup,GBRCD,
MA00MYR02,year,gbrDatingNotes,GBRCD,
MA00MYR02,year,gbrIsAnomaly,GBRCD,
MA00MYR02,year,gbrIsDatabaseDuplicate,GBRCD,
MA00MYR02,year,gbrUThDate,GBRCD,
MA00MYR02,year,gbrUThDateUncertainty,GBRCD,
MA00MYR02,year,jcpMeasured,CoralHydro2k;GBRCD,
MA00MYR02,year,jcpUsed,CoralHydro2k;GBRCD,
MA00MYR03,year,coralExtensionRate,CoralHydro2k;GBRCD,
MA00MYR03,year,coralTissueThickness,CoralHydro2k;GBRCD,
MA00MYR03,year,gbr14CDate,GBRCD,
MA00MYR03,year,gbr14CDateUncertainty,GBRCD,
MA00MYR03,year,gbrChronologyNotes,GBRCD,
MA00MYR03,year,gbrDataCoverageGroup,GBRCD,
MA00MYR03,year,gbrDatingNotes,GBRCD,
MA00MYR03,year,gbrIsAnomaly,GBRCD,
MA00MYR03,year,gbrIsDatabaseDuplicate,GBRCD,
MA00MYR03,year,gbrUThDate,GBRCD,
MA00MYR03,year,gbrUThDateUncertainty,GBRCD,
MA00MYR03,year,jcpMeasured,CoralHydro2k;GBRCD,
MA00MYR03,year,jcpUsed,CoralHydro2k;GBRCD,
MA00SLY01,year,coralExtensionRate,CoralHydro2k;GBRCD,
MA00SLY01,year,coralExtensionRateNotes,CoralHydro2k;GBRCD,
MA00SLY01,year,coralTissueThickness,CoralHydro2k;GBRCD,
MA00SLY01,year,gbr14CDate,GBRCD,
MA00SLY01,year,gbr14CDateUncertainty,GBRCD,
MA00SLY01,year,gbrChronologyNotes,GBRCD,
MA00SLY01,year,gbrDataCoverageGroup,GBRCD,
MA00SLY01,year,gbrIsAnomaly,GBRCD,
MA00SLY01,year,gbrIsDatabaseDuplicate,GBRCD,
MA00SLY01,year,gbrUThDate,GBRCD,
MA00SLY01,year,gbrUThDateUncertainty,GBRCD,
MA00SLY01,year,jcpMeasured,CoralHydro2k;GBRCD,
MA00SLY01,year,jcpUsed,CoralHydro2k;GBRCD,
MC03HAV01,year,coralExtensionRate,CoralHydro2k;GBRCD,
MC03HAV01,year,coralTissueThickness,CoralHydro2k;GBRCD,
MC03HAV01,year,gbr14CDate,GBRCD,
MC03HAV01,year,gbr14CDateUncertainty,GBRCD,
MC03HAV01,year,gbrChronologyNotes,GBRCD,
MC03HAV01,year,gbrDataCoverageGroup,GBRCD,
MC03HAV01,year,gbrIsAnomaly,GBRCD,
MC03HAV01,year,gbrIsDatabaseDuplicate,GBRCD,
MC03HAV01,year,gbrUThDate,GBRCD,
MC03HAV01,year,gbrUThDateUncertainty,GBRCD,
MC03HAV01,year,jcpMeasured,CoralHydro2k;GBRCD,
MC03HAV01,year,jcpUsed,CoralHydro2k;GBRCD,
MC03PAN01,year,coralExtensionRate,CoralHydro2k;GBRCD,
MC03PAN01,year,coralTissueThickness,CoralHydro2k;GBRCD,
MC03PAN01,year,gbr14CDate,GBRCD,
MC03PAN01,year,gbr14CDateUncertainty,GBRCD,
MC03PAN01,year,gbrChronologyNotes,GBRCD,
MC03PAN01,year,gbrDataCoverageGroup,GBRCD,
MC03PAN01,year,gbrIsAnomaly,GBRCD,
MC03PAN01,year,gbrIsDatabaseDuplicate,GBRCD,
MC03PAN01,year,gbrUThDate,GBRCD,
MC03PAN01,year,gbrUThDateUncertainty,GBRCD,
MC03PAN01,year,jcpMeasured,CoralHydro2k;GBRCD,
MC03PAN01,year,jcpUsed,CoralHydro2k;GBRCD,
MC17DAV01,year,coralExtensionRate,CoralHydro2k;GBRCD,
MC17DAV01,year,coralExtensionRateNotes,CoralHydro2k;GBRCD,
MC17DAV01,year,coralTissueThickness,CoralHydro2k;GBRCD,
MC17DAV01,year,gbr14CDate,GBRCD,
MC17DAV01,year,gbr14CDateUncertainty,GBRCD,
MC17DAV01,year,gbrChronologyNotes,GBRCD,
MC17DAV01,year,gbrDataCoverageGroup,GBRCD,
MC17DAV01,year,gbrIsAnomaly,GBRCD,
MC17DAV01,year,gbrIsDatabaseDuplicate,GBRCD,
MC17DAV01,year,gbrUThDate,GBRCD,
MC17DAV01,year,gbrUThDateUncertainty,GBRCD,
MC17DAV01,year,jcpMeasured,CoralHydro2k;GBRCD,
MC17DAV01,year,jcpUsed,CoralHydro2k;GBRCD,
MC17DAV02,year,coralExtensionRate,CoralHydro2k;GBRCD,
MC17DAV02,year,coralExtensionRateNotes,CoralHydro2k;GBRCD,
MC17DAV02,year,coralTissueThickness,CoralHydro2k;GBRCD,
MC17DAV02,year,gbr14CDate,GBRCD,
MC17DAV02,year,gbr14CDateUncertainty,GBRCD,
MC17DAV02,year,gbrChronologyNotes,GBRCD,
MC17DAV02,year,gbrDataCoverageGroup,GBRCD,
MC17DAV02,year,gbrIsAnomaly,GBRCD,
MC17DAV02,year,gbrIsDatabaseDuplicate,GBRCD,
MC17DAV02,year,gbrUThDate,GBRCD,
MC17DAV02,year,gbrUThDateUncertainty,GBRCD,
MC17DAV02,year,jcpMeasured,CoralHydro2k;GBRCD,
MC17DAV02,year,jcpUsed,CoralHydro2k;GBRCD,
PE05FLI01,year,coralExtensionRate,CoralHydro2k;GBRCD,
PE05FLI01,year,coralExtensionRateNotes,CoralHydro2k;GBRCD,
PE05FLI01,year,coralTissueThickness,CoralHydro2k;GBRCD,
PE05FLI01,year,gbr14CDate,GBRCD,
PE05FLI01,year,gbr14CDateUncertainty,GBRCD,
PE05FLI01,year,gbrChronologyNotes,GBRCD,
PE05FLI01,year,gbrDataCoverageGroup,GBRCD,
PE05FLI01,year,gbrIsAnomaly,GBRCD,
PE05FLI01,year,gbrIsDatabaseDuplicate,GBRCD,
PE05FLI01,year,gbrUThDate,GBRCD,
PE05FLI01,year,gbrUThDateUncertainty,GBRCD,
PE05FLI01,year,jcpMeasured,CoralHydro2k;GBRCD,
PE05FLI01,year,jcpUsed,CoralHydro2k;GBRCD,
RA17MYR01,year,coralExtensionRate,CoralHydro2k;GBRCD,
RA17MYR01,year,coralExtensionRateNotes,CoralHydro2k;GBRCD,
RA17MYR01,year,coralTissueThickness,CoralHydro2k;GBRCD,
RA17MYR01,year,gbr14CDate,GBRCD,
RA17MYR01,year,gbr14CDateUncertainty,GBRCD,
RA17MYR01,year,gbrChronologyNotes,GBRCD,
RA17MYR01,year,gbrDataCoverageGroup,GBRCD,
RA17MYR01,year,gbrDatingNotes,GBRCD,
RA17MYR01,year,gbrIsAnomaly,GBRCD,
RA17MYR01,year,gbrIsDatabaseDuplicate,GBRCD,
RA17MYR01,year,gbrUThDate,GBRCD,
RA17MYR01,year,gbrUThDateUncertainty,GBRCD,
RA17MYR01,year,jcpMeasured,CoralHydro2k;GBRCD,
RA17MYR01,year,jcpUsed,CoralHydro2k;GBRCD,
RA17MYR02,year,coralExtensionRate,CoralHydro2k;GBRCD,
RA17MYR02,year,coralExtensionRateNotes,CoralHydro2k;GBRCD,
RA17MYR02,year,coralTissueThickness,CoralHydro2k;GBRCD,
RA17MYR02,year,gbr14CDate,GBRCD,
RA17MYR02,year,gbr14CDateUncertainty,GBRCD,
RA17MYR02,year,gbrChronologyNotes,GBRCD,
RA17MYR02,year,gbrDataCoverageGroup,GBRCD,
RA17MYR02,year,gbrDatingNotes,GBRCD,
RA17MYR02,year,gbrIsAnomaly,GBRCD,
RA17MYR02,year,gbrIsDatabaseDuplicate,GBRCD,
RA17MYR02,year,gbrUThDate,GBRCD,
RA17MYR02,year,gbrUThDateUncertainty,GBRCD,
RA17MYR02,year,jcpMeasured,CoralHydro2k;GBRCD,
RA17MYR02,year,jcpUsed,CoralHydro2k;GBRCD,
RE19CLK01,year,coralExtensionRate,CoralHydro2k;GBRCD,
RE19CLK01,year,coralExtensionRateNotes,CoralHydro2k;GBRCD,
RE19CLK01,year,coralTissueThickness,CoralHydro2k;GBRCD,
RE19CLK01,year,gbr14CDate,GBRCD,
RE19CLK01,year,gbr14CDateUncertainty,GBRCD,
RE19CLK01,year,gbrChronologyNotes,GBRCD,
RE19CLK01,year,gbrDataCoverageGroup,GBRCD,
RE19CLK01,year,gbrIsAnomaly,GBRCD,
RE19CLK01,year,gbrIsDatabaseDuplicate,GBRCD,
RE19CLK01,year,gbrUThDate,GBRCD,
RE19CLK01,year,gbrUThDateUncertainty,GBRCD,
RE19CLK01,year,jcpMeasured,CoralHydro2k;GBRCD,
RE19CLK01,year,jcpUsed,CoralHydro2k;GBRCD,
RE19EEL01,year,coralExtensionRate,CoralHydro2k;GBRCD,
RE19EEL01,year,coralExtensionRateNotes,CoralHydro2k;GBRCD,
RE19EEL01,year,coralTissueThickness,CoralHydro2k;GBRCD,
RE19EEL01,year,gbr14CDate,GBRCD,
RE19EEL01,year,gbr14CDateUncertainty,GBRCD,
RE19EEL01,year,gbrChronologyNotes,GBRCD,
RE19EEL01,year,gbrDataCoverageGroup,GBRCD,
RE19EEL01,year,gbrIsAnomaly,GBRCD,
RE19EEL01,year,gbrIsDatabaseDuplicate,GBRCD,
RE19EEL01,year,gbrUThDate,GBRCD,
RE19EEL01,year,gbrUThDateUncertainty,GBRCD,
RE19EEL01,year,jcpMeasured,CoralHydro2k;GBRCD,
RE19EEL01,year,jcpUsed,CoralHydro2k;GBRCD,
RE19GBR01,year,coralExtensionRate,CoralHydro2k;GBRCD,
RE19GBR01,year,coralExtensionRateNotes,CoralHydro2k;GBRCD,
RE19GBR01,year,coralTissueThickness,CoralHydro2k;GBRCD,
RE19GBR01,year,gbr14CDate,GBRCD,
RE19GBR01,year,gbr14CDateUncertainty,GBRCD,
RE19GBR01,year,gbrChronologyNotes,GBRCD,
RE19GBR01,year,gbrDataCoverageGroup,GBRCD,
RE19GBR01,year,gbrIsAnomaly,GBRCD,
RE19GBR01,year,gbrIsDatabaseDuplicate,GBRCD,
RE19GBR01,year,gbrUThDate,GBRCD,
RE19GBR01,year,gbrUThDateUncertainty,GBRCD,
RE19GBR01,year,jcpMeasured,CoralHydro2k;GBRCD,
RE19GBR01,year,jcpUsed,CoralHydro2k;GBRCD,
RE19NOM01,year,coralExtensionRate,CoralHydro2k;GBRCD,
RE19NOM01,year,coralExtensionRateNotes,CoralHydro2k;GBRCD,
RE19NOM01,year,coralTissueThickness,CoralHydro2k;GBRCD,
RE19NOM01,year,gbr14CDate,GBRCD,
RE19NOM01,year,gbr14CDateUncertainty,GBRCD,
RE19NOM01,year,gbrChronologyNotes,GBRCD,
RE19NOM01,year,gbrDataCoverageGroup,GBRCD,
RE19NOM01,year,gbrIsAnomaly,GBRCD,
RE19NOM01,year,gbrIsDatabaseDuplicate,GBRCD,
RE19NOM01,year,gbrUThDate,GBRCD,
RE19NOM01,year,gbrUThDateUncertainty,GBRCD,
RE19NOM01,year,jcpMeasured,CoralHydro2k;GBRCD,
RE19NOM01,year,jcpUsed,CoralHydro2k;GBRCD,
RE19POR01,year,coralExtensionRate,CoralHydro2k;GBRCD,
RE19POR01,year,coralExtensionRateNotes,CoralHydro2k;GBRCD,
RE19POR01,year,coralTissueThickness,CoralHydro2k;GBRCD,
RE19POR01,year,gbr14CDate,GBRCD,
RE19POR01,year,gbr14CDateUncertainty,GBRCD,
RE19POR01,year,gbrChronologyNotes,GBRCD,
RE19POR01,year,gbrDataCoverageGroup,GBRCD,
RE19POR01,year,gbrIsAnomaly,GBRCD,
RE19POR01,year,gbrIsDatabaseDuplicate,GBRCD,
RE19POR01,year,gbrUThDate,GBRCD,
RE19POR01,year,gbrUThDateUncertainty,GBRCD,
RE19POR01,year,jcpMeasured,CoralHydro2k;GBRCD,
RE19POR01,year,jcpUsed,CoralHydro2k;GBRCD,
RO14GKI01,year,coralExtensionRate,CoralHydro2k;GBRCD,
RO14GKI01,year,coralTissueThickness,CoralHydro2k;GBRCD,
RO14GKI01,year,gbr14CDate,GBRCD,
RO14GKI01,year,gbr14CDateUncertainty,GBRCD,
RO14GKI01,year,gbrChronologyNotes,GBRCD,
RO14GKI01,year,gbrDataCoverageGroup,GBRCD,
RO14GKI01,year,gbrIsAnomaly,GBRCD,
RO14GKI01,year,gbrIsDatabaseDuplicate,GBRCD,
RO14GKI01,year,gbrUThDate,GBRCD,
RO14GKI01,year,gbrUThDateUncertainty,GBRCD,
RO14GKI01,year,jcpMeasured,CoralHydro2k;GBRCD,
RO14GKI02,year,coralExtensionRate,CoralHydro2k;GBRCD,
RO14GKI02,year,coralTissueThickness,CoralHydro2k;GBRCD,
RO14GKI02,year,gbr14CDate,GBRCD,
RO14GKI02,year,gbr14CDateUncertainty,GBRCD,
RO14GKI02,year,gbrChronologyNotes,GBRCD,
RO14GKI02,year,gbrDataCoverageGroup,GBRCD,
RO14GKI02,year,gbrIsAnomaly,GBRCD,
RO14GKI02,year,gbrIsDatabaseDuplicate,GBRCD,
RO14GKI02,year,gbrUThDate,GBRCD,
RO14GKI02,year,gbrUThDateUncertainty,GBRCD,
RO14GKI02,year,jcpMeasured,CoralHydro2k;GBRCD,
RO14KIN01,year,coralExtensionRate,CoralHydro2k;GBRCD,
RO14KIN01,year,coralExtensionRateNotes,CoralHydro2k;GBRCD,
RO14KIN01,year,coralTissueThickness,CoralHydro2k;GBRCD,
RO14KIN01,year,gbr14CDate,GBRCD,
RO14KIN01,year,gbr14CDateUncertainty,GBRCD,
RO14KIN01,year,gbrChronologyNotes,GBRCD,
RO14KIN01,year,gbrDataCoverageGroup,GBRCD,
RO14KIN01,year,gbrIsAnomaly,GBRCD,
RO14KIN01,year,gbrIsDatabaseDuplicate,GBRCD,
RO14KIN01,year,gbrUThDate,GBRCD,
RO14KIN01,year,gbrUThDateUncertainty,GBRCD,
RO14KIN01,year,jcpMeasured,CoralHydro2k;GBRCD,
RO14KIN01,year,jcpUsed,CoralHydro2k;GBRCD,
RO14KIN02,year,coralExtensionRate,CoralHydro2k;GBRCD,
RO14KIN02,year,coralExtensionRateNotes,CoralHydro2k;GBRCD,
RO14KIN02,year,coralTissueThickness,CoralHydro2k;GBRCD,
RO14KIN02,year,gbr14CDate,GBRCD,
RO14KIN02,year,gbr14CDateUncertainty,GBRCD,
RO14KIN02,year,gbrChronologyNotes,GBRCD,
RO14KIN02,year,gbrDataCoverageGroup,GBRCD,
RO14KIN02,year,gbrDatingNotes,GBRCD,
RO14KIN02,year,gbrIsAnomaly,GBRCD,
RO14KIN02,year,gbrIsDatabaseDuplicate,GBRCD,
RO14KIN02,year,gbrUThDate,GBRCD,
RO14KIN02,year,gbrUThDateUncertainty,GBRCD,
RO14KIN02,year,jcpMeasured,CoralHydro2k;GBRCD,
RO14KIN02,year,jcpUsed,CoralHydro2k;GBRCD,
RO14MIA01,year,coralExtensionRate,CoralHydro2k;GBRCD,
RO14MIA01,year,coralTissueThickness,CoralHydro2k;GBRCD,
RO14MIA01,year,gbr14CDate,GBRCD,
RO14MIA01,year,gbr14CDateUncertainty,GBRCD,
RO14MIA01,year,gbrChronologyNotes,GBRCD,
RO14MIA01,year,gbrDataCoverageGroup,GBRCD,
RO14MIA01,year,gbrIsAnomaly,GBRCD,
RO14MIA01,year,gbrIsDatabaseDuplicate,GBRCD,
RO14MIA01,year,gbrUThDate,GBRCD,
RO14MIA01,year,gbrUThDateUncertainty,GBRCD,
RO14MIA01,year,jcpMeasured,CoralHydro2k;GBRCD,
RO14MIA02,year,coralExtensionRate,CoralHydro2k;GBRCD,
RO14MIA02,year,coralTissueThickness,CoralHydro2k;GBRCD,
RO14MIA02,year,gbr14CDate,GBRCD,
RO14MIA02,year,gbr14CDateUncertainty,GBRCD,
RO14MIA02,year,gbrChronologyNotes,GBRCD,
RO14MIA02,year,gbrDataCoverageGroup,GBRCD,
RO14MIA02,year,gbrIsAnomaly,GBRCD,
RO14MIA02,year,gbrIsDatabaseDuplicate,GBRCD,
RO14MIA02,year,gbrUThDate,GBRCD,
RO14MIA02,year,gbrUThDateUncertainty,GBRCD,
RO14MIA02,year,jcpMeasured,CoralHydro2k;GBRCD,
RO14SQR01,year,coralExtensionRate,CoralHydro2k;GBRCD,
RO14SQR01,year,coralTissueThickness,CoralHydro2k;GBRCD,
RO14SQR01,year,gbr14CDate,GBRCD,
RO14SQR01,year,gbr14CDateUncertainty,GBRCD,
RO14SQR01,year,gbrChronologyNotes,GBRCD,
RO14SQR01,year,gbrDataCoverageGroup,GBRCD,
RO14SQR01,year,gbrIsAnomaly,GBRCD,
RO14SQR01,year,gbrIsDatabaseDuplicate,GBRCD,
RO14SQR01,year,gbrUThDate,GBRCD,
RO14SQR01,year,gbrUThDateUncertainty,GBRCD,
RO14SQR01,year,jcpMeasured,CoralHydro2k;GBRCD,
RO14SQR02,year,coralExtensionRate,CoralHydro2k;GBRCD,
RO14SQR02,year,coralTissueThickness,CoralHydro2k;GBRCD,
RO14SQR02,year,gbr14CDate,GBRCD,
RO14SQR02,year,gbr14CDateUncertainty,GBRCD,
RO14SQR02,year,gbrChronologyNotes,GBRCD,
RO14SQR02,year,gbrDataCoverageGroup,GBRCD,
RO14SQR02,year,gbrIsAnomaly,GBRCD,
RO14SQR02,year,gbrIsDatabaseDuplicate,GBRCD,
RO14SQR02,year,gbrUThDate,GBRCD,
RO14SQR02,year,gbrUThDateUncertainty,GBRCD,
RO14SQR02,year,jcpMeasured,CoralHydro2k;GBRCD,
SA16HER01a,year,coralExtensionRate,CoralHydro2k;GBRCD,
SA16HER01a,year,coralExtensionRateNotes,CoralHydro2k;GBRCD,
SA16HER01a,year,coralTissueThickness,CoralHydro2k;GBRCD,
SA16HER01a,year,gbr14CDate,GBRCD,
SA16HER01a,year,gbr14CDateUncertainty,GBRCD,
SA16HER01a,year,gbrChronologyNotes,GBRCD,
SA16HER01a,year,gbrDataCoverageGroup,GBRCD,
SA16HER01a,year,gbrIsAnomaly,GBRCD,
SA16HER01a,year,gbrIsDatabaseDuplicate,GBRCD,
SA16HER01a,year,gbrUThDate,GBRCD,
SA16HER01a,year,gbrUThDateUncertainty,GBRCD,
SA16HER01a,year,jcpMeasured,CoralHydro2k;GBRCD,
SA16HER01a,year,jcpUsed,CoralHydro2k;GBRCD,
SA16HER01b,year,coralExtensionRate,CoralHydro2k;GBRCD,
SA16HER01b,year,coralExtensionRateNotes,CoralHydro2k;GBRCD,
SA16HER01b,year,coralTissueThickness,CoralHydro2k;GBRCD,
SA16HER01b,year,gbr14CDate,GBRCD,
SA16HER01b,year,gbr14CDateUncertainty,GBRCD,
SA16HER01b,year,gbrChronologyNotes,GBRCD,
SA16HER01b,year,gbrDataCoverageGroup,GBRCD,
SA16HER01b,year,gbrIsAnomaly,GBRCD,
SA16HER01b,year,gbrIsDatabaseDuplicate,GBRCD,
SA16HER01b,year,gbrUThDate,GBRCD,
SA16HER01b,year,gbrUThDateUncertainty,GBRCD,
SA16HER01b,year,jcpMeasured,CoralHydro2k;GBRCD,
SA16HER01b,year,jcpUsed,CoralHydro2k;GBRCD,
SA16HER02a,year,coralExtensionRate,CoralHydro2k;GBRCD,
SA16HER02a,year,coralExtensionRateNotes,CoralHydro2k;GBRCD,
SA16HER02a,year,coralTissueThickness,CoralHydro2k;GBRCD,
SA16HER02a,year,gbr14CDate,GBRCD,
SA16HER02a,year,gbr14CDateUncertainty,GBRCD,
SA16HER02a,year,gbrChronologyNotes,GBRCD,
SA16HER02a,year,gbrDataCoverageGroup,GBRCD,
SA16HER02a,year,gbrIsAnomaly,GBRCD,
SA16HER02a,year,gbrIsDatabaseDuplicate,GBRCD,
SA16HER02a,year,gbrUThDate,GBRCD,
SA16HER02a,year,gbrUThDateUncertainty,GBRCD,
SA16HER02a,year,jcpMeasured,CoralHydro2k;GBRCD,
SA16HER02a,year,jcpUsed,CoralHydro2k;GBRCD,
SA16HER02b,year,coralExtensionRate,CoralHydro2k;GBRCD,
SA16HER02b,year,coralExtensionRateNotes,CoralHydro2k;GBRCD,
SA16HER02b,year,coralTissueThickness,CoralHydro2k;GBRCD,
SA16HER02b,year,gbr14CDate,GBRCD,
SA16HER02b,year,gbr14CDateUncertainty,GBRCD,
SA16HER02b,year,gbrChronologyNotes,GBRCD,
SA16HER02b,year,gbrDataCoverageGroup,GBRCD,
SA16HER02b,year,gbrIsAnomaly,GBRCD,
SA16HER02b,year,gbrIsDatabaseDuplicate,GBRCD,
SA16HER02b,year,gbrUThDate,GBRCD,
SA16HER02b,year,gbrUThDateUncertainty,GBRCD,
SA16HER02b,year,jcpMeasured,CoralHydro2k;GBRCD,
SA16HER02b,year,jcpUsed,CoralHydro2k;GBRCD,
SA16HER03a,year,coralExtensionRate,CoralHydro2k;GBRCD,
SA16HER03a,year,coralExtensionRateNotes,CoralHydro2k;GBRCD,
SA16HER03a,year,coralTissueThickness,CoralHydro2k;GBRCD,
SA16HER03a,year,gbr14CDate,GBRCD,
SA16HER03a,year,gbr14CDateUncertainty,GBRCD,
SA16HER03a,year,gbrChronologyNotes,GBRCD,
SA16HER03a,year,gbrDataCoverageGroup,GBRCD,
SA16HER03a,year,gbrIsAnomaly,GBRCD,
SA16HER03a,year,gbrIsDatabaseDuplicate,GBRCD,
SA16HER03a,year,gbrUThDate,GBRCD,
SA16HER03a,year,gbrUThDateUncertainty,GBRCD,
SA16HER03a,year,jcpMeasured,CoralHydro2k;GBRCD,
SA16HER03a,year,jcpUsed,CoralHydro2k;GBRCD,
SA16HER03b,year,coralExtensionRate,CoralHydro2k;GBRCD,
SA16HER03b,year,coralExtensionRateNotes,CoralHydro2k;GBRCD,
SA16HER03b,year,coralTissueThickness,CoralHydro2k;GBRCD,
SA16HER03b,year,gbr14CDate,GBRCD,
SA16HER03b,year,gbr14CDateUncertainty,GBRCD,
SA16HER03b,year,gbrChronologyNotes,GBRCD,
SA16HER03b,year,gbrDataCoverageGroup,GBRCD,
SA16HER03b,year,gbrIsAnomaly,GBRCD,
SA16HER03b,year,gbrIsDatabaseDuplicate,GBRCD,
SA16HER03b,year,gbrUThDate,GBRCD,
SA16HER03b,year,gbrUThDateUncertainty,GBRCD,
SA16HER03b,year,jcpMeasured,CoralHydro2k;GBRCD,
SA16HER03b,year,jcpUsed,CoralHydro2k;GBRCD,
SA16HER04a,year,coralExtensionRate,CoralHydro2k;GBRCD,
SA16HER04a,year,coralExtensionRateNotes,CoralHydro2k;GBRCD,
SA16HER04a,year,coralTissueThickness,CoralHydro2k;GBRCD,
SA16HER04a,year,gbr14CDate,GBRCD,
SA16HER04a,year,gbr14CDateUncertainty,GBRCD,
SA16HER04a,year,gbrChronologyNotes,GBRCD,
SA16HER04a,year,gbrDataCoverageGroup,GBRCD,
SA16HER04a,year,gbrIsAnomaly,GBRCD,
SA16HER04a,year,gbrIsDatabaseDuplicate,GBRCD,
SA16HER04a,year,gbrUThDate,GBRCD,
SA16HER04a,year,gbrUThDateUncertainty,GBRCD,
SA16HER04a,year,jcpMeasured,CoralHydro2k;GBRCD,
SA16HER04a,year,jcpUsed,CoralHydro2k;GBRCD,
SA16HER04b,year,coralExtensionRate,CoralHydro2k;GBRCD,
SA16HER04b,year,coralExtensionRateNotes,CoralHydro2k;GBRCD,
SA16HER04b,year,coralTissueThickness,CoralHydro2k;GBRCD,
SA16HER04b,year,gbr14CDate,GBRCD,
SA16HER04b,year,gbr14CDateUncertainty,GBRCD,
SA16HER04b,year,gbrChronologyNotes,GBRCD,
SA16HER04b,year,gbrDataCoverageGroup,GBRCD,
SA16HER04b,year,gbrIsAnomaly,GBRCD,
SA16HER04b,year,gbrIsDatabaseDuplicate,GBRCD,
SA16HER04b,year,gbrUThDate,GBRCD,
SA16HER04b,year,gbrUThDateUncertainty,GBRCD,
SA16HER04b,year,jcpMeasured,CoralHydro2k;GBRCD,
SA16HER04b,year,jcpUsed,CoralHydro2k;GBRCD,
SA16HER05a,year,coralExtensionRate,CoralHydro2k;GBRCD,
SA16HER05a,year,coralExtensionRateNotes,CoralHydro2k;GBRCD,
SA16HER05a,year,coralTissueThickness,CoralHydro2k;GBRCD,
SA16HER05a,year,gbr14CDate,GBRCD,
SA16HER05a,year,gbr14CDateUncertainty,GBRCD,
SA16HER05a,year,gbrChronologyNotes,GBRCD,
SA16HER05a,year,gbrDataCoverageGroup,GBRCD,
SA16HER05a,year,gbrIsAnomaly,GBRCD,
SA16HER05a,year,gbrIsDatabaseDuplicate,GBRCD,
SA16HER05a,year,gbrUThDate,GBRCD,
SA16HER05a,year,gbrUThDateUncertainty,GBRCD,
SA16HER05a,year,jcpMeasured,CoralHydro2k;GBRCD,
SA16HER05a,year,jcpUsed,CoralHydro2k;GBRCD,
SA16HER05b,year,coralExtensionRate,CoralHydro2k;GBRCD,
SA16HER05b,year,coralExtensionRateNotes,CoralHydro2k;GBRCD,
SA16HER05b,year,coralTissueThickness,CoralHydro2k;GBRCD,
SA16HER05b,year,gbr14CDate,GBRCD,
SA16HER05b,year,gbr14CDateUncertainty,GBRCD,
SA16HER05b,year,gbrChronologyNotes,GBRCD,
SA16HER05b,year,gbrDataCoverageGroup,GBRCD,
SA16HER05b,year,gbrDatingNotes,GBRCD,
SA16HER05b,year,gbrIsAnomaly,GBRCD,
SA16HER05b,year,gbrIsDatabaseDuplicate,GBRCD,
SA16HER05b,year,gbrUThDate,GBRCD,
SA16HER05b,year,gbrUThDateUncertainty,GBRCD,
SA16HER05b,year,jcpMeasured,CoralHydro2k;GBRCD,
SA16HER05b,year,jcpUsed,CoralHydro2k;GBRCD,
SA16HER06a,year,coralExtensionRate,CoralHydro2k;GBRCD,
SA16HER06a,year,coralExtensionRateNotes,CoralHydro2k;GBRCD,
SA16HER06a,year,coralTissueThickness,CoralHydro2k;GBRCD,
SA16HER06a,year,gbr14CDate,GBRCD,
SA16HER06a,year,gbr14CDateUncertainty,GBRCD,
SA16HER06a,year,gbrChronologyNotes,GBRCD,
SA16HER06a,year,gbrDataCoverageGroup,GBRCD,
SA16HER06a,year,gbrIsAnomaly,GBRCD,
SA16HER06a,year,gbrIsDatabaseDuplicate,GBRCD,
SA16HER06a,year,gbrUThDate,GBRCD,
SA16HER06a,year,gbrUThDateUncertainty,GBRCD,
SA16HER06a,year,jcpMeasured,CoralHydro2k;GBRCD,
SA16HER06a,year,jcpUsed,CoralHydro2k;GBRCD,
SA16HER06b,year,coralExtensionRate,CoralHydro2k;GBRCD,
SA16HER06b,year,coralExtensionRateNotes,CoralHydro2k;GBRCD,
SA16HER06b,year,coralTissueThickness,CoralHydro2k;GBRCD,
SA16HER06b,year,gbr14CDate,GBRCD,
SA16HER06b,year,gbr14CDateUncertainty,GBRCD,
SA16HER06b,year,gbrChronologyNotes,GBRCD,
SA16HER06b,year,gbrDataCoverageGroup,GBRCD,
SA16HER06b,year,gbrDatingNotes,GBRCD,
SA16HER06b,year,gbrIsAnomaly,GBRCD,
SA16HER06b,year,gbrIsDatabaseDuplicate,GBRCD,
SA16HER06b,year,gbrUThDate,GBRCD,
SA16HER06b,year,gbrUThDateUncertainty,GBRCD,
SA16HER06b,year,jcpMeasured,CoralHydro2k;GBRCD,
SA16HER06b,year,jcpUsed,CoralHydro2k;GBRCD,
SA21GFB01,year,coralExtensionRate,CoralHydro2k;GBRCD,
SA21GFB01,year,coralExtensionRateNotes,CoralHydro2k;GBRCD,
SA21GFB01,year,coralTissueThickness,CoralHydro2k;GBRCD,
SA21GFB01,year,gbr14CDate,GBRCD,
SA21GFB01,year,gbr14CDateUncertainty,GBRCD,
SA21GFB01,year,gbrChronologyNotes,GBRCD,
SA21GFB01,year,gbrDataCoverageGroup,GBRCD,
SA21GFB01,year,gbrIsAnomaly,GBRCD,
SA21GFB01,year,gbrIsDatabaseDuplicate,GBRCD,
SA21GFB01,year,gbrUThDate,GBRCD,
SA21GFB01,year,gbrUThDateUncertainty,GBRCD,
SA21GFB01,year,jcpMeasured,CoralHydro2k;GBRCD,
SA21GFB01,year,jcpUsed,CoralHydro2k;GBRCD,
SA21GKI01,year,coralExtensionRate,CoralHydro2k;GBRCD,
SA21GKI01,year,coralExtensionRateNotes,CoralHydro2k;GBRCD,
SA21GKI01,year,coralTissueThickness,CoralHydro2k;GBRCD,
SA21GKI01,year,gbr14CDate,GBRCD,
SA21GKI01,year,gbr14CDateUncertainty,GBRCD,
SA21GKI01,year,gbrChronologyNotes,GBRCD,
SA21GKI01,year,gbrDataCoverageGroup,GBRCD,
SA21GKI01,year,gbrIsAnomaly,GBRCD,
SA21GKI01,year,gbrIsDatabaseDuplicate,GBRCD,
SA21GKI01,year,gbrUThDate,GBRCD,
SA21GKI01,year,gbrUThDateUncertainty,GBRCD,
SA21GKI01,year,jcpMeasured,CoralHydro2k;GBRCD,
SA21GKI01,year,jcpUsed,CoralHydro2k;GBRCD,
SA21RAT01,year,coralExtensionRate,CoralHydro2k;GBRCD,
SA21RAT01,year,coralExtensionRateNotes,CoralHydro2k;GBRCD,
SA21RAT01,year,coralTissueThickness,CoralHydro2k;GBRCD,
SA21RAT01,year,gbr14CDate,GBRCD,
SA21RAT01,year,gbr14CDateUncertainty,GBRCD,
SA21RAT01,year,gbrChronologyNotes,GBRCD,
SA21RAT01,year,gbrDataCoverageGroup,GBRCD,
SA21RAT01,year,gbrIsAnomaly,GBRCD,
SA21RAT01,year,gbrIsDatabaseDuplicate,GBRCD,
SA21RAT01,year,gbrUThDate,GBRCD,
SA21RAT01,year,gbrUThDateUncertainty,GBRCD,
SA21RAT01,year,jcpMeasured,CoralHydro2k;GBRCD,
SA21RAT01,year,jcpUsed,CoralHydro2k;GBRCD,
WA13HAV01,year,coralExtensionRate,CoralHydro2k;GBRCD,
WA13HAV01,year,coralTissueThickness,CoralHydro2k;GBRCD,
WA13HAV01,year,gbr14CDate,GBRCD,
WA13HAV01,year,gbr14CDateUncertainty,GBRCD,
WA13HAV01,year,gbrChronologyNotes,GBRCD,
WA13HAV01,year,gbrDataCoverageGroup,GBRCD,
WA13HAV01,year,gbrIsAnomaly,GBRCD,
WA13HAV01,year,gbrIsDatabaseDuplicate,GBRCD,
WA13HAV01,year,gbrUThDate,GBRCD,
WA13HAV01,year,gbrUThDateUncertainty,GBRCD,
WA13HAV01,year,jcpMeasured,CoralHydro2k;GBRCD,
WA13HAV01,year,jcpUsed,CoralHydro2k;GBRCD,
WA13MYR01,year,coralExtensionRate,CoralHydro2k;GBRCD,
WA13MYR01,year,coralTissueThickness,CoralHydro2k;GBRCD,
WA13MYR01,year,gbr14CDate,GBRCD,
WA13MYR01,year,gbr14CDateUncertainty,GBRCD,
WA13MYR01,year,gbrChronologyNotes,GBRCD,
WA13MYR01,year,gbrDataCoverageGroup,GBRCD,
WA13MYR01,year,gbrIsAnomaly,GBRCD,
WA13MYR01,year,gbrIsDatabaseDuplicate,GBRCD,
WA13MYR01,year,gbrUThDate,GBRCD,
WA13MYR01,year,gbrUThDateUncertainty,GBRCD,
WA13MYR01,year,jcpMeasured,CoralHydro2k;GBRCD,
WA13MYR01,year,jcpUsed,CoralHydro2k;GBRCD,
WA19ARL01,year,coralExtensionRate,CoralHydro2k;GBRCD,
WA19ARL01,year,coralExtensionRateNotes,CoralHydro2k;GBRCD,
WA19ARL01,year,coralTissueThickness,CoralHydro2k;GBRCD,
WA19ARL01,year,gbr14CDate,GBRCD,
WA19ARL01,year,gbr14CDateUncertainty,GBRCD,
WA19ARL01,year,gbrChronologyNotes,GBRCD,
WA19ARL01,year,gbrDataCoverageGroup,GBRCD,
WA19ARL01,year,gbrIsAnomaly,GBRCD,
WA19ARL01,year,gbrIsDatabaseDuplicate,GBRCD,
WA19ARL01,year,gbrUThDate,GBRCD,
WA19ARL01,year,gbrUThDateUncertainty,GBRCD,
WA19ARL01,year,jcpMeasured,CoralHydro2k;GBRCD,
WA19ARL01,year,jcpUsed,CoralHydro2k;GBRCD,
WE09ARL01_1,year,coralExtensionRate,CoralHydro2k;GBRCD,
WE09ARL01_1,year,coralTissueThickness,CoralHydro2k;GBRCD,
WE09ARL01_1,year,gbr14CDate,GBRCD,
WE09ARL01_1,year,gbr14CDateUncertainty,GBRCD,
WE09ARL01_1,year,gbrChronologyNotes,GBRCD,
WE09ARL01_1,year,gbrDataCoverageGroup,GBRCD,
WE09ARL01_1,year,gbrIsAnomaly,GBRCD,
WE09ARL01_1,year,gbrIsDatabaseDuplicate,GBRCD,
WE09ARL01_1,year,gbrUThDate,GBRCD,
WE09ARL01_1,year,gbrUThDateUncertainty,GBRCD,
WE09ARL01_1,year,jcpMeasured,CoralHydro2k;GBRCD,
WE09ARL01_1,year,jcpUsed,CoralHydro2k;GBRCD,
WE09ARL01_2,year,coralExtensionRate,CoralHydro2k;GBRCD,
WE09ARL01_2,year,coralTissueThickness,CoralHydro2k;GBRCD,
WE09ARL01_2,year,gbr14CDate,GBRCD,
WE09ARL01_2,year,gbr14CDateUncertainty,GBRCD,
WE09ARL01_2,year,gbrChronologyNotes,GBRCD,
WE09ARL01_2,year,gbrDataCoverageGroup,GBRCD,
WE09ARL01_2,year,gbrIsAnomaly,GBRCD,
WE09ARL01_2,year,gbrIsDatabaseDuplicate,GBRCD,
WE09ARL01_2,year,gbrUThDate,GBRCD,
WE09ARL01_2,year,gbrUThDateUncertainty,GBRCD,
WE09ARL01_2,year,jcpMeasured,CoralHydro2k;GBRCD,
WE09ARL01_2,year,jcpUsed,CoralHydro2k;GBRCD,
WU21CUR01,year,coralExtensionRate,CoralHydro2k;GBRCD,
WU21CUR01,year,coralExtensionRateNotes,CoralHydro2k;GBRCD,
WU21CUR01,year,coralTissueThickness,CoralHydro2k;GBRCD,
WU21CUR01,year,gbr14CDate,GBRCD,
WU21CUR01,year,gbr14CDateUncertainty,GBRCD,
WU21CUR01,year,gbrChronologyNotes,GBRCD,
WU21CUR01,year,gbrDataCoverageGroup,GBRCD,
WU21CUR01,year,gbrIsAnomaly,GBRCD,
WU21CUR01,year,gbrIsDatabaseDuplicate,GBRCD,
WU21CUR01,year,gbrUThDate,GBRCD,
WU21CUR01,year,gbrUThDateUncertainty,GBRCD,
WU21CUR01,year,jcpMeasured,CoralHydro2k;GBRCD,
WU21CUR01,year,jcpUsed,CoralHydro2k;GBRCD,
WU21HUM01,year,coralExtensionRate,CoralHydro2k;GBRCD,
WU21HUM01,year,coralExtensionRateNotes,CoralHydro2k;GBRCD,
WU21HUM01,year,coralTissueThickness,CoralHydro2k;GBRCD,
WU21HUM01,year,gbr14CDate,GBRCD,
WU21HUM01,year,gbr14CDateUncertainty,GBRCD,
WU21HUM01,year,gbrChronologyNotes,GBRCD,
WU21HUM01,year,gbrDataCoverageGroup,GBRCD,
WU21HUM01,year,gbrIsAnomaly,GBRCD,
WU21HUM01,year,gbrIsDatabaseDuplicate,GBRCD,
WU21HUM01,year,gbrUThDate,GBRCD,
WU21HUM01,year,gbrUThDateUncertainty,GBRCD,
WU21HUM01,year,jcpMeasured,CoralHydro2k;GBRCD,
WU21HUM01,year,jcpUsed,CoralHydro2k;GBRCD,
WU21HUM02,year,coralExtensionRate,CoralHydro2k;GBRCD,
WU21HUM02,year,coralTissueThickness,CoralHydro2k;GBRCD,
WU21HUM02,year,gbr14CDate,GBRCD,
WU21HUM02,year,gbr14CDateUncertainty,GBRCD,
WU21HUM02,year,gbrChronologyNotes,GBRCD,
WU21HUM02,year,gbrDataCoverageGroup,GBRCD,
WU21HUM02,year,gbrIsAnomaly,GBRCD,
WU21HUM02,year,gbrIsDatabaseDuplicate,GBRCD,
WU21HUM02,year,gbrUThDate,GBRCD,
WU21HUM02,year,gbrUThDateUncertainty,GBRCD,
WU21HUM02,year,jcpMeasured,CoralHydro2k;GBRCD,
WU21HUM02,year,jcpUsed,CoralHydro2k;GBRCD,
WU21MAS01a,year,coralExtensionRate,CoralHydro2k;GBRCD,
WU21MAS01a,year,coralExtensionRateNotes,CoralHydro2k;GBRCD,
WU21MAS01a,year,coralTissueThickness,CoralHydro2k;GBRCD,
WU21MAS01a,year,gbr14CDate,GBRCD,
WU21MAS01a,year,gbr14CDateUncertainty,GBRCD,
WU21MAS01a,year,gbrChronologyNotes,GBRCD,
WU21MAS01a,year,gbrDataCoverageGroup,GBRCD,
WU21MAS01a,year,gbrIsAnomaly,GBRCD,
WU21MAS01a,year,gbrIsDatabaseDuplicate,GBRCD,
WU21MAS01a,year,gbrUThDate,GBRCD,
WU21MAS01a,year,gbrUThDateUncertainty,GBRCD,
WU21MAS01a,year,jcpMeasured,CoralHydro2k;GBRCD,
WU21MAS01a,year,jcpUsed,CoralHydro2k;GBRCD,
WU21MAS01b,year,coralExtensionRate,CoralHydro2k;GBRCD,
WU21MAS01b,year,coralExtensionRateNotes,CoralHydro2k;GBRCD,
WU21MAS01b,year,coralTissueThickness,CoralHydro2k;GBRCD,
WU21MAS01b,year,gbr14CDate,GBRCD,
WU21MAS01b,year,gbr14CDateUncertainty,GBRCD,
WU21MAS01b,year,gbrChronologyNotes,GBRCD,
WU21MAS01b,year,gbrDataCoverageGroup,GBRCD,
WU21MAS01b,year,gbrIsAnomaly,GBRCD,
WU21MAS01b,year,gbrIsDatabaseDuplicate,GBRCD,
WU21MAS01b,year,gbrUThDate,GBRCD,
WU21MAS01b,year,gbrUThDateUncertainty,GBRCD,
WU21MAS01b,year,jcpMeasured,CoralHydro2k;GBRCD,
WU21MAS01b,year,jcpUsed,CoralHydro2k;GBRCD,
WU21SHW01,year,coralExtensionRate,CoralHydro2k;GBRCD,
WU21SHW01,year,coralTissueThickness,CoralHydro2k;GBRCD,
WU21SHW01,year,gbr14CDate,GBRCD,
WU21SHW01,year,gbr14CDateUncertainty,GBRCD,
WU21SHW01,year,gbrChronologyNotes,GBRCD,
WU21SHW01,year,gbrDataCoverageGroup,GBRCD,
WU21SHW01,year,gbrIsAnomaly,GBRCD,
WU21SHW01,year,gbrIsDatabaseDuplicate,GBRCD,
WU21SHW01,year,gbrUThDate,GBRCD,
WU21SHW01,year,gbrUThDateUncertainty,GBRCD,
WU21SHW01,year,jcpMeasured,CoralHydro2k;GBRCD,
WU21SHW01,year,jcpUsed,CoralHydro2k;GBRCD,
WU21SMI01,year,coralExtensionRate,CoralHydro2k;GBRCD,
WU21SMI01,year,coralTissueThickness,CoralHydro2k;GBRCD,
WU21SMI01,year,gbr14CDate,GBRCD,
WU21SMI01,year,gbr14CDateUncertainty,GBRCD,
WU21SMI01,year,gbrChronologyNotes,GBRCD,
WU21SMI01,year,gbrDataCoverageGroup,GBRCD,
WU21SMI01,year,gbrIsAnomaly,GBRCD,
WU21SMI01,year,gbrIsDatabaseDuplicate,GBRCD,
WU21SMI01,year,gbrUThDate,GBRCD,
WU21SMI01,year,gbrUThDateUncertainty,GBRCD,
WU21SMI01,year,jcpMeasured,CoralHydro2k;GBRCD,
WU21SMI01,year,jcpUsed,CoralHydro2k;GBRCD,
XI20ARL01,year,coralExtensionRate,CoralHydro2k;GBRCD,
XI20ARL01,year,coralExtensionRateNotes,CoralHydro2k;GBRCD,
XI20ARL01,year,coralTissueThickness,CoralHydro2k;GBRCD,
XI20ARL01,year,gbr14CDate,GBRCD,
XI20ARL01,year,gbr14CDateUncertainty,GBRCD,
XI20ARL01,year,gbrChronologyNotes,GBRCD,
XI20ARL01,year,gbrDataCoverageGroup,GBRCD,
XI20ARL01,year,gbrIsAnomaly,GBRCD,
XI20ARL01,year,gbrIsDatabaseDuplicate,GBRCD,
XI20ARL01,year,gbrUThDate,GBRCD,
XI20ARL01,year,gbrUThDateUncertainty,GBRCD,
XI20ARL01,year,jcpMeasured,CoralHydro2k;GBRCD,
XI20ARL01,year,jcpUsed,CoralHydro2k;GBRCD,
