dataSetName,column,key,wanted,has
117_723A.Godad.2011,d18O,temp12kDkIndex,Temp12k,
161_976.Martrat.2014,C37Alkenone,temp12kDkIndex,Temp12k,
161_976.Martrat.2014,sampleID,temp12kDkIndex,Temp12k,
161_976.Martrat.2014,d18O,temp12kDkIndex,Temp12k,
161_976.Martrat.2014,Mg/Ca,temp12kDkIndex,Temp12k,
165_1002C.Herbert.2000,sampleID,temp12kDkIndex,Temp12k,
165_1002C.Herbert.2000,Uk37,temp12kDkIndex,Temp12k,
165_1002C.Herbert.2000,C37Alkenone,temp12kDkIndex,Temp12k,
165_1002C.Herbert.2000,sampleID,temp12kDkIndex,Temp12k,
165_1002C.Herbert.2000,d18O,temp12kDkIndex,Temp12k,
1670,d18O,temp12kDkIndex,Temp12k,
1670,d13C,temp12kDkIndex,Temp12k,
1670,temperature,QCCertification,HoloceneAbruptChange,
1670,temperature,QCnotes,HoloceneAbruptChange,
1670,temperature,temp12kDkIndex,Temp12k,
18287-3.Kienast.2001,Uk37,temp12kDkIndex,Temp12k,
2004-804-009-PC.Ledu.2008,age,temp12kDkIndex,Temp12k,
2004-804-009-PC.Ledu.2008,age,temp12kDkIndex,Temp12k,
2004-804-009-PC.Ledu.2008,depth,temp12kDkIndex,Temp12k,
2004-804-009-PC.Ledu.2008,seaIce,temp12kDkIndex,Temp12k,
2004-804-009-PC.Ledu.2008,seaIce-1,temp12kDkIndex,Temp12k,
2004-804-009-PC.Ledu.2008,productivity,temp12kDkIndex,Temp12k,
2004-804-009-PC.Ledu.2008,boron,temp12kDkIndex,Temp12k,
2005-804-006.Ledu.2010,age,useInOnset,HoloceneAbruptChange,
2005-804-006.Ledu.2010,depth,useInOnset,HoloceneAbruptChange,
2005-804-006.Ledu.2010,productivity,useInOnset,HoloceneAbruptChange,RapidArcticWarming
2005-804-006.Ledu.2010,age,useInOnset,HoloceneAbruptChange,
3MPond.Pellatt.2000,age,temp12kDkIndex,Temp12k,
3MPond.Pellatt.2000,depth,temp12kDkIndex,Temp12k,
74KL_TEX86.Huguet.2006,Uk37,temp12kDkIndex,Temp12k,
74KL_UK37.Huguet.2006,Uk37,temp12kDkIndex,Temp12k,
850Lake.Shemesh.2001,depth,QCCertification,HoloceneAbruptChange,
850Lake.Shemesh.2001,age,QCCertification,HoloceneAbruptChange,
893A.Kennet.2007,hole,temp12kDkIndex,Temp12k,
893A.Kennet.2007,section,temp12kDkIndex,Temp12k,
893A.Kennet.2007,age14C,temp12kDkIndex,Temp12k,
893A.Kennet.2007,d18O,temp12kDkIndex,Temp12k,
893A.Kennet.2007,d18O-1,temp12kDkIndex,Temp12k,
893A.Kennet.2007,d18O-2,temp12kDkIndex,Temp12k,
893A.Kennet.2007,d18O-3,temp12kDkIndex,Temp12k,
A7.Sun.2005,d18O,temp12kDkIndex,Temp12k,
A7.Sun.2005,Mg/Ca,temp12kDkIndex,Temp12k,
AB08MEN01,year,coralExtensionRate,CoralHydro2k;GBRCD,
AB08MEN01,year,coralHydro2kGroup,CoralHydro2k,
AB08MEN01,year,jcpCorrected,CoralHydro2k,
AB08MEN01,year,jcpMeasured,CoralHydro2k;GBRCD,
AB08MEN01,year,jcpUsed,CoralHydro2k;GBRCD,
AB15BHB01,year,coralExtensionRate,CoralHydro2k;GBRCD,
AB15BHB01,year,coralHydro2kGroup,CoralHydro2k,
AB15BHB01,year,jcpCorrected,CoralHydro2k,
AB15BHB01,year,jcpMeasured,CoralHydro2k;GBRCD,
AB15BHB01,year,jcpUsed,CoralHydro2k;GBRCD,
AB20MEN01,year,coralExtensionRate,CoralHydro2k;GBRCD,
AB20MEN01,year,coralHydro2kGroup,CoralHydro2k,
AB20MEN01,year,jcpCorrected,CoralHydro2k,
AB20MEN01,year,jcpMeasured,CoralHydro2k;GBRCD,
AB20MEN01,year,jcpUsed,CoralHydro2k;GBRCD,
AB20MEN02,year,coralExtensionRate,CoralHydro2k;GBRCD,
AB20MEN02,year,coralHydro2kGroup,CoralHydro2k,
AB20MEN02,year,jcpCorrected,CoralHydro2k,
AB20MEN02,year,jcpMeasured,CoralHydro2k;GBRCD,
AB20MEN02,year,jcpUsed,CoralHydro2k;GBRCD,
AB20MEN03,year,coralExtensionRate,CoralHydro2k;GBRCD,
AB20MEN03,year,coralHydro2kGroup,CoralHydro2k,
AB20MEN03,year,jcpCorrected,CoralHydro2k,
AB20MEN03,year,jcpMeasured,CoralHydro2k;GBRCD,
AB20MEN03,year,jcpUsed,CoralHydro2k;GBRCD,
AB20MEN04,year,coralExtensionRate,CoralHydro2k;GBRCD,
AB20MEN04,year,coralHydro2kGroup,CoralHydro2k,
AB20MEN04,year,jcpCorrected,CoralHydro2k,
AB20MEN04,year,jcpMeasured,CoralHydro2k;GBRCD,
AB20MEN04,year,jcpUsed,CoralHydro2k;GBRCD,
AB20MEN05,year,coralExtensionRate,CoralHydro2k;GBRCD,
AB20MEN05,year,coralHydro2kGroup,CoralHydro2k,
AB20MEN05,year,jcpCorrected,CoralHydro2k,
AB20MEN05,year,jcpMeasured,CoralHydro2k;GBRCD,
AB20MEN05,year,jcpUsed,CoralHydro2k;GBRCD,
AB20MEN06,year,coralExtensionRate,CoralHydro2k;GBRCD,
AB20MEN06,year,coralHydro2kGroup,CoralHydro2k,
AB20MEN06,year,jcpCorrected,CoralHydro2k,
AB20MEN06,year,jcpMeasured,CoralHydro2k;GBRCD,
AB20MEN06,year,jcpUsed,CoralHydro2k;GBRCD,
AB20MEN07,year,coralExtensionRate,CoralHydro2k;GBRCD,
AB20MEN07,year,coralHydro2kGroup,CoralHydro2k,
AB20MEN07,year,jcpCorrected,CoralHydro2k,
AB20MEN07,year,jcpMeasured,CoralHydro2k;GBRCD,
AB20MEN07,year,jcpUsed,CoralHydro2k;GBRCD,
AB20MEN08,year,coralExtensionRate,CoralHydro2k;GBRCD,
AB20MEN08,year,coralHydro2kGroup,CoralHydro2k,
AB20MEN08,year,jcpCorrected,CoralHydro2k,
AB20MEN08,year,jcpMeasured,CoralHydro2k;GBRCD,
AB20MEN08,year,jcpUsed,CoralHydro2k;GBRCD,
AB20MEN09,year,coralExtensionRate,CoralHydro2k;GBRCD,
AB20MEN09,year,coralHydro2kGroup,CoralHydro2k,
AB20MEN09,year,jcpCorrected,CoralHydro2k,
AB20MEN09,year,jcpMeasured,CoralHydro2k;GBRCD,
AB20MEN09,year,jcpUsed,CoralHydro2k;GBRCD,
AbacoIslandcave.Arienzo.2017,notes,SISALEntityID,SISAL-LiPD;SISAL-LiPD;SISAL-LiPD,
Abaligetcave.Koltai.2017,notes,SISALEntityID,SISAL-LiPD;SISAL-LiPD;SISAL-LiPD,
Abhe.Mologni.2021,age14C,SISALEntityID,SISAL-LiPD;SISAL-LiPD;SISAL-LiPD,
Abhe.Mologni.2021,uncertainty,SISALEntityID,SISAL-LiPD;SISAL-LiPD;SISAL-LiPD,
Abhe.Mologni.2021,age,SISALEntityID,SISAL-LiPD;SISAL-LiPD;SISAL-LiPD,
Abhe.Mologni.2021,lakeLevel,SISALEntityID,SISAL-LiPD;SISAL-LiPD;SISAL-LiPD,Hydro21k;HoloceneAbruptChange;HoloceneHydroclimate
Abhe.Mologni.2021,brGDGT-Ic,SISALEntityID,SISAL-LiPD;SISAL-LiPD;SISAL-LiPD,
Abhe.Mologni.2021,sampleID,SISALEntityID,SISAL-LiPD;SISAL-LiPD;SISAL-LiPD,
Abhe.Mologni.2021,material,SISALEntityID,SISAL-LiPD;SISAL-LiPD;SISAL-LiPD,
Abissalcave.Cruz.2009,notes,SISALEntityID,SISAL-LiPD;SISAL-LiPD;SISAL-LiPD,
AD9117.Guinta.2001,Uk37,temp12kDkIndex,Temp12k,
Aden.Tierney.2013,d2H-1,temp12kDkIndex,Temp12k,
AdleyLakeParkersPrairie.Digerfeldt.1992,uncertaintyLow,QCCertification,HoloceneAbruptChange,
AElbiFlue.EPD,growing degree days,temp12kDkIndex,Temp12k,
AElbiFlue.EPD,temperature,QCnotes,HoloceneAbruptChange,
AElbiFlue.EPD,temperature,temp12kDkIndex,Temp12k,
AElbiFlue.EPD,temperature-1,QCnotes,HoloceneAbruptChange,
AElbiFlue.EPD,temperature-1,temp12kDkIndex,Temp12k,
AElbiFlue.EPD,precipitation,temp12kDkIndex,Temp12k,
AElbiFlue.EPD,precipitation,QCnotes,HoloceneAbruptChange,
AElbiFlue.EPD,temperature-2,QCnotes,HoloceneAbruptChange,
AElbiFlue.EPD,temperature-2,temp12kDkIndex,Temp12k,
Agassiz.Lecavalier.2017,age,QCCertification,HoloceneAbruptChange,
agassiz.Vinther.2009,age,temp12kDkIndex,Temp12k,
agassiz.Vinther.2009,age,useInOnset,HoloceneAbruptChange,
agassiz.Vinther.2009,age,temp12kDkIndex,Temp12k,
agassiz.Vinther.2009,age,useInOnset,HoloceneAbruptChange,
agassiz.Vinther.2009,age,temp12kDkIndex,Temp12k,
agassiz.Vinther.2009,age,useInOnset,HoloceneAbruptChange,
AjaxBog.Wilmshurst.2007,sampleID,QCCertification,HoloceneAbruptChange,
AjaxBog.Wilmshurst.2007,sampleID,temp12kDkIndex,Temp12k,
AjaxBog.Wilmshurst.2007,depth,QCCertification,HoloceneAbruptChange,
AjaxBog.Wilmshurst.2007,age,QCCertification,HoloceneAbruptChange,
AjaxBog.Wilmshurst.2007,uncertaintyHigh,QCCertification,HoloceneAbruptChange,
AjaxBog.Wilmshurst.2007,uncertaintyHigh,temp12kDkIndex,Temp12k,
AjaxBog.Wilmshurst.2007,uncertaintyLow,QCCertification,HoloceneAbruptChange,
AjaxBog.Wilmshurst.2007,uncertaintyLow,temp12kDkIndex,Temp12k,
AjaxBog.Wilmshurst.2007,isReliable,QCCertification,HoloceneAbruptChange,
AjaxBog.Wilmshurst.2007,isReliable,temp12kDkIndex,Temp12k,
AKIII.Terwilliger.2013,age,iso2kPrimaryTimeseries,iso2k,
AKIII.Terwilliger.2013,depth,iso2kPrimaryTimeseries,iso2k,
AL16PUR01,year,coralExtensionRate,CoralHydro2k;GBRCD,
AL16PUR01,year,coralHydro2kGroup,CoralHydro2k,
AL16PUR01,year,jcpCorrected,CoralHydro2k,
AL16PUR01,year,jcpMeasured,CoralHydro2k;GBRCD,
AL16PUR01,year,jcpUsed,CoralHydro2k;GBRCD,
AL16PUR01,uncertainty,ch2kCoreCode,CoralHydro2k,
AL16PUR01,uncertainty,coralExtensionRate,CoralHydro2k;GBRCD,
AL16PUR01,uncertainty,coralHydro2kGroup,CoralHydro2k,
AL16PUR01,uncertainty,jcpCorrected,CoralHydro2k,
AL16PUR01,uncertainty,jcpMeasured,CoralHydro2k;GBRCD,
AL16PUR01,uncertainty,jcpUsed,CoralHydro2k;GBRCD,
AL16PUR01,year,coralExtensionRate,CoralHydro2k;GBRCD,
AL16PUR01,year,coralHydro2kGroup,CoralHydro2k,
AL16PUR01,year,jcpCorrected,CoralHydro2k,
AL16PUR01,year,jcpMeasured,CoralHydro2k;GBRCD,
AL16PUR01,year,jcpUsed,CoralHydro2k;GBRCD,
AL16PUR02,year,coralExtensionRate,CoralHydro2k;GBRCD,
AL16PUR02,year,coralHydro2kGroup,CoralHydro2k,
AL16PUR02,year,jcpCorrected,CoralHydro2k,
AL16PUR02,year,jcpMeasured,CoralHydro2k;GBRCD,
AL16PUR02,year,jcpUsed,CoralHydro2k;GBRCD,
AL16PUR02,uncertainty,ch2kCoreCode,CoralHydro2k,
AL16PUR02,uncertainty,coralExtensionRate,CoralHydro2k;GBRCD,
AL16PUR02,uncertainty,coralHydro2kGroup,CoralHydro2k,
AL16PUR02,uncertainty,jcpCorrected,CoralHydro2k,
AL16PUR02,uncertainty,jcpMeasured,CoralHydro2k;GBRCD,
AL16PUR02,uncertainty,jcpUsed,CoralHydro2k;GBRCD,
AL16PUR02,year,coralExtensionRate,CoralHydro2k;GBRCD,
AL16PUR02,year,coralHydro2kGroup,CoralHydro2k,
AL16PUR02,year,jcpCorrected,CoralHydro2k,
AL16PUR02,year,jcpMeasured,CoralHydro2k;GBRCD,
AL16PUR02,year,jcpUsed,CoralHydro2k;GBRCD,
AL16YUC01,year,coralExtensionRate,CoralHydro2k;GBRCD,
AL16YUC01,year,coralHydro2kGroup,CoralHydro2k,
AL16YUC01,year,jcpCorrected,CoralHydro2k,
AL16YUC01,year,jcpMeasured,CoralHydro2k;GBRCD,
AL16YUC01,year,jcpUsed,CoralHydro2k;GBRCD,
AL16YUC01,uncertainty,ch2kCoreCode,CoralHydro2k,
AL16YUC01,uncertainty,coralExtensionRate,CoralHydro2k;GBRCD,
AL16YUC01,uncertainty,coralExtensionRateNotes,CoralHydro2k;GBRCD,
AL16YUC01,uncertainty,coralHydro2kGroup,CoralHydro2k,
AL16YUC01,uncertainty,jcpCorrected,CoralHydro2k,
AL16YUC01,uncertainty,jcpMeasured,CoralHydro2k;GBRCD,
AL16YUC01,uncertainty,jcpUsed,CoralHydro2k;GBRCD,
AL16YUC01,year,coralExtensionRate,CoralHydro2k;GBRCD,
AL16YUC01,year,coralHydro2kGroup,CoralHydro2k,
AL16YUC01,year,jcpCorrected,CoralHydro2k,
AL16YUC01,year,jcpMeasured,CoralHydro2k;GBRCD,
AL16YUC01,year,jcpUsed,CoralHydro2k;GBRCD,
AlanenLaanijarvi.Heinrichs.2005,depth,QCCertification,HoloceneAbruptChange,
AlanenLaanijarvi.Heinrichs.2005,age,QCCertification,HoloceneAbruptChange,
AlbercaLake.Wogau.2019,depth,SISALEntityID,SISAL-LiPD;SISAL-LiPD;SISAL-LiPD,
AlbercaLake.Wogau.2019,age,SISALEntityID,SISAL-LiPD;SISAL-LiPD;SISAL-LiPD,
AlbercaLake.Wogau.2019,titanium,SISALEntityID,SISAL-LiPD;SISAL-LiPD;SISAL-LiPD,Hydro21k;HoloceneAbruptChange;hydroclimate2k
AlbercaLake.Wogau.2019,Ca/Ti,SISALEntityID,SISAL-LiPD;SISAL-LiPD;SISAL-LiPD,Hydro21k;HoloceneAbruptChange;HoloceneHydroclimate;hydroclimate2k
AlbercaLake.Wogau.2019,Mn/Fe,SISALEntityID,SISAL-LiPD;SISAL-LiPD;SISAL-LiPD,
Aletschwald.EPD,growing degree days,temp12kDkIndex,Temp12k,
Aletschwald.EPD,growing degree days,QCnotes,HoloceneAbruptChange,
Aletschwald.EPD,temperature,QCCertification,HoloceneAbruptChange,
Aletschwald.EPD,temperature,temp12kDkIndex,Temp12k,
Aletschwald.EPD,temperature,QCRemainingIssues,HoloceneAbruptChange,
Aletschwald.EPD,temperature,QCnotes,HoloceneAbruptChange,
Aletschwald.EPD,temperature-1,QCCertification,HoloceneAbruptChange,
Aletschwald.EPD,temperature-1,temp12kDkIndex,Temp12k,
Aletschwald.EPD,temperature-1,QCRemainingIssues,HoloceneAbruptChange,
Aletschwald.EPD,temperature-1,QCnotes,HoloceneAbruptChange,
Aletschwald.EPD,precipitation,temp12kDkIndex,Temp12k,
Aletschwald.EPD,precipitation,QCnotes,HoloceneAbruptChange,
Aletschwald.EPD,temperature-2,QCCertification,HoloceneAbruptChange,
Aletschwald.EPD,temperature-2,temp12kDkIndex,Temp12k,
Aletschwald.EPD,temperature-2,QCRemainingIssues,HoloceneAbruptChange,
Aletschwald.EPD,temperature-2,QCnotes,HoloceneAbruptChange,
Ammersee.Czymzik.2012,layerThickness,temp12kDkIndex,Temp12k,
Ammersee.Czymzik.2012,layerThickness-1,temp12kDkIndex,Temp12k,
Ammersee.Czymzik.2012,layerThickness-2,temp12kDkIndex,Temp12k,
Ammersee.Czymzik.2012,layerThickness-3,temp12kDkIndex,Temp12k,
Ammersee.Czymzik.2012,layerThickness-4,temp12kDkIndex,Temp12k,
Ammersee.Czymzik.2012,layerThickness-5,temp12kDkIndex,Temp12k,
Ammersee.vonGrafenstein.1996,d18O,iso2kHackathonNotes,iso2k,Temp12k;HoloceneAbruptChange
Ammersee.vonGrafenstein.1996,d18O,iso2kPrimaryTimeseries,iso2k,Temp12k;HoloceneAbruptChange
Ammersee.vonGrafenstein.1996,year,iso2kPrimaryTimeseries,iso2k,
Ammersee.vonGrafenstein.1996,depth,iso2kPrimaryTimeseries,iso2k,
Andy.Szeicz.1995,depth,useInOnset,HoloceneAbruptChange,
Andy.Szeicz.1995,age,useInOnset,HoloceneAbruptChange,
Andy.Szeicz.1995,age,useInOnset,HoloceneAbruptChange,
Anjohibe.Voarintsoa.2017,notes,SISALEntityID,SISAL-LiPD;SISAL-LiPD;SISAL-LiPD,
Ant-WDC06A.Steig.2013,uncertaintyHigh,QCnotes,HoloceneAbruptChange,
AntrodelCorchia.Drysdale.2004,notes,SISALEntityID,SISAL-LiPD;SISAL-LiPD;SISAL-LiPD,
AS05GUA01,year,coralExtensionRate,CoralHydro2k;GBRCD,
AS05GUA01,year,coralHydro2kGroup,CoralHydro2k,
AS05GUA01,year,jcpCorrected,CoralHydro2k,
AS05GUA01,year,jcpMeasured,CoralHydro2k;GBRCD,
AS05GUA01,year,jcpUsed,CoralHydro2k;GBRCD,
Ascunsa.Dragusin.2014,d13C,QCCertification,HoloceneAbruptChange,
Ascunsa.Dragusin.2014,d13C,QCnotes,HoloceneAbruptChange,
Ascunsacave.Drguin.2014,notes,SISALEntityID,SISAL-LiPD;SISAL-LiPD;SISAL-LiPD,
Asi-Guliya.Thompson.1997,uncertaintyLow,QCCertification,HoloceneAbruptChange,
Asi-Guliya.Thompson.1997,uncertaintyHigh,QCCertification,HoloceneAbruptChange,
Asi-Puruogangri.Thompson.2006,uncertaintyLow,QCCertification,HoloceneAbruptChange,
Asi-Puruogangri.Thompson.2006,uncertaintyHigh,QCCertification,HoloceneAbruptChange,
Asi-SihailongwaLake.Chu.2011,uncertaintyLow,QCCertification,HoloceneAbruptChange,
Asi-SihailongwaLake.Chu.2011,uncertaintyLow,QCnotes,HoloceneAbruptChange,
Asi-SihailongwaLake.Chu.2011,uncertaintyHigh,QCCertification,HoloceneAbruptChange,
Asi-SihailongwaLake.Chu.2011,uncertaintyHigh,QCnotes,HoloceneAbruptChange,
Asi-SO90-39KG_SO130-275KL.Munz.2015,uncertaintyHigh,QCCertification,HoloceneAbruptChange,
Asi-SO90-39KG_SO130-275KL.Munz.2015,uncertaintyLow,QCCertification,HoloceneAbruptChange,
Asia-LianhuaCave,needsToBeChanged,temp12kDkIndex,Temp12k,
Asia-LianhuaCave,d13C,temp12kDkIndex,Temp12k,
Attacave.Niggemann.2003,d13C,meetsHoloceneHydroclimateCriteria,HoloceneHydroclimate,SISAL-LiPD
Auroracave.Lorrey.2008,d18O,meetsHoloceneHydroclimateCriteria,HoloceneHydroclimate,SISAL-LiPD;HoloceneAbruptChange
Aus-KempWimmeraLakes,d18O,QCnotes,HoloceneAbruptChange,
Aus-KempWimmeraLakes,d18O,temp12kDkIndex,Temp12k,
Aus-KempWimmeraLakes,d18O,QCnotes,HoloceneAbruptChange,
Aus-KempWimmeraLakes,d18O,temp12kDkIndex,Temp12k,
Aus-MarxUpperSnowy,sampleID,temp12kDkIndex,Temp12k,
Aus-MorosMurrayCanyon,d13C,temp12kDkIndex,Temp12k,
Aus-WilkinsKeilambeteGnotuk,MS,temp12kDkIndex,Temp12k,
Aus-WilkinsKeilambeteGnotuk,density,temp12kDkIndex,Temp12k,
Aus-WilkinsKeilambeteGnotuk,waterContent,temp12kDkIndex,Temp12k,
Aus-WilkinsKeilambeteGnotuk,LOI,temp12kDkIndex,Temp12k,
Aus-WilkinsKeilambeteGnotuk,waterContent,temp12kDkIndex,Temp12k,
Aus-WilkinsKeilambeteGnotuk,MS,temp12kDkIndex,Temp12k,
Aus-WilkinsKeilambeteGnotuk,density,temp12kDkIndex,Temp12k,
Aus-WilkinsKeilambeteGnotuk,AustralocyprisRobusta,temp12kDkIndex,Temp12k,
Aus-WilkinsKeilambeteGnotuk,ReticyprisHerbstii,temp12kDkIndex,Temp12k,
Aus-WilkinsKeilambeteGnotuk,uncertainty1s,temp12kDkIndex,Temp12k,
Aus-WilkinsKeilambeteGnotuk,Sr/Ca,temp12kDkIndex,Temp12k,
Aus-WilkinsKeilambeteGnotuk,DiacyprisCompacta,temp12kDkIndex,Temp12k,
AwengCo.Li.2017,sampleID,temp12kDkIndex,Temp12k,
AwengCo.Li.2017,uncertainty,temp12kDkIndex,Temp12k,
B997-321.Smith.2005,age,temp12kDkIndex,Temp12k,
B997-321.Smith.2005,age,useInOnset,HoloceneAbruptChange,
BA04FIJ01,year,coralExtensionRate,CoralHydro2k;GBRCD,
BA04FIJ01,year,coralHydro2kGroup,CoralHydro2k,
BA04FIJ01,year,jcpCorrected,CoralHydro2k,
BA04FIJ01,year,jcpMeasured,CoralHydro2k;GBRCD,
BA04FIJ01,year,jcpUsed,CoralHydro2k;GBRCD,
BA04FIJ01,year,coralExtensionRate,CoralHydro2k;GBRCD,
BA04FIJ01,year,coralHydro2kGroup,CoralHydro2k,
BA04FIJ01,year,jcpCorrected,CoralHydro2k,
BA04FIJ01,year,jcpMeasured,CoralHydro2k;GBRCD,
BA04FIJ01,year,jcpUsed,CoralHydro2k;GBRCD,
BA04FIJ02,year,coralExtensionRate,CoralHydro2k;GBRCD,
BA04FIJ02,year,coralHydro2kGroup,CoralHydro2k,
BA04FIJ02,year,jcpCorrected,CoralHydro2k,
BA04FIJ02,year,jcpMeasured,CoralHydro2k;GBRCD,
BA04FIJ02,year,jcpUsed,CoralHydro2k;GBRCD,
BA04FIJ02,year,coralExtensionRate,CoralHydro2k;GBRCD,
BA04FIJ02,year,coralHydro2kGroup,CoralHydro2k,
BA04FIJ02,year,jcpCorrected,CoralHydro2k,
BA04FIJ02,year,jcpMeasured,CoralHydro2k;GBRCD,
BA04FIJ02,year,jcpUsed,CoralHydro2k;GBRCD,
Babyloncave.Williams.2005,d18O,meetsHoloceneHydroclimateCriteria,HoloceneHydroclimate,SISAL-LiPD;HoloceneAbruptChange
Babyloncave.Williams.2005,d18O,meetsHoloceneHydroclimateCriteria,HoloceneHydroclimate,SISAL-LiPD
Babyloncave.Williams.2005,d13C,meetsHoloceneHydroclimateCriteria,HoloceneHydroclimate,SISAL-LiPD
Babyloncave.Williams.2005,d18O,meetsHoloceneHydroclimateCriteria,HoloceneHydroclimate,SISAL-LiPD
Babyloncave.Williams.2005,d13C,meetsHoloceneHydroclimateCriteria,HoloceneHydroclimate,SISAL-LiPD
BallGowncave.Denniston.2013,notes,SISALEntityID,SISAL-LiPD;SISAL-LiPD;SISAL-LiPD,
Baradlacave.A..2017,d18O,meetsHoloceneHydroclimateCriteria,HoloceneHydroclimate,SISAL-LiPD
Baradlacave.A..2017,d13C,meetsHoloceneHydroclimateCriteria,HoloceneHydroclimate,SISAL-LiPD
Baradlacave.A..2017,d18O,meetsHoloceneHydroclimateCriteria,HoloceneHydroclimate,SISAL-LiPD
Baradlacave.A..2017,d13C,meetsHoloceneHydroclimateCriteria,HoloceneHydroclimate,SISAL-LiPD
Baradlacave.A..2017,d18O,meetsHoloceneHydroclimateCriteria,HoloceneHydroclimate,SISAL-LiPD
Baradlacave.A..2017,d13C,meetsHoloceneHydroclimateCriteria,HoloceneHydroclimate,SISAL-LiPD
Baradlacave.A..2017,d18O,meetsHoloceneHydroclimateCriteria,HoloceneHydroclimate,SISAL-LiPD
Baradlacave.A..2017,d13C,meetsHoloceneHydroclimateCriteria,HoloceneHydroclimate,SISAL-LiPD
Baradlacave.A..2017,notes,SISALEntityID,SISAL-LiPD;SISAL-LiPD;SISAL-LiPD,
Baratangcave.Laskar.2013,notes,SISALEntityID,SISAL-LiPD;SISAL-LiPD;SISAL-LiPD,
BasadelaMoraLake.Tarrats.2018,uncertainty,temp12kDkIndex,Temp12k,
BasadelaMoraLake.Tarrats.2018,uncertainty-1,temp12kDkIndex,Temp12k,
BasadelaMoraLake.Tarrats.2018,isReliable,temp12kDkIndex,Temp12k,
Baschgcave.Boch.2011,notes,SISALEntityID,SISAL-LiPD;SISAL-LiPD;SISAL-LiPD,
BC01Lake.Peros.2010,depth,useInOnset,HoloceneAbruptChange,
BC01Lake.Peros.2010,age,useInOnset,HoloceneAbruptChange,
BC01Lake.Peros.2010,organicMatter,useInOnset,HoloceneAbruptChange,RapidArcticWarming
BC01Lake.Peros.2010,MS,useInOnset,HoloceneAbruptChange,RapidArcticWarming
BC01Lake.Peros.2010,age,useInOnset,HoloceneAbruptChange,
BC01Lake.Peros.2010,depth,useInOnset,HoloceneAbruptChange,
BC01Lake.Peros.2010,age,useInOnset,HoloceneAbruptChange,
BC01Lake.Peros.2010,depth,useInOnset,HoloceneAbruptChange,
BC01Lake.Peros.2010,age,useInOnset,HoloceneAbruptChange,
BC01Lake.Peros.2010,BSi,useInOnset,HoloceneAbruptChange,RapidArcticWarming
BCTempComp.Gavin.2013,site,temp12kDkIndex,Temp12k,
Beatuscave.Boch.2011,notes,SISALEntityID,SISAL-LiPD;SISAL-LiPD;SISAL-LiPD,
BednikundLake.Rawat.2021,sampleID,SISALEntityID,SISAL-LiPD;SISAL-LiPD;SISAL-LiPD,
BednikundLake.Rawat.2021,age,SISALEntityID,SISAL-LiPD;SISAL-LiPD;SISAL-LiPD,
BednikundLake.Rawat.2021,organicCarbon,SISALEntityID,SISAL-LiPD;SISAL-LiPD;SISAL-LiPD,
BednikundLake.Rawat.2021,totalNitrogen,SISALEntityID,SISAL-LiPD;SISAL-LiPD;SISAL-LiPD,
BednikundLake.Rawat.2021,d13C,SISALEntityID,SISAL-LiPD;SISAL-LiPD;SISAL-LiPD,HoloceneAbruptChange
BednikundLake.Rawat.2021,sampleID,SISALEntityID,SISAL-LiPD;SISAL-LiPD;SISAL-LiPD,
BednikundLake.Rawat.2021,age,SISALEntityID,SISAL-LiPD;SISAL-LiPD;SISAL-LiPD,
BednikundLake.Rawat.2021,clay,SISALEntityID,SISAL-LiPD;SISAL-LiPD;SISAL-LiPD,
BednikundLake.Rawat.2021,silt,SISALEntityID,SISAL-LiPD;SISAL-LiPD;SISAL-LiPD,
BednikundLake.Rawat.2021,d13C,SISALEntityID,SISAL-LiPD;SISAL-LiPD;SISAL-LiPD,Hydro21k;HoloceneAbruptChange;HoloceneHydroclimate
BednikundLake.Rawat.2021,grainSize,SISALEntityID,SISAL-LiPD;SISAL-LiPD;SISAL-LiPD,Hydro21k;HoloceneAbruptChange;HoloceneHydroclimate
BednikundLake.Rawat.2021,needsToBeChanged,SISALEntityID,SISAL-LiPD;SISAL-LiPD;SISAL-LiPD,
BednikundLake.Rawat.2021,needsToBeChanged-1,SISALEntityID,SISAL-LiPD;SISAL-LiPD;SISAL-LiPD,
BegbieLake.Brown.2019,DWHI,temp12kDkIndex,Temp12k,
BeliyaKanton.EPD,growing degree days,temp12kDkIndex,Temp12k,
BeliyaKanton.EPD,temperature,QCnotes,HoloceneAbruptChange,
BeliyaKanton.EPD,temperature,temp12kDkIndex,Temp12k,
BeliyaKanton.EPD,temperature-1,QCnotes,HoloceneAbruptChange,
BeliyaKanton.EPD,temperature-1,temp12kDkIndex,Temp12k,
BeliyaKanton.EPD,precipitation,temp12kDkIndex,Temp12k,
BeliyaKanton.EPD,precipitation,QCnotes,HoloceneAbruptChange,
BeliyaKanton.EPD,temperature-2,QCnotes,HoloceneAbruptChange,
BeliyaKanton.EPD,temperature-2,temp12kDkIndex,Temp12k,
BenitalLake.Bhushan.2018,age,SISALEntityID,SISAL-LiPD;SISAL-LiPD;SISAL-LiPD,
BenitalLake.Bhushan.2018,Al2O3,SISALEntityID,SISAL-LiPD;SISAL-LiPD;SISAL-LiPD,HoloceneAbruptChange;Hydro21k
BenitalLake.Bhushan.2018,MgO,SISALEntityID,SISAL-LiPD;SISAL-LiPD;SISAL-LiPD,HoloceneAbruptChange;Hydro21k
BenitalLake.Bhushan.2018,CaO,SISALEntityID,SISAL-LiPD;SISAL-LiPD;SISAL-LiPD,
BenitalLake.Bhushan.2018,Fe2O3,SISALEntityID,SISAL-LiPD;SISAL-LiPD;SISAL-LiPD,
BenitalLake.Bhushan.2018,K2O,SISALEntityID,SISAL-LiPD;SISAL-LiPD;SISAL-LiPD,
BenitalLake.Bhushan.2018,MgO-1,SISALEntityID,SISAL-LiPD;SISAL-LiPD;SISAL-LiPD,
BenitalLake.Bhushan.2018,TiO2,SISALEntityID,SISAL-LiPD;SISAL-LiPD;SISAL-LiPD,
BenitalLake.Bhushan.2018,MnO,SISALEntityID,SISAL-LiPD;SISAL-LiPD;SISAL-LiPD,
BenitalLake.Bhushan.2018,Na2O,SISALEntityID,SISAL-LiPD;SISAL-LiPD;SISAL-LiPD,
BenitalLake.Bhushan.2018,rubidium,SISALEntityID,SISAL-LiPD;SISAL-LiPD;SISAL-LiPD,Hydro21k;HoloceneAbruptChange;HoloceneHydroclimate
BenitalLake.Bhushan.2018,zirconium,SISALEntityID,SISAL-LiPD;SISAL-LiPD;SISAL-LiPD,
BenitalLake.Bhushan.2018,Zr/Al,SISALEntityID,SISAL-LiPD;SISAL-LiPD;SISAL-LiPD,
BenitalLake.Bhushan.2018,Ti/Al,SISALEntityID,SISAL-LiPD;SISAL-LiPD;SISAL-LiPD,
BenitalLake.Bhushan.2018,Rb87/Sr86,SISALEntityID,SISAL-LiPD;SISAL-LiPD;SISAL-LiPD,
BenitalLake.Bhushan.2018,needsToBeChanged,SISALEntityID,SISAL-LiPD;SISAL-LiPD;SISAL-LiPD,
BenitalLake.Bhushan.2018,Fe/Mn,SISALEntityID,SISAL-LiPD;SISAL-LiPD;SISAL-LiPD,
BenitalLake.Bhushan.2018,organicCarbon,SISALEntityID,SISAL-LiPD;SISAL-LiPD;SISAL-LiPD,
BenitalLake.Bhushan.2018,C/N,SISALEntityID,SISAL-LiPD;SISAL-LiPD;SISAL-LiPD,
Berocave.Asrat.2008,d18O,meetsHoloceneHydroclimateCriteria,HoloceneHydroclimate,SISAL-LiPD
BerryPondWest1979,lakeLevel,temp12kDkIndex,Temp12k,
big_round.Thomas.2010,depth,useInOnset,HoloceneAbruptChange,
big_round.Thomas.2010,age,useInOnset,HoloceneAbruptChange,
BighornBasin.Shuman.2012,uncertaintyLow1s,temp12kDkIndex,Temp12k,
BighornBasin.Shuman.2012,uncertaintyHigh1s,temp12kDkIndex,Temp12k,
BiglandTarn.Barber.2013,age,QCCertification,HoloceneAbruptChange,
Bittoocave.Kathayat.2016,notes,SISALEntityID,SISAL-LiPD;SISAL-LiPD;SISAL-LiPD,
BJ8_03_10GGC.Linsley.2010,d18O,temp12kDkIndex,Temp12k,
BJ8_03_13GGC.Linsley.2010,d18O,temp12kDkIndex,Temp12k,
BJ8_03_13GGC.Linsley.2010,Mg/Ca,temp12kDkIndex,Temp12k,
BJ8_03_70GGC.Linsley.2010,d18O,temp12kDkIndex,Temp12k,
BJ8_03_70GGC.Linsley.2010,Mg/Ca,temp12kDkIndex,Temp12k,
Bjornfjell.Brooks.2006,depth,QCCertification,HoloceneAbruptChange,
Bjornfjell.Brooks.2006,age,QCCertification,HoloceneAbruptChange,
BlackSea(Southwest1).EPD,growing degree days,temp12kDkIndex,Temp12k,
BlackSea(Southwest1).EPD,temperature,QCnotes,HoloceneAbruptChange,
BlackSea(Southwest1).EPD,temperature,temp12kDkIndex,Temp12k,
BlackSea(Southwest1).EPD,temperature-1,QCnotes,HoloceneAbruptChange,
BlackSea(Southwest1).EPD,temperature-1,temp12kDkIndex,Temp12k,
BlackSea(Southwest1).EPD,precipitation,temp12kDkIndex,Temp12k,
BlackSea(Southwest1).EPD,precipitation,QCnotes,HoloceneAbruptChange,
BlackSea(Southwest1).EPD,temperature-2,QCnotes,HoloceneAbruptChange,
BlackSea(Southwest1).EPD,temperature-2,temp12kDkIndex,Temp12k,
BlackSea(Southwest2).EPD,growing degree days,temp12kDkIndex,Temp12k,
BlackSea(Southwest2).EPD,temperature,QCnotes,HoloceneAbruptChange,
BlackSea(Southwest2).EPD,temperature,temp12kDkIndex,Temp12k,
BlackSea(Southwest2).EPD,temperature-1,QCnotes,HoloceneAbruptChange,
BlackSea(Southwest2).EPD,temperature-1,temp12kDkIndex,Temp12k,
BlackSea(Southwest2).EPD,precipitation,temp12kDkIndex,Temp12k,
BlackSea(Southwest2).EPD,precipitation,QCnotes,HoloceneAbruptChange,
BlackSea(Southwest2).EPD,temperature-2,QCnotes,HoloceneAbruptChange,
BlackSea(Southwest2).EPD,temperature-2,temp12kDkIndex,Temp12k,
Blebergcave.Breitenbach.2019,notes,SISALEntityID,SISAL-LiPD;SISAL-LiPD;SISAL-LiPD,
BO14HTI01,year,coralExtensionRate,CoralHydro2k;GBRCD,
BO14HTI01,year,coralHydro2kGroup,CoralHydro2k,
BO14HTI01,year,jcpCorrected,CoralHydro2k,
BO14HTI01,year,jcpMeasured,CoralHydro2k;GBRCD,
BO14HTI01,year,jcpUsed,CoralHydro2k;GBRCD,
BO14HTI01,year,coralExtensionRate,CoralHydro2k;GBRCD,
BO14HTI01,year,coralHydro2kGroup,CoralHydro2k,
BO14HTI01,year,jcpCorrected,CoralHydro2k,
BO14HTI01,year,jcpMeasured,CoralHydro2k;GBRCD,
BO14HTI01,year,jcpUsed,CoralHydro2k;GBRCD,
BO14HTI01,uncertainty,ch2kCoreCode,CoralHydro2k,
BO14HTI01,uncertainty,coralExtensionRate,CoralHydro2k;GBRCD,
BO14HTI01,uncertainty,coralExtensionRateNotes,CoralHydro2k;GBRCD,
BO14HTI01,uncertainty,coralHydro2kGroup,CoralHydro2k,
BO14HTI01,uncertainty,jcpCorrected,CoralHydro2k,
BO14HTI01,uncertainty,jcpMeasured,CoralHydro2k;GBRCD,
BO14HTI01,uncertainty,jcpUsed,CoralHydro2k;GBRCD,
BO14HTI01,year,coralExtensionRate,CoralHydro2k;GBRCD,
BO14HTI01,year,coralHydro2kGroup,CoralHydro2k,
BO14HTI01,year,jcpCorrected,CoralHydro2k,
BO14HTI01,year,jcpMeasured,CoralHydro2k;GBRCD,
BO14HTI01,year,jcpUsed,CoralHydro2k;GBRCD,
BO14HTI02,year,coralExtensionRate,CoralHydro2k;GBRCD,
BO14HTI02,year,coralHydro2kGroup,CoralHydro2k,
BO14HTI02,year,jcpCorrected,CoralHydro2k,
BO14HTI02,year,jcpMeasured,CoralHydro2k;GBRCD,
BO14HTI02,year,jcpUsed,CoralHydro2k;GBRCD,
BO14HTI02,year,coralExtensionRate,CoralHydro2k;GBRCD,
BO14HTI02,year,coralHydro2kGroup,CoralHydro2k,
BO14HTI02,year,jcpCorrected,CoralHydro2k,
BO14HTI02,year,jcpMeasured,CoralHydro2k;GBRCD,
BO14HTI02,year,jcpUsed,CoralHydro2k;GBRCD,
BO99MOO01,year,coralExtensionRate,CoralHydro2k;GBRCD,
BO99MOO01,year,coralHydro2kGroup,CoralHydro2k,
BO99MOO01,year,jcpCorrected,CoralHydro2k,
BO99MOO01,year,jcpMeasured,CoralHydro2k;GBRCD,
BO99MOO01,year,jcpUsed,CoralHydro2k;GBRCD,
BOFS5K,d18O,temp12kDkIndex,Temp12k,
BOFS5K,d13C,temp12kDkIndex,Temp12k,
BOFS5K,d18O-1,temp12kDkIndex,Temp12k,
BOFS5K,d13C-1,temp12kDkIndex,Temp12k,
BOFS5K,d18O-2,temp12kDkIndex,Temp12k,
BOFS5K,d13C-2,temp12kDkIndex,Temp12k,
BOFS5K,temperature,QCCertification,HoloceneAbruptChange,
BOFS5K,temperature,QCnotes,HoloceneAbruptChange,
BOFS5K,temperature,temp12kDkIndex,Temp12k,
BOFS5K,temperature-1,QCCertification,HoloceneAbruptChange,
BOFS5K,temperature-1,QCnotes,HoloceneAbruptChange,
BOFS5K,temperature-1,temp12kDkIndex,Temp12k,
BolshieToroki.Zhilich.2017,depth,QCCertification,HoloceneAbruptChange,
BolshieToroki.Zhilich.2017,age,QCCertification,HoloceneAbruptChange,
BolshieToroki.Zhilich.2017,uncertaintyLow,QCCertification,HoloceneAbruptChange,
BolshieToroki.Zhilich.2017,uncertaintyHigh,QCCertification,HoloceneAbruptChange,
BoomerangLake.Brown.2006,DWHI,temp12kDkIndex,Temp12k,
Botuvercave.Bernal.2016,d18O,meetsHoloceneHydroclimateCriteria,HoloceneHydroclimate,SISAL-LiPD;Hydro21k
Botuvercave.Bernal.2016,d18O,meetsHoloceneHydroclimateCriteria,HoloceneHydroclimate,SISAL-LiPD;Hydro21k
Botuvercave.Bernal.2016,d18O,meetsHoloceneHydroclimateCriteria,HoloceneHydroclimate,SISAL-LiPD
Botuvercave.Bernal.2016,notes,SISALEntityID,SISAL-LiPD;SISAL-LiPD;SISAL-LiPD,
Botuvercave.Bernal.2016,age,SISALEntityID,SISAL-LiPD;SISAL-LiPD;SISAL-LiPD,
BR19RED01,year,coralExtensionRate,CoralHydro2k;GBRCD,
BR19RED01,year,coralHydro2kGroup,CoralHydro2k,
BR19RED01,year,jcpCorrected,CoralHydro2k,
BR19RED01,year,jcpMeasured,CoralHydro2k;GBRCD,
BR19RED01,year,jcpUsed,CoralHydro2k;GBRCD,
BR19RED01,Sr/Ca,ch2kCoreCode,CoralHydro2k,
BR19RED01,Sr/Ca,coralExtensionRate,CoralHydro2k;GBRCD,
BR19RED01,Sr/Ca,coralExtensionRateNotes,CoralHydro2k;GBRCD,
BR19RED01,Sr/Ca,coralHydro2kGroup,CoralHydro2k,
BR19RED01,Sr/Ca,jcpCorrected,CoralHydro2k,
BR19RED01,Sr/Ca,jcpMeasured,CoralHydro2k;GBRCD,
BR19RED01,Sr/Ca,jcpUsed,CoralHydro2k;GBRCD,
BR19RED01,year,coralExtensionRate,CoralHydro2k;GBRCD,
BR19RED01,year,coralHydro2kGroup,CoralHydro2k,
BR19RED01,year,jcpCorrected,CoralHydro2k,
BR19RED01,year,jcpMeasured,CoralHydro2k;GBRCD,
BR19RED01,year,jcpUsed,CoralHydro2k;GBRCD,
BrayaSo.DAndrea.2011,depthTop,useInOnset,HoloceneAbruptChange,NAm21k-noPollen
BrayaSo.DAndrea.2011,depth,useInOnset,HoloceneAbruptChange,
BrayaSo.DAndrea.2011,age,useInOnset,HoloceneAbruptChange,
BrayaSo.DAndrea.2011,depth-1,useInOnset,HoloceneAbruptChange,
BrayaSo.DAndrea.2011,thickness,useInOnset,HoloceneAbruptChange,NAm21k-noPollen
Bribincave.Hartmann.2013,d18O,meetsHoloceneHydroclimateCriteria,HoloceneHydroclimate,SISAL-LiPD
BrownsFollymine.Baldini.2005,notes,SISALEntityID,SISAL-LiPD;SISAL-LiPD;SISAL-LiPD,
Brule.Lafontaine-Boyer.2014,precipitation,hydroclimate2kCertification,hydroclimate2k,
Brule.Lafontaine-Boyer.2014,precipitation-1,hydroclimate2kCertification,hydroclimate2k,
BS79_33.Cacho.2001,d18O,temp12kDkIndex,Temp12k,
BS79_33.Cacho.2001,Uk37,temp12kDkIndex,Temp12k,
BucadellaRenella.Drysdale.2006,d13C,meetsHoloceneHydroclimateCriteria,HoloceneHydroclimate,SISAL-LiPD
Buckeyecreek.Hardt.2010,notes,SISALEntityID,SISAL-LiPD;SISAL-LiPD;SISAL-LiPD,
Bunkercave.Fohlmeister.2012,d18O,meetsHoloceneHydroclimateCriteria,HoloceneHydroclimate,SISAL-LiPD
Bunkercave.Fohlmeister.2012,d13C,meetsHoloceneHydroclimateCriteria,HoloceneHydroclimate,SISAL-LiPD
Bunkercave.Fohlmeister.2012,notes,SISALEntityID,SISAL-LiPD;SISAL-LiPD;SISAL-LiPD,
BuracaGloriosa.Denniston.2017,d18O,meetsHoloceneHydroclimateCriteria,HoloceneHydroclimate,SISAL-LiPD
BuracaGloriosa.Denniston.2017,d13C,meetsHoloceneHydroclimateCriteria,HoloceneHydroclimate,SISAL-LiPD
BuracaGloriosa.Denniston.2017,d18O,meetsHoloceneHydroclimateCriteria,HoloceneHydroclimate,SISAL-LiPD
BuracaGloriosa.Denniston.2017,d13C,meetsHoloceneHydroclimateCriteria,HoloceneHydroclimate,SISAL-LiPD
BuracaGloriosa.Denniston.2017,d18O,meetsHoloceneHydroclimateCriteria,HoloceneHydroclimate,SISAL-LiPD
BuracaGloriosa.Denniston.2017,d13C,meetsHoloceneHydroclimateCriteria,HoloceneHydroclimate,SISAL-LiPD
BuracaGloriosa.Denniston.2017,d18O,meetsHoloceneHydroclimateCriteria,HoloceneHydroclimate,SISAL-LiPD
BuracaGloriosa.Denniston.2017,d13C,meetsHoloceneHydroclimateCriteria,HoloceneHydroclimate,SISAL-LiPD
CA07FLI01,year,coralExtensionRate,CoralHydro2k;GBRCD,
CA07FLI01,year,coralHydro2kGroup,CoralHydro2k,
CA07FLI01,year,jcpCorrected,CoralHydro2k,
CA07FLI01,year,jcpMeasured,CoralHydro2k;GBRCD,
CA07FLI01,year,jcpUsed,CoralHydro2k;GBRCD,
CA07FLI01,year,coralExtensionRate,CoralHydro2k;GBRCD,
CA07FLI01,year,coralHydro2kGroup,CoralHydro2k,
CA07FLI01,year,jcpCorrected,CoralHydro2k,
CA07FLI01,year,jcpMeasured,CoralHydro2k;GBRCD,
CA07FLI01,year,jcpUsed,CoralHydro2k;GBRCD,
CA13DIA01,year,coralExtensionRate,CoralHydro2k;GBRCD,
CA13DIA01,year,coralHydro2kGroup,CoralHydro2k,
CA13DIA01,year,jcpCorrected,CoralHydro2k,
CA13DIA01,year,jcpMeasured,CoralHydro2k;GBRCD,
CA13DIA01,year,jcpUsed,CoralHydro2k;GBRCD,
CA13PEL01,year,coralExtensionRate,CoralHydro2k;GBRCD,
CA13PEL01,year,coralHydro2kGroup,CoralHydro2k,
CA13PEL01,year,jcpCorrected,CoralHydro2k,
CA13PEL01,year,jcpMeasured,CoralHydro2k;GBRCD,
CA13PEL01,year,jcpUsed,CoralHydro2k;GBRCD,
CA13SAP01,year,coralExtensionRate,CoralHydro2k;GBRCD,
CA13SAP01,year,coralHydro2kGroup,CoralHydro2k,
CA13SAP01,year,jcpCorrected,CoralHydro2k,
CA13SAP01,year,jcpMeasured,CoralHydro2k;GBRCD,
CA13SAP01,year,jcpUsed,CoralHydro2k;GBRCD,
CA13TUR01,year,coralExtensionRate,CoralHydro2k;GBRCD,
CA13TUR01,year,coralHydro2kGroup,CoralHydro2k,
CA13TUR01,year,jcpCorrected,CoralHydro2k,
CA13TUR01,year,jcpMeasured,CoralHydro2k;GBRCD,
CA13TUR01,year,jcpUsed,CoralHydro2k;GBRCD,
CA14BUT01,year,coralExtensionRate,CoralHydro2k;GBRCD,
CA14BUT01,year,coralHydro2kGroup,CoralHydro2k,
CA14BUT01,year,jcpCorrected,CoralHydro2k,
CA14BUT01,year,jcpMeasured,CoralHydro2k;GBRCD,
CA14BUT01,year,jcpUsed,CoralHydro2k;GBRCD,
CA14BUT01,year,coralExtensionRate,CoralHydro2k;GBRCD,
CA14BUT01,year,coralHydro2kGroup,CoralHydro2k,
CA14BUT01,year,jcpCorrected,CoralHydro2k,
CA14BUT01,year,jcpMeasured,CoralHydro2k;GBRCD,
CA14BUT01,year,jcpUsed,CoralHydro2k;GBRCD,
CA14BUT01,year,coralExtensionRate,CoralHydro2k;GBRCD,
CA14BUT01,year,coralHydro2kGroup,CoralHydro2k,
CA14BUT01,year,jcpCorrected,CoralHydro2k,
CA14BUT01,year,jcpMeasured,CoralHydro2k;GBRCD,
CA14BUT01,year,jcpUsed,CoralHydro2k;GBRCD,
CA14TIM01,year,coralExtensionRate,CoralHydro2k;GBRCD,
CA14TIM01,year,coralHydro2kGroup,CoralHydro2k,
CA14TIM01,year,jcpCorrected,CoralHydro2k,
CA14TIM01,year,jcpMeasured,CoralHydro2k;GBRCD,
CA14TIM01,year,jcpUsed,CoralHydro2k;GBRCD,
CA14TIM01,year,coralExtensionRate,CoralHydro2k;GBRCD,
CA14TIM01,year,coralHydro2kGroup,CoralHydro2k,
CA14TIM01,year,jcpCorrected,CoralHydro2k,
CA14TIM01,year,jcpMeasured,CoralHydro2k;GBRCD,
CA14TIM01,year,jcpUsed,CoralHydro2k;GBRCD,
CA14TIM01,year,coralExtensionRate,CoralHydro2k;GBRCD,
CA14TIM01,year,coralHydro2kGroup,CoralHydro2k,
CA14TIM01,year,jcpCorrected,CoralHydro2k,
CA14TIM01,year,jcpMeasured,CoralHydro2k;GBRCD,
CA14TIM01,year,jcpUsed,CoralHydro2k;GBRCD,
Cadagno.Niemann.2012,sampleID,temp12kDkIndex,Temp12k,
Cadagno.Niemann.2012,MBT,temp12kDkIndex,Temp12k,
Cadagno.Niemann.2012,CBT,temp12kDkIndex,Temp12k,
Cadagno.Niemann.2012,BIT,temp12kDkIndex,Temp12k,
Cadagno.Niemann.2012,pH,temp12kDkIndex,Temp12k,
CalcitecaveMtLuxmoreFiordland.Lorrey.2008,d18O,meetsHoloceneHydroclimateCriteria,HoloceneHydroclimate,SISAL-LiPD;HoloceneAbruptChange
CangoCave.Talma.1992,uncertaintyHigh-1,temp12kDkIndex,Temp12k,
CangoCave.Talma.1992,uncertaintyLow-1,temp12kDkIndex,Temp12k,
CangoCave.Talma.1992,isReliable,temp12kDkIndex,Temp12k,
Castor.Nelson.2011,reflectance,hydroclimate2kCertification,hydroclimate2k,wNAm;HoloceneAbruptChange;HoloceneHydroclimate
Castor.Nelson.2011,d13C,temp12kDkIndex,Temp12k,
Castor.Nelson.2011,d13C,hydroclimate2kCertification,hydroclimate2k,
Castor.Nelson.2011,d18O,hydroclimate2kCertification,hydroclimate2k,HoloceneHydroclimate;HoloceneAbruptChange
Castor.Nelson.2011,d13C,temp12kDkIndex,Temp12k,
Castor.Nelson.2011,d13C,hydroclimate2kCertification,hydroclimate2k,
CaveC126.Denniston.2013,thickness,meetsHoloceneHydroclimateCriteria,HoloceneHydroclimate,SISAL-LiPD
CaveC126.Denniston.2013,d18O,meetsHoloceneHydroclimateCriteria,HoloceneHydroclimate,SISAL-LiPD
CaveC126.Denniston.2013,d13C,meetsHoloceneHydroclimateCriteria,HoloceneHydroclimate,SISAL-LiPD
CaveC126.Denniston.2013,thickness,meetsHoloceneHydroclimateCriteria,HoloceneHydroclimate,SISAL-LiPD
CaveC126.Denniston.2013,d18O,meetsHoloceneHydroclimateCriteria,HoloceneHydroclimate,SISAL-LiPD
CaveC126.Denniston.2013,d13C,meetsHoloceneHydroclimateCriteria,HoloceneHydroclimate,SISAL-LiPD
CaveC126.Denniston.2013,d18O,meetsHoloceneHydroclimateCriteria,HoloceneHydroclimate,SISAL-LiPD
CaveC126.Denniston.2013,d13C,meetsHoloceneHydroclimateCriteria,HoloceneHydroclimate,SISAL-LiPD
CaveC126.Denniston.2013,notes,SISALEntityID,SISAL-LiPD;SISAL-LiPD;SISAL-LiPD,
CC04.Gibb.2015,age,temp12kDkIndex,Temp12k,
Century.Johnsen.1972,age,temp12kDkIndex,Temp12k,
Century.Johnsen.1972,age,useInOnset,HoloceneAbruptChange,
Century.Johnsen.1972,d18O-1,useInOnset,HoloceneAbruptChange,RapidArcticWarming
CesareBattisticave.Johnston.2018,notes,SISALEntityID,SISAL-LiPD;SISAL-LiPD;SISAL-LiPD,
CH03BUN01,year,coralExtensionRate,CoralHydro2k;GBRCD,
CH03BUN01,year,coralHydro2kGroup,CoralHydro2k,
CH03BUN01,year,jcpCorrected,CoralHydro2k,
CH03BUN01,year,jcpMeasured,CoralHydro2k;GBRCD,
CH03BUN01,year,jcpUsed,CoralHydro2k;GBRCD,
CH03LOM01,year,coralExtensionRate,CoralHydro2k;GBRCD,
CH03LOM01,year,coralHydro2kGroup,CoralHydro2k,
CH03LOM01,year,jcpCorrected,CoralHydro2k,
CH03LOM01,year,jcpMeasured,CoralHydro2k;GBRCD,
CH03LOM01,year,jcpUsed,CoralHydro2k;GBRCD,
CH0798GGC19,Uk37,temp12kDkIndex,Temp12k,
CH18YOA01,year,coralExtensionRate,CoralHydro2k;GBRCD,
CH18YOA01,year,coralHydro2kGroup,CoralHydro2k,
CH18YOA01,year,jcpCorrected,CoralHydro2k,
CH18YOA01,year,jcpMeasured,CoralHydro2k;GBRCD,
CH18YOA01,year,jcpUsed,CoralHydro2k;GBRCD,
CH18YOA02,year,coralExtensionRate,CoralHydro2k;GBRCD,
CH18YOA02,year,coralHydro2kGroup,CoralHydro2k,
CH18YOA02,year,jcpCorrected,CoralHydro2k,
CH18YOA02,year,jcpMeasured,CoralHydro2k;GBRCD,
CH18YOA02,year,jcpUsed,CoralHydro2k;GBRCD,
CH97BVB01,year,coralExtensionRate,CoralHydro2k;GBRCD,
CH97BVB01,year,coralHydro2kGroup,CoralHydro2k,
CH97BVB01,year,jcpCorrected,CoralHydro2k,
CH97BVB01,year,jcpMeasured,CoralHydro2k;GBRCD,
CH97BVB01,year,jcpUsed,CoralHydro2k;GBRCD,
CH98PIR01,year,coralExtensionRate,CoralHydro2k;GBRCD,
CH98PIR01,year,coralHydro2kGroup,CoralHydro2k,
CH98PIR01,year,jcpCorrected,CoralHydro2k,
CH98PIR01,year,jcpMeasured,CoralHydro2k;GBRCD,
CH98PIR01,year,jcpUsed,CoralHydro2k;GBRCD,
Chaaracave.AitBrahim.2018,d18O,meetsHoloceneHydroclimateCriteria,HoloceneHydroclimate,SISAL-LiPD
Chaaracave.AitBrahim.2018,d18O,meetsHoloceneHydroclimateCriteria,HoloceneHydroclimate,SISAL-LiPD
Chaaracave.AitBrahim.2018,notes,SISALEntityID,SISAL-LiPD;SISAL-LiPD;SISAL-LiPD,
ChallaLake.Damst.2012,isReliable,temp12kDkIndex,Temp12k,
ChanHolcave.Stinnesbeck.2017,d18O,meetsHoloceneHydroclimateCriteria,HoloceneHydroclimate,SISAL-LiPD
ChanHolcave.Stinnesbeck.2017,d13C,meetsHoloceneHydroclimateCriteria,HoloceneHydroclimate,SISAL-LiPD
Chaohu.Li.2018,age,QCCertification,HoloceneAbruptChange,
Chaohu.Li.2018,uncertaintyHigh,QCCertification,HoloceneAbruptChange,
Chaohu.Li.2018,uncertaintyHigh,temp12kDkIndex,Temp12k,
Chaohu.Li.2018,uncertaintyLow,QCCertification,HoloceneAbruptChange,
Chaohu.Li.2018,uncertaintyLow,temp12kDkIndex,Temp12k,
Chaohu.Li.2018,isReliable,QCCertification,HoloceneAbruptChange,
Chaohu.Li.2018,isReliable,temp12kDkIndex,Temp12k,
ChibuzhangCo.Chen.2021,age,SISALEntityID,SISAL-LiPD;SISAL-LiPD;SISAL-LiPD,
ChibuzhangCo.Chen.2021,index,SISALEntityID,SISAL-LiPD;SISAL-LiPD;SISAL-LiPD,Hydro21k;HoloceneAbruptChange;HoloceneHydroclimate
ChibuzhangCo.Chen.2021,index-1,SISALEntityID,SISAL-LiPD;SISAL-LiPD;SISAL-LiPD,Hydro21k;HoloceneAbruptChange;HoloceneHydroclimate
Chichancanab.Hodell.1995,d18O,temp12kDkIndex,Temp12k,
Chichancanab.Hodell.1995,d13C,temp12kDkIndex,Temp12k,
Chichancanab.Hodell.1995,count,temp12kDkIndex,Temp12k,
Chichancanab.Hodell.1995,d18O,temp12kDkIndex,Temp12k,
Chichancanab.Hodell.1995,d13C,temp12kDkIndex,Temp12k,
Chiflonkhakhacave.J..2018,notes,SISALEntityID,SISAL-LiPD;SISAL-LiPD;SISAL-LiPD,
Churruca.Caniupan.2014,core,temp12kDkIndex,Temp12k,
Clamousecave.Plagnes.2002,d18O,meetsHoloceneHydroclimateCriteria,HoloceneHydroclimate,SISAL-LiPD
Clamousecave.Plagnes.2002,d13C,meetsHoloceneHydroclimateCriteria,HoloceneHydroclimate,SISAL-LiPD
Clamousecave.Plagnes.2002,d18O,meetsHoloceneHydroclimateCriteria,HoloceneHydroclimate,SISAL-LiPD
Clamousecave.Plagnes.2002,d13C,meetsHoloceneHydroclimateCriteria,HoloceneHydroclimate,SISAL-LiPD
Clamousecave.Plagnes.2002,notes,SISALEntityID,SISAL-LiPD;SISAL-LiPD;SISAL-LiPD,
ClarksJunction.Wilmshurst.2007,sampleID,QCCertification,HoloceneAbruptChange,
ClarksJunction.Wilmshurst.2007,sampleID,temp12kDkIndex,Temp12k,
ClarksJunction.Wilmshurst.2007,depth,QCCertification,HoloceneAbruptChange,
ClarksJunction.Wilmshurst.2007,age,QCCertification,HoloceneAbruptChange,
ClarksJunction.Wilmshurst.2007,uncertaintyHigh,QCCertification,HoloceneAbruptChange,
ClarksJunction.Wilmshurst.2007,uncertaintyHigh,temp12kDkIndex,Temp12k,
ClarksJunction.Wilmshurst.2007,uncertaintyLow,QCCertification,HoloceneAbruptChange,
ClarksJunction.Wilmshurst.2007,uncertaintyLow,temp12kDkIndex,Temp12k,
ClarksJunction.Wilmshurst.2007,isReliable,QCCertification,HoloceneAbruptChange,
ClarksJunction.Wilmshurst.2007,isReliable,temp12kDkIndex,Temp12k,
Clearwatercave.Carolin.2016,notes,SISALEntityID,SISAL-LiPD;SISAL-LiPD;SISAL-LiPD,
ClelandLake.Steinman.2016,d13C-1,iso2kHackathonNotes,iso2k,hydroclimate2k
ClelandLake.Steinman.2016,d13C-1,iso2kPrimaryTimeseries,iso2k,hydroclimate2k
CO00COKY,d18O,pages2kId,Pages2kTemperature,iso2k
CO00COKY,year,iso2kPrimaryTimeseries,iso2k,
CO00DRBE,d18O,pages2kId,Pages2kTemperature,iso2k
CO00DRBE,year,iso2kPrimaryTimeseries,iso2k,
CO00DRBE,d18O,pages2kId,Pages2kTemperature,iso2k
CO00DRBE,year,iso2kPrimaryTimeseries,iso2k,
CO00FERA,year,iso2kPrimaryTimeseries,iso2k,
CO00FERA,d18O,pages2kId,Pages2kTemperature,iso2k
CO00KUNI,depth,iso2kPrimaryTimeseries,iso2k,
CO00KUNI,year,iso2kPrimaryTimeseries,iso2k,
CO00KUNI,year,iso2kPrimaryTimeseries,iso2k,
CO00MAL01,year,coralExtensionRate,CoralHydro2k;GBRCD,
CO00MAL01,year,coralHydro2kGroup,CoralHydro2k,
CO00MAL01,year,jcpCorrected,CoralHydro2k,
CO00MAL01,year,jcpMeasured,CoralHydro2k;GBRCD,
CO00MAL01,year,jcpUsed,CoralHydro2k;GBRCD,
CO00URMA,d18O,pages2kId,Pages2kTemperature,iso2k
CO00URMA,year,iso2kPrimaryTimeseries,iso2k,
CO00URMA,year-1,iso2kPrimaryTimeseries,iso2k,
CO00URMA,year-2,iso2kPrimaryTimeseries,iso2k,
CO01TUNG,d18O,pages2kId,Pages2kTemperature,iso2k
CO01TUNG,year,iso2kPrimaryTimeseries,iso2k,
CO01TUNG,d18O,pages2kId,Pages2kTemperature,iso2k
CO01TUNG,year,iso2kPrimaryTimeseries,iso2k,
CO02KUBE,d18O,pages2kId,Pages2kTemperature,iso2k
CO02KUBE,year,iso2kPrimaryTimeseries,iso2k,
CO02KUBE,Sr/Ca,iso2kCertification,iso2k,
CO02KUBE,Sr/Ca,iso2kPrimaryTimeseries,iso2k,
CO02KUBE,Sr/Ca,QCCertification,HoloceneAbruptChange,
CO02KUBE,Sr/Ca,QCnotes,HoloceneAbruptChange,
CO02KUBE,year,iso2kPrimaryTimeseries,iso2k,
CO03CHBA,d18O,pages2kId,Pages2kTemperature,iso2k;hydroclimate2k
CO03CHBA,year,iso2kPrimaryTimeseries,iso2k,
CO03CHBU,d18O,pages2kId,Pages2kTemperature,iso2k;hydroclimate2k
CO03CHBU,year,iso2kPrimaryTimeseries,iso2k,
CO03COPM,d18O,pages2kId,Pages2kTemperature,iso2k
CO03COPM,year,iso2kPrimaryTimeseries,iso2k,
CO03COPM,year,iso2kPrimaryTimeseries,iso2k,
CO03COPM,year,iso2kPrimaryTimeseries,iso2k,
CO03COPM,year,iso2kPrimaryTimeseries,iso2k,
CO03COPM,year,iso2kPrimaryTimeseries,iso2k,
CO03COPM,year,iso2kPrimaryTimeseries,iso2k,
CO03COPM,year,iso2kPrimaryTimeseries,iso2k,
CO03COPM,year,iso2kPrimaryTimeseries,iso2k,
CO03COPM,year,iso2kPrimaryTimeseries,iso2k,
CO03COPM,year,iso2kPrimaryTimeseries,iso2k,
CO03COPM,year,iso2kPrimaryTimeseries,iso2k,
CO03COPM,year,iso2kPrimaryTimeseries,iso2k,
CO03PAL01,year,coralExtensionRate,CoralHydro2k;GBRCD,
CO03PAL01,year,coralHydro2kGroup,CoralHydro2k,
CO03PAL01,year,jcpCorrected,CoralHydro2k,
CO03PAL01,year,jcpMeasured,CoralHydro2k;GBRCD,
CO03PAL01,year,jcpUsed,CoralHydro2k;GBRCD,
CO03PAL02,year,coralExtensionRate,CoralHydro2k;GBRCD,
CO03PAL02,year,coralHydro2kGroup,CoralHydro2k,
CO03PAL02,year,jcpCorrected,CoralHydro2k,
CO03PAL02,year,jcpMeasured,CoralHydro2k;GBRCD,
CO03PAL02,year,jcpUsed,CoralHydro2k;GBRCD,
CO03PAL03,year,coralExtensionRate,CoralHydro2k;GBRCD,
CO03PAL03,year,coralHydro2kGroup,CoralHydro2k,
CO03PAL03,year,jcpCorrected,CoralHydro2k,
CO03PAL03,year,jcpMeasured,CoralHydro2k;GBRCD,
CO03PAL03,year,jcpUsed,CoralHydro2k;GBRCD,
CO03PAL04,year,coralExtensionRate,CoralHydro2k;GBRCD,
CO03PAL04,year,coralHydro2kGroup,CoralHydro2k,
CO03PAL04,year,jcpCorrected,CoralHydro2k,
CO03PAL04,year,jcpMeasured,CoralHydro2k;GBRCD,
CO03PAL04,year,jcpUsed,CoralHydro2k;GBRCD,
CO03PAL05,year,coralExtensionRate,CoralHydro2k;GBRCD,
CO03PAL05,year,coralHydro2kGroup,CoralHydro2k,
CO03PAL05,year,jcpCorrected,CoralHydro2k,
CO03PAL05,year,jcpMeasured,CoralHydro2k;GBRCD,
CO03PAL05,year,jcpUsed,CoralHydro2k;GBRCD,
CO03PAL06,year,coralExtensionRate,CoralHydro2k;GBRCD,
CO03PAL06,year,coralHydro2kGroup,CoralHydro2k,
CO03PAL06,year,jcpCorrected,CoralHydro2k,
CO03PAL06,year,jcpMeasured,CoralHydro2k;GBRCD,
CO03PAL06,year,jcpUsed,CoralHydro2k;GBRCD,
CO03PAL07,year,coralExtensionRate,CoralHydro2k;GBRCD,
CO03PAL07,year,coralHydro2kGroup,CoralHydro2k,
CO03PAL07,year,jcpCorrected,CoralHydro2k,
CO03PAL07,year,jcpMeasured,CoralHydro2k;GBRCD,
CO03PAL07,year,jcpUsed,CoralHydro2k;GBRCD,
CO03PAL08,year,coralExtensionRate,CoralHydro2k;GBRCD,
CO03PAL08,year,coralHydro2kGroup,CoralHydro2k,
CO03PAL08,year,jcpCorrected,CoralHydro2k,
CO03PAL08,year,jcpMeasured,CoralHydro2k;GBRCD,
CO03PAL08,year,jcpUsed,CoralHydro2k;GBRCD,
CO03PAL09,year,coralExtensionRate,CoralHydro2k;GBRCD,
CO03PAL09,year,coralHydro2kGroup,CoralHydro2k,
CO03PAL09,year,jcpCorrected,CoralHydro2k,
CO03PAL09,year,jcpMeasured,CoralHydro2k;GBRCD,
CO03PAL09,year,jcpUsed,CoralHydro2k;GBRCD,
CO03PAL10,year,coralExtensionRate,CoralHydro2k;GBRCD,
CO03PAL10,year,coralHydro2kGroup,CoralHydro2k,
CO03PAL10,year,jcpCorrected,CoralHydro2k,
CO03PAL10,year,jcpMeasured,CoralHydro2k;GBRCD,
CO03PAL10,year,jcpUsed,CoralHydro2k;GBRCD,
CO04BAFI,year,iso2kPrimaryTimeseries,iso2k,
CO04BAFI,depth,iso2kPrimaryTimeseries,iso2k,
CO04BAFI,year,iso2kPrimaryTimeseries,iso2k,
CO04BAFI,depth,iso2kPrimaryTimeseries,iso2k,
CO04BAFI,year,iso2kPrimaryTimeseries,iso2k,
CO04INMI,depth,iso2kPrimaryTimeseries,iso2k,
CO04KIVA,d18O,pages2kId,Pages2kTemperature,iso2k
CO04KIVA,year,iso2kPrimaryTimeseries,iso2k,
CO04KIVA,Sr/Ca,iso2kCertification,iso2k,
CO04KIVA,Sr/Ca,iso2kPrimaryTimeseries,iso2k,
CO04KIVA,Sr/Ca,iso2kUI,iso2k;iso2k,
CO04KIVA,Sr/Ca,pages2kId,Pages2kTemperature,
CO04KIVA,Sr/Ca,pages2kID,Pages2kTemperature,
CO04KIVA,Sr/Ca,QCCertification,HoloceneAbruptChange,
CO04KIVA,d13C,iso2kCertification,iso2k,
CO04KIVA,d13C,iso2kPrimaryTimeseries,iso2k,
CO04KIVA,d13C,QCCertification,HoloceneAbruptChange,
CO04KIVA,d13C,QCnotes,HoloceneAbruptChange,
CO04LIFI,d18O,pages2kId,Pages2kTemperature,iso2k
CO04LIFI,year,iso2kPrimaryTimeseries,iso2k,
CO04LIFI,Sr/Ca,iso2kCertification,iso2k,
CO04LIFI,Sr/Ca,iso2kPrimaryTimeseries,iso2k,
CO04LIFI,Sr/Ca,iso2kUI,iso2k;iso2k,
CO04LIFI,Sr/Ca,ocean2kID,Pages2kTemperature,
CO04LIFI,Sr/Ca,pages2kId,Pages2kTemperature,
CO04LIFI,Sr/Ca,pages2kID,Pages2kTemperature,
CO04LIFI,Sr/Ca,QCCertification,HoloceneAbruptChange,
CO04LIRA,year,iso2kPrimaryTimeseries,iso2k,
CO04LIRA,year,iso2kPrimaryTimeseries,iso2k,
CO04LIRA,year,iso2kPrimaryTimeseries,iso2k,
CO04MGNG,year,iso2kPrimaryTimeseries,iso2k,
CO04PFCH,year,iso2kPrimaryTimeseries,iso2k,
CO04PFRE,d18O,pages2kId,Pages2kTemperature,iso2k
CO04PFRE,year,iso2kPrimaryTimeseries,iso2k,
CO04ZIMG,d18O,pages2kId,Pages2kTemperature,iso2k
CO04ZIMG,year,iso2kPrimaryTimeseries,iso2k,
CO05ASGU,d18O,pages2kId,Pages2kTemperature,iso2k
CO05ASGU,year,iso2kPrimaryTimeseries,iso2k,
CO05BAFI,year,iso2kPrimaryTimeseries,iso2k,
CO05BAFI,d18O,pages2kId,Pages2kTemperature,iso2k
CO05KUBE,d18O,pages2kId,Pages2kTemperature,iso2k
CO05KUBE,year,iso2kPrimaryTimeseries,iso2k,
CO05KUBE,Sr/Ca,iso2kCertification,iso2k,
CO05KUBE,Sr/Ca,iso2kPrimaryTimeseries,iso2k,
CO05KUBE,Sr/Ca,iso2kUI,iso2k;iso2k,
CO05KUBE,Sr/Ca,ocean2kID,Pages2kTemperature,
CO05KUBE,Sr/Ca,pages2kId,Pages2kTemperature,
CO05KUBE,Sr/Ca,pages2kID,Pages2kTemperature,
CO05KUBE,Sr/Ca,QCCertification,HoloceneAbruptChange,
CO05KUBE,year,iso2kPrimaryTimeseries,iso2k,
CO06DATZ,d18O,pages2kId,Pages2kTemperature,iso2k
CO06DATZ,year,iso2kPrimaryTimeseries,iso2k,
CO06LIFI,d18O,pages2kId,Pages2kTemperature,iso2k
CO06LIFI,year,iso2kPrimaryTimeseries,iso2k,
CO06MOPE,year,iso2kPrimaryTimeseries,iso2k,
CO06MOPE,d18O,pages2kId,Pages2kTemperature,iso2k;hydroclimate2k
CO06MOTO,d18O,pages2kId,Pages2kTemperature,iso2k
CO06MOTO,year,iso2kPrimaryTimeseries,iso2k,
CO06MOTO,d13C,iso2kCertification,iso2k,
CO06MOTO,d13C,iso2kPrimaryTimeseries,iso2k,
CO06MOTO,d13C,QCCertification,HoloceneAbruptChange,
CO06MOTO,d13C,QCnotes,HoloceneAbruptChange,
CO06MOTO,d18O,pages2kId,Pages2kTemperature,iso2k;hydroclimate2k
CO06MOTO,year,iso2kPrimaryTimeseries,iso2k,
CO06MOTO,d13C,iso2kCertification,iso2k,
CO06MOTO,d13C,iso2kPrimaryTimeseries,iso2k,
CO06MOTO,d13C,QCCertification,HoloceneAbruptChange,
CO06MOTO,d13C,QCnotes,HoloceneAbruptChange,
CO06MOTO,year,iso2kPrimaryTimeseries,iso2k,
CO06QUNG,d18O,pages2kId,Pages2kTemperature,iso2k
CO06QUNG,year,iso2kPrimaryTimeseries,iso2k,
CO06QUNG,Sr/Ca,iso2kCertification,iso2k,
CO06QUNG,Sr/Ca,iso2kPrimaryTimeseries,iso2k,
CO06QUNG,Sr/Ca,iso2kUI,iso2k;iso2k,
CO06QUNG,Sr/Ca,ocean2kID,Pages2kTemperature,
CO06QUNG,Sr/Ca,pages2kId,Pages2kTemperature,
CO06QUNG,Sr/Ca,pages2kID,Pages2kTemperature,
CO06QUNG,Sr/Ca,QCCertification,HoloceneAbruptChange,
CO06QUNG,d13C,iso2kCertification,iso2k,
CO06QUNG,d13C,iso2kPrimaryTimeseries,iso2k,
CO06QUNG,d13C,QCCertification,HoloceneAbruptChange,
CO06QUNG,d13C,QCnotes,HoloceneAbruptChange,
CO07CAFR,d18O,pages2kId,Pages2kTemperature,iso2k;hydroclimate2k
CO07CAFR,year,iso2kPrimaryTimeseries,iso2k,
CO07CAFR,Sr/Ca,iso2kCertification,iso2k,
CO07CAFR,Sr/Ca,iso2kPrimaryTimeseries,iso2k,
CO07CAFR,Sr/Ca,iso2kUI,iso2k;iso2k,
CO07CAFR,Sr/Ca,pages2kId,Pages2kTemperature,
CO07CAFR,Sr/Ca,pages2kID,Pages2kTemperature,
CO07CAFR,Sr/Ca,QCCertification,HoloceneAbruptChange,
CO07CAFR,Sr/Ca,QCnotes,HoloceneAbruptChange,
CO08ABSU,d18O,pages2kId,Pages2kTemperature,iso2k
CO08ABSU,year,iso2kPrimaryTimeseries,iso2k,
CO08GOBE,d18O,pages2kId,Pages2kTemperature,iso2k
CO08GOBE,year,iso2kPrimaryTimeseries,iso2k,
CO08GOBE,Sr/Ca,iso2kCertification,iso2k,
CO08GOBE,Sr/Ca,iso2kPrimaryTimeseries,iso2k,
CO08GOBE,Sr/Ca,iso2kUI,iso2k;iso2k,
CO08GOBE,Sr/Ca,ocean2kID,Pages2kTemperature,
CO08GOBE,Sr/Ca,pages2kId,Pages2kTemperature,
CO08GOBE,Sr/Ca,pages2kID,Pages2kTemperature,
CO08GOBE,Sr/Ca,QCCertification,HoloceneAbruptChange,
CO08GOBE,year,iso2kPrimaryTimeseries,iso2k,
CO08HEVE,d18O,pages2kId,Pages2kTemperature,iso2k
CO08HEVE,year,iso2kPrimaryTimeseries,iso2k,
CO08KIPR,year,iso2kPrimaryTimeseries,iso2k,
CO09FEOG,year,iso2kPrimaryTimeseries,iso2k,
CO09FEOG,d18O,pages2kId,Pages2kTemperature,iso2k
CO09FEOG,Sr/Ca,iso2kCertification,iso2k,
CO09FEOG,Sr/Ca,iso2kPrimaryTimeseries,iso2k,
CO09FEOG,Sr/Ca,iso2kUI,iso2k;iso2k,
CO09FEOG,Sr/Ca,ocean2kID,Pages2kTemperature,
CO09FEOG,Sr/Ca,pages2kId,Pages2kTemperature,
CO09FEOG,Sr/Ca,pages2kID,Pages2kTemperature,
CO09FEOG,Sr/Ca,QCCertification,HoloceneAbruptChange,
CO09FEOG,d13C,iso2kCertification,iso2k,
CO09FEOG,d13C,iso2kPrimaryTimeseries,iso2k,
CO09FEOG,d13C,QCCertification,HoloceneAbruptChange,
CO09FEOG,d13C,QCnotes,HoloceneAbruptChange,
CO09NAKY,d18O,pages2kId,Pages2kTemperature,iso2k
CO09NAKY,year,iso2kPrimaryTimeseries,iso2k,
CO09NUTB,year,iso2kPrimaryTimeseries,iso2k,
CO10HEIG,d18O,pages2kId,Pages2kTemperature,iso2k
CO10HEIG,year,iso2kPrimaryTimeseries,iso2k,
CO10HEIG,Sr/Ca,iso2kCertification,iso2k,
CO10HEIG,Sr/Ca,iso2kPrimaryTimeseries,iso2k,
CO10HEIG,Sr/Ca,iso2kUI,iso2k;iso2k,
CO10HEIG,Sr/Ca,ocean2kID,Pages2kTemperature,
CO10HEIG,Sr/Ca,pages2kId,Pages2kTemperature,
CO10HEIG,Sr/Ca,pages2kID,Pages2kTemperature,
CO10HEIG,Sr/Ca,QCCertification,HoloceneAbruptChange,
CO11NUPM,year,iso2kPrimaryTimeseries,iso2k,
CO11NUPM,Sr/Ca,iso2kCertification,iso2k,
CO11NUPM,Sr/Ca,iso2kPrimaryTimeseries,iso2k,
CO11NUPM,Sr/Ca,iso2kUI,iso2k;iso2k,
CO11NUPM,Sr/Ca,ocean2kID,Pages2kTemperature,
CO11NUPM,Sr/Ca,pages2kId,Pages2kTemperature,
CO11NUPM,Sr/Ca,pages2kID,Pages2kTemperature,
CO11NUPM,Sr/Ca,QCCertification,HoloceneAbruptChange,
CO11NUPM,year,iso2kPrimaryTimeseries,iso2k,
CO12GOVA,d18O,pages2kId,Pages2kTemperature,iso2k;hydroclimate2k
CO12GOVA,year,iso2kPrimaryTimeseries,iso2k,
CO12GOVA,d13C,iso2kCertification,iso2k,
CO12GOVA,d13C,iso2kPrimaryTimeseries,iso2k,
CO12GOVA,d13C,QCCertification,HoloceneAbruptChange,
CO12GOVA,d13C,QCnotes,HoloceneAbruptChange,
CO13CABL,year,iso2kPrimaryTimeseries,iso2k,
CO13CABL,year,iso2kPrimaryTimeseries,iso2k,
CO13CAHN,year,iso2kPrimaryTimeseries,iso2k,
CO13CAHN,year,iso2kPrimaryTimeseries,iso2k,
CO13COTB,year,iso2kPrimaryTimeseries,iso2k,
CO13COXM,year,iso2kPrimaryTimeseries,iso2k,
CO13DESC01A,year,iso2kPrimaryTimeseries,iso2k,
CO13HENG,year,iso2kPrimaryTimeseries,iso2k,
CO13HENG,year,iso2kPrimaryTimeseries,iso2k,
CO13HENG,year,iso2kPrimaryTimeseries,iso2k,
CO14CABT,year,iso2kPrimaryTimeseries,iso2k,
CO14CATI,year,iso2kPrimaryTimeseries,iso2k,
CO14OSPA,d18O,pages2kId,Pages2kTemperature,iso2k;hydroclimate2k
CO14OSPA,year,iso2kPrimaryTimeseries,iso2k,
CO14OSPA,d13C,iso2kCertification,iso2k,
CO14OSPA,d13C,iso2kPrimaryTimeseries,iso2k,
CO14OSPA,d13C,QCCertification,HoloceneAbruptChange,
CO14OSPA,d13C,QCnotes,HoloceneAbruptChange,
CO14OSPA,d18O,pages2kId,Pages2kTemperature,iso2k;hydroclimate2k
CO14OSPA,year,iso2kPrimaryTimeseries,iso2k,
CO14OSPA,d13C,iso2kCertification,iso2k,
CO14OSPA,d13C,iso2kPrimaryTimeseries,iso2k,
CO14OSPA,d13C,QCCertification,HoloceneAbruptChange,
CO14OSPA,d13C,QCnotes,HoloceneAbruptChange,
CO14WUCL,year,iso2kPrimaryTimeseries,iso2k,
CO14ZIHO,d18O,pages2kId,Pages2kTemperature,iso2k
CO14ZIHO,year,iso2kPrimaryTimeseries,iso2k,
CO14ZIHO,Sr/Ca,iso2kCertification,iso2k,
CO14ZIHO,Sr/Ca,iso2kPrimaryTimeseries,iso2k,
CO14ZIHO,Sr/Ca,iso2kUI,iso2k;iso2k,
CO14ZIHO,Sr/Ca,pages2kId,Pages2kTemperature,
CO14ZIHO,Sr/Ca,pages2kID,Pages2kTemperature,
CO14ZIHO,Sr/Ca,QCCertification,HoloceneAbruptChange,
CO14ZIMG,d18O,pages2kId,Pages2kTemperature,iso2k
CO14ZIMG,year,iso2kPrimaryTimeseries,iso2k,
CO14ZIMG,d18O,pages2kId,Pages2kTemperature,iso2k
CO14ZIMG,year,iso2kPrimaryTimeseries,iso2k,
CO15ABSP,year,iso2kPrimaryTimeseries,iso2k,
CO17DESC01A,year,iso2kPrimaryTimeseries,iso2k,
CO17DESC02A,year,iso2kPrimaryTimeseries,iso2k,
CO17DESC03A,year,iso2kPrimaryTimeseries,iso2k,
CO17DESC04A,year,iso2kPrimaryTimeseries,iso2k,
CO17LITW01A,year,iso2kPrimaryTimeseries,iso2k,
CO17RAPA,year,iso2kCertification,iso2k,
CO17RAPA,year,iso2kPrimaryTimeseries,iso2k,
CO17RAPA,year,QCCertification,HoloceneAbruptChange,
CO17RAPA,Sr/Ca,iso2kCertification,iso2k,
CO17RAPA,Sr/Ca,iso2kPrimaryTimeseries,iso2k,
CO17RAPA,Sr/Ca,iso2kUI,iso2k;iso2k,
CO17RAPA,Sr/Ca,QCCertification,HoloceneAbruptChange,
CO17RAPA,year,iso2kCertification,iso2k,
CO17RAPA,year,iso2kPrimaryTimeseries,iso2k,
CO17RAPA,year,QCCertification,HoloceneAbruptChange,
CO17RAPA,Sr/Ca,iso2kCertification,iso2k,
CO17RAPA,Sr/Ca,iso2kPrimaryTimeseries,iso2k,
CO17RAPA,Sr/Ca,iso2kUI,iso2k;iso2k,
CO17RAPA,Sr/Ca,QCCertification,HoloceneAbruptChange,
CO17WUBO1A,year,iso2kCertification,iso2k,
CO17WUBO1A,year,iso2kPrimaryTimeseries,iso2k,
CO17WUBO1A,year,QCCertification,HoloceneAbruptChange,
CO17WUBO1A,Sr/Ca,iso2kCertification,iso2k,
CO17WUBO1A,Sr/Ca,iso2kPrimaryTimeseries,iso2k,
CO17WUBO1A,Sr/Ca,iso2kUI,iso2k;iso2k,
CO17WUBO1A,Sr/Ca,QCCertification,HoloceneAbruptChange,
CO17WUBO1B,year,iso2kCertification,iso2k,
CO17WUBO1B,year,iso2kPrimaryTimeseries,iso2k,
CO17WUBO1B,year,QCCertification,HoloceneAbruptChange,
CO17WUBO1B,Sr/Ca,iso2kCertification,iso2k,
CO17WUBO1B,Sr/Ca,iso2kPrimaryTimeseries,iso2k,
CO17WUBO1B,Sr/Ca,iso2kUI,iso2k;iso2k,
CO17WUBO1B,Sr/Ca,QCCertification,HoloceneAbruptChange,
CO17WUBO1C,year,iso2kCertification,iso2k,
CO17WUBO1C,year,iso2kPrimaryTimeseries,iso2k,
CO17WUBO1C,year,QCCertification,HoloceneAbruptChange,
CO17WUBO1C,Sr/Ca,iso2kCertification,iso2k,
CO17WUBO1C,Sr/Ca,iso2kPrimaryTimeseries,iso2k,
CO17WUBO1C,Sr/Ca,iso2kUI,iso2k;iso2k,
CO17WUBO1C,Sr/Ca,QCCertification,HoloceneAbruptChange,
CO17WUBO1D,year,iso2kCertification,iso2k,
CO17WUBO1D,year,iso2kPrimaryTimeseries,iso2k,
CO17WUBO1D,year,QCCertification,HoloceneAbruptChange,
CO17WUBO1D,Sr/Ca,iso2kCertification,iso2k,
CO17WUBO1D,Sr/Ca,iso2kPrimaryTimeseries,iso2k,
CO17WUBO1D,Sr/Ca,iso2kUI,iso2k;iso2k,
CO17WUBO1D,Sr/Ca,QCCertification,HoloceneAbruptChange,
CO17WUBO1E,year,iso2kCertification,iso2k,
CO17WUBO1E,year,iso2kPrimaryTimeseries,iso2k,
CO17WUBO1E,year,QCCertification,HoloceneAbruptChange,
CO17WUBO1E,Sr/Ca,iso2kCertification,iso2k,
CO17WUBO1E,Sr/Ca,iso2kPrimaryTimeseries,iso2k,
CO17WUBO1E,Sr/Ca,iso2kUI,iso2k;iso2k,
CO17WUBO1E,Sr/Ca,QCCertification,HoloceneAbruptChange,
CO17WUBO1F,age,iso2kCertification,iso2k,
CO17WUBO1F,age,iso2kPrimaryTimeseries,iso2k,
CO17WUBO1F,age,iso2kUI,iso2k;iso2k,
CO17WUBO1F,age,QCCertification,HoloceneAbruptChange,
CO17WUBO1F,Sr/Ca,iso2kCertification,iso2k,
CO17WUBO1F,Sr/Ca,iso2kPrimaryTimeseries,iso2k,
CO17WUBO1F,Sr/Ca,iso2kUI,iso2k;iso2k,
CO17WUBO1F,Sr/Ca,QCCertification,HoloceneAbruptChange,
CO17WUBO1G,year,iso2kCertification,iso2k,
CO17WUBO1G,year,iso2kPrimaryTimeseries,iso2k,
CO17WUBO1G,year,QCCertification,HoloceneAbruptChange,
CO17WUBO1G,Sr/Ca,iso2kCertification,iso2k,
CO17WUBO1G,Sr/Ca,iso2kPrimaryTimeseries,iso2k,
CO17WUBO1G,Sr/Ca,iso2kUI,iso2k;iso2k,
CO17WUBO1G,Sr/Ca,QCCertification,HoloceneAbruptChange,
CO17XISC01A,year,iso2kPrimaryTimeseries,iso2k,
CO18DATO01A,year,iso2kPrimaryTimeseries,iso2k,
CO18HECO01A,sampleID,iso2kCertification,iso2k,
CO18HECO01A,sampleID,iso2kPrimaryTimeseries,iso2k,
CO18HECO01A,sampleID,iso2kUI,iso2k;iso2k,
CO18HECO01A,sampleID,QCCertification,HoloceneAbruptChange,
CO18HECO01A,year,iso2kPrimaryTimeseries,iso2k,
CO18HECO01A,Sr/Ca,iso2kCertification,iso2k,
CO18HECO01A,Sr/Ca,iso2kPrimaryTimeseries,iso2k,
CO18HECO01A,Sr/Ca,iso2kUI,iso2k;iso2k,
CO18HECO01A,Sr/Ca,QCCertification,HoloceneAbruptChange,
CO18HECO01B,sampleID,iso2kCertification,iso2k,
CO18HECO01B,sampleID,iso2kPrimaryTimeseries,iso2k,
CO18HECO01B,sampleID,iso2kUI,iso2k;iso2k,
CO18HECO01B,sampleID,QCCertification,HoloceneAbruptChange,
CO18HECO01B,year,iso2kPrimaryTimeseries,iso2k,
CO18HECO01B,Sr/Ca,iso2kCertification,iso2k,
CO18HECO01B,Sr/Ca,iso2kPrimaryTimeseries,iso2k,
CO18HECO01B,Sr/Ca,iso2kUI,iso2k;iso2k,
CO18HECO01B,Sr/Ca,QCCertification,HoloceneAbruptChange,
CO18RELC01A,year,iso2kPrimaryTimeseries,iso2k,
CO18RELC01A,Sr/Ca,iso2kCertification,iso2k,
CO18RELC01A,Sr/Ca,iso2kPrimaryTimeseries,iso2k,
CO18RELC01A,Sr/Ca,iso2kUI,iso2k;iso2k,
CO18RELC01A,Sr/Ca,QCCertification,HoloceneAbruptChange,
CO18RELC01A,temperature,iso2kCertification,iso2k,
CO18RELC01A,temperature,iso2kHackathonNotes,iso2k,
CO18RELC01A,temperature,iso2kPrimaryTimeseries,iso2k,
CO18RELC01A,temperature,iso2kUI,iso2k;iso2k,
CO18RELC01A,temperature,QCCertification,HoloceneAbruptChange,
CO18RELC01A,temperature-1,iso2kPrimaryTimeseries,iso2k,
CO18RELC01A,temperature-1,iso2kUI,iso2k;iso2k,
CO92SHPU,year,iso2kPrimaryTimeseries,iso2k,
CO93COTW,d18O,pages2kId,Pages2kTemperature,iso2k;hydroclimate2k
CO93COTW,year,iso2kPrimaryTimeseries,iso2k,
CO93TAR01,year,coralExtensionRate,CoralHydro2k;GBRCD,
CO93TAR01,year,coralHydro2kGroup,CoralHydro2k,
CO93TAR01,year,jcpCorrected,CoralHydro2k,
CO93TAR01,year,jcpMeasured,CoralHydro2k;GBRCD,
CO93TAR01,year,jcpUsed,CoralHydro2k;GBRCD,
CO94DUUR,year,iso2kPrimaryTimeseries,iso2k,
CO94DUUR,d18O,pages2kId,Pages2kTemperature,iso2k
CO94HEAQ,year,iso2kPrimaryTimeseries,iso2k,
CO94LISE,d18O,pages2kId,Pages2kTemperature,iso2k;hydroclimate2k
CO94LISE,year,iso2kPrimaryTimeseries,iso2k,
CO94LISE,depth,iso2kPrimaryTimeseries,iso2k,
CO95TUNG,d18O,pages2kId,Pages2kTemperature,iso2k;hydroclimate2k
CO95TUNG,year,iso2kPrimaryTimeseries,iso2k,
CO96QUVA,d18O,pages2kId,Pages2kTemperature,iso2k
CO96QUVA,year,iso2kPrimaryTimeseries,iso2k,
CO96SWBB,year,iso2kPrimaryTimeseries,iso2k,
CO96SWFB,year,iso2kPrimaryTimeseries,iso2k,
CO97CHSY,d18O,pages2kId,Pages2kTemperature,iso2k
CO97CHSY,year,iso2kPrimaryTimeseries,iso2k,
CO98BOFP,d18O,pages2kId,Pages2kTemperature,iso2k
CO98BOFP,year,iso2kPrimaryTimeseries,iso2k,
CO98CHPI,year,iso2kPrimaryTimeseries,iso2k,
CO98EVXM,d18O,pages2kId,Pages2kTemperature,iso2k
CO98EVXM,year,iso2kPrimaryTimeseries,iso2k,
CO98EVXM,d13C,iso2kCertification,iso2k,
CO98EVXM,d13C,iso2kPrimaryTimeseries,iso2k,
CO98EVXM,d13C,QCCertification,HoloceneAbruptChange,
CO98EVXM,d13C,QCnotes,HoloceneAbruptChange,
CO98QUNC,year,iso2kPrimaryTimeseries,iso2k,
CO98SWPR,year,iso2kPrimaryTimeseries,iso2k,
CO99DRGB,year,iso2kPrimaryTimeseries,iso2k,
CO99GUMI,year,iso2kPrimaryTimeseries,iso2k,
CO99GUMI,year,iso2kPrimaryTimeseries,iso2k,
CO99KUHO,depth,iso2kPrimaryTimeseries,iso2k,
CO99KUHO,year,iso2kPrimaryTimeseries,iso2k,
CO99KUHO,year,iso2kPrimaryTimeseries,iso2k,
CO99LICL,year,iso2kPrimaryTimeseries,iso2k,
CO99LICL,year,iso2kPrimaryTimeseries,iso2k,
CO99LICL,d18O,pages2kId,Pages2kTemperature,iso2k
CO99LICL,year,iso2kPrimaryTimeseries,iso2k,
CO99SWFB,year,iso2kPrimaryTimeseries,iso2k,
CO99SWFB,d13C,iso2kPrimaryTimeseries,iso2k,
CO99SWFB,year,iso2kPrimaryTimeseries,iso2k,
ColdAirCave,d13C,QCCertification,HoloceneAbruptChange,
ColdAirCave,d13C,QCnotes,HoloceneAbruptChange,
ColdAirCave,d13C,temp12kDkIndex,Temp12k,
ColdAirCave,d13C-1,QCCertification,HoloceneAbruptChange,
ColdAirCave,d13C-1,QCnotes,HoloceneAbruptChange,
ColdAirCave,d13C-1,temp12kDkIndex,Temp12k,
ColdAirCave,d18O-1,QCCertification,HoloceneAbruptChange,
ColdAirCave,d18O-1,QCnotes,HoloceneAbruptChange,
ColdAirCave,d18O-1,temp12kDkIndex,Temp12k,
ColdAircave.Repinski.1999,notes,SISALEntityID,SISAL-LiPD;SISAL-LiPD;SISAL-LiPD,
ColdWater.Denniston.1999,d13C,QCnotes,HoloceneAbruptChange,
ColdWater.Denniston.1999,d13C,temp12kDkIndex,Temp12k,
ColdWatercave.Denniston.1999,notes,SISALEntityID,SISAL-LiPD;SISAL-LiPD;SISAL-LiPD,
"Composit_MD012421,KR0206",age,temp12kDkIndex,Temp12k,
Corchia.Regattieri.2014,uncertainty1s,QCCertification,HoloceneAbruptChange,
Corchia.Regattieri.2014,uncertainty1s,QCnotes,HoloceneAbruptChange,
Core_63KA,d18O,temp12kDkIndex,Temp12k,
Core_63KA,sampleCount,temp12kDkIndex,Temp12k,
Core17940,Uk37,temp12kDkIndex,Temp12k,
Corser.Nichols.2014,age,useInOnset,HoloceneAbruptChange,
CovadaArcoia.Railsback.2011,d18O,meetsHoloceneHydroclimateCriteria,HoloceneHydroclimate,SISAL-LiPD
CovesdeCampanet.Dumitru.2018,d18O,meetsHoloceneHydroclimateCriteria,HoloceneHydroclimate,SISAL-LiPD
CovesdeCampanet.Dumitru.2018,d13C,meetsHoloceneHydroclimateCriteria,HoloceneHydroclimate,SISAL-LiPD
Creightonscave.Williams.2005,d18O,meetsHoloceneHydroclimateCriteria,HoloceneHydroclimate,SISAL-LiPD;HoloceneAbruptChange
CuevadeAsiul.Smith.2016,d18O,meetsHoloceneHydroclimateCriteria,HoloceneHydroclimate,SISAL-LiPD
CuevadeAsiul.Smith.2016,notes,SISALEntityID,SISAL-LiPD;SISAL-LiPD;SISAL-LiPD,
CuevadelDiablo.Bernal.2011,sampleID,SISALEntityID,SISAL-LiPD;SISAL-LiPD;SISAL-LiPD,NAm21k-noPollen
CuevadelDiablo.Bernal.2011,d18O,SISALEntityID,SISAL-LiPD;SISAL-LiPD;SISAL-LiPD,NAm21k-noPollen;HoloceneHydroclimate;Hydro21k;HoloceneAbruptChange
CuevadelDiablo.Bernal.2011,uncertainty-1,SISALEntityID,SISAL-LiPD;SISAL-LiPD;SISAL-LiPD,NAm21k-noPollen
CuevadelDiamante.Cheng.2013,d18O,meetsHoloceneHydroclimateCriteria,HoloceneHydroclimate,SISAL-LiPD;Hydro21k
CuevadelTigrePerdido.vanBreukelen.2008,d18O,meetsHoloceneHydroclimateCriteria,HoloceneHydroclimate,SISAL-LiPD
CuevadelTigrePerdido.vanBreukelen.2008,d18O,meetsHoloceneHydroclimateCriteria,HoloceneHydroclimate,SISAL-LiPD
CuevadelTigrePerdido.vanBreukelen.2008,notes,SISALEntityID,SISAL-LiPD;SISAL-LiPD;SISAL-LiPD,
CuevaVictoria.Budsky.2019,d18O,meetsHoloceneHydroclimateCriteria,HoloceneHydroclimate,SISAL-LiPD;HoloceneAbruptChange
D13902,Uk37,temp12kDkIndex,Temp12k,
D13902,C37Alkenone,temp12kDkIndex,Temp12k,
D13902,d18O,temp12kDkIndex,Temp12k,
D13902,d13C,temp12kDkIndex,Temp12k,
DA06MAF01,year,coralExtensionRate,CoralHydro2k;GBRCD,
DA06MAF01,year,coralHydro2kGroup,CoralHydro2k,
DA06MAF01,year,jcpCorrected,CoralHydro2k,
DA06MAF01,year,jcpMeasured,CoralHydro2k;GBRCD,
DA06MAF01,year,jcpUsed,CoralHydro2k;GBRCD,
DA06MAF02,year,coralExtensionRate,CoralHydro2k;GBRCD,
DA06MAF02,year,coralHydro2kGroup,CoralHydro2k,
DA06MAF02,year,jcpCorrected,CoralHydro2k,
DA06MAF02,year,jcpMeasured,CoralHydro2k;GBRCD,
DA06MAF02,year,jcpUsed,CoralHydro2k;GBRCD,
DajiuhuPeatland.Huang.2013,sampleID,temp12kDkIndex,Temp12k,
Darkcave.Jiang.2013,d18O,meetsHoloceneHydroclimateCriteria,HoloceneHydroclimate,SISAL-LiPD;Hydro21k
Darkcave.Jiang.2013,d18O,meetsHoloceneHydroclimateCriteria,HoloceneHydroclimate,SISAL-LiPD;Hydro21k
DE12ANC01,year,coralExtensionRate,CoralHydro2k;GBRCD,
DE12ANC01,year,coralHydro2kGroup,CoralHydro2k,
DE12ANC01,year,jcpCorrected,CoralHydro2k,
DE12ANC01,year,jcpMeasured,CoralHydro2k;GBRCD,
DE12ANC01,year,jcpUsed,CoralHydro2k;GBRCD,
DE13HAI01,year,coralExtensionRate,CoralHydro2k;GBRCD,
DE13HAI01,year,coralHydro2kGroup,CoralHydro2k,
DE13HAI01,year,jcpCorrected,CoralHydro2k,
DE13HAI01,year,jcpMeasured,CoralHydro2k;GBRCD,
DE13HAI01,year,jcpUsed,CoralHydro2k;GBRCD,
DE13HAI01,year,coralExtensionRate,CoralHydro2k;GBRCD,
DE13HAI01,year,coralHydro2kGroup,CoralHydro2k,
DE13HAI01,year,jcpCorrected,CoralHydro2k,
DE13HAI01,year,jcpMeasured,CoralHydro2k;GBRCD,
DE13HAI01,year,jcpUsed,CoralHydro2k;GBRCD,
DE13HAI01,year,coralExtensionRate,CoralHydro2k;GBRCD,
DE13HAI01,year,coralHydro2kGroup,CoralHydro2k,
DE13HAI01,year,jcpCorrected,CoralHydro2k,
DE13HAI01,year,jcpMeasured,CoralHydro2k;GBRCD,
DE13HAI01,year,jcpUsed,CoralHydro2k;GBRCD,
DE13HAI01,Sr/Ca,ch2kCoreCode,CoralHydro2k,
DE13HAI01,Sr/Ca,coralExtensionRate,CoralHydro2k;GBRCD,
DE13HAI01,Sr/Ca,coralHydro2kGroup,CoralHydro2k,
DE13HAI01,Sr/Ca,jcpCorrected,CoralHydro2k,
DE13HAI01,Sr/Ca,jcpMeasured,CoralHydro2k;GBRCD,
DE13HAI01,Sr/Ca,jcpNotes,CoralHydro2k,
DE13HAI01,Sr/Ca,jcpUsed,CoralHydro2k;GBRCD,
DE13HAI01,year,coralExtensionRate,CoralHydro2k;GBRCD,
DE13HAI01,year,coralHydro2kGroup,CoralHydro2k,
DE13HAI01,year,jcpCorrected,CoralHydro2k,
DE13HAI01,year,jcpMeasured,CoralHydro2k;GBRCD,
DE13HAI01,year,jcpUsed,CoralHydro2k;GBRCD,
DE13HAI01,d18O,ch2kCoreCode,CoralHydro2k,
DE13HAI01,d18O,coralExtensionRate,CoralHydro2k;GBRCD,
DE13HAI01,d18O,coralHydro2kGroup,CoralHydro2k,
DE13HAI01,d18O,jcpCorrected,CoralHydro2k,
DE13HAI01,d18O,jcpMeasured,CoralHydro2k;GBRCD,
DE13HAI01,d18O,jcpUsed,CoralHydro2k;GBRCD,
DE13HAI01,year,coralExtensionRate,CoralHydro2k;GBRCD,
DE13HAI01,year,coralHydro2kGroup,CoralHydro2k,
DE13HAI01,year,jcpCorrected,CoralHydro2k,
DE13HAI01,year,jcpMeasured,CoralHydro2k;GBRCD,
DE13HAI01,year,jcpUsed,CoralHydro2k;GBRCD,
DE13HAI01,d18O,ch2kCoreCode,CoralHydro2k,
DE13HAI01,d18O,coralExtensionRate,CoralHydro2k;GBRCD,
DE13HAI01,d18O,coralHydro2kGroup,CoralHydro2k,
DE13HAI01,d18O,jcpCorrected,CoralHydro2k,
DE13HAI01,d18O,jcpMeasured,CoralHydro2k;GBRCD,
DE13HAI01,d18O,jcpUsed,CoralHydro2k;GBRCD,
DE13HAI01,year,coralExtensionRate,CoralHydro2k;GBRCD,
DE13HAI01,year,coralHydro2kGroup,CoralHydro2k,
DE13HAI01,year,jcpCorrected,CoralHydro2k,
DE13HAI01,year,jcpMeasured,CoralHydro2k;GBRCD,
DE13HAI01,year,jcpUsed,CoralHydro2k;GBRCD,
DE14DTO01,year,coralExtensionRate,CoralHydro2k;GBRCD,
DE14DTO01,year,coralHydro2kGroup,CoralHydro2k,
DE14DTO01,year,jcpCorrected,CoralHydro2k,
DE14DTO01,year,jcpMeasured,CoralHydro2k;GBRCD,
DE14DTO01,year,jcpUsed,CoralHydro2k;GBRCD,
DE14DTO02,year,coralExtensionRate,CoralHydro2k;GBRCD,
DE14DTO02,year,coralHydro2kGroup,CoralHydro2k,
DE14DTO02,year,jcpCorrected,CoralHydro2k,
DE14DTO02,year,jcpMeasured,CoralHydro2k;GBRCD,
DE14DTO02,year,jcpUsed,CoralHydro2k;GBRCD,
DE14DTO03,year,coralExtensionRate,CoralHydro2k;GBRCD,
DE14DTO03,year,coralHydro2kGroup,CoralHydro2k,
DE14DTO03,year,jcpCorrected,CoralHydro2k,
DE14DTO03,year,jcpMeasured,CoralHydro2k;GBRCD,
DE14DTO03,year,jcpUsed,CoralHydro2k;GBRCD,
DE14DTO04,year,coralExtensionRate,CoralHydro2k;GBRCD,
DE14DTO04,year,coralHydro2kGroup,CoralHydro2k,
DE14DTO04,year,jcpCorrected,CoralHydro2k,
DE14DTO04,year,jcpMeasured,CoralHydro2k;GBRCD,
DE14DTO04,year,jcpUsed,CoralHydro2k;GBRCD,
DE16RED01,year,coralExtensionRate,CoralHydro2k;GBRCD,
DE16RED01,year,coralHydro2kGroup,CoralHydro2k,
DE16RED01,year,jcpCorrected,CoralHydro2k,
DE16RED01,year,jcpMeasured,CoralHydro2k;GBRCD,
DE16RED01,year,jcpUsed,CoralHydro2k;GBRCD,
DeltadelRioBesos.EPD,growing degree days,temp12kDkIndex,Temp12k,
DeltadelRioBesos.EPD,temperature,QCnotes,HoloceneAbruptChange,
DeltadelRioBesos.EPD,temperature,temp12kDkIndex,Temp12k,
DeltadelRioBesos.EPD,temperature-1,QCnotes,HoloceneAbruptChange,
DeltadelRioBesos.EPD,temperature-1,temp12kDkIndex,Temp12k,
DeltadelRioBesos.EPD,precipitation,temp12kDkIndex,Temp12k,
DeltadelRioBesos.EPD,precipitation,QCnotes,HoloceneAbruptChange,
DeltadelRioBesos.EPD,temperature-2,QCnotes,HoloceneAbruptChange,
DeltadelRioBesos.EPD,temperature-2,temp12kDkIndex,Temp12k,
DeSotocaverns.Aharon.2013,mineralogy,SISALEntityID,SISAL-LiPD;SISAL-LiPD;SISAL-LiPD,NAm21k-noPollen
DeSotocaverns.Aharon.2013,d18O,SISALEntityID,SISAL-LiPD;SISAL-LiPD;SISAL-LiPD,NAm21k-noPollen;HoloceneHydroclimate;HoloceneAbruptChange;hydroclimate2k
DeSotocaverns.Aharon.2013,uncertainty,SISALEntityID,SISAL-LiPD;SISAL-LiPD;SISAL-LiPD,NAm21k-noPollen
DeSotocaverns.Aharon.2013,d13C,SISALEntityID,SISAL-LiPD;SISAL-LiPD;SISAL-LiPD,NAm21k-noPollen
DeSotocaverns.Aharon.2013,uncertainty-3,SISALEntityID,SISAL-LiPD;SISAL-LiPD;SISAL-LiPD,NAm21k-noPollen
DevilsHole.Moseley.2016,uncertaintyLow,SISALEntityID,SISAL-LiPD;SISAL-LiPD;SISAL-LiPD,NAm21k-noPollen
DevilsHole.Moseley.2016,d18O,meetsHoloceneHydroclimateCriteria,HoloceneHydroclimate,NAm21k-noPollen
DevilsHole.Moseley.2016,d18O,SISALEntityID,SISAL-LiPD;SISAL-LiPD;SISAL-LiPD,NAm21k-noPollen
DevilsHole.Moseley.2016,uncertaintyLow,SISALEntityID,SISAL-LiPD;SISAL-LiPD;SISAL-LiPD,NAm21k-noPollen
DevilsHole.Moseley.2016,notes,SISALEntityID,SISAL-LiPD;SISAL-LiPD;SISAL-LiPD,
DevilsIceboxcave.Denniston.2007,notes,SISALEntityID,SISAL-LiPD;SISAL-LiPD;SISAL-LiPD,
DevonIceCap.Paterson.1977,age,temp12kDkIndex,Temp12k,
DevonIceCap.Paterson.1977,age,useInOnset,HoloceneAbruptChange,
Dimcave.E..2015,notes,SISALEntityID,SISAL-LiPD;SISAL-LiPD;SISAL-LiPD,
Disbeliefcave.Lorrey.2008,d18O,meetsHoloceneHydroclimateCriteria,HoloceneHydroclimate,SISAL-LiPD;HoloceneAbruptChange
DO18DAV01,year,coralExtensionRate,CoralHydro2k;GBRCD,
DO18DAV01,year,coralHydro2kGroup,CoralHydro2k,
DO18DAV01,year,jcpCorrected,CoralHydro2k,
DO18DAV01,year,jcpMeasured,CoralHydro2k;GBRCD,
DO18DAV01,year,jcpUsed,CoralHydro2k;GBRCD,
DolgoeLake.Wolfe.2000,depth,useInOnset,HoloceneAbruptChange,
DolgoeLake.Wolfe.2000,age,useInOnset,HoloceneAbruptChange,
DolgoeLake.Wolfe.2000,depth,useInOnset,HoloceneAbruptChange,
DolgoeLake.Wolfe.2000,age,useInOnset,HoloceneAbruptChange,
DolgoeLake.Wolfe.2000,uncertainty,useInOnset,HoloceneAbruptChange,RapidArcticWarming
DomeC.Jouzel.2007,needsToBeChanged,temp12kDkIndex,Temp12k,
DomeC.Jouzel.2007,d2H,temp12kDkIndex,Temp12k,
DomeC.Stenni.2001,sampleID,temp12kDkIndex,Temp12k,
DomeC.Stenni.2001,d18O,temp12kDkIndex,Temp12k,
DomeC.Stenni.2001,deuteriumExcess,temp12kDkIndex,Temp12k,
DomeF.Kawamura.2007,temperature,temp12kDkIndex,Temp12k,
DomeF.Kawamura.2007,temperature-1,QCCertification,HoloceneAbruptChange,
DomeF.Kawamura.2007,temperature-1,QCnotes,HoloceneAbruptChange,
DomeF.Kawamura.2007,temperature-1,temp12kDkIndex,Temp12k,
DomeF.Uemura.2018,d18O,temp12kDkIndex,Temp12k,
DomeF.Uemura.2018,d2H,temp12kDkIndex,Temp12k,
DomeF.Uemura.2018,deuteriumExcess,temp12kDkIndex,Temp12k,
DomeF.Uemura.2018,needsToBeChanged,temp12kDkIndex,Temp12k,
DomeF.Uemura.2018,temperature-1,temp12kDkIndex,Temp12k,
DomeF.Uemura.2018,depthTop,temp12kDkIndex,Temp12k,
DomeF.Uemura.2018,temperature,temp12kDkIndex,Temp12k,
Donggecave.Yuan.2004,d18O,meetsHoloceneHydroclimateCriteria,HoloceneHydroclimate,SISAL-LiPD
DonggiCona.Wang.2014,age,SISALEntityID,SISAL-LiPD;SISAL-LiPD;SISAL-LiPD,
DonggiCona.Wang.2014,temperature,SISALEntityID,SISAL-LiPD;SISAL-LiPD;SISAL-LiPD,HoloceneAbruptChange
DonggiCona.Wang.2014,precipitation,SISALEntityID,SISAL-LiPD;SISAL-LiPD;SISAL-LiPD,Hydro21k;HoloceneAbruptChange;HoloceneHydroclimate
DosAnascave.Fensterer.2013,sampleID,SISALEntityID,SISAL-LiPD;SISAL-LiPD;SISAL-LiPD,NAm21k-noPollen
DosAnascave.Fensterer.2013,d18O,SISALEntityID,SISAL-LiPD;SISAL-LiPD;SISAL-LiPD,NAm21k-noPollen;HoloceneHydroclimate;Hydro21k;HoloceneAbruptChange
DosAnascave.Fensterer.2013,uncertainty-1,SISALEntityID,SISAL-LiPD;SISAL-LiPD;SISAL-LiPD,NAm21k-noPollen
DoubtfulXanadu.Lorrey.2008,d18O,meetsHoloceneHydroclimateCriteria,HoloceneHydroclimate,SISAL-LiPD
DoubtfulXanadu.Lorrey.2008,d13C,meetsHoloceneHydroclimateCriteria,HoloceneHydroclimate,SISAL-LiPD
DR00KSB01,year,coralExtensionRate,CoralHydro2k;GBRCD,
DR00KSB01,year,coralHydro2kGroup,CoralHydro2k,
DR00KSB01,year,jcpCorrected,CoralHydro2k,
DR00KSB01,year,jcpMeasured,CoralHydro2k;GBRCD,
DR00KSB01,year,jcpUsed,CoralHydro2k;GBRCD,
DR00NBB01,year,coralExtensionRate,CoralHydro2k;GBRCD,
DR00NBB01,year,coralHydro2kGroup,CoralHydro2k,
DR00NBB01,year,jcpCorrected,CoralHydro2k,
DR00NBB01,year,jcpMeasured,CoralHydro2k;GBRCD,
DR00NBB01,year,jcpUsed,CoralHydro2k;GBRCD,
DR99ABR01,year,coralExtensionRate,CoralHydro2k;GBRCD,
DR99ABR01,year,coralHydro2kGroup,CoralHydro2k,
DR99ABR01,year,jcpCorrected,CoralHydro2k,
DR99ABR01,year,jcpMeasured,CoralHydro2k;GBRCD,
DR99ABR01,year,jcpUsed,CoralHydro2k;GBRCD,
DR99ABR01,d18O,ch2kCoreCode,CoralHydro2k,
DR99ABR01,d18O,coralExtensionRate,CoralHydro2k;GBRCD,
DR99ABR01,d18O,coralHydro2kGroup,CoralHydro2k,
DR99ABR01,d18O,jcpCorrected,CoralHydro2k,
DR99ABR01,d18O,jcpMeasured,CoralHydro2k;GBRCD,
DR99ABR01,d18O,jcpUsed,CoralHydro2k;GBRCD,
DR99ABR01,year,coralExtensionRate,CoralHydro2k;GBRCD,
DR99ABR01,year,coralHydro2kGroup,CoralHydro2k,
DR99ABR01,year,jcpCorrected,CoralHydro2k,
DR99ABR01,year,jcpMeasured,CoralHydro2k;GBRCD,
DR99ABR01,year,jcpUsed,CoralHydro2k;GBRCD,
dravladalsvatn.Bakke.2005,age,useInOnset,HoloceneAbruptChange,
DSDP480.Barron.2004,actinocyclusOctonarius,temp12kDkIndex,Temp12k,
DSDP480.Barron.2004,Actinoptychus spp.,temp12kDkIndex,Temp12k,
DSDP480.Barron.2004,Coscinodiscus_spp.,temp12kDkIndex,Temp12k,
DSDP480.Barron.2004,Cyclotella_spp.,temp12kDkIndex,Temp12k,
DSDP480.Barron.2004,Stephanopyxis_spp.,temp12kDkIndex,Temp12k,
DSDP480.Barron.2004,count,temp12kDkIndex,Temp12k,
DSDP480.Barron.2004,Dictyocha_acueata,temp12kDkIndex,Temp12k,
DSDP480.Barron.2004,D_aff_D_aculeata,temp12kDkIndex,Temp12k,
DSDP480.Barron.2004,D_aspinosa,temp12kDkIndex,Temp12k,
DSDP480.Barron.2004,D_calida,temp12kDkIndex,Temp12k,
DSDP480.Barron.2004,D_calida_ampliata,temp12kDkIndex,Temp12k,
DSDP480.Barron.2004,D_perlaevis,temp12kDkIndex,Temp12k,
DSDP480.Barron.2004,D_stapedia,temp12kDkIndex,Temp12k,
DSDP480.Barron.2004,O_pulchra_(med),temp12kDkIndex,Temp12k,
DSDP480.Barron.2004,O_pulchra_(small),temp12kDkIndex,Temp12k,
DSDP480.Barron.2004,O_pulchra_(thick),temp12kDkIndex,Temp12k,
DSDP480.Barron.2004,count,temp12kDkIndex,Temp12k,
DSDP480.Barron.2004,aluminum,temp12kDkIndex,Temp12k,
DSDP480.Barron.2004,silicon,temp12kDkIndex,Temp12k,
DSDP480.Barron.2004,iron,temp12kDkIndex,Temp12k,
DSDP480.Barron.2004,titanium,temp12kDkIndex,Temp12k,
DSDP480.Barron.2004,magnesium,temp12kDkIndex,Temp12k,
DSDP480.Barron.2004,potassium,temp12kDkIndex,Temp12k,
DSDP480.Barron.2004,phosphorus,temp12kDkIndex,Temp12k,
DSDP480.Barron.2004,barium,temp12kDkIndex,Temp12k,
DSDP480.Barron.2004,strontium,temp12kDkIndex,Temp12k,
DSDP480.Barron.2004,carbon,temp12kDkIndex,Temp12k,
DSDP480.Barron.2004,TIC,temp12kDkIndex,Temp12k,
DSDP480.Barron.2004,organicCarbon,temp12kDkIndex,Temp12k,
DU94URV01,year,coralExtensionRate,CoralHydro2k;GBRCD,
DU94URV01,year,coralHydro2kGroup,CoralHydro2k,
DU94URV01,year,jcpCorrected,CoralHydro2k,
DU94URV01,year,jcpMeasured,CoralHydro2k;GBRCD,
DU94URV01,year,jcpUsed,CoralHydro2k;GBRCD,
DU94URV01,d18O,ch2kCoreCode,CoralHydro2k,
DU94URV01,d18O,coralExtensionRate,CoralHydro2k;GBRCD,
DU94URV01,d18O,coralExtensionRateNotes,CoralHydro2k;GBRCD,
DU94URV01,d18O,coralHydro2kGroup,CoralHydro2k,
DU94URV01,d18O,jcpCorrected,CoralHydro2k,
DU94URV01,d18O,jcpMeasured,CoralHydro2k;GBRCD,
DU94URV01,d18O,jcpUsed,CoralHydro2k;GBRCD,
DU94URV01,year,coralExtensionRate,CoralHydro2k;GBRCD,
DU94URV01,year,coralHydro2kGroup,CoralHydro2k,
DU94URV01,year,jcpCorrected,CoralHydro2k,
DU94URV01,year,jcpMeasured,CoralHydro2k;GBRCD,
DU94URV01,year,jcpUsed,CoralHydro2k;GBRCD,
DU94URV02,year,coralExtensionRate,CoralHydro2k;GBRCD,
DU94URV02,year,coralHydro2kGroup,CoralHydro2k,
DU94URV02,year,jcpCorrected,CoralHydro2k,
DU94URV02,year,jcpMeasured,CoralHydro2k;GBRCD,
DU94URV02,year,jcpUsed,CoralHydro2k;GBRCD,
DU94URV02,d18O,ch2kCoreCode,CoralHydro2k,
DU94URV02,d18O,coralExtensionRate,CoralHydro2k;GBRCD,
DU94URV02,d18O,coralExtensionRateNotes,CoralHydro2k;GBRCD,
DU94URV02,d18O,coralHydro2kGroup,CoralHydro2k,
DU94URV02,d18O,jcpCorrected,CoralHydro2k,
DU94URV02,d18O,jcpMeasured,CoralHydro2k;GBRCD,
DU94URV02,d18O,jcpUsed,CoralHydro2k;GBRCD,
DU94URV02,year,coralExtensionRate,CoralHydro2k;GBRCD,
DU94URV02,year,coralHydro2kGroup,CoralHydro2k,
DU94URV02,year,jcpCorrected,CoralHydro2k,
DU94URV02,year,jcpMeasured,CoralHydro2k;GBRCD,
DU94URV02,year,jcpUsed,CoralHydro2k;GBRCD,
DYE3.Dahl-Jensen.1998,age,temp12kDkIndex,Temp12k,
DYE3.Vinther.2006,depth,temp12kDkIndex,Temp12k,
DYE3.Vinther.2006,depth,useInOnset,HoloceneAbruptChange,
DYE3.Vinther.2006,age,temp12kDkIndex,Temp12k,
DYE3.Vinther.2006,age,useInOnset,HoloceneAbruptChange,
E5.Daniels.2021,d2H,QCCertification,HoloceneAbruptChange,
E5.Daniels.2021,d2H,QCnotes,HoloceneAbruptChange,
E5.Daniels.2021,d2H-1,QCCertification,HoloceneAbruptChange,
E5.Daniels.2021,d2H-1,QCnotes,HoloceneAbruptChange,
E5.Daniels.2021,MS,QCCertification,HoloceneAbruptChange,
E5.Daniels.2021,MS,QCnotes,HoloceneAbruptChange,
E5.Daniels.2021,organicCarbon,QCCertification,HoloceneAbruptChange,
E5.Daniels.2021,organicCarbon,QCnotes,HoloceneAbruptChange,
EagleLake.Rosenberg.2004,depth,temp12kDkIndex,Temp12k,
EagleLake.Rosenberg.2004,age,temp12kDkIndex,Temp12k,
EagleTarn.Rees.2010,uncertainty,temp12kDkIndex,Temp12k,
EagleTarn.Rees.2010,uncertainty-1,temp12kDkIndex,Temp12k,
EagleTarn.Rees.2010,isReliable,temp12kDkIndex,Temp12k,
EagleTarn.Rees.2010,notes,temp12kDkIndex,Temp12k,
EDML.Stenni.2010,d18O,temp12kDkIndex,Temp12k,
EDML.Stenni.2010,d2H,temp12kDkIndex,Temp12k,
EDML.Stenni.2010,deuteriumExcess,temp12kDkIndex,Temp12k,
EDML.Stenni.2010,needsToBeChanged-1,temp12kDkIndex,Temp12k,
EDML.Stenni.2010,temperature-1,temp12kDkIndex,Temp12k,
EDML.Stenni.2010,temperature-2,temp12kDkIndex,Temp12k,
Edward.Russell.2003,magnesium-1,temp12kDkIndex,Temp12k,
Egelsee.Larocque.2010,uncertainty,temp12kDkIndex,Temp12k,
Egelsee.Larocque.2010,uncertainty-1,temp12kDkIndex,Temp12k,
Egelsee.Larocque.2010,isReliable,temp12kDkIndex,Temp12k,
Ejulvecave.Moreno.2017,d18O,meetsHoloceneHydroclimateCriteria,HoloceneHydroclimate,SISAL-LiPD
Ejulvecave.Moreno.2017,d13C,meetsHoloceneHydroclimateCriteria,HoloceneHydroclimate,SISAL-LiPD
Ejulvecave.Moreno.2017,d18O,meetsHoloceneHydroclimateCriteria,HoloceneHydroclimate,SISAL-LiPD
Ejulvecave.Moreno.2017,d13C,meetsHoloceneHydroclimateCriteria,HoloceneHydroclimate,SISAL-LiPD
Ejulvecave.Moreno.2017,notes,SISALEntityID,SISAL-LiPD;SISAL-LiPD;SISAL-LiPD,
ElCondorcave.Cheng.2013,d18O,meetsHoloceneHydroclimateCriteria,HoloceneHydroclimate,SISAL-LiPD
ElCondorcave.Cheng.2013,notes,SISALEntityID,SISAL-LiPD;SISAL-LiPD;SISAL-LiPD,
Eleanor.Gavin.2011,quartz,temp12kDkIndex,Temp12k,
Eleanor.Gavin.2011,feldspar,temp12kDkIndex,Temp12k,
Eleanor.Gavin.2011,pyrite,temp12kDkIndex,Temp12k,
Elfstadalsvatn.Langdon.2008,depth,QCCertification,HoloceneAbruptChange,
Elfstadalsvatn.Langdon.2008,age,QCCertification,HoloceneAbruptChange,
ElGygytgynCrater.Schwamborn.2006,depth,temp12kDkIndex,Temp12k,
ElGygytgynCrater.Schwamborn.2006,age,temp12kDkIndex,Temp12k,
Elsinore.Kirby.2010,needsToBeChanged,temp12kDkIndex,Temp12k,
Elsinore.Kirby.2010,needsToBeChanged-1,temp12kDkIndex,Temp12k,
Elsinore.Kirby.2010,needsToBeChanged-2,temp12kDkIndex,Temp12k,
Elsinore.Kirby.2010,needsToBeChanged-3,temp12kDkIndex,Temp12k,
Elsinore.Kirby.2010,needsToBeChanged-4,temp12kDkIndex,Temp12k,
Elsinore.Kirby.2010,needsToBeChanged-7,temp12kDkIndex,Temp12k,
Elsinore.Kirby.2010,needsToBeChanged-8,temp12kDkIndex,Temp12k,
Elsinore.Kirby.2010,needsToBeChanged-9,temp12kDkIndex,Temp12k,
Elsinore.Kirby.2010,needsToBeChanged-10,temp12kDkIndex,Temp12k,
Elsinore.Kirby.2010,needsToBeChanged-11,temp12kDkIndex,Temp12k,
Elsinore.Kirby.2010,needsToBeChanged-12,temp12kDkIndex,Temp12k,
Elsinore.Kirby.2010,clay,temp12kDkIndex,Temp12k,
Elsinore.Kirby.2010,silt,temp12kDkIndex,Temp12k,
Elsinore.Kirby.2019,uncertaintyLow,hydroclimate2kCertification,hydroclimate2k,
Elsinore.Kirby.2019,uncertaintyHigh,hydroclimate2kCertification,hydroclimate2k,
Elsinore.Kirby.2019,d13C,hydroclimate2kCertification,hydroclimate2k,
ElSoplaocave.Rossi.2018,d13C,meetsHoloceneHydroclimateCriteria,HoloceneHydroclimate,SISAL-LiPD;HoloceneAbruptChange
EN32_PC6.Flower.2004,d18O,temp12kDkIndex,Temp12k,
EN32_PC6.Flower.2004,Mg/Ca,temp12kDkIndex,Temp12k,
EnosLake.Brown.2006,DWHI,temp12kDkIndex,Temp12k,
EnosLake.Brown.2006,precipitation,temp12kDkIndex,Temp12k,
EPICADomeC.Stenni.2010,needsToBeChanged,temp12kDkIndex,Temp12k,
EPICADomeC.Stenni.2010,temperature-1,temp12kDkIndex,Temp12k,
EPICADomeC.Stenni.2010,d18O,temp12kDkIndex,Temp12k,
EPICADomeC.Stenni.2010,d2H,temp12kDkIndex,Temp12k,
EPICADomeC.Stenni.2010,deuteriumExcess,temp12kDkIndex,Temp12k,
ERDC_092BX.Palmer.2003,Mg/Ca,temp12kDkIndex,Temp12k,
ERDC_092BX.Palmer.2003,d18O,temp12kDkIndex,Temp12k,
EskiAcigol.Roberts.2001,d18O,QCCertification,HoloceneAbruptChange,
EskiAcigol.Roberts.2001,d18O,QCnotes,HoloceneAbruptChange,
ESM-1.Mackay.2012,uncertainty,temp12kDkIndex,Temp12k,
ESM-1.Mackay.2012,uncertainty-1,temp12kDkIndex,Temp12k,
ESM-1.Mackay.2012,isReliable,temp12kDkIndex,Temp12k,
EV18ROC01,year,coralExtensionRate,CoralHydro2k;GBRCD,
EV18ROC01,year,coralHydro2kGroup,CoralHydro2k,
EV18ROC01,year,jcpCorrected,CoralHydro2k,
EV18ROC01,year,jcpMeasured,CoralHydro2k;GBRCD,
EV18ROC01,year,jcpUsed,CoralHydro2k;GBRCD,
EV18ROC01,Sr/Ca,ch2kCoreCode,CoralHydro2k,
EV18ROC01,Sr/Ca,coralExtensionRate,CoralHydro2k;GBRCD,
EV18ROC01,Sr/Ca,coralExtensionRateNotes,CoralHydro2k;GBRCD,
EV18ROC01,Sr/Ca,coralHydro2kGroup,CoralHydro2k,
EV18ROC01,Sr/Ca,jcpCorrected,CoralHydro2k,
EV18ROC01,Sr/Ca,jcpMeasured,CoralHydro2k;GBRCD,
EV18ROC01,Sr/Ca,jcpUsed,CoralHydro2k;GBRCD,
EV18ROC01,year,coralExtensionRate,CoralHydro2k;GBRCD,
EV18ROC01,year,coralHydro2kGroup,CoralHydro2k,
EV18ROC01,year,jcpCorrected,CoralHydro2k,
EV18ROC01,year,jcpMeasured,CoralHydro2k;GBRCD,
EV18ROC01,year,jcpUsed,CoralHydro2k;GBRCD,
EV98KIR01,year,coralExtensionRate,CoralHydro2k;GBRCD,
EV98KIR01,year,coralHydro2kGroup,CoralHydro2k,
EV98KIR01,year,jcpCorrected,CoralHydro2k,
EV98KIR01,year,jcpMeasured,CoralHydro2k;GBRCD,
EV98KIR01,year,jcpUsed,CoralHydro2k;GBRCD,
Fan17,d18O,temp12kDkIndex,Temp12k,
Fan17,d13C,temp12kDkIndex,Temp12k,
Fan17,Mg/Ca,temp12kDkIndex,Temp12k,
Fan17,Mg/Ca-1,temp12kDkIndex,Temp12k,
FanLake.Foster.2016,sampleID,temp12kDkIndex,Temp12k,
FanLake.Foster.2016,brGDGT-Ib,temp12kDkIndex,Temp12k,
FanLake.Foster.2016,brGDGT-IIa5me,temp12kDkIndex,Temp12k,
FanLake.Foster.2016,brGDGT-IIIb5me,temp12kDkIndex,Temp12k,
FanLake.Foster.2016,brGDGT-IIIa5me,temp12kDkIndex,Temp12k,
FanLake.Foster.2016,uncertaintyHigh,temp12kDkIndex,Temp12k,
FanLake.Foster.2016,uncertaintyLow,temp12kDkIndex,Temp12k,
FanLake.Foster.2016,temperature-1,temp12kDkIndex,Temp12k,
FanLake.Foster.2016,uncertaintyHigh-1,temp12kDkIndex,Temp12k,
FanLake.Foster.2016,uncertaintyLow95-1,temp12kDkIndex,Temp12k,
Farewell.Hu.1998,age14C,temp12kDkIndex,Temp12k,
Farewell.Hu.1998,age14C,useInOnset,HoloceneAbruptChange,
Farewell.Hu.1998,age,temp12kDkIndex,Temp12k,
Farewell.Hu.1998,age,useInOnset,HoloceneAbruptChange,
Farewell.Hu.1998,depth,temp12kDkIndex,Temp12k,
Farewell.Hu.1998,depth,useInOnset,HoloceneAbruptChange,
FayettevilleGreen.Kirby.2002,d13C,temp12kDkIndex,Temp12k,
FE09OGA01,year,coralExtensionRate,CoralHydro2k;GBRCD,
FE09OGA01,year,coralHydro2kGroup,CoralHydro2k,
FE09OGA01,year,jcpCorrected,CoralHydro2k,
FE09OGA01,year,jcpMeasured,CoralHydro2k;GBRCD,
FE09OGA01,year,jcpUsed,CoralHydro2k;GBRCD,
FE09OGA01,year,coralExtensionRate,CoralHydro2k;GBRCD,
FE09OGA01,year,coralHydro2kGroup,CoralHydro2k,
FE09OGA01,year,jcpCorrected,CoralHydro2k,
FE09OGA01,year,jcpMeasured,CoralHydro2k;GBRCD,
FE09OGA01,year,jcpUsed,CoralHydro2k;GBRCD,
FE09OGA01,Sr/Ca,ch2kCoreCode,CoralHydro2k,
FE09OGA01,Sr/Ca,coralExtensionRate,CoralHydro2k;GBRCD,
FE09OGA01,Sr/Ca,coralExtensionRateNotes,CoralHydro2k;GBRCD,
FE09OGA01,Sr/Ca,coralHydro2kGroup,CoralHydro2k,
FE09OGA01,Sr/Ca,jcpCorrected,CoralHydro2k,
FE09OGA01,Sr/Ca,jcpMeasured,CoralHydro2k;GBRCD,
FE09OGA01,Sr/Ca,jcpUsed,CoralHydro2k;GBRCD,
FE09OGA01,year,coralExtensionRate,CoralHydro2k;GBRCD,
FE09OGA01,year,coralHydro2kGroup,CoralHydro2k,
FE09OGA01,year,jcpCorrected,CoralHydro2k,
FE09OGA01,year,jcpMeasured,CoralHydro2k;GBRCD,
FE09OGA01,year,jcpUsed,CoralHydro2k;GBRCD,
FE09OGA01,d18O,ch2kCoreCode,CoralHydro2k,
FE09OGA01,d18O,coralExtensionRate,CoralHydro2k;GBRCD,
FE09OGA01,d18O,coralExtensionRateNotes,CoralHydro2k;GBRCD,
FE09OGA01,d18O,coralHydro2kGroup,CoralHydro2k,
FE09OGA01,d18O,jcpCorrected,CoralHydro2k,
FE09OGA01,d18O,jcpMeasured,CoralHydro2k;GBRCD,
FE09OGA01,d18O,jcpUsed,CoralHydro2k;GBRCD,
FE09OGA01,year,coralExtensionRate,CoralHydro2k;GBRCD,
FE09OGA01,year,coralHydro2kGroup,CoralHydro2k,
FE09OGA01,year,jcpCorrected,CoralHydro2k,
FE09OGA01,year,jcpMeasured,CoralHydro2k;GBRCD,
FE09OGA01,year,jcpUsed,CoralHydro2k;GBRCD,
FE09OGA01,d18O,ch2kCoreCode,CoralHydro2k,
FE09OGA01,d18O,coralExtensionRate,CoralHydro2k;GBRCD,
FE09OGA01,d18O,coralExtensionRateNotes,CoralHydro2k;GBRCD,
FE09OGA01,d18O,coralHydro2kGroup,CoralHydro2k,
FE09OGA01,d18O,jcpCorrected,CoralHydro2k,
FE09OGA01,d18O,jcpMeasured,CoralHydro2k;GBRCD,
FE09OGA01,d18O,jcpUsed,CoralHydro2k;GBRCD,
FE09OGA01,year,coralExtensionRate,CoralHydro2k;GBRCD,
FE09OGA01,year,coralHydro2kGroup,CoralHydro2k,
FE09OGA01,year,jcpCorrected,CoralHydro2k,
FE09OGA01,year,jcpMeasured,CoralHydro2k;GBRCD,
FE09OGA01,year,jcpUsed,CoralHydro2k;GBRCD,
FE18RUS01,year,coralExtensionRate,CoralHydro2k;GBRCD,
FE18RUS01,year,coralHydro2kGroup,CoralHydro2k,
FE18RUS01,year,jcpCorrected,CoralHydro2k,
FE18RUS01,year,jcpMeasured,CoralHydro2k;GBRCD,
FE18RUS01,year,jcpUsed,CoralHydro2k;GBRCD,
FE18RUS01,year,coralExtensionRate,CoralHydro2k;GBRCD,
FE18RUS01,year,coralHydro2kGroup,CoralHydro2k,
FE18RUS01,year,jcpCorrected,CoralHydro2k,
FE18RUS01,year,jcpMeasured,CoralHydro2k;GBRCD,
FE18RUS01,year,jcpUsed,CoralHydro2k;GBRCD,
FE18RUS01,Sr/Ca,ch2kCoreCode,CoralHydro2k,
FE18RUS01,Sr/Ca,coralExtensionRate,CoralHydro2k;GBRCD,
FE18RUS01,Sr/Ca,coralExtensionRateNotes,CoralHydro2k;GBRCD,
FE18RUS01,Sr/Ca,coralHydro2kGroup,CoralHydro2k,
FE18RUS01,Sr/Ca,jcpCorrected,CoralHydro2k,
FE18RUS01,Sr/Ca,jcpMeasured,CoralHydro2k;GBRCD,
FE18RUS01,Sr/Ca,jcpUsed,CoralHydro2k;GBRCD,
FE18RUS01,year,coralExtensionRate,CoralHydro2k;GBRCD,
FE18RUS01,year,coralHydro2kGroup,CoralHydro2k,
FE18RUS01,year,jcpCorrected,CoralHydro2k,
FE18RUS01,year,jcpMeasured,CoralHydro2k;GBRCD,
FE18RUS01,year,jcpUsed,CoralHydro2k;GBRCD,
FE18RUS01,d18O,ch2kCoreCode,CoralHydro2k,
FE18RUS01,d18O,coralExtensionRate,CoralHydro2k;GBRCD,
FE18RUS01,d18O,coralExtensionRateNotes,CoralHydro2k;GBRCD,
FE18RUS01,d18O,coralHydro2kGroup,CoralHydro2k,
FE18RUS01,d18O,jcpCorrected,CoralHydro2k,
FE18RUS01,d18O,jcpMeasured,CoralHydro2k;GBRCD,
FE18RUS01,d18O,jcpUsed,CoralHydro2k;GBRCD,
FE18RUS01,year,coralExtensionRate,CoralHydro2k;GBRCD,
FE18RUS01,year,coralHydro2kGroup,CoralHydro2k,
FE18RUS01,year,jcpCorrected,CoralHydro2k,
FE18RUS01,year,jcpMeasured,CoralHydro2k;GBRCD,
FE18RUS01,year,jcpUsed,CoralHydro2k;GBRCD,
FE18RUS01,d18O,ch2kCoreCode,CoralHydro2k,
FE18RUS01,d18O,coralExtensionRate,CoralHydro2k;GBRCD,
FE18RUS01,d18O,coralExtensionRateNotes,CoralHydro2k;GBRCD,
FE18RUS01,d18O,coralHydro2kGroup,CoralHydro2k,
FE18RUS01,d18O,jcpCorrected,CoralHydro2k,
FE18RUS01,d18O,jcpMeasured,CoralHydro2k;GBRCD,
FE18RUS01,d18O,jcpUsed,CoralHydro2k;GBRCD,
FE18RUS01,year,coralExtensionRate,CoralHydro2k;GBRCD,
FE18RUS01,year,coralHydro2kGroup,CoralHydro2k,
FE18RUS01,year,jcpCorrected,CoralHydro2k,
FE18RUS01,year,jcpMeasured,CoralHydro2k;GBRCD,
FE18RUS01,year,jcpUsed,CoralHydro2k;GBRCD,
FinseStasjonsdam.Velle.2005,depth,QCCertification,HoloceneAbruptChange,
FinseStasjonsdam.Velle.2005,age,QCCertification,HoloceneAbruptChange,
FL17DTO01,year,coralExtensionRate,CoralHydro2k;GBRCD,
FL17DTO01,year,coralHydro2kGroup,CoralHydro2k,
FL17DTO01,year,jcpCorrected,CoralHydro2k,
FL17DTO01,year,jcpMeasured,CoralHydro2k;GBRCD,
FL17DTO01,year,jcpUsed,CoralHydro2k;GBRCD,
FL17DTO01,Sr/Ca,ch2kCoreCode,CoralHydro2k,
FL17DTO01,Sr/Ca,coralExtensionRate,CoralHydro2k;GBRCD,
FL17DTO01,Sr/Ca,coralExtensionRateNotes,CoralHydro2k;GBRCD,
FL17DTO01,Sr/Ca,coralHydro2kGroup,CoralHydro2k,
FL17DTO01,Sr/Ca,jcpCorrected,CoralHydro2k,
FL17DTO01,Sr/Ca,jcpMeasured,CoralHydro2k;GBRCD,
FL17DTO01,Sr/Ca,jcpNotes,CoralHydro2k,
FL17DTO01,Sr/Ca,jcpUsed,CoralHydro2k;GBRCD,
FL17DTO01,year,coralExtensionRate,CoralHydro2k;GBRCD,
FL17DTO01,year,coralHydro2kGroup,CoralHydro2k,
FL17DTO01,year,jcpCorrected,CoralHydro2k,
FL17DTO01,year,jcpMeasured,CoralHydro2k;GBRCD,
FL17DTO01,year,jcpUsed,CoralHydro2k;GBRCD,
FL17DTO02,year,coralExtensionRate,CoralHydro2k;GBRCD,
FL17DTO02,year,coralHydro2kGroup,CoralHydro2k,
FL17DTO02,year,jcpCorrected,CoralHydro2k,
FL17DTO02,year,jcpMeasured,CoralHydro2k;GBRCD,
FL17DTO02,year,jcpUsed,CoralHydro2k;GBRCD,
FL17DTO02,Sr/Ca,ch2kCoreCode,CoralHydro2k,
FL17DTO02,Sr/Ca,coralExtensionRate,CoralHydro2k;GBRCD,
FL17DTO02,Sr/Ca,coralExtensionRateNotes,CoralHydro2k;GBRCD,
FL17DTO02,Sr/Ca,coralHydro2kGroup,CoralHydro2k,
FL17DTO02,Sr/Ca,jcpCorrected,CoralHydro2k,
FL17DTO02,Sr/Ca,jcpMeasured,CoralHydro2k;GBRCD,
FL17DTO02,Sr/Ca,jcpNotes,CoralHydro2k,
FL17DTO02,Sr/Ca,jcpUsed,CoralHydro2k;GBRCD,
FL17DTO02,year,coralExtensionRate,CoralHydro2k;GBRCD,
FL17DTO02,year,coralHydro2kGroup,CoralHydro2k,
FL17DTO02,year,jcpCorrected,CoralHydro2k,
FL17DTO02,year,jcpMeasured,CoralHydro2k;GBRCD,
FL17DTO02,year,jcpUsed,CoralHydro2k;GBRCD,
FL18DTO01,year,coralExtensionRate,CoralHydro2k;GBRCD,
FL18DTO01,year,coralHydro2kGroup,CoralHydro2k,
FL18DTO01,year,jcpCorrected,CoralHydro2k,
FL18DTO01,year,jcpMeasured,CoralHydro2k;GBRCD,
FL18DTO01,year,jcpUsed,CoralHydro2k;GBRCD,
FL18DTO02,year,coralExtensionRate,CoralHydro2k;GBRCD,
FL18DTO02,year,coralHydro2kGroup,CoralHydro2k,
FL18DTO02,year,jcpCorrected,CoralHydro2k,
FL18DTO02,year,jcpMeasured,CoralHydro2k;GBRCD,
FL18DTO02,year,jcpUsed,CoralHydro2k;GBRCD,
FL18DTO03,year,coralExtensionRate,CoralHydro2k;GBRCD,
FL18DTO03,year,coralHydro2kGroup,CoralHydro2k,
FL18DTO03,year,jcpCorrected,CoralHydro2k,
FL18DTO03,year,jcpMeasured,CoralHydro2k;GBRCD,
FL18DTO03,year,jcpUsed,CoralHydro2k;GBRCD,
FL18DTO04,year,coralExtensionRate,CoralHydro2k;GBRCD,
FL18DTO04,year,coralHydro2kGroup,CoralHydro2k,
FL18DTO04,year,jcpCorrected,CoralHydro2k,
FL18DTO04,year,jcpMeasured,CoralHydro2k;GBRCD,
FL18DTO04,year,jcpUsed,CoralHydro2k;GBRCD,
Forestrycave.Maupin.1332,notes,SISALEntityID,SISAL-LiPD;SISAL-LiPD;SISAL-LiPD,
FortStantoncave.Polyak.2012,notes,SISALEntityID,SISAL-LiPD;SISAL-LiPD;SISAL-LiPD,
Fougeres.EPD,growing degree days,temp12kDkIndex,Temp12k,
Fougeres.EPD,growing degree days,QCnotes,HoloceneAbruptChange,
Fougeres.EPD,temperature,QCRemainingIssues,HoloceneAbruptChange,
Fougeres.EPD,temperature,temp12kDkIndex,Temp12k,
Fougeres.EPD,temperature,QCnotes,HoloceneAbruptChange,
Fougeres.EPD,temperature-1,QCRemainingIssues,HoloceneAbruptChange,
Fougeres.EPD,temperature-1,temp12kDkIndex,Temp12k,
Fougeres.EPD,temperature-1,QCnotes,HoloceneAbruptChange,
Fougeres.EPD,precipitation,temp12kDkIndex,Temp12k,
Fougeres.EPD,precipitation,QCnotes,HoloceneAbruptChange,
Fougeres.EPD,temperature-2,QCRemainingIssues,HoloceneAbruptChange,
Fougeres.EPD,temperature-2,temp12kDkIndex,Temp12k,
Fougeres.EPD,temperature-2,QCnotes,HoloceneAbruptChange,
FoyLake.Stone.2008,euplank,temp12kDkIndex,Temp12k,
FoyLake.Stone.2008,tycho,temp12kDkIndex,Temp12k,
FoyLake.Stone.2008,carbon,temp12kDkIndex,Temp12k,
FoyLake.Stone.2008,nitrogen,temp12kDkIndex,Temp12k,
FoyLake.Stone.2008,d18O,temp12kDkIndex,Temp12k,
FoyLake.Stone.2008,d13C,temp12kDkIndex,Temp12k,
Frozen.Rosenberg.2004,depth,temp12kDkIndex,Temp12k,
Frozen.Rosenberg.2004,age,temp12kDkIndex,Temp12k,
Furongcave.T.-Y..2011,d13C,meetsHoloceneHydroclimateCriteria,HoloceneHydroclimate,SISAL-LiPD
Furongcave.T.-Y..2011,d18O,meetsHoloceneHydroclimateCriteria,HoloceneHydroclimate,SISAL-LiPD
GardenersGut.Williams.2004,d18O,meetsHoloceneHydroclimateCriteria,HoloceneHydroclimate,SISAL-LiPD
GardenersGut.Williams.2004,d13C,meetsHoloceneHydroclimateCriteria,HoloceneHydroclimate,SISAL-LiPD
GardenersGut.Williams.2004,d18O,meetsHoloceneHydroclimateCriteria,HoloceneHydroclimate,SISAL-LiPD
GardenersGut.Williams.2004,d13C,meetsHoloceneHydroclimateCriteria,HoloceneHydroclimate,SISAL-LiPD
GardenersGut.Williams.2004,notes,SISALEntityID,SISAL-LiPD;SISAL-LiPD;SISAL-LiPD,
GasselTropfsteinhhle.Moseley.2020,notes,SISALEntityID,SISAL-LiPD;SISAL-LiPD;SISAL-LiPD,
Gemini.Samartin.2017,uncertainty,temp12kDkIndex,Temp12k,
Gemini.Samartin.2017,uncertainty-1,temp12kDkIndex,Temp12k,
Gemini.Samartin.2017,isReliable,temp12kDkIndex,Temp12k,
Gempabumicave.Krause.2019,d13C,meetsHoloceneHydroclimateCriteria,HoloceneHydroclimate,SISAL-LiPD
Gempabumicave.Krause.2019,d18O,meetsHoloceneHydroclimateCriteria,HoloceneHydroclimate,SISAL-LiPD
Gempabumicave.Krause.2019,d13C,meetsHoloceneHydroclimateCriteria,HoloceneHydroclimate,SISAL-LiPD
Gempabumicave.Krause.2019,d18O,meetsHoloceneHydroclimateCriteria,HoloceneHydroclimate,SISAL-LiPD
Gempabumicave.Krause.2019,d13C,meetsHoloceneHydroclimateCriteria,HoloceneHydroclimate,SISAL-LiPD
GeoB10029_4,d18O,temp12kDkIndex,Temp12k,
GeoB10029_4,Mg/Ca,temp12kDkIndex,Temp12k,
GeoB10029_4,Mg/Ca-1,temp12kDkIndex,Temp12k,
GeoB10029_4,temperature,QCCertification,HoloceneAbruptChange,
GeoB10029_4,temperature,QCnotes,HoloceneAbruptChange,
GeoB10029_4,temperature,temp12kDkIndex,Temp12k,
GeoB10029_4,temperature-1,QCCertification,HoloceneAbruptChange,
GeoB10029_4,temperature-1,QCnotes,HoloceneAbruptChange,
GeoB10029_4,temperature-1,temp12kDkIndex,Temp12k,
GeoB10029_4,temperature-2,QCCertification,HoloceneAbruptChange,
GeoB10029_4,temperature-2,QCnotes,HoloceneAbruptChange,
GeoB10029_4,temperature-2,temp12kDkIndex,Temp12k,
GeoB10038_4,d18O,temp12kDkIndex,Temp12k,
GeoB10038_4,Mg/Ca,temp12kDkIndex,Temp12k,
GeoB100384.Mohtadi.2010,Mg/Ca,temp12kDkIndex,Temp12k,
GeoB10042_1.Setiawan.2015,d18O,temp12kDkIndex,Temp12k,
GeoB10042_1.Setiawan.2015,Mg/Ca,temp12kDkIndex,Temp12k,
GeoB10043_3.Setiawan.2015,d18O,temp12kDkIndex,Temp12k,
GeoB10043_3.Setiawan.2015,Mg/Ca,temp12kDkIndex,Temp12k,
GeoB10053_7.Mohtadi.2010,d18O,temp12kDkIndex,Temp12k,
GeoB10053_7.Mohtadi.2010,d18O-1,temp12kDkIndex,Temp12k,
GeoB10069_3.Gibbons.2014,d18O,temp12kDkIndex,Temp12k,
GeoB10069_3.Gibbons.2014,Mg/Ca,temp12kDkIndex,Temp12k,
GeoB10069-3.Gibbons.2014,Mg/Ca,temp12kDkIndex,Temp12k,
GeoB10069-3.Gibbons.2014,temperature,temp12kDkIndex,Temp12k,
GeoB10069-3.Gibbons.2014,temperature,QCCertification,HoloceneAbruptChange,
GeoB10069-3.Gibbons.2014,temperature,QCnotes,HoloceneAbruptChange,
GeoB10069-3.Gibbons.2014,d18O,temp12kDkIndex,Temp12k,
GeoB10069-3.Gibbons.2014,d18O-1,temp12kDkIndex,Temp12k,
GeoB10069-3.Gibbons.2014,d18O-2,temp12kDkIndex,Temp12k,
GeoB1023_5.Kim.2002,Uk37,temp12kDkIndex,Temp12k,
GeoB1023_5.Kim.2002,d18O,temp12kDkIndex,Temp12k,
GeoB1023_5.Kim.2002,d18O-1,temp12kDkIndex,Temp12k,
GeoB10235.Kim.2002,Uk37,temp12kDkIndex,Temp12k,
GeoB12605_3.Kuhnert.2014,d18O,temp12kDkIndex,Temp12k,
GeoB12605_3.Kuhnert.2014,d18O-1,temp12kDkIndex,Temp12k,
GeoB12605_3.Kuhnert.2014,Mg/Ca,temp12kDkIndex,Temp12k,
GeoB12610_2,d18O,temp12kDkIndex,Temp12k,
GeoB12610_2,Mg/Ca,temp12kDkIndex,Temp12k,
GeoB12610_2,d18O-1,temp12kDkIndex,Temp12k,
GeoB12610_2,Mg/Ca-1,temp12kDkIndex,Temp12k,
GeoB12610-2.Rippert.2015,d18O,temp12kDkIndex,Temp12k,
GeoB12610-2.Rippert.2015,Mg/Ca,temp12kDkIndex,Temp12k,
GeoB12610-2.Rippert.2015,uncertainty,temp12kDkIndex,Temp12k,
GeoB12610-2.Rippert.2015,d18O-1,temp12kDkIndex,Temp12k,
GeoB12610-2.Rippert.2015,Mg/Ca-1,temp12kDkIndex,Temp12k,
GeoB12610-2.Rippert.2015,needsToBeChanged,temp12kDkIndex,Temp12k,
GeoB12610-2.Rippert.2015,uncertainty-1,temp12kDkIndex,Temp12k,
GeoB12615_4.Romahn.2014,d18O,temp12kDkIndex,Temp12k,
GeoB12615_4.Romahn.2014,Mg/Ca,temp12kDkIndex,Temp12k,
GeoB1711_4.Kirst.1999,Uk37,temp12kDkIndex,Temp12k,
GeoB17419_1.Hollstein.2018,d18O,temp12kDkIndex,Temp12k,
GeoB17419_1.Hollstein.2018,d18O-1,temp12kDkIndex,Temp12k,
GeoB17419_1.Hollstein.2018,Mg/Ca,temp12kDkIndex,Temp12k,
GeoB3104_1.Arz.1998,d18O,temp12kDkIndex,Temp12k,
GeoB3104_1.Arz.1998,d13C,temp12kDkIndex,Temp12k,
GeoB3104_1.Arz.1998,d18O-1,temp12kDkIndex,Temp12k,
GeoB3104_1.Arz.1998,d13C-1,temp12kDkIndex,Temp12k,
GeoB3129_1.Weldeab.2006,d18O,temp12kDkIndex,Temp12k,
GeoB3129_1.Weldeab.2006,Mg/Ca,temp12kDkIndex,Temp12k,
GeoB3129_1.Weldeab.2006,d18O-1,temp12kDkIndex,Temp12k,
GeoB3129_1.Weldeab.2006,d13C,temp12kDkIndex,Temp12k,
GeoB3129_1.Weldeab.2006,d18O-2,temp12kDkIndex,Temp12k,
GeoB3129_1.Weldeab.2006,d13C-1,temp12kDkIndex,Temp12k,
GeoB3129.Weldeab.2006,Mg/Ca,temp12kDkIndex,Temp12k,
GeoB3202_1,d18O,temp12kDkIndex,Temp12k,
GeoB3202_1,d13C,temp12kDkIndex,Temp12k,
GeoB3202_1,d18O-1,temp12kDkIndex,Temp12k,
GeoB3202_1,d13C-1,temp12kDkIndex,Temp12k,
GeoB3202_1,temperature,QCCertification,HoloceneAbruptChange,
GeoB3202_1,temperature,QCnotes,HoloceneAbruptChange,
GeoB3202_1,temperature,temp12kDkIndex,Temp12k,
GeoB3202_1,temperature-1,QCCertification,HoloceneAbruptChange,
GeoB3202_1,temperature-1,QCnotes,HoloceneAbruptChange,
GeoB3202_1,temperature-1,temp12kDkIndex,Temp12k,
GeoB33131.Lamy.2002,Uk37,temp12kDkIndex,Temp12k,
GeoB33131.Lamy.2002,d18O,temp12kDkIndex,Temp12k,
GeoB33131.Lamy.2002,Uk37,temp12kDkIndex,Temp12k,
GeoB3359_3,Uk37,temp12kDkIndex,Temp12k,
GeoB3910_2.Arz.2001,d18O,temp12kDkIndex,Temp12k,
GeoB3910_2.Arz.2001,d18O-1,temp12kDkIndex,Temp12k,
GeoB3910_2.Arz.2001,Uk37,temp12kDkIndex,Temp12k,
GeoB3910.Jaeschke.2007,Uk37,temp12kDkIndex,Temp12k,
GeoB3911_3,d18O,temp12kDkIndex,Temp12k,
GeoB3911_3,Mg/Ca,temp12kDkIndex,Temp12k,
GeoB3911_3,d18O-1,temp12kDkIndex,Temp12k,
GeoB3911_3,d13C,temp12kDkIndex,Temp12k,
GeoB3911_3,d18O-2,temp12kDkIndex,Temp12k,
GeoB3911_3,d13C-1,temp12kDkIndex,Temp12k,
GeoB3911_3,temperature-2,QCCertification,HoloceneAbruptChange,
GeoB3911_3,temperature-2,QCnotes,HoloceneAbruptChange,
GeoB3911_3,temperature-2,temp12kDkIndex,Temp12k,
GeoB3911_3,temperature-3,QCCertification,HoloceneAbruptChange,
GeoB3911_3,temperature-3,QCnotes,HoloceneAbruptChange,
GeoB3911_3,temperature-3,temp12kDkIndex,Temp12k,
GeoB4905_4.Weldeab.2005,d18O,temp12kDkIndex,Temp12k,
GeoB4905_4.Weldeab.2005,Mg/Ca,temp12kDkIndex,Temp12k,
GeoB4905.Weldeab.2005,Mg/Ca,temp12kDkIndex,Temp12k,
GeoB5804-4.Arz.2003,depth,SISALEntityID,SISAL-LiPD;SISAL-LiPD;SISAL-LiPD,
GeoB5804-4.Arz.2003,age,SISALEntityID,SISAL-LiPD;SISAL-LiPD;SISAL-LiPD,
GeoB5804-4.Arz.2003,grainSize,SISALEntityID,SISAL-LiPD;SISAL-LiPD;SISAL-LiPD,
GeoB5804-4.Arz.2003,index,SISALEntityID,SISAL-LiPD;SISAL-LiPD;SISAL-LiPD,Hydro21k;HoloceneAbruptChange;HoloceneHydroclimate
GeoB58044.Lamy.2006,d18O-1,temp12kDkIndex,Temp12k,
GeoB58044.Lamy.2006,needsToBeChanged,temp12kDkIndex,Temp12k,
GeoB58044.Lamy.2006,needsToBeChanged,temp12kDkIndex,Temp12k,
GeoB5844_2.Arz.2003,d18O,temp12kDkIndex,Temp12k,
GeoB5844_2.Arz.2003,d18O-1,temp12kDkIndex,Temp12k,
GeoB5844_2.Arz.2003,d18O-2,temp12kDkIndex,Temp12k,
GeoB5844_2.Arz.2003,d18O-3,temp12kDkIndex,Temp12k,
GeoB5844_2.Arz.2003,d18O-4,temp12kDkIndex,Temp12k,
GeoB5844_2.Arz.2003,Uk37,temp12kDkIndex,Temp12k,
GeoB5901_2.Kim.2004,Uk37,temp12kDkIndex,Temp12k,
GeoB59012.Kim.2004,Uk37,temp12kDkIndex,Temp12k,
GeoB6211_2,d18O,temp12kDkIndex,Temp12k,
GeoB6211_2,Mg/Ca,temp12kDkIndex,Temp12k,
GeoB6211_2,temperature,QCCertification,HoloceneAbruptChange,
GeoB6211_2,temperature,QCnotes,HoloceneAbruptChange,
GeoB6211_2,temperature,temp12kDkIndex,Temp12k,
GeoB6211_2,Mg/Ca-1,temp12kDkIndex,Temp12k,
GeoB6211_2,temperature-1,QCCertification,HoloceneAbruptChange,
GeoB6211_2,temperature-1,QCnotes,HoloceneAbruptChange,
GeoB6211_2,temperature-1,temp12kDkIndex,Temp12k,
GeoB6211_2,d18O-1,temp12kDkIndex,Temp12k,
GeoB6211_2,CaCO3,temp12kDkIndex,Temp12k,
GeoB6211_2,d18O,temp12kDkIndex,Temp12k,
GeoB6211_2,Mg/Ca,temp12kDkIndex,Temp12k,
GeoB6211_2,d18O-1,temp12kDkIndex,Temp12k,
GeoB6211_2,d18O-2,temp12kDkIndex,Temp12k,
GeoB6518_1.Schefu.2005,d18O,temp12kDkIndex,Temp12k,
GeoB6518_1.Schefu.2005,Uk37,temp12kDkIndex,Temp12k,
GeoB65181_MBT.Weijers.2007,MBT,temp12kDkIndex,Temp12k,
GeoB65181.Schefu.2005,Uk37,temp12kDkIndex,Temp12k,
GeoB7139_2,Uk37,temp12kDkIndex,Temp12k,
GeoB7139_2,temperature,QCCertification,HoloceneAbruptChange,
GeoB7139_2,temperature,QCnotes,HoloceneAbruptChange,
GeoB7139_2,temperature,temp12kDkIndex,Temp12k,
GeoB71392.Kaiser.2008,Uk37,temp12kDkIndex,Temp12k,
GeoB71392.Kaiser.2008,temperature,QCCertification,HoloceneAbruptChange,
GeoB71392.Kaiser.2008,temperature,QCnotes,HoloceneAbruptChange,
GeoB71392.Kaiser.2008,temperature,temp12kDkIndex,Temp12k,
GeoB7165_1,Uk37,temp12kDkIndex,Temp12k,
GeoB7165_1,pachysin,temp12kDkIndex,Temp12k,
GeoB7165_1,d18O,temp12kDkIndex,Temp12k,
GeoB7165_1,d18O-1,temp12kDkIndex,Temp12k,
GeoB7165_1,d13C,temp12kDkIndex,Temp12k,
GeoB7165_1,temperature-1,QCCertification,HoloceneAbruptChange,
GeoB7165_1,temperature-1,QCnotes,HoloceneAbruptChange,
GeoB7165_1,temperature-1,temp12kDkIndex,Temp12k,
GeoB7702_3.Castaneda.2010,TEX86,temp12kDkIndex,Temp12k,
GeoB7702_3.Castaneda.2010,Uk37,temp12kDkIndex,Temp12k,
GeoB7702-3.Castaneda.2016,d2H,SISALEntityID,SISAL-LiPD;SISAL-LiPD;SISAL-LiPD,
GeoB7702-3.Castaneda.2016,d2H,temp12kDkIndex,Temp12k,
GeoB7702-3.Castaneda.2016,year,SISALEntityID,SISAL-LiPD;SISAL-LiPD;SISAL-LiPD,
GeoB7702-3.Castaneda.2016,age,SISALEntityID,SISAL-LiPD;SISAL-LiPD;SISAL-LiPD,
GeoB7702-3.Castaneda.2016,depth,SISALEntityID,SISAL-LiPD;SISAL-LiPD;SISAL-LiPD,
GeoB7702-3.Castaneda.2016,d2H-1,SISALEntityID,SISAL-LiPD;SISAL-LiPD;SISAL-LiPD,
GeoB7702-3.Castaneda.2016,d2H-1,temp12kDkIndex,Temp12k,
GeoB7702-3.Castaneda.2016,d2H-2,SISALEntityID,SISAL-LiPD;SISAL-LiPD;SISAL-LiPD,HoloceneAbruptChange;Hydro21k
GeoB7702-3.Castaneda.2016,d13C,SISALEntityID,SISAL-LiPD;SISAL-LiPD;SISAL-LiPD,Hydro21k;HoloceneAbruptChange;HoloceneHydroclimate
GeoB7702-3.Castaneda.2016,uncertainty1s,SISALEntityID,SISAL-LiPD;SISAL-LiPD;SISAL-LiPD,
GeoB7702-3.Castaneda.2016,uncertainty1s,temp12kDkIndex,Temp12k,
GeoB7702-3.Castaneda.2016,MBT,SISALEntityID,SISAL-LiPD;SISAL-LiPD;SISAL-LiPD,
GeoB7702-3.Castaneda.2016,MBT,temp12kDkIndex,Temp12k,
GeoB7702-3.Castaneda.2016,uncertainty1s-1,SISALEntityID,SISAL-LiPD;SISAL-LiPD;SISAL-LiPD,
GeoB7702-3.Castaneda.2016,uncertainty1s-1,temp12kDkIndex,Temp12k,
GeoB7702-3.Castaneda.2016,temperature,SISALEntityID,SISAL-LiPD;SISAL-LiPD;SISAL-LiPD,HoloceneAbruptChange
GeoB7702-3.Castaneda.2016,CBT,SISALEntityID,SISAL-LiPD;SISAL-LiPD;SISAL-LiPD,
GeoB7702-3.Castaneda.2016,CBT,temp12kDkIndex,Temp12k,
GeoB7702-3.Castaneda.2016,uncertainty1s-2,SISALEntityID,SISAL-LiPD;SISAL-LiPD;SISAL-LiPD,
GeoB7702-3.Castaneda.2016,uncertainty1s-2,temp12kDkIndex,Temp12k,
GeoB7702-3.Castaneda.2016,pH,SISALEntityID,SISAL-LiPD;SISAL-LiPD;SISAL-LiPD,Hydro21k;HoloceneAbruptChange;HoloceneHydroclimate
GeoB7702-3.Castaneda.2016,depth,SISALEntityID,SISAL-LiPD;SISAL-LiPD;SISAL-LiPD,
GeoB7702-3.Castaneda.2016,age,SISALEntityID,SISAL-LiPD;SISAL-LiPD;SISAL-LiPD,
GeoB7702-3.Castaneda.2016,MS,SISALEntityID,SISAL-LiPD;SISAL-LiPD;SISAL-LiPD,Hydro21k;HoloceneAbruptChange;HoloceneHydroclimate
GeoB7702-3.Castaneda.2016,depth,SISALEntityID,SISAL-LiPD;SISAL-LiPD;SISAL-LiPD,
GeoB7702-3.Castaneda.2016,age,SISALEntityID,SISAL-LiPD;SISAL-LiPD;SISAL-LiPD,
GeoB7702-3.Castaneda.2016,Fe/Al,SISALEntityID,SISAL-LiPD;SISAL-LiPD;SISAL-LiPD,HoloceneAbruptChange;Hydro21k
GeoB7702-3.Castaneda.2016,Ti/Ca,SISALEntityID,SISAL-LiPD;SISAL-LiPD;SISAL-LiPD,HoloceneAbruptChange;Hydro21k
GeoB7926_2.Kim.2012,Uk37,temp12kDkIndex,Temp12k,
GeoB7926_2.Kim.2012,TEX86,temp12kDkIndex,Temp12k,
GeoB9307_3.Weldeab.2014,d18O,temp12kDkIndex,Temp12k,
GeoB9307_3.Weldeab.2014,Mg/Ca,temp12kDkIndex,Temp12k,
GeoB9307_3.Weldeab.2014,TEX86,temp12kDkIndex,Temp12k,
GeoB9310_4.Weldeab.2014,d18O,temp12kDkIndex,Temp12k,
GeoB9310_4.Weldeab.2014,Mg/Ca,temp12kDkIndex,Temp12k,
GeoB9508_5,d13C,temp12kDkIndex,Temp12k,
GeoB9508_5,d18O,temp12kDkIndex,Temp12k,
GeoB9508_5,Mg/Ca,temp12kDkIndex,Temp12k,
GeoB9508_5,Mg/Ca,temp12kDkIndex,Temp12k,
GeoB9508_5,d13C-1,temp12kDkIndex,Temp12k,
GeoB9508-5.Collins.2013,uncertaintyHigh,temp12kDkIndex,Temp12k,
GeoB9508-5.Collins.2013,uncertaintyLow,temp12kDkIndex,Temp12k,
GeoB9526-5.Collins.2013,aluminum,temp12kDkIndex,Temp12k,
GeoB9526-5.Collins.2013,silicon,temp12kDkIndex,Temp12k,
GeoB9526-5.Collins.2013,potassium,temp12kDkIndex,Temp12k,
GeoB9526-5.Collins.2013,calcium,temp12kDkIndex,Temp12k,
GeoB9526-5.Collins.2013,titanium,temp12kDkIndex,Temp12k,
GeoB9526-5.Collins.2013,iron,temp12kDkIndex,Temp12k,
GeoB9526-5.Collins.2013,uncertaintyHigh,temp12kDkIndex,Temp12k,
GeoB9526-5.Collins.2013,uncertaintyLow,temp12kDkIndex,Temp12k,
GeoB9528-3.Collins.2013,aluminum,temp12kDkIndex,Temp12k,
GeoB9528-3.Collins.2013,silicon,temp12kDkIndex,Temp12k,
GeoB9528-3.Collins.2013,potassium,temp12kDkIndex,Temp12k,
GeoB9528-3.Collins.2013,calcium,temp12kDkIndex,Temp12k,
GeoB9528-3.Collins.2013,titanium,temp12kDkIndex,Temp12k,
GeoB9528-3.Collins.2013,iron,temp12kDkIndex,Temp12k,
GeoB9528-3.Collins.2013,uncertaintyHigh,temp12kDkIndex,Temp12k,
GeoB9528-3.Collins.2013,uncertaintyLow,temp12kDkIndex,Temp12k,
GEOFAR_KF16_MgCa.Repschlager.2016,Mg/Ca,temp12kDkIndex,Temp12k,
GEOFAR_KF16_MgCa.Repschlager.2016,d18O,temp12kDkIndex,Temp12k,
GEOFAR_KF16_MgCa.Repschlager.2016,d18O-2,temp12kDkIndex,Temp12k,
GEOFAR_KF16_MgCa.Repschlager.2016,d18O-3,temp12kDkIndex,Temp12k,
Gerzensee.Cladocera.Switzerland,sampleID,QCCertification,HoloceneAbruptChange,
Gerzensee.Cladocera.Switzerland,sampleID,temp12kDkIndex,Temp12k,
Gerzensee.Cladocera.Switzerland,depth,QCCertification,HoloceneAbruptChange,
Gerzensee.Cladocera.Switzerland,age,QCCertification,HoloceneAbruptChange,
Gerzensee.Cladocera.Switzerland,temperature,QCCertification,HoloceneAbruptChange,
Gerzensee.Cladocera.Switzerland,temperature,temp12kDkIndex,Temp12k,
Gerzensee.Cladocera.Switzerland,temperature,QCnotes,HoloceneAbruptChange,
Gerzensee.Cladocera.Switzerland,uncertaintyHigh,QCCertification,HoloceneAbruptChange,
Gerzensee.Cladocera.Switzerland,uncertaintyHigh,temp12kDkIndex,Temp12k,
Gerzensee.Cladocera.Switzerland,uncertaintyLow,QCCertification,HoloceneAbruptChange,
Gerzensee.Cladocera.Switzerland,uncertaintyLow,temp12kDkIndex,Temp12k,
Gerzensee.Cladocera.Switzerland,isReliable,QCCertification,HoloceneAbruptChange,
Gerzensee.Cladocera.Switzerland,isReliable,temp12kDkIndex,Temp12k,
Gerzensee.Pollen.Switzerland,sampleID,QCCertification,HoloceneAbruptChange,
Gerzensee.Pollen.Switzerland,sampleID,temp12kDkIndex,Temp12k,
Gerzensee.Pollen.Switzerland,depth,QCCertification,HoloceneAbruptChange,
Gerzensee.Pollen.Switzerland,age,QCCertification,HoloceneAbruptChange,
Gerzensee.Pollen.Switzerland,temperature,QCCertification,HoloceneAbruptChange,
Gerzensee.Pollen.Switzerland,temperature,temp12kDkIndex,Temp12k,
Gerzensee.Pollen.Switzerland,temperature,QCnotes,HoloceneAbruptChange,
Gerzensee.Pollen.Switzerland,uncertaintyHigh,QCCertification,HoloceneAbruptChange,
Gerzensee.Pollen.Switzerland,uncertaintyHigh,temp12kDkIndex,Temp12k,
Gerzensee.Pollen.Switzerland,uncertaintyLow,QCCertification,HoloceneAbruptChange,
Gerzensee.Pollen.Switzerland,uncertaintyLow,temp12kDkIndex,Temp12k,
Gerzensee.Pollen.Switzerland,isReliable,QCCertification,HoloceneAbruptChange,
Gerzensee.Pollen.Switzerland,isReliable,temp12kDkIndex,Temp12k,
GGC19.Farmer.2011,depth,useInOnset,HoloceneAbruptChange,
GGC19.Farmer.2011,age,useInOnset,HoloceneAbruptChange,
GGC19.Farmer.2011,d18O,useInOnset,HoloceneAbruptChange,RapidArcticWarming
GGC19.Farmer.2011,depth,useInOnset,HoloceneAbruptChange,
GGC19.Farmer.2011,age,useInOnset,HoloceneAbruptChange,
GGC19.Farmer.2011,d18O,useInOnset,HoloceneAbruptChange,NAm21k-noPollen
GGC19.Farmer.2011,depth,useInOnset,HoloceneAbruptChange,
GGC19.Farmer.2011,age,useInOnset,HoloceneAbruptChange,
GGC19.Farmer.2011,age,useInOnset,HoloceneAbruptChange,
GGC19.Farmer.2011,depth,useInOnset,HoloceneAbruptChange,
GGC19.Farmer.2011,salinity,useInOnset,HoloceneAbruptChange,NAm21k-noPollen;RapidArcticWarming
GGC19.Farmer.2011,seaIce-1,useInOnset,HoloceneAbruptChange,NAm21k-noPollen;RapidArcticWarming
GGC19.Farmer.2011,productivity,useInOnset,HoloceneAbruptChange,RapidArcticWarming
GGC19.Farmer.2011,age,useInOnset,HoloceneAbruptChange,
Ghirla.Wirth.2016,d2H,temp12kDkIndex,Temp12k,
Ghirla.Wirth.2016,d2H-1,temp12kDkIndex,Temp12k,
Ghirla.Wirth.2016,C28n-alkanoicAcid,temp12kDkIndex,Temp12k,
Ghirla.Wirth.2016,organicCarbon,temp12kDkIndex,Temp12k,
Ghirla.Wirth.2016,needsToBeChanged,temp12kDkIndex,Temp12k,
Ghirla.Wirth.2016,facies,temp12kDkIndex,Temp12k,
GI19POYU,deuteriumExcess,iso2kCertification,iso2k,
GI19POYU,deuteriumExcess,iso2kHackathonNotes,iso2k,
GI19POYU,deuteriumExcess,iso2kPrimaryTimeseries,iso2k,
GI19POYU,deuteriumExcess,iso2kUI,iso2k;iso2k,
GI19POYU,deuteriumExcess,QCCertification,HoloceneAbruptChange,
GI19POYU,deuteriumExcess,QCnotes,HoloceneAbruptChange,
GI19POYU,deuteriumExcess-1,iso2kCertification,iso2k,
GI19POYU,deuteriumExcess-1,iso2kHackathonNotes,iso2k,
GI19POYU,deuteriumExcess-1,iso2kPrimaryTimeseries,iso2k,
GI19POYU,deuteriumExcess-1,QCCertification,HoloceneAbruptChange,
GI19POYU,deuteriumExcess-1,QCnotes,HoloceneAbruptChange,
GI19POYU,deltaTemperature,iso2kCertification,iso2k,
GI19POYU,deltaTemperature,iso2kHackathonNotes,iso2k,
GI19POYU,deltaTemperature,iso2kPrimaryTimeseries,iso2k,
GI19POYU,deltaTemperature,QCCertification,HoloceneAbruptChange,
GI19POYU,deltaTemperature,QCnotes,HoloceneAbruptChange,
GI19POYU,uncertaintyLow1s,iso2kCertification,iso2k,
GI19POYU,uncertaintyLow1s,iso2kHackathonNotes,iso2k,
GI19POYU,uncertaintyLow1s,iso2kPrimaryTimeseries,iso2k,
GI19POYU,uncertaintyLow1s,QCCertification,HoloceneAbruptChange,
GI19POYU,uncertaintyLow1s,QCnotes,HoloceneAbruptChange,
GI19POYU,uncertaintyHigh1s,iso2kCertification,iso2k,
GI19POYU,uncertaintyHigh1s,iso2kHackathonNotes,iso2k,
GI19POYU,uncertaintyHigh1s,iso2kPrimaryTimeseries,iso2k,
GI19POYU,uncertaintyHigh1s,QCCertification,HoloceneAbruptChange,
GI19POYU,uncertaintyHigh1s,QCnotes,HoloceneAbruptChange,
GIK12328_5,d18O,temp12kDkIndex,Temp12k,
GIK12328_5,d13C,temp12kDkIndex,Temp12k,
GIK16163-2.Ma.2021,depth,SISALEntityID,SISAL-LiPD;SISAL-LiPD;SISAL-LiPD,
GIK16163-2.Ma.2021,age,SISALEntityID,SISAL-LiPD;SISAL-LiPD;SISAL-LiPD,
GIK16163-2.Ma.2021,d18O,SISALEntityID,SISAL-LiPD;SISAL-LiPD;SISAL-LiPD,
GIK16163-2.Ma.2021,d18O-1,SISALEntityID,SISAL-LiPD;SISAL-LiPD;SISAL-LiPD,Hydro21k;HoloceneAbruptChange;HoloceneHydroclimate
GIK16163-2.Ma.2021,uncertainty,SISALEntityID,SISAL-LiPD;SISAL-LiPD;SISAL-LiPD,
GIK16163-2.Ma.2021,uncertainty-1,SISALEntityID,SISAL-LiPD;SISAL-LiPD;SISAL-LiPD,
GIK16163-2.Ma.2021,uncertainty-2,SISALEntityID,SISAL-LiPD;SISAL-LiPD;SISAL-LiPD,
GIK16457_1,d13C,temp12kDkIndex,Temp12k,
GIK16458_1,d18O,temp12kDkIndex,Temp12k,
GIK16458_1,d13C,temp12kDkIndex,Temp12k,
GIK17045_3,d18O,temp12kDkIndex,Temp12k,
GIK17045_3,d13C,temp12kDkIndex,Temp12k,
GIK17045_3,d13C-1,temp12kDkIndex,Temp12k,
GIK17045_3,d18O-2,temp12kDkIndex,Temp12k,
GIK17748-2.Kim.2002,sedimentationRate,temp12kDkIndex,Temp12k,
GIK17748-2.Kim.2002,Uk37,temp12kDkIndex,Temp12k,
GIK17940_2.Pelejero.1999,d18O,temp12kDkIndex,Temp12k,
GIK17940_2.Pelejero.1999,Uk37,temp12kDkIndex,Temp12k,
GIK17961_2,d18O,temp12kDkIndex,Temp12k,
GIK17961_2,Uk37,temp12kDkIndex,Temp12k,
GIK17961_2,temperature-1,QCCertification,HoloceneAbruptChange,
GIK17961_2,temperature-1,QCnotes,HoloceneAbruptChange,
GIK17961_2,temperature-1,temp12kDkIndex,Temp12k,
GIK17964_2,Uk37,temp12kDkIndex,Temp12k,
GIK17964_2,d18O,temp12kDkIndex,Temp12k,
GIK17964_2,temperature-1,QCCertification,HoloceneAbruptChange,
GIK17964_2,temperature-1,QCnotes,HoloceneAbruptChange,
GIK17964_2,temperature-1,temp12kDkIndex,Temp12k,
GIK18252_3,d18O,temp12kDkIndex,Temp12k,
GIK18252_3,Uk37,temp12kDkIndex,Temp12k,
GIK18287_3.Kienast.2001,d18O,temp12kDkIndex,Temp12k,
GIK18287_3.Kienast.2001,Uk37,temp12kDkIndex,Temp12k,
GiK18515_3,d18O,temp12kDkIndex,Temp12k,
GiK18515_3,Mg/Ca,temp12kDkIndex,Temp12k,
GiK18515_3,d18O-1,temp12kDkIndex,Temp12k,
GiK18515_3,d13C,temp12kDkIndex,Temp12k,
GIK23258.Sarnthein.2003,depth,temp12kDkIndex,Temp12k,
GIK23258.Sarnthein.2003,age,temp12kDkIndex,Temp12k,
GIK23415_9,d18O,temp12kDkIndex,Temp12k,
Gitanga.Bonnefille.2000,age,SISALEntityID,SISAL-LiPD;SISAL-LiPD;SISAL-LiPD,
Gitanga.Bonnefille.2000,uncertaintyLow,SISALEntityID,SISAL-LiPD;SISAL-LiPD;SISAL-LiPD,
Gitanga.Bonnefille.2000,precipitation,SISALEntityID,SISAL-LiPD;SISAL-LiPD;SISAL-LiPD,HoloceneAbruptChange;Hydro21k;HoloceneHydroclimate
Gitanga.Bonnefille.2000,uncertaintyHigh,SISALEntityID,SISAL-LiPD;SISAL-LiPD;SISAL-LiPD,
GO08BER01,year,coralExtensionRate,CoralHydro2k;GBRCD,
GO08BER01,year,coralHydro2kGroup,CoralHydro2k,
GO08BER01,year,jcpCorrected,CoralHydro2k,
GO08BER01,year,jcpMeasured,CoralHydro2k;GBRCD,
GO08BER01,year,jcpUsed,CoralHydro2k;GBRCD,
GO08BER01,year,coralExtensionRate,CoralHydro2k;GBRCD,
GO08BER01,year,coralHydro2kGroup,CoralHydro2k,
GO08BER01,year,jcpCorrected,CoralHydro2k,
GO08BER01,year,jcpMeasured,CoralHydro2k;GBRCD,
GO08BER01,year,jcpUsed,CoralHydro2k;GBRCD,
GO08BER01,Sr/Ca,ch2kCoreCode,CoralHydro2k,
GO08BER01,Sr/Ca,coralExtensionRate,CoralHydro2k;GBRCD,
GO08BER01,Sr/Ca,coralExtensionRateNotes,CoralHydro2k;GBRCD,
GO08BER01,Sr/Ca,coralHydro2kGroup,CoralHydro2k,
GO08BER01,Sr/Ca,jcpCorrected,CoralHydro2k,
GO08BER01,Sr/Ca,jcpMeasured,CoralHydro2k;GBRCD,
GO08BER01,Sr/Ca,jcpUsed,CoralHydro2k;GBRCD,
GO08BER01,year,coralExtensionRate,CoralHydro2k;GBRCD,
GO08BER01,year,coralHydro2kGroup,CoralHydro2k,
GO08BER01,year,jcpCorrected,CoralHydro2k,
GO08BER01,year,jcpMeasured,CoralHydro2k;GBRCD,
GO08BER01,year,jcpUsed,CoralHydro2k;GBRCD,
GO08BER01,d18O,ch2kCoreCode,CoralHydro2k,
GO08BER01,d18O,coralExtensionRate,CoralHydro2k;GBRCD,
GO08BER01,d18O,coralExtensionRateNotes,CoralHydro2k;GBRCD,
GO08BER01,d18O,coralHydro2kGroup,CoralHydro2k,
GO08BER01,d18O,jcpCorrected,CoralHydro2k,
GO08BER01,d18O,jcpMeasured,CoralHydro2k;GBRCD,
GO08BER01,d18O,jcpUsed,CoralHydro2k;GBRCD,
GO08BER01,year,coralExtensionRate,CoralHydro2k;GBRCD,
GO08BER01,year,coralHydro2kGroup,CoralHydro2k,
GO08BER01,year,jcpCorrected,CoralHydro2k,
GO08BER01,year,jcpMeasured,CoralHydro2k;GBRCD,
GO08BER01,year,jcpUsed,CoralHydro2k;GBRCD,
GO08BER01,uncertainty,ch2kCoreCode,CoralHydro2k,
GO08BER01,uncertainty,coralExtensionRate,CoralHydro2k;GBRCD,
GO08BER01,uncertainty,coralExtensionRateNotes,CoralHydro2k;GBRCD,
GO08BER01,uncertainty,coralHydro2kGroup,CoralHydro2k,
GO08BER01,uncertainty,jcpCorrected,CoralHydro2k,
GO08BER01,uncertainty,jcpMeasured,CoralHydro2k;GBRCD,
GO08BER01,uncertainty,jcpUsed,CoralHydro2k;GBRCD,
GO08BER01,year,coralExtensionRate,CoralHydro2k;GBRCD,
GO08BER01,year,coralHydro2kGroup,CoralHydro2k,
GO08BER01,year,jcpCorrected,CoralHydro2k,
GO08BER01,year,jcpMeasured,CoralHydro2k;GBRCD,
GO08BER01,year,jcpUsed,CoralHydro2k;GBRCD,
GO08BER01,uncertainty,ch2kCoreCode,CoralHydro2k,
GO08BER01,uncertainty,coralExtensionRate,CoralHydro2k;GBRCD,
GO08BER01,uncertainty,coralExtensionRateNotes,CoralHydro2k;GBRCD,
GO08BER01,uncertainty,coralHydro2kGroup,CoralHydro2k,
GO08BER01,uncertainty,jcpCorrected,CoralHydro2k,
GO08BER01,uncertainty,jcpMeasured,CoralHydro2k;GBRCD,
GO08BER01,uncertainty,jcpUsed,CoralHydro2k;GBRCD,
GO08BER01,year,coralExtensionRate,CoralHydro2k;GBRCD,
GO08BER01,year,coralHydro2kGroup,CoralHydro2k,
GO08BER01,year,jcpCorrected,CoralHydro2k,
GO08BER01,year,jcpMeasured,CoralHydro2k;GBRCD,
GO08BER01,year,jcpUsed,CoralHydro2k;GBRCD,
GO12SBV01,year,coralExtensionRate,CoralHydro2k;GBRCD,
GO12SBV01,year,coralHydro2kGroup,CoralHydro2k,
GO12SBV01,year,jcpCorrected,CoralHydro2k,
GO12SBV01,year,jcpMeasured,CoralHydro2k;GBRCD,
GO12SBV01,year,jcpUsed,CoralHydro2k;GBRCD,
GO12SBV01,year,coralExtensionRate,CoralHydro2k;GBRCD,
GO12SBV01,year,coralHydro2kGroup,CoralHydro2k,
GO12SBV01,year,jcpCorrected,CoralHydro2k,
GO12SBV01,year,jcpMeasured,CoralHydro2k;GBRCD,
GO12SBV01,year,jcpUsed,CoralHydro2k;GBRCD,
Gol-Ho1B-KSGC-31.Sicre.2016,temperature,QCCertification,HoloceneAbruptChange,
Gol-Ho1B-KSGC-31.Sicre.2016,temperature,QCnotes,HoloceneAbruptChange,
Gol-Ho1B-KSGC-31.Sicre.2016,brGDGT-Ic,QCCertification,HoloceneAbruptChange,
Gol-Ho1B-KSGC-31.Sicre.2016,brGDGT-Ic,QCnotes,HoloceneAbruptChange,
Gonghai.Ding.2017,uncertainty1s,hydroclimate2kCertification,hydroclimate2k,
Gonghai.Ding.2017,precipitation-1,hydroclimate2kCertification,hydroclimate2k,
Gonghai.Ding.2017,uncertainty1s-1,hydroclimate2kCertification,hydroclimate2k,
Gonghai.Ding.2017,needsToBeChanged,hydroclimate2kCertification,hydroclimate2k,
Gonghai.Ding.2017,needsToBeChanged-1,hydroclimate2kCertification,hydroclimate2k,
Gonghai.Ding.2017,needsToBeChanged-2,hydroclimate2kCertification,hydroclimate2k,
Gonghai.Ding.2017,needsToBeChanged-3,hydroclimate2kCertification,hydroclimate2k,
Gonghai.Ding.2017,totalPollen,hydroclimate2kCertification,hydroclimate2k,
Goshutecave.Denniston.2007,notes,SISALEntityID,SISAL-LiPD;SISAL-LiPD;SISAL-LiPD,
GR13MAD01,year,coralExtensionRate,CoralHydro2k;GBRCD,
GR13MAD01,year,coralHydro2kGroup,CoralHydro2k,
GR13MAD01,year,jcpCorrected,CoralHydro2k,
GR13MAD01,year,jcpMeasured,CoralHydro2k;GBRCD,
GR13MAD01,year,jcpUsed,CoralHydro2k;GBRCD,
GR13MAD02,year,coralExtensionRate,CoralHydro2k;GBRCD,
GR13MAD02,year,coralHydro2kGroup,CoralHydro2k,
GR13MAD02,year,jcpCorrected,CoralHydro2k,
GR13MAD02,year,jcpMeasured,CoralHydro2k;GBRCD,
GR13MAD02,year,jcpUsed,CoralHydro2k;GBRCD,
greyling.Mckay.2009,depth,useInOnset,HoloceneAbruptChange,
greyling.Mckay.2009,age,useInOnset,HoloceneAbruptChange,
Grindjisee.EPD,growing degree days,temp12kDkIndex,Temp12k,
Grindjisee.EPD,temperature,QCnotes,HoloceneAbruptChange,
Grindjisee.EPD,temperature,temp12kDkIndex,Temp12k,
Grindjisee.EPD,temperature-1,QCnotes,HoloceneAbruptChange,
Grindjisee.EPD,temperature-1,temp12kDkIndex,Temp12k,
Grindjisee.EPD,precipitation,temp12kDkIndex,Temp12k,
Grindjisee.EPD,precipitation,QCnotes,HoloceneAbruptChange,
Grindjisee.EPD,temperature-2,QCnotes,HoloceneAbruptChange,
Grindjisee.EPD,temperature-2,temp12kDkIndex,Temp12k,
GRIP.Vinther.2006,depth,temp12kDkIndex,Temp12k,
GRIP.Vinther.2006,depth,useInOnset,HoloceneAbruptChange,
GRIP.Vinther.2006,age,temp12kDkIndex,Temp12k,
GRIP.Vinther.2006,age,useInOnset,HoloceneAbruptChange,
GrottadiCarburangeli.Frisia.2006,d18O,meetsHoloceneHydroclimateCriteria,HoloceneHydroclimate,SISAL-LiPD
GrottadiCarburangeli.Frisia.2006,d13C,meetsHoloceneHydroclimateCriteria,HoloceneHydroclimate,SISAL-LiPD
GrottedePiste.AitBrahim.2018,d18O,meetsHoloceneHydroclimateCriteria,HoloceneHydroclimate,SISAL-LiPD
GrottedePiste.AitBrahim.2018,d18O,meetsHoloceneHydroclimateCriteria,HoloceneHydroclimate,SISAL-LiPD
GrottedePiste.AitBrahim.2018,notes,SISALEntityID,SISAL-LiPD;SISAL-LiPD;SISAL-LiPD,
GS07_150_10_3MC_B,d18O,temp12kDkIndex,Temp12k,
GS07_150_10_3MC_B,temperature,QCCertification,HoloceneAbruptChange,
GS07_150_10_3MC_B,temperature,QCnotes,HoloceneAbruptChange,
GS07_150_10_3MC_B,temperature,temp12kDkIndex,Temp12k,
GU99NAU01,year,coralExtensionRate,CoralHydro2k;GBRCD,
GU99NAU01,year,coralHydro2kGroup,CoralHydro2k,
GU99NAU01,year,jcpCorrected,CoralHydro2k,
GU99NAU01,year,jcpMeasured,CoralHydro2k;GBRCD,
GU99NAU01,year,jcpUsed,CoralHydro2k;GBRCD,
GU99NAU02,year,coralExtensionRate,CoralHydro2k;GBRCD,
GU99NAU02,year,coralHydro2kGroup,CoralHydro2k,
GU99NAU02,year,jcpCorrected,CoralHydro2k,
GU99NAU02,year,jcpMeasured,CoralHydro2k;GBRCD,
GU99NAU02,year,jcpUsed,CoralHydro2k;GBRCD,
Gucheng.Pollen.China,age,QCCertification,HoloceneAbruptChange,
Gucheng.Pollen.China,uncertaintyHigh,QCCertification,HoloceneAbruptChange,
Gucheng.Pollen.China,uncertaintyHigh,temp12kDkIndex,Temp12k,
Gucheng.Pollen.China,uncertaintyLow,QCCertification,HoloceneAbruptChange,
Gucheng.Pollen.China,uncertaintyLow,temp12kDkIndex,Temp12k,
Gucheng.Pollen.China,isReliable,QCCertification,HoloceneAbruptChange,
Gucheng.Pollen.China,isReliable,temp12kDkIndex,Temp12k,
Gueldaman.Ruan.2016,d13C,QCCertification,HoloceneAbruptChange,
Gueldaman.Ruan.2016,d13C,QCnotes,HoloceneAbruptChange,
Gueldamancave.Ruan.2016,notes,SISALEntityID,SISAL-LiPD;SISAL-LiPD;SISAL-LiPD,
Gushantun.Zheng.2018,uncertaintyHigh,temp12kDkIndex,Temp12k,
Gushantun.Zheng.2018,uncertaintyLow,temp12kDkIndex,Temp12k,
H214.Samson.2005,uncertainty,temp12kDkIndex,Temp12k,
H214.Samson.2005,uncertainty-1,temp12kDkIndex,Temp12k,
H214.Samson.2005,d13C,temp12kDkIndex,Temp12k,
H214.Samson.2005,d18O,temp12kDkIndex,Temp12k,
H214.Samson.2005,d13C-1,temp12kDkIndex,Temp12k,
H214.Samson.2005,d13C-2,temp12kDkIndex,Temp12k,
H214.Samson.2005,d18O-1,temp12kDkIndex,Temp12k,
H214.Samson.2005,d18O-2,temp12kDkIndex,Temp12k,
H214.Samson.2005,notes,temp12kDkIndex,Temp12k,
Hail.Cwynar.1995,depth,useInOnset,HoloceneAbruptChange,
Hail.Cwynar.1995,age,useInOnset,HoloceneAbruptChange,
Hail.Cwynar.1995,age,useInOnset,HoloceneAbruptChange,
Hallet.McKay.2009,depth,useInOnset,HoloceneAbruptChange,
Hallet.McKay.2009,age,useInOnset,HoloceneAbruptChange,
Hallet.McKay.2009,BSi,useInOnset,HoloceneAbruptChange,NAm21k-noPollen
Hallet.McKay.2009,age,useInOnset,HoloceneAbruptChange,
Hallet.McKay.2009,depth,useInOnset,HoloceneAbruptChange,
Hallet.McKay.2009,age,useInOnset,HoloceneAbruptChange,
Hallet.McKay.2009,BSi,useInOnset,HoloceneAbruptChange,RapidArcticWarming
Hallet.McKay.2009,BSi,useInOnset,HoloceneAbruptChange,RapidArcticWarming
Hallet.McKay.2009,age,useInOnset,HoloceneAbruptChange,
Hamundarstadhahals.Caseldine.2006,age,QCCertification,HoloceneAbruptChange,
Han-sur-Lessecave.Genty.1999,notes,SISALEntityID,SISAL-LiPD;SISAL-LiPD;SISAL-LiPD,
Hani.Zheng.2017,uncertaintyHigh,temp12kDkIndex,Temp12k,
Hani.Zheng.2017,uncertaintyLow,temp12kDkIndex,Temp12k,
Haozhucave.Zhang.2016,d18O,meetsHoloceneHydroclimateCriteria,HoloceneHydroclimate,SISAL-LiPD
Haozhucave.Zhang.2016,d18O,meetsHoloceneHydroclimateCriteria,HoloceneHydroclimate,SISAL-LiPD
Haozhucave.Zhang.2016,d18O,meetsHoloceneHydroclimateCriteria,HoloceneHydroclimate,SISAL-LiPD
Haozhucave.Zhang.2016,notes,SISALEntityID,SISAL-LiPD;SISAL-LiPD;SISAL-LiPD,
Harrisonscave.Mangini.2007,d18O,meetsHoloceneHydroclimateCriteria,HoloceneHydroclimate,SISAL-LiPD
HE02GBR01,year,coralExtensionRate,CoralHydro2k;GBRCD,
HE02GBR01,year,coralHydro2kGroup,CoralHydro2k,
HE02GBR01,year,jcpCorrected,CoralHydro2k,
HE02GBR01,year,jcpMeasured,CoralHydro2k;GBRCD,
HE02GBR01,year,jcpUsed,CoralHydro2k;GBRCD,
HE02GBR01,year,coralExtensionRate,CoralHydro2k;GBRCD,
HE02GBR01,year,coralHydro2kGroup,CoralHydro2k,
HE02GBR01,year,jcpCorrected,CoralHydro2k,
HE02GBR01,year,jcpMeasured,CoralHydro2k;GBRCD,
HE02GBR01,year,jcpUsed,CoralHydro2k;GBRCD,
HE02GBR01,year,coralExtensionRate,CoralHydro2k;GBRCD,
HE02GBR01,year,coralHydro2kGroup,CoralHydro2k,
HE02GBR01,year,jcpCorrected,CoralHydro2k,
HE02GBR01,year,jcpMeasured,CoralHydro2k;GBRCD,
HE02GBR01,year,jcpUsed,CoralHydro2k;GBRCD,
HE08LRA01,year,coralExtensionRate,CoralHydro2k;GBRCD,
HE08LRA01,year,coralHydro2kGroup,CoralHydro2k,
HE08LRA01,year,jcpCorrected,CoralHydro2k,
HE08LRA01,year,jcpMeasured,CoralHydro2k;GBRCD,
HE08LRA01,year,jcpUsed,CoralHydro2k;GBRCD,
HE10GUA01,year,coralExtensionRate,CoralHydro2k;GBRCD,
HE10GUA01,year,coralHydro2kGroup,CoralHydro2k,
HE10GUA01,year,jcpCorrected,CoralHydro2k,
HE10GUA01,year,jcpMeasured,CoralHydro2k;GBRCD,
HE10GUA01,year,jcpUsed,CoralHydro2k;GBRCD,
HE10GUA01,year,coralExtensionRate,CoralHydro2k;GBRCD,
HE10GUA01,year,coralHydro2kGroup,CoralHydro2k,
HE10GUA01,year,jcpCorrected,CoralHydro2k,
HE10GUA01,year,jcpMeasured,CoralHydro2k;GBRCD,
HE10GUA01,year,jcpUsed,CoralHydro2k;GBRCD,
HE10GUA01,Sr/Ca,ch2kCoreCode,CoralHydro2k,
HE10GUA01,Sr/Ca,coralExtensionRate,CoralHydro2k;GBRCD,
HE10GUA01,Sr/Ca,coralExtensionRateNotes,CoralHydro2k;GBRCD,
HE10GUA01,Sr/Ca,coralHydro2kGroup,CoralHydro2k,
HE10GUA01,Sr/Ca,jcpCorrected,CoralHydro2k,
HE10GUA01,Sr/Ca,jcpMeasured,CoralHydro2k;GBRCD,
HE10GUA01,Sr/Ca,jcpUsed,CoralHydro2k;GBRCD,
HE10GUA01,year,coralExtensionRate,CoralHydro2k;GBRCD,
HE10GUA01,year,coralHydro2kGroup,CoralHydro2k,
HE10GUA01,year,jcpCorrected,CoralHydro2k,
HE10GUA01,year,jcpMeasured,CoralHydro2k;GBRCD,
HE10GUA01,year,jcpUsed,CoralHydro2k;GBRCD,
HE10GUA01,d18O,ch2kCoreCode,CoralHydro2k,
HE10GUA01,d18O,coralExtensionRate,CoralHydro2k;GBRCD,
HE10GUA01,d18O,coralExtensionRateNotes,CoralHydro2k;GBRCD,
HE10GUA01,d18O,coralHydro2kGroup,CoralHydro2k,
HE10GUA01,d18O,jcpCorrected,CoralHydro2k,
HE10GUA01,d18O,jcpMeasured,CoralHydro2k;GBRCD,
HE10GUA01,d18O,jcpUsed,CoralHydro2k;GBRCD,
HE10GUA01,year,coralExtensionRate,CoralHydro2k;GBRCD,
HE10GUA01,year,coralHydro2kGroup,CoralHydro2k,
HE10GUA01,year,jcpCorrected,CoralHydro2k,
HE10GUA01,year,jcpMeasured,CoralHydro2k;GBRCD,
HE10GUA01,year,jcpUsed,CoralHydro2k;GBRCD,
HE13MIS01,year,coralExtensionRate,CoralHydro2k;GBRCD,
HE13MIS01,year,coralHydro2kGroup,CoralHydro2k,
HE13MIS01,year,jcpCorrected,CoralHydro2k,
HE13MIS01,year,jcpMeasured,CoralHydro2k;GBRCD,
HE13MIS01,year,jcpUsed,CoralHydro2k;GBRCD,
HE13MIS01,year,coralExtensionRate,CoralHydro2k;GBRCD,
HE13MIS01,year,coralHydro2kGroup,CoralHydro2k,
HE13MIS01,year,jcpCorrected,CoralHydro2k,
HE13MIS01,year,jcpMeasured,CoralHydro2k;GBRCD,
HE13MIS01,year,jcpUsed,CoralHydro2k;GBRCD,
HE13MIS02,year,coralExtensionRate,CoralHydro2k;GBRCD,
HE13MIS02,year,coralHydro2kGroup,CoralHydro2k,
HE13MIS02,year,jcpCorrected,CoralHydro2k,
HE13MIS02,year,jcpMeasured,CoralHydro2k;GBRCD,
HE13MIS02,year,jcpUsed,CoralHydro2k;GBRCD,
HE13MIS02,year,coralExtensionRate,CoralHydro2k;GBRCD,
HE13MIS02,year,coralHydro2kGroup,CoralHydro2k,
HE13MIS02,year,jcpCorrected,CoralHydro2k,
HE13MIS02,year,jcpMeasured,CoralHydro2k;GBRCD,
HE13MIS02,year,jcpUsed,CoralHydro2k;GBRCD,
HE18COC01,year,coralExtensionRate,CoralHydro2k;GBRCD,
HE18COC01,year,coralHydro2kGroup,CoralHydro2k,
HE18COC01,year,jcpCorrected,CoralHydro2k,
HE18COC01,year,jcpMeasured,CoralHydro2k;GBRCD,
HE18COC01,year,jcpUsed,CoralHydro2k;GBRCD,
HE18COC01,year,coralExtensionRate,CoralHydro2k;GBRCD,
HE18COC01,year,coralHydro2kGroup,CoralHydro2k,
HE18COC01,year,jcpCorrected,CoralHydro2k,
HE18COC01,year,jcpMeasured,CoralHydro2k;GBRCD,
HE18COC01,year,jcpUsed,CoralHydro2k;GBRCD,
HE18COC01,year,coralExtensionRate,CoralHydro2k;GBRCD,
HE18COC01,year,coralHydro2kGroup,CoralHydro2k,
HE18COC01,year,jcpCorrected,CoralHydro2k,
HE18COC01,year,jcpMeasured,CoralHydro2k;GBRCD,
HE18COC01,year,jcpUsed,CoralHydro2k;GBRCD,
HE18COC02,year,coralExtensionRate,CoralHydro2k;GBRCD,
HE18COC02,year,coralHydro2kGroup,CoralHydro2k,
HE18COC02,year,jcpCorrected,CoralHydro2k,
HE18COC02,year,jcpMeasured,CoralHydro2k;GBRCD,
HE18COC02,year,jcpUsed,CoralHydro2k;GBRCD,
HE18COC02,year,coralExtensionRate,CoralHydro2k;GBRCD,
HE18COC02,year,coralHydro2kGroup,CoralHydro2k,
HE18COC02,year,jcpCorrected,CoralHydro2k,
HE18COC02,year,jcpMeasured,CoralHydro2k;GBRCD,
HE18COC02,year,jcpUsed,CoralHydro2k;GBRCD,
HE18COC02,year,coralExtensionRate,CoralHydro2k;GBRCD,
HE18COC02,year,coralHydro2kGroup,CoralHydro2k,
HE18COC02,year,jcpCorrected,CoralHydro2k,
HE18COC02,year,jcpMeasured,CoralHydro2k;GBRCD,
HE18COC02,year,jcpUsed,CoralHydro2k;GBRCD,
HealLake.Brown.2006,DWHI,temp12kDkIndex,Temp12k,
HealLake.Brown.2006,precipitation,temp12kDkIndex,Temp12k,
Heifeng.Yang.2019,age,SISALEntityID,SISAL-LiPD;SISAL-LiPD;SISAL-LiPD,
Heifeng.Yang.2019,d18O,SISALEntityID,SISAL-LiPD;SISAL-LiPD;SISAL-LiPD,Hydro21k;HoloceneAbruptChange;HoloceneHydroclimate
Heihai.Ramisch.2016,age,SISALEntityID,SISAL-LiPD;SISAL-LiPD;SISAL-LiPD,
Heihai.Ramisch.2016,cluster,SISALEntityID,SISAL-LiPD;SISAL-LiPD;SISAL-LiPD,Hydro21k;HoloceneAbruptChange;HoloceneHydroclimate
HeihaiLake.Chang.2017,uncertainty,temp12kDkIndex,Temp12k,
HeihaiLake.Chang.2017,uncertainty-1,temp12kDkIndex,Temp12k,
HeihaiLake.Chang.2017,isReliable,temp12kDkIndex,Temp12k,
Heshang.Zhu.2017,uncertaintyLow,SISALEntityID,SISAL-LiPD;SISAL-LiPD;SISAL-LiPD,
Heshang.Zhu.2017,uncertaintyHigh,SISALEntityID,SISAL-LiPD;SISAL-LiPD;SISAL-LiPD,
Heshang.Zhu.2017,age,SISALEntityID,SISAL-LiPD;SISAL-LiPD;SISAL-LiPD,
Heshang.Zhu.2017,IRM,SISALEntityID,SISAL-LiPD;SISAL-LiPD;SISAL-LiPD,Hydro21k;HoloceneAbruptChange;HoloceneHydroclimate
Heshangcave.C..2008,d18O,meetsHoloceneHydroclimateCriteria,HoloceneHydroclimate,SISAL-LiPD
Heshangcave.C..2008,d18O,meetsHoloceneHydroclimateCriteria,HoloceneHydroclimate,SISAL-LiPD
HeshangCave.Hu.2007,sampleID,temp12kDkIndex,Temp12k,
HeshangCave.Hu.2007,d13C,temp12kDkIndex,Temp12k,
HeshangCave.Wang.2018,sampleID,SISALEntityID,SISAL-LiPD;SISAL-LiPD;SISAL-LiPD,
HeshangCave.Wang.2018,sampleID,temp12kDkIndex,Temp12k,
HeshangCave.Wang.2018,age,SISALEntityID,SISAL-LiPD;SISAL-LiPD;SISAL-LiPD,
HeshangCave.Wang.2018,pH,SISALEntityID,SISAL-LiPD;SISAL-LiPD;SISAL-LiPD,Hydro21k;HoloceneAbruptChange;HoloceneHydroclimate
HeshangCave.Wang.2018,temperature,SISALEntityID,SISAL-LiPD;SISAL-LiPD;SISAL-LiPD,Temp12k;HoloceneAbruptChange;Temp24k
Hidden.Tang.1999,age,SISALEntityID,SISAL-LiPD;SISAL-LiPD;SISAL-LiPD,
Hidden.Tang.1999,temperature,SISALEntityID,SISAL-LiPD;SISAL-LiPD;SISAL-LiPD,HoloceneAbruptChange
Hidden.Tang.1999,temperature-1,SISALEntityID,SISAL-LiPD;SISAL-LiPD;SISAL-LiPD,HoloceneAbruptChange
Hidden.Tang.1999,precipitation,SISALEntityID,SISAL-LiPD;SISAL-LiPD;SISAL-LiPD,Hydro21k;HoloceneAbruptChange;HoloceneHydroclimate
HiddenLakeCA.Potito.2006,uncertainty,temp12kDkIndex,Temp12k,
HiddenLakeCA.Potito.2006,uncertainty-1,temp12kDkIndex,Temp12k,
HiddenLakeCA.Potito.2006,isReliable,temp12kDkIndex,Temp12k,
Hinterburgsee.Heiri.2003,uncertainty,temp12kDkIndex,Temp12k,
Hinterburgsee.Heiri.2003,uncertainty-1,temp12kDkIndex,Temp12k,
Hinterburgsee.Heiri.2003,isReliable,temp12kDkIndex,Temp12k,
Hinterburgsee.Heiri.2003,notes,temp12kDkIndex,Temp12k,
Hinterburgsee.Heiri.2004,uncertainty,temp12kDkIndex,Temp12k,
Hinterburgsee.Heiri.2004,uncertainty-1,temp12kDkIndex,Temp12k,
Hinterburgsee.Heiri.2004,isReliable,temp12kDkIndex,Temp12k,
Hinterburgsee.Heiri.2004,notes,temp12kDkIndex,Temp12k,
Hinterburgsee.Heiri.2015,uncertainty,temp12kDkIndex,Temp12k,
Hinterburgsee.Heiri.2015,uncertainty-1,temp12kDkIndex,Temp12k,
Hinterburgsee.Heiri.2015,isReliable,temp12kDkIndex,Temp12k,
Hinterburgsee.Heiri.2015,notes,temp12kDkIndex,Temp12k,
Hirvijaervi.Luoto.2010,depth,QCCertification,HoloceneAbruptChange,
Hirvijaervi.Luoto.2010,age,QCCertification,HoloceneAbruptChange,
Hjort.Schmidt.2011,depth,temp12kDkIndex,Temp12k,
Hjort.Schmidt.2011,depth,useInOnset,HoloceneAbruptChange,
Hjort.Schmidt.2011,age,temp12kDkIndex,Temp12k,
Hjort.Schmidt.2011,age,useInOnset,HoloceneAbruptChange,
HllochimMahdtal.Moseley.2015,notes,SISALEntityID,SISAL-LiPD;SISAL-LiPD;SISAL-LiPD,
HLY02_02_51JPC,Uk37,temp12kDkIndex,Temp12k,
HLY0501.deVernal.2013,age,useInOnset,HoloceneAbruptChange,
HLY0501.deVernal.2013,depth,useInOnset,HoloceneAbruptChange,
HLY0501.deVernal.2013,productivity,useInOnset,HoloceneAbruptChange,RapidArcticWarming
HLY0501.deVernal.2013,carbon,useInOnset,HoloceneAbruptChange,RapidArcticWarming
HLY0501.deVernal.2013,age,useInOnset,HoloceneAbruptChange,
Hollywoodcave.Whittaker.2011,d18O,meetsHoloceneHydroclimateCriteria,HoloceneHydroclimate,SISAL-LiPD
Hollywoodcave.Whittaker.2011,d13C,meetsHoloceneHydroclimateCriteria,HoloceneHydroclimate,SISAL-LiPD
Hollywoodcave.Whittaker.2011,d18O,meetsHoloceneHydroclimateCriteria,HoloceneHydroclimate,SISAL-LiPD;HoloceneAbruptChange
Holtjaernen.Giesecke.2008,depth,QCCertification,HoloceneAbruptChange,
Holtjaernen.Giesecke.2008,age,QCCertification,HoloceneAbruptChange,
Holtjaernen.Giesecke.2008,uncertaintyLow,QCCertification,HoloceneAbruptChange,
Holtjaernen.Giesecke.2008,uncertaintyHigh,QCCertification,HoloceneAbruptChange,
Holzmaar.Litt.2009,age,QCCertification,HoloceneAbruptChange,
Holzmaar.Litt.2009,uncertaintyHigh,QCCertification,HoloceneAbruptChange,
Holzmaar.Litt.2009,uncertaintyHigh,temp12kDkIndex,Temp12k,
Holzmaar.Litt.2009,uncertaintyLow,QCCertification,HoloceneAbruptChange,
Holzmaar.Litt.2009,uncertaintyLow,temp12kDkIndex,Temp12k,
Holzmaar.Litt.2009,isReliable,QCCertification,HoloceneAbruptChange,
Holzmaar.Litt.2009,isReliable,temp12kDkIndex,Temp12k,
Holzmaar.Litt.2009,uncertaintyHigh-1,QCCertification,HoloceneAbruptChange,
Holzmaar.Litt.2009,uncertaintyHigh-1,temp12kDkIndex,Temp12k,
Holzmaar.Litt.2009,uncertaintyLow-1,QCCertification,HoloceneAbruptChange,
Holzmaar.Litt.2009,uncertaintyLow-1,temp12kDkIndex,Temp12k,
Holzmaar.Litt.2009,isReliable-1,QCCertification,HoloceneAbruptChange,
Holzmaar.Litt.2009,isReliable-1,temp12kDkIndex,Temp12k,
Holzmaar.Luke.,sampleID,temp12kDkIndex,Temp12k,
Holzmaar.Luke.,d13C,temp12kDkIndex,Temp12k,
"HomesteadScarp,CampbellIsland.Pollen.NewZealand",sampleID,QCCertification,HoloceneAbruptChange,
"HomesteadScarp,CampbellIsland.Pollen.NewZealand",sampleID,temp12kDkIndex,Temp12k,
"HomesteadScarp,CampbellIsland.Pollen.NewZealand",depth,QCCertification,HoloceneAbruptChange,
"HomesteadScarp,CampbellIsland.Pollen.NewZealand",age,QCCertification,HoloceneAbruptChange,
"HomesteadScarp,CampbellIsland.Pollen.NewZealand",uncertaintyHigh,QCCertification,HoloceneAbruptChange,
"HomesteadScarp,CampbellIsland.Pollen.NewZealand",uncertaintyHigh,temp12kDkIndex,Temp12k,
"HomesteadScarp,CampbellIsland.Pollen.NewZealand",uncertaintyLow,QCCertification,HoloceneAbruptChange,
"HomesteadScarp,CampbellIsland.Pollen.NewZealand",uncertaintyLow,temp12kDkIndex,Temp12k,
"HomesteadScarp,CampbellIsland.Pollen.NewZealand",isReliable,QCCertification,HoloceneAbruptChange,
"HomesteadScarp,CampbellIsland.Pollen.NewZealand",isReliable,temp12kDkIndex,Temp12k,
HomesteadScarp.McGlone.2010,temperature,temp12kDkIndex,Temp12k,
Hoqcave.VanRampelbergh.2013,d18O,meetsHoloceneHydroclimateCriteria,HoloceneHydroclimate,SISAL-LiPD
Hoqcave.VanRampelbergh.2013,d13C,meetsHoloceneHydroclimateCriteria,HoloceneHydroclimate,SISAL-LiPD
Hoticave.Neff.2001,d18O,meetsHoloceneHydroclimateCriteria,HoloceneHydroclimate,SISAL-LiPD
Hoticave.Neff.2001,notes,SISALEntityID,SISAL-LiPD;SISAL-LiPD;SISAL-LiPD,
HU72_021_3,d18O,temp12kDkIndex,Temp12k,
HU73_011_31,d18O,temp12kDkIndex,Temp12k,
HU73_031_7.Keigwin.1995,d18O,temp12kDkIndex,Temp12k,
HU84.deVernal.2013,age,useInOnset,HoloceneAbruptChange,
HU84.deVernal.2013,depth,useInOnset,HoloceneAbruptChange,
HU84.deVernal.2013,productivity,useInOnset,HoloceneAbruptChange,NAm21k-noPollen
HU84.deVernal.2013,carbon,useInOnset,HoloceneAbruptChange,RapidArcticWarming
HU84.deVernal.2013,age,useInOnset,HoloceneAbruptChange,
HU87033_87017PC.Andrews.1999,d18O,temp12kDkIndex,Temp12k,
HU87033_87017PC.Andrews.1999,d13C,temp12kDkIndex,Temp12k,
HU87033_87017TWC,d18O,temp12kDkIndex,Temp12k,
HU87033_87017TWC,d13C,temp12kDkIndex,Temp12k,
HU87033_87017TWC,temperature,QCCertification,HoloceneAbruptChange,
HU87033_87017TWC,temperature,QCnotes,HoloceneAbruptChange,
HU87033_87017TWC,temperature,temp12kDkIndex,Temp12k,
HU87033_87018PC.Andrews.1999,d18O,temp12kDkIndex,Temp12k,
HU87033_87018PC.Andrews.1999,d13C,temp12kDkIndex,Temp12k,
HU87033_87018TWC,d18O,temp12kDkIndex,Temp12k,
HU87033_87018TWC,d13C,temp12kDkIndex,Temp12k,
HU87033_87018TWC,temperature,QCCertification,HoloceneAbruptChange,
HU87033_87018TWC,temperature,QCnotes,HoloceneAbruptChange,
HU87033_87018TWC,temperature,temp12kDkIndex,Temp12k,
HU90.deVernal.2013,age,useInOnset,HoloceneAbruptChange,
HU90.deVernal.2013,depth,useInOnset,HoloceneAbruptChange,
HU90.deVernal.2013,productivity,useInOnset,HoloceneAbruptChange,RapidArcticWarming
HU90.deVernal.2013,age,useInOnset,HoloceneAbruptChange,
HU91-039-008.Levac.2001,age,useInOnset,HoloceneAbruptChange,
HU91-039-008.Levac.2001,depth,useInOnset,HoloceneAbruptChange,
HU91-039-008.Levac.2001,productivity,useInOnset,HoloceneAbruptChange,NAm21k-noPollen
HU91-039-008.Levac.2001,age,useInOnset,HoloceneAbruptChange,
Huagapocave.Kanner.2013,d18O,meetsHoloceneHydroclimateCriteria,HoloceneHydroclimate,SISAL-LiPD
Huagapocave.Kanner.2013,d18O,meetsHoloceneHydroclimateCriteria,HoloceneHydroclimate,SISAL-LiPD
Huagapocave.Kanner.2013,d18O,meetsHoloceneHydroclimateCriteria,HoloceneHydroclimate,SISAL-LiPD
Huagapocave.Kanner.2013,d18O,meetsHoloceneHydroclimateCriteria,HoloceneHydroclimate,SISAL-LiPD
Huagapocave.Kanner.2013,d18O,meetsHoloceneHydroclimateCriteria,HoloceneHydroclimate,SISAL-LiPD
Huagapocave.Kanner.2013,d18O,meetsHoloceneHydroclimateCriteria,HoloceneHydroclimate,SISAL-LiPD
Huagapocave.Kanner.2013,notes,SISALEntityID,SISAL-LiPD;SISAL-LiPD;SISAL-LiPD,
Huangyecave.Tan.2010,notes,SISALEntityID,SISAL-LiPD;SISAL-LiPD;SISAL-LiPD,
Hudson.Clegg.2011,depth,temp12kDkIndex,Temp12k,
Hudson.Clegg.2011,depth,useInOnset,HoloceneAbruptChange,
Hudson.Clegg.2011,depth-1,temp12kDkIndex,Temp12k,
Hudson.Clegg.2011,depth-1,useInOnset,HoloceneAbruptChange,
Hudson.Clegg.2011,age,temp12kDkIndex,Temp12k,
Hudson.Clegg.2011,age,useInOnset,HoloceneAbruptChange,
Hulucave.Wang.2001,notes,SISALEntityID,SISAL-LiPD;SISAL-LiPD;SISAL-LiPD,
Hvitarvatn.Larsen.2013,depth,useInOnset,HoloceneAbruptChange,
Hvitarvatn.Larsen.2013,age,useInOnset,HoloceneAbruptChange,
Hvitarvatn.Larsen.2013,BSi,useInOnset,HoloceneAbruptChange,RapidArcticWarming
Hvitarvatn.Larsen.2013,age,useInOnset,HoloceneAbruptChange,
Hvitarvatn.Larsen.2013,age,useInOnset,HoloceneAbruptChange,
Hvitarvatn.Larsen.2013,d13C,useInOnset,HoloceneAbruptChange,NAm21k-noPollen
Hvitarvatn.Larsen.2013,C/N,useInOnset,HoloceneAbruptChange,RapidArcticWarming
Hvitarvatn.Larsen.2013,age,useInOnset,HoloceneAbruptChange,
Hvitarvatn.Larsen.2013,organicCarbon,useInOnset,HoloceneAbruptChange,NAm21k-noPollen
Hvitarvatn.Larsen.2013,age,useInOnset,HoloceneAbruptChange,
Hvitarvatn.Larsen.2013,bulkDensity,useInOnset,HoloceneAbruptChange,RapidArcticWarming
Hvitarvatn.Larsen.2013,age,useInOnset,HoloceneAbruptChange,
Hvitarvatn.Larsen.2013,uncertainty,useInOnset,HoloceneAbruptChange,RapidArcticWarming
Hvitarvatn.Larsen.2013,age,useInOnset,HoloceneAbruptChange,
Hvitarvatn.Larsen.2013,carbon,useInOnset,HoloceneAbruptChange,NAm21k-noPollen;RapidArcticWarming
Hypkana.Hajkova.2016,uncertainty,temp12kDkIndex,Temp12k,
Hypkana.Hajkova.2016,uncertainty-1,temp12kDkIndex,Temp12k,
Hypkana.Hajkova.2016,isReliable,temp12kDkIndex,Temp12k,
Hypkana.Hajkova.2016,notes,temp12kDkIndex,Temp12k,
IC00COPR,year,iso2kPrimaryTimeseries,iso2k,
IC00EIGG,year,iso2kPrimaryTimeseries,iso2k,
IC00OE02,year,iso2kPrimaryTimeseries,iso2k,
IC00OE03,year,iso2kPrimaryTimeseries,iso2k,
IC00OE05,year,iso2kPrimaryTimeseries,iso2k,
IC00OE11,year,iso2kPrimaryTimeseries,iso2k,
IC00OE12,year,iso2kPrimaryTimeseries,iso2k,
IC00OE13,year,iso2kPrimaryTimeseries,iso2k,
IC00OE14,year,iso2kPrimaryTimeseries,iso2k,
IC00OE15,year,iso2kPrimaryTimeseries,iso2k,
IC00OE16,year,iso2kPrimaryTimeseries,iso2k,
IC00OE18,year,iso2kPrimaryTimeseries,iso2k,
IC00OE19,year,iso2kPrimaryTimeseries,iso2k,
IC00OE20,year,iso2kPrimaryTimeseries,iso2k,
IC00OE21,year,iso2kPrimaryTimeseries,iso2k,
IC00OE22,year,iso2kPrimaryTimeseries,iso2k,
IC00OE23,year,iso2kPrimaryTimeseries,iso2k,
IC00OEKC,year,iso2kPrimaryTimeseries,iso2k,
IC00SC16,year,iso2kPrimaryTimeseries,iso2k,
IC00SC18,year,iso2kPrimaryTimeseries,iso2k,
IC00SC18,year,iso2kPrimaryTimeseries,iso2k,
IC00SC18,depth,iso2kPrimaryTimeseries,iso2k,
IC00SC18,depth,QCCertification,HoloceneAbruptChange,
IC00SC18,depth-1,iso2kPrimaryTimeseries,iso2k,
IC00SC18,depth-1,QCCertification,HoloceneAbruptChange,
IC00SC21,year,iso2kPrimaryTimeseries,iso2k,
IC00SC26,year,iso2kPrimaryTimeseries,iso2k,
IC00SC26,depth,iso2kPrimaryTimeseries,iso2k,
IC00SC29,year,iso2kPrimaryTimeseries,iso2k,
IC00SC29,depth,iso2kPrimaryTimeseries,iso2k,
IC00SC29,depth,QCCertification,HoloceneAbruptChange,
IC00SC29,depth-1,iso2kPrimaryTimeseries,iso2k,
IC00SC29,depth-1,QCCertification,HoloceneAbruptChange,
IC00SC29,accumulation,iso2kPrimaryTimeseries,iso2k,
IC00SC29,accumulation,QCCertification,HoloceneAbruptChange,
IC00STHN,year,iso2kPrimaryTimeseries,iso2k,
IC00STTY,year,iso2kPrimaryTimeseries,iso2k,
IC00THDS,year,iso2kPrimaryTimeseries,iso2k,
IC00THDS,year,iso2kPrimaryTimeseries,iso2k,
IC01JO01,year,iso2kPrimaryTimeseries,iso2k,
IC02GR05,year,iso2kPrimaryTimeseries,iso2k,
IC02GR07,year,iso2kPrimaryTimeseries,iso2k,
IC02GR17,year,iso2kPrimaryTimeseries,iso2k,
IC02HEWD,year,iso2kPrimaryTimeseries,iso2k,
IC02MUBI,year,iso2kPrimaryTimeseries,iso2k,
IC02SCGN,year,iso2kPrimaryTimeseries,iso2k,
IC02STTA,year,iso2kPrimaryTimeseries,iso2k,
IC02THKI,year,iso2kPrimaryTimeseries,iso2k,
IC03HOIL,year,iso2kPrimaryTimeseries,iso2k,
IC03HORB,year,iso2kPrimaryTimeseries,iso2k,
IC03HORB,depth,iso2kPrimaryTimeseries,iso2k,
IC04FIML,year,iso2kPrimaryTimeseries,iso2k,
IC05ISAU,year,iso2kPrimaryTimeseries,iso2k,
IC05MANG,deuteriumExcess,iso2kPrimaryTimeseries,iso2k,
IC05MANG,deuteriumExcess,iso2kUI,iso2k;iso2k,
IC05MANG,deuteriumExcess,QCCertification,HoloceneAbruptChange,
IC05MANG,deuteriumExcess,QCnotes,HoloceneAbruptChange,
IC05MANG,year,iso2kPrimaryTimeseries,iso2k,
IC05MANG,depth,iso2kPrimaryTimeseries,iso2k,
IC06KAS1,year,iso2kPrimaryTimeseries,iso2k,
IC06THDD,year,iso2kPrimaryTimeseries,iso2k,
IC06THPR,year,iso2kHackathonNotes,iso2k,
IC06THPR,year,iso2kPrimaryTimeseries,iso2k,
IC06THPR,year,QCCertification,HoloceneAbruptChange,
IC06THPR,year,QCnotes,HoloceneAbruptChange,
IC06THPR,year,iso2kHackathonNotes,iso2k,
IC06THPR,year,iso2kPrimaryTimeseries,iso2k,
IC06THPR,year,QCCertification,HoloceneAbruptChange,
IC06THPR,year,QCnotes,HoloceneAbruptChange,
IC06THPR,year,iso2kHackathonNotes,iso2k,
IC06THPR,year,iso2kPrimaryTimeseries,iso2k,
IC06THPR,year,QCCertification,HoloceneAbruptChange,
IC06THPR,year,QCnotes,HoloceneAbruptChange,
IC06VID3,year,iso2kPrimaryTimeseries,iso2k,
IC06VIGR,year,iso2kPrimaryTimeseries,iso2k,
IC06VING,year,iso2kPrimaryTimeseries,iso2k,
IC06WAML,year,iso2kPrimaryTimeseries,iso2k,
IC07KADF,year,iso2kPrimaryTimeseries,iso2k,
IC07KARB,year,iso2kPrimaryTimeseries,iso2k,
IC07KARB,depth,iso2kPrimaryTimeseries,iso2k,
IC08DILO,year,iso2kPrimaryTimeseries,iso2k,
IC08HODF,year,iso2kPrimaryTimeseries,iso2k,
IC08THGZ,year,iso2kPrimaryTimeseries,iso2k,
IC08VI77,year,iso2kPrimaryTimeseries,iso2k,
IC08VI79,year,iso2kPrimaryTimeseries,iso2k,
IC08VI84,year,iso2kPrimaryTimeseries,iso2k,
IC08VI87,year,iso2kPrimaryTimeseries,iso2k,
IC08VIRE,year,iso2kPrimaryTimeseries,iso2k,
IC08VIRE,depth,iso2kPrimaryTimeseries,iso2k,
IC08VISV,year,iso2kPrimaryTimeseries,iso2k,
IC09EIBE,year,iso2kPrimaryTimeseries,iso2k,
IC09KA79,year,iso2kPrimaryTimeseries,iso2k,
IC09KAD3,year,iso2kPrimaryTimeseries,iso2k,
IC09KANG,year,iso2kPrimaryTimeseries,iso2k,
IC09OPAN,year,iso2kPrimaryTimeseries,iso2k,
IC09VIA8,year,iso2kPrimaryTimeseries,iso2k,
IC09VICC,year,iso2kPrimaryTimeseries,iso2k,
IC09VIRE,year,iso2kPrimaryTimeseries,iso2k,
IC10NAB5,year,iso2kPrimaryTimeseries,iso2k,
IC10VICR,needsToBeChanged,iso2kHackathonNotes,iso2k,hydroclimate2k
IC10VICR,needsToBeChanged,iso2kPrimaryTimeseries,iso2k,hydroclimate2k
IC10VICR,year,iso2kPrimaryTimeseries,iso2k,
IC10VID3,year,iso2kPrimaryTimeseries,iso2k,
IC10VID3,year,iso2kPrimaryTimeseries,iso2k,
IC10VIGI,year,iso2kPrimaryTimeseries,iso2k,
IC10VIGR,year,iso2kPrimaryTimeseries,iso2k,
IC10VIMI,year,iso2kPrimaryTimeseries,iso2k,
IC10VIP1,year,iso2kPrimaryTimeseries,iso2k,
IC10VIP2,year,iso2kPrimaryTimeseries,iso2k,
IC10VIP3,year,iso2kPrimaryTimeseries,iso2k,
IC10VIRE,year,iso2kPrimaryTimeseries,iso2k,
IC10VISA,year,iso2kPrimaryTimeseries,iso2k,
IC10VISB,needsToBeChanged,iso2kHackathonNotes,iso2k,
IC10VISB,needsToBeChanged,iso2kPrimaryTimeseries,iso2k,
IC10VISB,needsToBeChanged,iso2kUI,iso2k;iso2k,
IC10VISB,needsToBeChanged,QCnotes,HoloceneAbruptChange,
IC10VISB,year,iso2kPrimaryTimeseries,iso2k,
IC10VISB,depth,iso2kPrimaryTimeseries,iso2k,
IC10VISB,needsToBeChanged-1,iso2kHackathonNotes,iso2k,
IC10VISB,needsToBeChanged-1,iso2kPrimaryTimeseries,iso2k,
IC10VISB,needsToBeChanged-1,iso2kUI,iso2k;iso2k,
IC10VISB,needsToBeChanged-1,QCnotes,HoloceneAbruptChange,
IC10VISD,year,iso2kPrimaryTimeseries,iso2k,
IC10VISE,year,iso2kPrimaryTimeseries,iso2k,
IC10VISG,year,iso2kPrimaryTimeseries,iso2k,
IC11BEVL,year,iso2kPrimaryTimeseries,iso2k,
IC11DILO,year,iso2kPrimaryTimeseries,iso2k,
IC11KIPW,year,iso2kPrimaryTimeseries,iso2k,
IC11LAB4,year,iso2kPrimaryTimeseries,iso2k,
IC11LIMI,year,iso2kPrimaryTimeseries,iso2k,
IC11LIMI,depth,iso2kPrimaryTimeseries,iso2k,
IC11STTA,year,iso2kPrimaryTimeseries,iso2k,
IC12MUJR,year,iso2kPrimaryTimeseries,iso2k,
IC12RHME,year,iso2kPrimaryTimeseries,iso2k,
IC12SIWG,year,iso2kPrimaryTimeseries,iso2k,
IC12WACD,year,iso2kPrimaryTimeseries,iso2k,
IC13BOCG,year,iso2kPrimaryTimeseries,iso2k,
IC13OPAN,year,iso2kPrimaryTimeseries,iso2k,
IC13PALD,year,iso2kPrimaryTimeseries,iso2k,
IC13ST01,year,iso2kPrimaryTimeseries,iso2k,
IC13ST03,year,iso2kPrimaryTimeseries,iso2k,
IC13ST04,year,iso2kPrimaryTimeseries,iso2k,
IC13ST05,year,iso2kPrimaryTimeseries,iso2k,
IC13ST06,year,iso2kPrimaryTimeseries,iso2k,
IC13ST12,year,iso2kPrimaryTimeseries,iso2k,
IC13ST13,year,iso2kPrimaryTimeseries,iso2k,
IC13ST15,year,iso2kPrimaryTimeseries,iso2k,
IC13ST21,year,iso2kPrimaryTimeseries,iso2k,
IC13ST22,year,iso2kPrimaryTimeseries,iso2k,
IC13ST24,year,iso2kPrimaryTimeseries,iso2k,
IC13ST91,year,iso2kPrimaryTimeseries,iso2k,
IC13STN7,year,iso2kPrimaryTimeseries,iso2k,
IC13STN8,year,iso2kPrimaryTimeseries,iso2k,
IC13STSP,year,iso2kPrimaryTimeseries,iso2k,
IC13STWD,year,iso2kPrimaryTimeseries,iso2k,
IC13THFE,year,iso2kPrimaryTimeseries,iso2k,
IC13THQU,thickness,iso2kPrimaryTimeseries,iso2k,
IC13THQU,thickness,pages2kID,Pages2kTemperature,
IC13THQU,thickness,QCCertification,HoloceneAbruptChange,
IC13THQU,dust,iso2kPrimaryTimeseries,iso2k,
IC13THQU,dust,QCCertification,HoloceneAbruptChange,
IC13THQU,fluorine,iso2kPrimaryTimeseries,iso2k,
IC13THQU,fluorine,QCCertification,HoloceneAbruptChange,
IC13THQU,chlorine,iso2kPrimaryTimeseries,iso2k,
IC13THQU,chlorine,QCCertification,HoloceneAbruptChange,
IC13THQU,sulfate,iso2kPrimaryTimeseries,iso2k,
IC13THQU,sulfate,QCCertification,HoloceneAbruptChange,
IC13THQU,nitrate,iso2kPrimaryTimeseries,iso2k,
IC13THQU,nitrate,QCCertification,HoloceneAbruptChange,
IC13THQU,sodium,iso2kPrimaryTimeseries,iso2k,
IC13THQU,sodium,QCCertification,HoloceneAbruptChange,
IC13THQU,ammonium,iso2kPrimaryTimeseries,iso2k,
IC13THQU,ammonium,QCCertification,HoloceneAbruptChange,
IC13THQU,potassium,iso2kPrimaryTimeseries,iso2k,
IC13THQU,potassium,QCCertification,HoloceneAbruptChange,
IC13THQU,magnesium,iso2kPrimaryTimeseries,iso2k,
IC13THQU,magnesium,QCCertification,HoloceneAbruptChange,
IC13THQU,calcium,iso2kPrimaryTimeseries,iso2k,
IC13THQU,calcium,QCCertification,HoloceneAbruptChange,
IC14EKVK,year,iso2kPrimaryTimeseries,iso2k,
IC14MAFH,year,iso2kPrimaryTimeseries,iso2k,
IC14VL1K,year,iso2kPrimaryTimeseries,iso2k,
IC15GANK,year,iso2kPrimaryTimeseries,iso2k,
IC15MANE,year,iso2kPrimaryTimeseries,iso2k,
IC15MANE,uncertainty,iso2kPrimaryTimeseries,iso2k,
IC15MANE,uncertainty1s,iso2kPrimaryTimeseries,iso2k,
IC16GOBP,year,iso2kPrimaryTimeseries,iso2k,
IC16WE17,year,iso2kPrimaryTimeseries,iso2k,
IC16WE17,depth,iso2kPrimaryTimeseries,iso2k,
IC16WE19,year,iso2kPrimaryTimeseries,iso2k,
IC16WE19,depth,iso2kPrimaryTimeseries,iso2k,
IC16WE19,accumulation,iso2kPrimaryTimeseries,iso2k,
IC16WE20,year,iso2kPrimaryTimeseries,iso2k,
IC16WE20,depth,iso2kPrimaryTimeseries,iso2k,
IC16WE20,depth-1,iso2kPrimaryTimeseries,iso2k,
IC16WE22,year,iso2kPrimaryTimeseries,iso2k,
IC16WE22,depth,iso2kPrimaryTimeseries,iso2k,
IC16WE22,depth-1,iso2kPrimaryTimeseries,iso2k,
IC16WE22,accumulation,iso2kPrimaryTimeseries,iso2k,
IC16WE23,year,iso2kPrimaryTimeseries,iso2k,
IC16WE23,depth,iso2kPrimaryTimeseries,iso2k,
IC16WE23,depth-1,iso2kPrimaryTimeseries,iso2k,
IC16WE23,accumulation,iso2kPrimaryTimeseries,iso2k,
IC16WE27,year,iso2kPrimaryTimeseries,iso2k,
IC16WE27,depth,iso2kPrimaryTimeseries,iso2k,
IC16WE27,depth-1,iso2kPrimaryTimeseries,iso2k,
IC16WE27,accumulation,iso2kPrimaryTimeseries,iso2k,
IC16WE28,year,iso2kPrimaryTimeseries,iso2k,
IC16WE28,depth,iso2kPrimaryTimeseries,iso2k,
IC16WE28,depth-1,iso2kPrimaryTimeseries,iso2k,
IC16WE28,accumulation,iso2kPrimaryTimeseries,iso2k,
IC16WE30,year,iso2kPrimaryTimeseries,iso2k,
IC16WE30,depth,iso2kPrimaryTimeseries,iso2k,
IC16WE30,depth-1,iso2kPrimaryTimeseries,iso2k,
IC16WE30,accumulation,iso2kPrimaryTimeseries,iso2k,
IC16WENG,year,iso2kPrimaryTimeseries,iso2k,
IC17BERI,year,iso2kPrimaryTimeseries,iso2k,
IC17EK4K,year,iso2kPrimaryTimeseries,iso2k,
IC17EKN1,year,iso2kPrimaryTimeseries,iso2k,
IC17EKN3,year,iso2kPrimaryTimeseries,iso2k,
IC17EKPV,year,iso2kPrimaryTimeseries,iso2k,
IC17KOEL,year,iso2kPrimaryTimeseries,iso2k,
IC17KOEL,deuteriumExcess-1,iso2kPrimaryTimeseries,iso2k,hydroclimate2k
IC76FIDE,year,iso2kPrimaryTimeseries,iso2k,
IC76FIDE,year,iso2kPrimaryTimeseries,iso2k,
IC82STVE,year,iso2kPrimaryTimeseries,iso2k,
IC85LAD2,year,iso2kPrimaryTimeseries,iso2k,
IC85LAD2,depth,iso2kPrimaryTimeseries,iso2k,
IC92HOML,year,iso2kPrimaryTimeseries,iso2k,
IC93BAGI,year,iso2kPrimaryTimeseries,iso2k,
IC93BAGI,depth,iso2kPrimaryTimeseries,iso2k,
IC93BAGI,year,iso2kPrimaryTimeseries,iso2k,
IC93BAGI,depth,iso2kPrimaryTimeseries,iso2k,
IC94THDP,year,iso2kPrimaryTimeseries,iso2k,
IC95FI87,year,iso2kPrimaryTimeseries,iso2k,
IC95THHU,year,iso2kPrimaryTimeseries,iso2k,
IC95THHU,year,iso2kPrimaryTimeseries,iso2k,
IC95THHU,year,iso2kPrimaryTimeseries,iso2k,
IC96ISE9,year,iso2kPrimaryTimeseries,iso2k,
IC96MOSS,year,iso2kPrimaryTimeseries,iso2k,
IC97GRGI,year,iso2kPrimaryTimeseries,iso2k,
IC97THGL,year,iso2kPrimaryTimeseries,iso2k,
IC98FIPE,year,iso2kPrimaryTimeseries,iso2k,
IC98THSA,year,iso2kPrimaryTimeseries,iso2k,
IC99IS89,year,iso2kPrimaryTimeseries,iso2k,
IC99ISS2,year,iso2kPrimaryTimeseries,iso2k,
IC99OE01,year,iso2kPrimaryTimeseries,iso2k,
IC99OE02,year,iso2kPrimaryTimeseries,iso2k,
IC99OE03,year,iso2kPrimaryTimeseries,iso2k,
IC99OE04,year,iso2kPrimaryTimeseries,iso2k,
IC99OE05,year,iso2kPrimaryTimeseries,iso2k,
IC99OE06,year,iso2kPrimaryTimeseries,iso2k,
IC99OE07,year,iso2kPrimaryTimeseries,iso2k,
IC99OE08,year,iso2kPrimaryTimeseries,iso2k,
IC99OE09,year,iso2kPrimaryTimeseries,iso2k,
IC99OE10,year,iso2kPrimaryTimeseries,iso2k,
IC99SCFH,year,iso2kPrimaryTimeseries,iso2k,
IW15MELD,year,iso2kPrimaryTimeseries,iso2k,
IW17OPOY,year,iso2kPrimaryTimeseries,iso2k,
J11,d18O,temp12kDkIndex,Temp12k,
J11,d13C,temp12kDkIndex,Temp12k,
JamesRossIsland.Mulvaney.2012,d2H,temp12kDkIndex,Temp12k,
JamesRossIsland.Mulvaney.2012,d2H,temp12kDkIndex,Temp12k,
JamesRossIsland.Mulvaney.2012,uncertaintyHigh-1,temp12kDkIndex,Temp12k,
JamesRossIsland.Mulvaney.2012,uncertaintyLow-1,temp12kDkIndex,Temp12k,
JamesRossIsland.Mulvaney.2012,d2H,temp12kDkIndex,Temp12k,
JamesRossIsland.Mulvaney.2012,uncertaintyHigh-1,temp12kDkIndex,Temp12k,
JamesRossIsland.Mulvaney.2012,uncertaintyLow-1,temp12kDkIndex,Temp12k,
Jansvetnet.Birks.2012,depth,QCCertification,HoloceneAbruptChange,
Jansvetnet.Birks.2012,age,QCCertification,HoloceneAbruptChange,
Jaragucave.Novello.2017,d18O,meetsHoloceneHydroclimateCriteria,HoloceneHydroclimate,SISAL-LiPD
Jaragucave.Novello.2017,d18O,meetsHoloceneHydroclimateCriteria,HoloceneHydroclimate,SISAL-LiPD
Jaragucave.Novello.2017,d18O,meetsHoloceneHydroclimateCriteria,HoloceneHydroclimate,SISAL-LiPD
Jaragucave.Novello.2017,d18O,meetsHoloceneHydroclimateCriteria,HoloceneHydroclimate,SISAL-LiPD
Jaragucave.Novello.2017,d18O,meetsHoloceneHydroclimateCriteria,HoloceneHydroclimate,SISAL-LiPD
jarburvatnet.Nesje.2001,depth,useInOnset,HoloceneAbruptChange,
jarburvatnet.Nesje.2001,age,useInOnset,HoloceneAbruptChange,
jarburvatnet.Nesje.2001,MS,useInOnset,HoloceneAbruptChange,RapidArcticWarming
Jeita.Cheng.2015,sampleID,temp12kDkIndex,Temp12k,
Jeitacave.Cheng.2015,d18O,meetsHoloceneHydroclimateCriteria,HoloceneHydroclimate,SISAL-LiPD
Jeitacave.Cheng.2015,d13C,meetsHoloceneHydroclimateCriteria,HoloceneHydroclimate,SISAL-LiPD
Jeitacave.Cheng.2015,d18O,meetsHoloceneHydroclimateCriteria,HoloceneHydroclimate,SISAL-LiPD
Jeitacave.Cheng.2015,d13C,meetsHoloceneHydroclimateCriteria,HoloceneHydroclimate,SISAL-LiPD
Jeitacave.Cheng.2015,d18O,meetsHoloceneHydroclimateCriteria,HoloceneHydroclimate,SISAL-LiPD
Jeitacave.Cheng.2015,d13C,meetsHoloceneHydroclimateCriteria,HoloceneHydroclimate,SISAL-LiPD
Jeitacave.Cheng.2015,d18O,meetsHoloceneHydroclimateCriteria,HoloceneHydroclimate,SISAL-LiPD
Jeitacave.Cheng.2015,notes,SISALEntityID,SISAL-LiPD;SISAL-LiPD;SISAL-LiPD,
Jenny.Larson.2016,age,useInOnset,HoloceneAbruptChange,
Jenny.Larson.2016,dryBulkDensity,temp12kDkIndex,Temp12k,
Jenny.Larson.2016,dryBulkDensity,useInOnset,HoloceneAbruptChange,
Jenny.Larson.2016,LOI,temp12kDkIndex,Temp12k,
Jenny.Larson.2016,LOI,useInOnset,HoloceneAbruptChange,
Jenny.Larson.2016,BSi,temp12kDkIndex,Temp12k,
Jenny.Larson.2016,BSi,useInOnset,HoloceneAbruptChange,
Jenny.Larson.2016,sedimentDry,temp12kDkIndex,Temp12k,
Jenny.Larson.2016,sedimentDry,useInOnset,HoloceneAbruptChange,
Jenny.Larson.2016,d13C,temp12kDkIndex,Temp12k,
Jenny.Larson.2016,d13C,useInOnset,HoloceneAbruptChange,
Jenny.Larson.2016,organicCarbon,temp12kDkIndex,Temp12k,
Jenny.Larson.2016,organicCarbon,useInOnset,HoloceneAbruptChange,
Jenny.Larson.2016,d15N,temp12kDkIndex,Temp12k,
Jenny.Larson.2016,d15N,useInOnset,HoloceneAbruptChange,
Jenny.Larson.2016,C/N,temp12kDkIndex,Temp12k,
Jenny.Larson.2016,C/N,useInOnset,HoloceneAbruptChange,
Jenny.Larson.2016,organicCarbon-1,temp12kDkIndex,Temp12k,
Jenny.Larson.2016,organicCarbon-1,useInOnset,HoloceneAbruptChange,
Jenny.Larson.2016,LOI-1,temp12kDkIndex,Temp12k,
Jenny.Larson.2016,LOI-1,useInOnset,HoloceneAbruptChange,
Jenny.Larson.2016,BSi-1,temp12kDkIndex,Temp12k,
Jenny.Larson.2016,BSi-1,useInOnset,HoloceneAbruptChange,
Jerusalemwestcave.Frumkin.2000,d18O,meetsHoloceneHydroclimateCriteria,HoloceneHydroclimate,SISAL-LiPD
JI18GAL01,year,coralExtensionRate,CoralHydro2k;GBRCD,
JI18GAL01,year,coralHydro2kGroup,CoralHydro2k,
JI18GAL01,year,jcpCorrected,CoralHydro2k,
JI18GAL01,year,jcpMeasured,CoralHydro2k;GBRCD,
JI18GAL01,year,jcpUsed,CoralHydro2k;GBRCD,
JI18GAL02,year,coralExtensionRate,CoralHydro2k;GBRCD,
JI18GAL02,year,coralHydro2kGroup,CoralHydro2k,
JI18GAL02,year,jcpCorrected,CoralHydro2k,
JI18GAL02,year,jcpMeasured,CoralHydro2k;GBRCD,
JI18GAL02,year,jcpUsed,CoralHydro2k;GBRCD,
Jiji.Bonnefille.2000,age,SISALEntityID,SISAL-LiPD;SISAL-LiPD;SISAL-LiPD,
Jiji.Bonnefille.2000,precipitation,SISALEntityID,SISAL-LiPD;SISAL-LiPD;SISAL-LiPD,HoloceneAbruptChange;Hydro21k;HoloceneHydroclimate
JinchueanBog.Yu.2013,uncertaintyHigh,temp12kDkIndex,Temp12k,
JinchueanBog.Yu.2013,uncertaintyLow-1,temp12kDkIndex,Temp12k,
Jiuxiancave.Cai.2010,d18O,meetsHoloceneHydroclimateCriteria,HoloceneHydroclimate,SISAL-LiPD;Hydro21k
Jiuxiancave.Cai.2010,d18O,meetsHoloceneHydroclimateCriteria,HoloceneHydroclimate,SISAL-LiPD
Jiuxiancave.Cai.2010,notes,SISALEntityID,SISAL-LiPD;SISAL-LiPD;SISAL-LiPD,
Jiuxiancave.Cai.2010,hasHiatus,SISALEntityID,SISAL-LiPD;SISAL-LiPD;SISAL-LiPD,
JM01-1199.Hald.2007,age,temp12kDkIndex,Temp12k,
JM01-1199.Hald.2007,age,useInOnset,HoloceneAbruptChange,
JM96-1207.Solignac.2013,age,useInOnset,HoloceneAbruptChange,
JM96-1207.Solignac.2013,depth,useInOnset,HoloceneAbruptChange,
JM96-1207.Solignac.2013,productivity,useInOnset,HoloceneAbruptChange,RapidArcticWarming
JM96-1207.Solignac.2013,needsToBeChanged,useInOnset,HoloceneAbruptChange,NAm21k-noPollen
JM96-1207.Solignac.2013,age,useInOnset,HoloceneAbruptChange,
JPC42.Caniupan.2014,core,temp12kDkIndex,Temp12k,
JPC67.Bertrand.2017,grainSize,temp12kDkIndex,Temp12k,
JR244_GC528.Roberts.2016,Uk37,temp12kDkIndex,Temp12k,
JR51-GC35.Bendle.2007,depth,temp12kDkIndex,Temp12k,
JR51-GC35.Bendle.2007,depth,useInOnset,HoloceneAbruptChange,
JR51-GC35.Bendle.2007,age,temp12kDkIndex,Temp12k,
JR51-GC35.Bendle.2007,age,useInOnset,HoloceneAbruptChange,
JT96_09,Uk37,temp12kDkIndex,Temp12k,
Juxtlahuacacave.Lachniet.2012,d18O,meetsHoloceneHydroclimateCriteria,HoloceneHydroclimate,SISAL-LiPD
Juxtlahuacacave.Lachniet.2012,d18O,meetsHoloceneHydroclimateCriteria,HoloceneHydroclimate,SISAL-LiPD
Juxtlahuacacave.Lachniet.2012,d13C,meetsHoloceneHydroclimateCriteria,HoloceneHydroclimate,SISAL-LiPD
Juxtlahuacacave.Lachniet.2012,d18O,meetsHoloceneHydroclimateCriteria,HoloceneHydroclimate,SISAL-LiPD
Juxtlahuacacave.Lachniet.2012,d18O,meetsHoloceneHydroclimateCriteria,HoloceneHydroclimate,SISAL-LiPD
Juxtlahuacacave.Lachniet.2012,d18O,meetsHoloceneHydroclimateCriteria,HoloceneHydroclimate,SISAL-LiPD
Juxtlahuacacave.Lachniet.2012,notes,SISALEntityID,SISAL-LiPD;SISAL-LiPD;SISAL-LiPD,
K2.Fallu.2005,depth,temp12kDkIndex,Temp12k,
K2.Fallu.2005,depth,useInOnset,HoloceneAbruptChange,
K2.Fallu.2005,age,temp12kDkIndex,Temp12k,
K2.Fallu.2005,age,useInOnset,HoloceneAbruptChange,
KA17RYU01,year,coralExtensionRate,CoralHydro2k;GBRCD,
KA17RYU01,year,coralHydro2kGroup,CoralHydro2k,
KA17RYU01,year,jcpCorrected,CoralHydro2k,
KA17RYU01,year,jcpMeasured,CoralHydro2k;GBRCD,
KA17RYU01,year,jcpUsed,CoralHydro2k;GBRCD,
KaiteCave.Dominguez-Villar.2017,d18O,QCCertification,HoloceneAbruptChange,
KaiteCave.Dominguez-Villar.2017,d18O,QCnotes,HoloceneAbruptChange,
KaiteCobreMayor.MartinChivelet.2011,core,temp12kDkIndex,Temp12k,
KaiteCobreMayor.MartinChivelet.2011,d13C,temp12kDkIndex,Temp12k,
KaiteCobreMayor.MartinChivelet.2011,needsToBeChanged,temp12kDkIndex,Temp12k,
Kamenicky.EPD,growing degree days,temp12kDkIndex,Temp12k,
Kamenicky.EPD,temperature,QCCertification,HoloceneAbruptChange,
Kamenicky.EPD,temperature,QCnotes,HoloceneAbruptChange,
Kamenicky.EPD,temperature,temp12kDkIndex,Temp12k,
Kamenicky.EPD,temperature-1,QCCertification,HoloceneAbruptChange,
Kamenicky.EPD,temperature-1,QCnotes,HoloceneAbruptChange,
Kamenicky.EPD,temperature-1,temp12kDkIndex,Temp12k,
Kamenicky.EPD,precipitation,temp12kDkIndex,Temp12k,
Kamenicky.EPD,precipitation,QCnotes,HoloceneAbruptChange,
Kamenicky.EPD,temperature-2,QCCertification,HoloceneAbruptChange,
Kamenicky.EPD,temperature-2,QCnotes,HoloceneAbruptChange,
Kamenicky.EPD,temperature-2,temp12kDkIndex,Temp12k,
Kanaancave.Nehme.2015,notes,SISALEntityID,SISAL-LiPD;SISAL-LiPD;SISAL-LiPD,
Karacacave.Rowe.2012,d13C,meetsHoloceneHydroclimateCriteria,HoloceneHydroclimate,SISAL-LiPD
Katerlochcave.Boch.2009,notes,SISALEntityID,SISAL-LiPD;SISAL-LiPD;SISAL-LiPD,
Kedarnath.Bhattacharya.2021,age,SISALEntityID,SISAL-LiPD;SISAL-LiPD;SISAL-LiPD,
Kedarnath.Bhattacharya.2021,ACL,SISALEntityID,SISAL-LiPD;SISAL-LiPD;SISAL-LiPD,Hydro21k;HoloceneAbruptChange;HoloceneHydroclimate
Kedarnath.Bhattacharya.2021,Paq,SISALEntityID,SISAL-LiPD;SISAL-LiPD;SISAL-LiPD,HoloceneAbruptChange;Hydro21k
Kedarnath.Bhattacharya.2021,C23n-alkanoicAcid,SISALEntityID,SISAL-LiPD;SISAL-LiPD;SISAL-LiPD,HoloceneAbruptChange;Hydro21k
Kesangcave.Cheng.2016,d18O,meetsHoloceneHydroclimateCriteria,HoloceneHydroclimate,SISAL-LiPD;HoloceneAbruptChange;Hydro21k
KH_79_3_L3,d18O,temp12kDkIndex,Temp12k,
KH_79_3_L3,Uk37,temp12kDkIndex,Temp12k,
KH_79_3_L3,temperature,QCCertification,HoloceneAbruptChange,
KH_79_3_L3,temperature,QCnotes,HoloceneAbruptChange,
KH_79_3_L3,temperature,temp12kDkIndex,Temp12k,
KH_79_3_L3,temperature-1,QCCertification,HoloceneAbruptChange,
KH_79_3_L3,temperature-1,QCnotes,HoloceneAbruptChange,
KH_79_3_L3,temperature-1,temp12kDkIndex,Temp12k,
Khoe.Leipe.2015,uncertaintyLow,temp12kDkIndex,Temp12k,
Khoe.Leipe.2015,uncertaintyHigh,temp12kDkIndex,Temp12k,
Khoe.Leipe.2015,needsToBeChanged,temp12kDkIndex,Temp12k,
Khoe.Leipe.2015,needsToBeChanged-1,temp12kDkIndex,Temp12k,
Khoe.Leipe.2015,uncertaintyLow-1,temp12kDkIndex,Temp12k,
Khoe.Leipe.2015,uncertaintyHigh-1,temp12kDkIndex,Temp12k,
Khoe.Leipe.2015,uncertaintyLow-2,temp12kDkIndex,Temp12k,
Khoe.Leipe.2015,uncertaintyHigh-2,temp12kDkIndex,Temp12k,
Khoe.Leipe.2015,uncertaintyLow-3,temp12kDkIndex,Temp12k,
Khoe.Leipe.2015,treeCover,temp12kDkIndex,Temp12k,
Khoe.Leipe.2015,uncertaintyHigh-3,temp12kDkIndex,Temp12k,
Khoe.Leipe.2015,needsToBeChanged-2,temp12kDkIndex,Temp12k,
KI04MCV01,year,coralExtensionRate,CoralHydro2k;GBRCD,
KI04MCV01,year,coralHydro2kGroup,CoralHydro2k,
KI04MCV01,year,jcpCorrected,CoralHydro2k,
KI04MCV01,year,jcpMeasured,CoralHydro2k;GBRCD,
KI04MCV01,year,jcpUsed,CoralHydro2k;GBRCD,
KI04MCV01,year,coralExtensionRate,CoralHydro2k;GBRCD,
KI04MCV01,year,coralHydro2kGroup,CoralHydro2k,
KI04MCV01,year,jcpCorrected,CoralHydro2k,
KI04MCV01,year,jcpMeasured,CoralHydro2k;GBRCD,
KI04MCV01,year,jcpUsed,CoralHydro2k;GBRCD,
KI08PAR01,year,coralExtensionRate,CoralHydro2k;GBRCD,
KI08PAR01,year,coralHydro2kGroup,CoralHydro2k,
KI08PAR01,year,jcpCorrected,CoralHydro2k,
KI08PAR01,year,jcpMeasured,CoralHydro2k;GBRCD,
KI08PAR01,year,jcpUsed,CoralHydro2k;GBRCD,
KI08PAR01,year,coralExtensionRate,CoralHydro2k;GBRCD,
KI08PAR01,year,coralHydro2kGroup,CoralHydro2k,
KI08PAR01,year,jcpCorrected,CoralHydro2k,
KI08PAR01,year,jcpMeasured,CoralHydro2k;GBRCD,
KI08PAR01,year,jcpUsed,CoralHydro2k;GBRCD,
KI08PAR01,Sr/Ca,ch2kCoreCode,CoralHydro2k,
KI08PAR01,Sr/Ca,coralExtensionRate,CoralHydro2k;GBRCD,
KI08PAR01,Sr/Ca,coralExtensionRateNotes,CoralHydro2k;GBRCD,
KI08PAR01,Sr/Ca,coralHydro2kGroup,CoralHydro2k,
KI08PAR01,Sr/Ca,jcpCorrected,CoralHydro2k,
KI08PAR01,Sr/Ca,jcpMeasured,CoralHydro2k;GBRCD,
KI08PAR01,Sr/Ca,jcpNotes,CoralHydro2k,
KI08PAR01,Sr/Ca,jcpUsed,CoralHydro2k;GBRCD,
KI08PAR01,year,coralExtensionRate,CoralHydro2k;GBRCD,
KI08PAR01,year,coralHydro2kGroup,CoralHydro2k,
KI08PAR01,year,jcpCorrected,CoralHydro2k,
KI08PAR01,year,jcpMeasured,CoralHydro2k;GBRCD,
KI08PAR01,year,jcpUsed,CoralHydro2k;GBRCD,
KI08PAR01,d18O,ch2kCoreCode,CoralHydro2k,
KI08PAR01,d18O,coralExtensionRate,CoralHydro2k;GBRCD,
KI08PAR01,d18O,coralExtensionRateNotes,CoralHydro2k;GBRCD,
KI08PAR01,d18O,coralHydro2kGroup,CoralHydro2k,
KI08PAR01,d18O,jcpCorrected,CoralHydro2k,
KI08PAR01,d18O,jcpMeasured,CoralHydro2k;GBRCD,
KI08PAR01,d18O,jcpUsed,CoralHydro2k;GBRCD,
KI08PAR01,year,coralExtensionRate,CoralHydro2k;GBRCD,
KI08PAR01,year,coralHydro2kGroup,CoralHydro2k,
KI08PAR01,year,jcpCorrected,CoralHydro2k,
KI08PAR01,year,jcpMeasured,CoralHydro2k;GBRCD,
KI08PAR01,year,jcpUsed,CoralHydro2k;GBRCD,
KI14PAR01,year,coralExtensionRate,CoralHydro2k;GBRCD,
KI14PAR01,year,coralHydro2kGroup,CoralHydro2k,
KI14PAR01,year,jcpCorrected,CoralHydro2k,
KI14PAR01,year,jcpMeasured,CoralHydro2k;GBRCD,
KI14PAR01,year,jcpUsed,CoralHydro2k;GBRCD,
KI14PAR01,year,coralExtensionRate,CoralHydro2k;GBRCD,
KI14PAR01,year,coralHydro2kGroup,CoralHydro2k,
KI14PAR01,year,jcpCorrected,CoralHydro2k,
KI14PAR01,year,jcpMeasured,CoralHydro2k;GBRCD,
KI14PAR01,year,jcpUsed,CoralHydro2k;GBRCD,
KI14PAR01,year,coralExtensionRate,CoralHydro2k;GBRCD,
KI14PAR01,year,coralHydro2kGroup,CoralHydro2k,
KI14PAR01,year,jcpCorrected,CoralHydro2k,
KI14PAR01,year,jcpMeasured,CoralHydro2k;GBRCD,
KI14PAR01,year,jcpUsed,CoralHydro2k;GBRCD,
KI14PAR01,Sr/Ca,ch2kCoreCode,CoralHydro2k,
KI14PAR01,Sr/Ca,coralExtensionRate,CoralHydro2k;GBRCD,
KI14PAR01,Sr/Ca,coralExtensionRateNotes,CoralHydro2k;GBRCD,
KI14PAR01,Sr/Ca,coralHydro2kGroup,CoralHydro2k,
KI14PAR01,Sr/Ca,jcpCorrected,CoralHydro2k,
KI14PAR01,Sr/Ca,jcpMeasured,CoralHydro2k;GBRCD,
KI14PAR01,Sr/Ca,jcpUsed,CoralHydro2k;GBRCD,
KI14PAR01,year,coralExtensionRate,CoralHydro2k;GBRCD,
KI14PAR01,year,coralHydro2kGroup,CoralHydro2k,
KI14PAR01,year,jcpCorrected,CoralHydro2k,
KI14PAR01,year,jcpMeasured,CoralHydro2k;GBRCD,
KI14PAR01,year,jcpUsed,CoralHydro2k;GBRCD,
KI14PAR01,d18O,ch2kCoreCode,CoralHydro2k,
KI14PAR01,d18O,coralExtensionRate,CoralHydro2k;GBRCD,
KI14PAR01,d18O,coralExtensionRateNotes,CoralHydro2k;GBRCD,
KI14PAR01,d18O,coralHydro2kGroup,CoralHydro2k,
KI14PAR01,d18O,jcpCorrected,CoralHydro2k,
KI14PAR01,d18O,jcpMeasured,CoralHydro2k;GBRCD,
KI14PAR01,d18O,jcpUsed,CoralHydro2k;GBRCD,
KI14PAR01,year,coralExtensionRate,CoralHydro2k;GBRCD,
KI14PAR01,year,coralHydro2kGroup,CoralHydro2k,
KI14PAR01,year,jcpCorrected,CoralHydro2k,
KI14PAR01,year,jcpMeasured,CoralHydro2k;GBRCD,
KI14PAR01,year,jcpUsed,CoralHydro2k;GBRCD,
KI14PAR01,d18O,ch2kCoreCode,CoralHydro2k,
KI14PAR01,d18O,coralExtensionRate,CoralHydro2k;GBRCD,
KI14PAR01,d18O,coralExtensionRateNotes,CoralHydro2k;GBRCD,
KI14PAR01,d18O,coralHydro2kGroup,CoralHydro2k,
KI14PAR01,d18O,jcpCorrected,CoralHydro2k,
KI14PAR01,d18O,jcpMeasured,CoralHydro2k;GBRCD,
KI14PAR01,d18O,jcpUsed,CoralHydro2k;GBRCD,
KI14PAR01,year,coralExtensionRate,CoralHydro2k;GBRCD,
KI14PAR01,year,coralHydro2kGroup,CoralHydro2k,
KI14PAR01,year,jcpCorrected,CoralHydro2k,
KI14PAR01,year,jcpMeasured,CoralHydro2k;GBRCD,
KI14PAR01,year,jcpUsed,CoralHydro2k;GBRCD,
Kilimanjaro.Thompson.2002,chlorine,temp12kDkIndex,Temp12k,
Kilimanjaro.Thompson.2002,nitrate,temp12kDkIndex,Temp12k,
Kilimanjaro.Thompson.2002,ammonium,temp12kDkIndex,Temp12k,
Kilimanjaro.Thompson.2002,magnesium,temp12kDkIndex,Temp12k,
Kilimanjaro.Thompson.2002,SO4,temp12kDkIndex,Temp12k,
Kinderlinskaya.Baker.2017,d18O,QCCertification,HoloceneAbruptChange,
Kinderlinskaya.Baker.2017,d18O,QCnotes,HoloceneAbruptChange,
KinderlinskayaCave.Baker.2017,notes,temp12kDkIndex,Temp12k,
KinderlinskayaCave.Baker.2017,notes,temp12kDkIndex,Temp12k,
KirmanLake.MacDonald.2016,LOI,temp12kDkIndex,Temp12k,
KirmanLake.MacDonald.2016,P. nitidum,temp12kDkIndex,Temp12k,
KirmanLake.MacDonald.2016,d13C,temp12kDkIndex,Temp12k,
KirmanLake.MacDonald.2016,d15N,temp12kDkIndex,Temp12k,
KirmanLake.MacDonald.2016,Pinus/Artemesia,temp12kDkIndex,Temp12k,
kjennsvatn.Bakke.2010,depth,useInOnset,HoloceneAbruptChange,
kjennsvatn.Bakke.2010,age,useInOnset,HoloceneAbruptChange,
kjennsvatn.Bakke.2010,bulkDensity,useInOnset,HoloceneAbruptChange,RapidArcticWarming
kjennsvatn.Bakke.2010,equilibriumLineAltitude,useInOnset,HoloceneAbruptChange,RapidArcticWarming
kjennsvatn.Bakke.2010,uncertainty,useInOnset,HoloceneAbruptChange,RapidArcticWarming
KL97DAH01,year,coralExtensionRate,CoralHydro2k;GBRCD,
KL97DAH01,year,coralHydro2kGroup,CoralHydro2k,
KL97DAH01,year,jcpCorrected,CoralHydro2k,
KL97DAH01,year,jcpMeasured,CoralHydro2k;GBRCD,
KL97DAH01,year,jcpUsed,CoralHydro2k;GBRCD,
KlangCave.Chawchai.2021,age,SISALEntityID,SISAL-LiPD;SISAL-LiPD;SISAL-LiPD,
KlangCave.Chawchai.2021,d18O,SISALEntityID,SISAL-LiPD;SISAL-LiPD;SISAL-LiPD,Hydro21k;HoloceneAbruptChange;HoloceneHydroclimate
KlangCave.Chawchai.2021,age,SISALEntityID,SISAL-LiPD;SISAL-LiPD;SISAL-LiPD,
KlangCave.Chawchai.2021,ITCZ,SISALEntityID,SISAL-LiPD;SISAL-LiPD;SISAL-LiPD,HoloceneAbruptChange
Kleegrubencave.C..2006,notes,SISALEntityID,SISAL-LiPD;SISAL-LiPD;SISAL-LiPD,
Klotjaernen.Pollen.Sweden,depth,QCCertification,HoloceneAbruptChange,
Klotjaernen.Pollen.Sweden,age,QCCertification,HoloceneAbruptChange,
KNR140_51GGC,d18O,temp12kDkIndex,Temp12k,
KNR159_5_36GGC.Carlson.2008,d18O,temp12kDkIndex,Temp12k,
KNR159_5_36GGC.Carlson.2008,Mg/Ca,temp12kDkIndex,Temp12k,
KNR159_JPC26.Antonarakou.2015,d18O,temp12kDkIndex,Temp12k,
KNR159_JPC26.Antonarakou.2015,d18O-1,temp12kDkIndex,Temp12k,
KNR159_JPC26.Antonarakou.2015,Mg/Ca,temp12kDkIndex,Temp12k,
KNR166_JPC26.Schmidt.2011,d18O,temp12kDkIndex,Temp12k,
KNR166_JPC51.Schmidt.2012,Mg/Ca,temp12kDkIndex,Temp12k,
KNR195_5_CDH23.Bova.2015,Uk37,temp12kDkIndex,Temp12k,
KNR195_5_CDH23.Bova.2015,Mg/Ca,temp12kDkIndex,Temp12k,
KNR195_5_CDH23.Bova.2015,d18O,temp12kDkIndex,Temp12k,
KNR195_5_CDH23.Bova.2015,d13C,temp12kDkIndex,Temp12k,
KNR195_5_CDH26.Bova.2015,Uk37,temp12kDkIndex,Temp12k,
Komosomolskaia.Ciais.1992,d2H,temp12kDkIndex,Temp12k,
Korallgrottancave.Sundqvist.2007,notes,SISALEntityID,SISAL-LiPD;SISAL-LiPD;SISAL-LiPD,
Kotokel.Tarasov.2009,broadleavedWoodyCover,temp12kDkIndex,Temp12k,
Kotokel.Tarasov.2009,uncertainty1s,temp12kDkIndex,Temp12k,
Kotokel.Tarasov.2009,NeedleleavedWoodyCover,temp12kDkIndex,Temp12k,
Kotokel.Tarasov.2009,NeedleleavedWoodyCover-1,temp12kDkIndex,Temp12k,
Kotokel.Tarasov.2009,percent,temp12kDkIndex,Temp12k,
Kotokel.Tarasov.2009,landscapeCover,temp12kDkIndex,Temp12k,
Kotokel.Tarasov.2009,Score_Tundra,temp12kDkIndex,Temp12k,
Kotokel.Tarasov.2009,Score_Taiga,temp12kDkIndex,Temp12k,
Kotokel.Tarasov.2009,Score_Steppe,temp12kDkIndex,Temp12k,
Kotokel.Tarasov.2009,BorealTrees,temp12kDkIndex,Temp12k,
Kotokel.Tarasov.2009,BorealShrubs,temp12kDkIndex,Temp12k,
Kotokel.Tarasov.2009,herbs,temp12kDkIndex,Temp12k,
Kotokel.Tarasov.2009,Pollen_spores_Total,temp12kDkIndex,Temp12k,
Koucha.Herzschuh.2009,depth,QCCertification,HoloceneAbruptChange,
Koucha.Herzschuh.2009,age,QCCertification,HoloceneAbruptChange,
Koucha.Herzschuh.2009,uncertaintyHigh,QCCertification,HoloceneAbruptChange,
Koucha.Herzschuh.2009,uncertaintyHigh,temp12kDkIndex,Temp12k,
Koucha.Herzschuh.2009,uncertaintyLow,QCCertification,HoloceneAbruptChange,
Koucha.Herzschuh.2009,uncertaintyLow,temp12kDkIndex,Temp12k,
Koucha.Herzschuh.2009,isReliable,QCCertification,HoloceneAbruptChange,
Koucha.Herzschuh.2009,isReliable,temp12kDkIndex,Temp12k,
KR02.Peros.2008,depth,useInOnset,HoloceneAbruptChange,
KR02.Peros.2008,age,useInOnset,HoloceneAbruptChange,
KR02.Peros.2008,organicMatter,useInOnset,HoloceneAbruptChange,RapidArcticWarming
KR02.Peros.2008,carbonate,useInOnset,HoloceneAbruptChange,RapidArcticWarming
KR02.Peros.2008,MS,useInOnset,HoloceneAbruptChange,RapidArcticWarming
KR02.Peros.2008,BSi,useInOnset,HoloceneAbruptChange,NAm21k-noPollen;RapidArcticWarming
KR02.Peros.2008,depth,useInOnset,HoloceneAbruptChange,
KR02.Peros.2008,age,useInOnset,HoloceneAbruptChange,
KR02Pollen.Peros.2008,depth,QCCertification,HoloceneAbruptChange,
KR02Pollen.Peros.2008,age,QCCertification,HoloceneAbruptChange,
KR20SAR01,year,coralExtensionRate,CoralHydro2k;GBRCD,
KR20SAR01,year,coralHydro2kGroup,CoralHydro2k,
KR20SAR01,year,jcpCorrected,CoralHydro2k,
KR20SAR01,year,jcpMeasured,CoralHydro2k;GBRCD,
KR20SAR01,year,jcpUsed,CoralHydro2k;GBRCD,
KR20SAR01,year,coralExtensionRate,CoralHydro2k;GBRCD,
KR20SAR01,year,coralHydro2kGroup,CoralHydro2k,
KR20SAR01,year,jcpCorrected,CoralHydro2k,
KR20SAR01,year,jcpMeasured,CoralHydro2k;GBRCD,
KR20SAR01,year,jcpUsed,CoralHydro2k;GBRCD,
KR20SAR01,year,coralExtensionRate,CoralHydro2k;GBRCD,
KR20SAR01,year,coralHydro2kGroup,CoralHydro2k,
KR20SAR01,year,jcpCorrected,CoralHydro2k,
KR20SAR01,year,jcpMeasured,CoralHydro2k;GBRCD,
KR20SAR01,year,jcpUsed,CoralHydro2k;GBRCD,
KR20SAR02,year,coralExtensionRate,CoralHydro2k;GBRCD,
KR20SAR02,year,coralHydro2kGroup,CoralHydro2k,
KR20SAR02,year,jcpCorrected,CoralHydro2k,
KR20SAR02,year,jcpMeasured,CoralHydro2k;GBRCD,
KR20SAR02,year,jcpUsed,CoralHydro2k;GBRCD,
KR20SAR02,year,coralExtensionRate,CoralHydro2k;GBRCD,
KR20SAR02,year,coralHydro2kGroup,CoralHydro2k,
KR20SAR02,year,jcpCorrected,CoralHydro2k,
KR20SAR02,year,jcpMeasured,CoralHydro2k;GBRCD,
KR20SAR02,year,jcpUsed,CoralHydro2k;GBRCD,
KR20SAR02,year,coralExtensionRate,CoralHydro2k;GBRCD,
KR20SAR02,year,coralHydro2kGroup,CoralHydro2k,
KR20SAR02,year,jcpCorrected,CoralHydro2k,
KR20SAR02,year,jcpMeasured,CoralHydro2k;GBRCD,
KR20SAR02,year,jcpUsed,CoralHydro2k;GBRCD,
KT05_7_PC_02.Kawahata.2009,dryBulkDensity,temp12kDkIndex,Temp12k,
KT05_7_PC_02.Kawahata.2009,organicCarbon,temp12kDkIndex,Temp12k,
KT05_7_PC_02.Kawahata.2009,CaCO3,temp12kDkIndex,Temp12k,
KT05_7_PC_02.Kawahata.2009,Uk37,temp12kDkIndex,Temp12k,
KT05_7_PC_02.Kawahata.2009,C37Alkenone,temp12kDkIndex,Temp12k,
KT92_17_St14,Uk37,temp12kDkIndex,Temp12k,
KU00NIN01,year,coralExtensionRate,CoralHydro2k;GBRCD,
KU00NIN01,year,coralHydro2kGroup,CoralHydro2k,
KU00NIN01,year,jcpCorrected,CoralHydro2k,
KU00NIN01,year,jcpMeasured,CoralHydro2k;GBRCD,
KU00NIN01,year,jcpUsed,CoralHydro2k;GBRCD,
KU99HOU01,year,coralExtensionRate,CoralHydro2k;GBRCD,
KU99HOU01,year,coralHydro2kGroup,CoralHydro2k,
KU99HOU01,year,jcpCorrected,CoralHydro2k,
KU99HOU01,year,jcpMeasured,CoralHydro2k;GBRCD,
KU99HOU01,year,jcpUsed,CoralHydro2k;GBRCD,
Kupena.EPD,growing degree days,temp12kDkIndex,Temp12k,
Kupena.EPD,temperature,QCCertification,HoloceneAbruptChange,
Kupena.EPD,temperature,QCRemainingIssues,HoloceneAbruptChange,
Kupena.EPD,temperature,temp12kDkIndex,Temp12k,
Kupena.EPD,temperature-1,QCCertification,HoloceneAbruptChange,
Kupena.EPD,temperature-1,QCRemainingIssues,HoloceneAbruptChange,
Kupena.EPD,temperature-1,temp12kDkIndex,Temp12k,
Kupena.EPD,precipitation,temp12kDkIndex,Temp12k,
Kupena.EPD,precipitation,QCnotes,HoloceneAbruptChange,
Kupena.EPD,temperature-2,QCCertification,HoloceneAbruptChange,
Kupena.EPD,temperature-2,QCRemainingIssues,HoloceneAbruptChange,
Kupena.EPD,temperature-2,temp12kDkIndex,Temp12k,
Kusawa.Chakraborty.2010,depth,temp12kDkIndex,Temp12k,
Kusawa.Chakraborty.2010,depth,useInOnset,HoloceneAbruptChange,
Kusawa.Chakraborty.2010,age,temp12kDkIndex,Temp12k,
Kusawa.Chakraborty.2010,age,useInOnset,HoloceneAbruptChange,
KY07_04_01.Kubota.2010,Mg/Ca,temp12kDkIndex,Temp12k,
KY07_04_PC1.Kubota.2010,Mg/Ca,temp12kDkIndex,Temp12k,
Kyutyunda.Biskaborn.2016,depth,QCCertification,HoloceneAbruptChange,
Kyutyunda.Biskaborn.2016,age,QCCertification,HoloceneAbruptChange,
LacAurelie.Bajolle.2018,isReliable,temp12kDkIndex,Temp12k,
LacBrule.Pollen.Canada,depth,QCCertification,HoloceneAbruptChange,
LacBrule.Pollen.Canada,age,QCCertification,HoloceneAbruptChange,
LacBrule.Pollen.Canada,temperature,QCCertification,HoloceneAbruptChange,
LacBrule.Pollen.Canada,temperature,temp12kDkIndex,Temp12k,
LacBrule.Pollen.Canada,temperature,QCnotes,HoloceneAbruptChange,
LacBrule.Pollen.Canada,isReliable,QCCertification,HoloceneAbruptChange,
LacBrule.Pollen.Canada,isReliable,temp12kDkIndex,Temp12k,
LacBrule.Pollen.Canada,temperature-1,QCCertification,HoloceneAbruptChange,
LacBrule.Pollen.Canada,temperature-1,temp12kDkIndex,Temp12k,
LacBrule.Pollen.Canada,temperature-1,QCnotes,HoloceneAbruptChange,
LacdeBretaye.EPD,growing degree days,temp12kDkIndex,Temp12k,
LacdeBretaye.EPD,temperature,QCnotes,HoloceneAbruptChange,
LacdeBretaye.EPD,temperature,temp12kDkIndex,Temp12k,
LacdeBretaye.EPD,temperature-1,QCnotes,HoloceneAbruptChange,
LacdeBretaye.EPD,temperature-1,temp12kDkIndex,Temp12k,
LacdeBretaye.EPD,precipitation,temp12kDkIndex,Temp12k,
LacdeBretaye.EPD,precipitation,QCnotes,HoloceneAbruptChange,
LacdeBretaye.EPD,temperature-2,QCnotes,HoloceneAbruptChange,
LacdeBretaye.EPD,temperature-2,temp12kDkIndex,Temp12k,
LacduSommet.Hausmann.2011,isReliable,temp12kDkIndex,Temp12k,
LacNoir.Pollen.Canada,depth,QCCertification,HoloceneAbruptChange,
LacNoir.Pollen.Canada,age,QCCertification,HoloceneAbruptChange,
LacNoir.Pollen.Canada,temperature,QCCertification,HoloceneAbruptChange,
LacNoir.Pollen.Canada,temperature,temp12kDkIndex,Temp12k,
LacNoir.Pollen.Canada,temperature,QCnotes,HoloceneAbruptChange,
LacNoir.Pollen.Canada,isReliable,QCCertification,HoloceneAbruptChange,
LacNoir.Pollen.Canada,isReliable,temp12kDkIndex,Temp12k,
LaGarmacave.Baldini.2015,d18O,meetsHoloceneHydroclimateCriteria,HoloceneHydroclimate,SISAL-LiPD
LaGarmacave.Baldini.2015,d13C,meetsHoloceneHydroclimateCriteria,HoloceneHydroclimate,SISAL-LiPD
LaGarmacave.Baldini.2015,notes,SISALEntityID,SISAL-LiPD;SISAL-LiPD;SISAL-LiPD,
LagoMoreno.Markgraf.2002,sampleID,QCCertification,HoloceneAbruptChange,
LagoMoreno.Markgraf.2002,sampleID,temp12kDkIndex,Temp12k,
LagoMoreno.Markgraf.2002,depth,QCCertification,HoloceneAbruptChange,
LagoMoreno.Markgraf.2002,age,QCCertification,HoloceneAbruptChange,
LagoMoreno.Markgraf.2002,uncertaintyHigh,QCCertification,HoloceneAbruptChange,
LagoMoreno.Markgraf.2002,uncertaintyHigh,temp12kDkIndex,Temp12k,
LagoMoreno.Markgraf.2002,uncertaintyLow,QCCertification,HoloceneAbruptChange,
LagoMoreno.Markgraf.2002,uncertaintyLow,temp12kDkIndex,Temp12k,
LagoMoreno.Markgraf.2002,uncertaintyHigh-1,QCCertification,HoloceneAbruptChange,
LagoMoreno.Markgraf.2002,uncertaintyHigh-1,temp12kDkIndex,Temp12k,
LagoMoreno.Markgraf.2002,uncertaintyLow-1,QCCertification,HoloceneAbruptChange,
LagoMoreno.Markgraf.2002,uncertaintyLow-1,temp12kDkIndex,Temp12k,
LagoVerdarolo.Samartin.2011,needsToBeChanged,temp12kDkIndex,Temp12k,
LagoVerdarolo.Samartin.2011,temperature-1,temp12kDkIndex,Temp12k,
LagoVerdarolo.Samartin.2011,temperature-2,temp12kDkIndex,Temp12k,
LagunaChaplin.Punyasena.2008,depth,QCCertification,HoloceneAbruptChange,
LagunaChaplin.Punyasena.2008,age,QCCertification,HoloceneAbruptChange,
LagunaChaplin.Punyasena.2008,uncertaintyLow,QCCertification,HoloceneAbruptChange,
LagunaChaplin.Punyasena.2008,uncertaintyHigh,QCCertification,HoloceneAbruptChange,
LagunaChaplin.Punyasena.2008,uncertaintyHigh-1,QCCertification,HoloceneAbruptChange,
LagunaChaplin.Punyasena.2008,uncertaintyHigh-1,temp12kDkIndex,Temp12k,
LagunaChaplin.Punyasena.2008,uncertaintyLow-1,QCCertification,HoloceneAbruptChange,
LagunaChaplin.Punyasena.2008,uncertaintyLow-1,temp12kDkIndex,Temp12k,
LagunaChaplin.Punyasena.2008,isReliable,QCCertification,HoloceneAbruptChange,
LagunaChaplin.Punyasena.2008,isReliable,temp12kDkIndex,Temp12k,
LagunaDeAljojuca.Bhattacharya.2015,d13C,temp12kDkIndex,Temp12k,
LagunadelaLeche.Peros.2007,precipitation-3,QCnotes,HoloceneAbruptChange,
Laihalampi.Giesecke.2008,age,QCCertification,HoloceneAbruptChange,
LakeAspvatnet_ELA.Bakke.2005,year,useInOnset,HoloceneAbruptChange,
LakeAspvatnet_ELA.Bakke.2005,age,useInOnset,HoloceneAbruptChange,
LakeMina.Pollen.USA,age,QCCertification,HoloceneAbruptChange,
LakeMina.Pollen.USA,uncertaintyLow,QCCertification,HoloceneAbruptChange,
LakeMina.Pollen.USA,uncertaintyHigh,QCCertification,HoloceneAbruptChange,
LakeMina.Pollen.USA,temperature,QCCertification,HoloceneAbruptChange,
LakeMina.Pollen.USA,temperature,temp12kDkIndex,Temp12k,
LakeMina.Pollen.USA,temperature,QCnotes,HoloceneAbruptChange,
LakeMina.Pollen.USA,isReliable,QCCertification,HoloceneAbruptChange,
LakeMina.Pollen.USA,isReliable,temp12kDkIndex,Temp12k,
LakeMina.Pollen.USA,temperature-1,QCCertification,HoloceneAbruptChange,
LakeMina.Pollen.USA,temperature-1,temp12kDkIndex,Temp12k,
LakeMina.Pollen.USA,temperature-1,QCnotes,HoloceneAbruptChange,
LakeMina.Pollen.USA,isReliable-1,QCCertification,HoloceneAbruptChange,
LakeMina.Pollen.USA,isReliable-1,temp12kDkIndex,Temp12k,
LakeMina.Pollen.USA,temperature-2,QCCertification,HoloceneAbruptChange,
LakeMina.Pollen.USA,temperature-2,temp12kDkIndex,Temp12k,
LakeMina.Pollen.USA,temperature-2,QCnotes,HoloceneAbruptChange,
LakeoftheWoods.Palmer.2002,depth,temp12kDkIndex,Temp12k,
LakeoftheWoods.Palmer.2002,age,temp12kDkIndex,Temp12k,
LancasterHole.Atkinson.2013,notes,SISALEntityID,SISAL-LiPD;SISAL-LiPD;SISAL-LiPD,
Lapagrandecave.Strikis.2011,d18O,meetsHoloceneHydroclimateCriteria,HoloceneHydroclimate,SISAL-LiPD
Lapagrandecave.Strikis.2011,d18O,meetsHoloceneHydroclimateCriteria,HoloceneHydroclimate,SISAL-LiPD
Lapagrandecave.Strikis.2011,d18O,meetsHoloceneHydroclimateCriteria,HoloceneHydroclimate,SISAL-LiPD
Lapagrandecave.Strikis.2011,d18O,meetsHoloceneHydroclimateCriteria,HoloceneHydroclimate,SISAL-LiPD
Lapagrandecave.Strikis.2011,d18O,meetsHoloceneHydroclimateCriteria,HoloceneHydroclimate,SISAL-LiPD
Lapagrandecave.Strikis.2011,notes,SISALEntityID,SISAL-LiPD;SISAL-LiPD;SISAL-LiPD,
LaPAS_KF02.Pivel.2013,uncertainty,temp12kDkIndex,Temp12k,
LaPAS_KF02.Pivel.2013,d18O,temp12kDkIndex,Temp12k,
Lapasemfimcave.N.M..2015,notes,SISALEntityID,SISAL-LiPD;SISAL-LiPD;SISAL-LiPD,
LashmarsLagoon.Rahman.2025,d13C,hydroclimate2kCertification,hydroclimate2k,
Lehmancaves.Lachniet.2014,sampleID,SISALEntityID,SISAL-LiPD;SISAL-LiPD;SISAL-LiPD,NAm21k-noPollen
Lehmancaves.Lachniet.2014,d13C,SISALEntityID,SISAL-LiPD;SISAL-LiPD;SISAL-LiPD,NAm21k-noPollen;HoloceneHydroclimate;HoloceneAbruptChange
LehmanCaves.Steponaitis.2015,d18O,temp12kDkIndex,Temp12k,
LehmanCaves.Steponaitis.2015,d13C,temp12kDkIndex,Temp12k,
LehmanCaves.Steponaitis.2015,Sr/Ca,temp12kDkIndex,Temp12k,
LehmanCaves.Steponaitis.2015,Mg/Ca,temp12kDkIndex,Temp12k,
LehmanCaves.Steponaitis.2015,Sr/Ca,temp12kDkIndex,Temp12k,
Leviathan.Lachniet.2014,d18O,SISALEntityID,SISAL-LiPD;SISAL-LiPD;SISAL-LiPD,HoloceneAbruptChange
Leviathan.Lachniet.2014,year,SISALEntityID,SISAL-LiPD;SISAL-LiPD;SISAL-LiPD,
Leviathan.Lachniet.2014,age,SISALEntityID,SISAL-LiPD;SISAL-LiPD;SISAL-LiPD,
Leviathan.Lachniet.2014,depth,SISALEntityID,SISAL-LiPD;SISAL-LiPD;SISAL-LiPD,
Leviathan.Lachniet.2014,d13C,SISALEntityID,SISAL-LiPD;SISAL-LiPD;SISAL-LiPD,wNAm;HoloceneAbruptChange;HoloceneHydroclimate;hydroclimate2k
Leviathan.Lachniet.2014,d18O,SISALEntityID,SISAL-LiPD;SISAL-LiPD;SISAL-LiPD,wNAm;Temp12k;HoloceneAbruptChange
Leviathan.Lachniet.2014,age,SISALEntityID,SISAL-LiPD;SISAL-LiPD;SISAL-LiPD,
Leviathancave.Lachniet.2014,d18O,meetsHoloceneHydroclimateCriteria,HoloceneHydroclimate,NAm21k-noPollen
Leviathancave.Lachniet.2014,d18O,SISALEntityID,SISAL-LiPD;SISAL-LiPD;SISAL-LiPD,NAm21k-noPollen
Leviathancave.Lachniet.2014,uncertainty-1,SISALEntityID,SISAL-LiPD;SISAL-LiPD;SISAL-LiPD,NAm21k-noPollen
Leviathancave.Lachniet.2014,d13C,meetsHoloceneHydroclimateCriteria,HoloceneHydroclimate,NAm21k-noPollen
Leviathancave.Lachniet.2014,d13C,SISALEntityID,SISAL-LiPD;SISAL-LiPD;SISAL-LiPD,NAm21k-noPollen
Leviathancave.Lachniet.2014,uncertainty-3,SISALEntityID,SISAL-LiPD;SISAL-LiPD;SISAL-LiPD,NAm21k-noPollen
LI00RAR01,year,coralExtensionRate,CoralHydro2k;GBRCD,
LI00RAR01,year,coralHydro2kGroup,CoralHydro2k,
LI00RAR01,year,jcpCorrected,CoralHydro2k,
LI00RAR01,year,jcpMeasured,CoralHydro2k;GBRCD,
LI00RAR01,year,jcpUsed,CoralHydro2k;GBRCD,
LI00RAR01,year,coralExtensionRate,CoralHydro2k;GBRCD,
LI00RAR01,year,coralHydro2kGroup,CoralHydro2k,
LI00RAR01,year,jcpCorrected,CoralHydro2k,
LI00RAR01,year,jcpMeasured,CoralHydro2k;GBRCD,
LI00RAR01,year,jcpUsed,CoralHydro2k;GBRCD,
LI00RAR01,year,coralExtensionRate,CoralHydro2k;GBRCD,
LI00RAR01,year,coralHydro2kGroup,CoralHydro2k,
LI00RAR01,year,jcpCorrected,CoralHydro2k,
LI00RAR01,year,jcpMeasured,CoralHydro2k;GBRCD,
LI00RAR01,year,jcpUsed,CoralHydro2k;GBRCD,
LI04FIJ01,year,coralExtensionRate,CoralHydro2k;GBRCD,
LI04FIJ01,year,coralHydro2kGroup,CoralHydro2k,
LI04FIJ01,year,jcpCorrected,CoralHydro2k,
LI04FIJ01,year,jcpMeasured,CoralHydro2k;GBRCD,
LI04FIJ01,year,jcpUsed,CoralHydro2k;GBRCD,
LI04FIJ01,year,coralExtensionRate,CoralHydro2k;GBRCD,
LI04FIJ01,year,coralHydro2kGroup,CoralHydro2k,
LI04FIJ01,year,jcpCorrected,CoralHydro2k,
LI04FIJ01,year,jcpMeasured,CoralHydro2k;GBRCD,
LI04FIJ01,year,jcpUsed,CoralHydro2k;GBRCD,
LI04FIJ01,year,coralExtensionRate,CoralHydro2k;GBRCD,
LI04FIJ01,year,coralHydro2kGroup,CoralHydro2k,
LI04FIJ01,year,jcpCorrected,CoralHydro2k,
LI04FIJ01,year,jcpMeasured,CoralHydro2k;GBRCD,
LI04FIJ01,year,jcpUsed,CoralHydro2k;GBRCD,
LI06FIJ01,year,coralExtensionRate,CoralHydro2k;GBRCD,
LI06FIJ01,year,coralHydro2kGroup,CoralHydro2k,
LI06FIJ01,year,jcpCorrected,CoralHydro2k,
LI06FIJ01,year,jcpMeasured,CoralHydro2k;GBRCD,
LI06FIJ01,year,jcpUsed,CoralHydro2k;GBRCD,
LI06RAR01,year,coralExtensionRate,CoralHydro2k;GBRCD,
LI06RAR01,year,coralHydro2kGroup,CoralHydro2k,
LI06RAR01,year,jcpCorrected,CoralHydro2k,
LI06RAR01,year,jcpMeasured,CoralHydro2k;GBRCD,
LI06RAR01,year,jcpUsed,CoralHydro2k;GBRCD,
LI06RAR02,year,coralExtensionRate,CoralHydro2k;GBRCD,
LI06RAR02,year,coralHydro2kGroup,CoralHydro2k,
LI06RAR02,year,jcpCorrected,CoralHydro2k,
LI06RAR02,year,jcpMeasured,CoralHydro2k;GBRCD,
LI06RAR02,year,jcpUsed,CoralHydro2k;GBRCD,
LI94SEC01,year,coralExtensionRate,CoralHydro2k;GBRCD,
LI94SEC01,year,coralHydro2kGroup,CoralHydro2k,
LI94SEC01,year,jcpCorrected,CoralHydro2k,
LI94SEC01,year,jcpMeasured,CoralHydro2k;GBRCD,
LI94SEC01,year,jcpUsed,CoralHydro2k;GBRCD,
LI99CLI01,year,coralExtensionRate,CoralHydro2k;GBRCD,
LI99CLI01,year,coralHydro2kGroup,CoralHydro2k,
LI99CLI01,year,jcpCorrected,CoralHydro2k,
LI99CLI01,year,jcpMeasured,CoralHydro2k;GBRCD,
LI99CLI01,year,jcpUsed,CoralHydro2k;GBRCD,
LiangLuar.Griffiths.2016,d18O,meetsHoloceneHydroclimateCriteria,HoloceneHydroclimate,SISAL-LiPD
LiangLuar.Griffiths.2016,d18O,meetsHoloceneHydroclimateCriteria,HoloceneHydroclimate,SISAL-LiPD
LiangLuar.Griffiths.2016,d18O,meetsHoloceneHydroclimateCriteria,HoloceneHydroclimate,SISAL-LiPD
LianhuacaveHunan.Cosford.2008,d18O,meetsHoloceneHydroclimateCriteria,HoloceneHydroclimate,SISAL-LiPD
LianhuacaveHunan.Cosford.2008,d13C,meetsHoloceneHydroclimateCriteria,HoloceneHydroclimate,SISAL-LiPD
LittleWindy.Minckley.2012,uncertaintyHigh,temp12kDkIndex,Temp12k,
LittleWindy.Minckley.2012,uncertaintyLow,temp12kDkIndex,Temp12k,
LittleWindy.Minckley.2012,year-1,temp12kDkIndex,Temp12k,
Llet-T.liranta.2015,depth,QCCertification,HoloceneAbruptChange,
Llet-T.liranta.2015,age,QCCertification,HoloceneAbruptChange,
LO09-14.Berner.2008,depth,temp12kDkIndex,Temp12k,
LO09-14.Berner.2008,depth,useInOnset,HoloceneAbruptChange,
LO09-14.Berner.2008,age,temp12kDkIndex,Temp12k,
LO09-14.Berner.2008,age,useInOnset,HoloceneAbruptChange,
Lobatsecave.Holmgren.1995,notes,SISALEntityID,SISAL-LiPD;SISAL-LiPD;SISAL-LiPD,
LochantSuidhe.Edwards.2007,depth,QCCertification,HoloceneAbruptChange,
Lochnagar30.Dalton.2005,age,QCCertification,HoloceneAbruptChange,
Lochnagar30.Dalton.2005,age,QCCertification,HoloceneAbruptChange,
LonarLake.Prasad.2014,calcium,temp12kDkIndex,Temp12k,
LonarLake.Prasad.2014,aluminum,temp12kDkIndex,Temp12k,
LonarLake.Prasad.2014,titanium,temp12kDkIndex,Temp12k,
LonarLake.Prasad.2014,silicon,temp12kDkIndex,Temp12k,
LonarLake.Prasad.2014,potassium,temp12kDkIndex,Temp12k,
LonarLake.Prasad.2014,nitrogen,temp12kDkIndex,Temp12k,
LonarLake.Prasad.2014,d15N,temp12kDkIndex,Temp12k,
LonarLake.Prasad.2014,C/N,temp12kDkIndex,Temp12k,
LonarLake.Prasad.2014,organicCarbon,temp12kDkIndex,Temp12k,
LonarLake.Prasad.2014,d13C,temp12kDkIndex,Temp12k,
LonarLake.Prasad.2014,d13C,temp12kDkIndex,Temp12k,
LonarLake.Prasad.2014,count,temp12kDkIndex,Temp12k,
LonarLake.Prasad.2014,needsToBeChanged,temp12kDkIndex,Temp12k,
LonarLake.Prasad.2014,uncertainty1s,temp12kDkIndex,Temp12k,
LonarLake.Prasad.2014,needsToBeChanged,temp12kDkIndex,Temp12k,
LonarLake.Prasad.2014,needsToBeChanged-1,temp12kDkIndex,Temp12k,
LonarLake.Prasad.2014,Thronshrub,temp12kDkIndex,Temp12k,
LonarLake.Prasad.2014,Ailanthus,temp12kDkIndex,Temp12k,
LonarLake.Prasad.2014,sedimentationRate,temp12kDkIndex,Temp12k,
Lonespruce.Kaufman.2012,depth,temp12kDkIndex,Temp12k,
Lonespruce.Kaufman.2012,depth,useInOnset,HoloceneAbruptChange,
Lonespruce.Kaufman.2012,depth-1,temp12kDkIndex,Temp12k,
Lonespruce.Kaufman.2012,depth-1,useInOnset,HoloceneAbruptChange,
Lonespruce.Kaufman.2012,age,temp12kDkIndex,Temp12k,
Lonespruce.Kaufman.2012,age,useInOnset,HoloceneAbruptChange,
Longwoods.Wilmshurst.2007,sampleID,QCCertification,HoloceneAbruptChange,
Longwoods.Wilmshurst.2007,sampleID,temp12kDkIndex,Temp12k,
Longwoods.Wilmshurst.2007,depth,QCCertification,HoloceneAbruptChange,
Longwoods.Wilmshurst.2007,age,QCCertification,HoloceneAbruptChange,
Longwoods.Wilmshurst.2007,uncertaintyHigh,QCCertification,HoloceneAbruptChange,
Longwoods.Wilmshurst.2007,uncertaintyHigh,temp12kDkIndex,Temp12k,
Longwoods.Wilmshurst.2007,uncertaintyLow,QCCertification,HoloceneAbruptChange,
Longwoods.Wilmshurst.2007,uncertaintyLow,temp12kDkIndex,Temp12k,
LoughMeenachrinna.Taylor.2018,uncertaintyHigh-1,temp12kDkIndex,Temp12k,
LoughMeenachrinna.Taylor.2018,uncertaintyLow-1,temp12kDkIndex,Temp12k,
LoughMeenachrinna.Taylor.2018,isReliable,temp12kDkIndex,Temp12k,
LowerBearLake.Kirby.2012,MS,temp12kDkIndex,Temp12k,
LS00SEJU,age,iso2kPrimaryTimeseries,iso2k,
LS00SEJU,depth,iso2kPrimaryTimeseries,iso2k,
LS00WODE,year,iso2kPrimaryTimeseries,iso2k,
LS00WODE,depth,iso2kPrimaryTimeseries,iso2k,
LS01HOCH,age,iso2kPrimaryTimeseries,iso2k,
LS01HOCH,depth,iso2kPrimaryTimeseries,iso2k,
LS01HUFA,d18O,hydroclimate2kCertification,hydroclimate2k,iso2k
LS01HUFA,year,iso2kPrimaryTimeseries,iso2k,
LS01HUFA,depth,iso2kPrimaryTimeseries,iso2k,
LS01HUFA,d18O-1,hydroclimate2kCertification,hydroclimate2k,iso2k
LS02BEPY,year,iso2kPrimaryTimeseries,iso2k,
LS02BEPY,depth,iso2kPrimaryTimeseries,iso2k,
LS02HATI,depthTop,iso2kPrimaryTimeseries,iso2k,
LS02HATI,depthBottom,iso2kPrimaryTimeseries,iso2k,
LS02HATI,year-1,iso2kPrimaryTimeseries,iso2k,
LS02HATI,depth,iso2kPrimaryTimeseries,iso2k,
LS02ROSA,year,iso2kPrimaryTimeseries,iso2k,
LS02ROSA,depth,iso2kPrimaryTimeseries,iso2k,
LS03HAIG,age,iso2kPrimaryTimeseries,iso2k,
LS03HAIG,depth,iso2kPrimaryTimeseries,iso2k,
LS03RUED,year,iso2kPrimaryTimeseries,iso2k,
LS03RUED,depth,iso2kPrimaryTimeseries,iso2k,
LS04JOCH,age,iso2kPrimaryTimeseries,iso2k,
LS04JOCH,depth,iso2kPrimaryTimeseries,iso2k,
LS04YUWA,year,iso2kPrimaryTimeseries,iso2k,
LS04YUWA,depth,iso2kPrimaryTimeseries,iso2k,
LS04YUWA,TIC,iso2kPrimaryTimeseries,iso2k,
LS04YUWA,CaCO3,iso2kPrimaryTimeseries,iso2k,
LS04YUWA,d13C,iso2kPrimaryTimeseries,iso2k,
LS05ANJE,age,iso2kPrimaryTimeseries,iso2k,
LS05ANJE,depth,iso2kPrimaryTimeseries,iso2k,
LS05HOAG,year,iso2kPrimaryTimeseries,iso2k,
LS05HOAG,depth,iso2kPrimaryTimeseries,iso2k,
LS05HOAG,year,iso2kPrimaryTimeseries,iso2k,
LS05HOAG,year,iso2kPrimaryTimeseries,iso2k,
LS05HOAG,depth,iso2kPrimaryTimeseries,iso2k,
LS06CRLA,year,iso2kPrimaryTimeseries,iso2k,
LS06CRLA,depth,iso2kPrimaryTimeseries,iso2k,
LS06DENA,year,iso2kPrimaryTimeseries,iso2k,
LS06DENA,depth,iso2kPrimaryTimeseries,iso2k,
LS06JONA,year,iso2kPrimaryTimeseries,iso2k,
LS06JONA,depth,iso2kPrimaryTimeseries,iso2k,
LS06MIBO,age,iso2kPrimaryTimeseries,iso2k,
LS06MIBO,depth,iso2kPrimaryTimeseries,iso2k,
LS06POVE,age,iso2kPrimaryTimeseries,iso2k,
LS06POVE,depth,iso2kPrimaryTimeseries,iso2k,
LS06SHBE,year,iso2kPrimaryTimeseries,iso2k,
LS06SHBE,depth,iso2kPrimaryTimeseries,iso2k,
LS06STFO,age,iso2kPrimaryTimeseries,iso2k,
LS06STFO,depth,iso2kPrimaryTimeseries,iso2k,
LS06TIST,year,iso2kPrimaryTimeseries,iso2k,
LS06TIST,depth,iso2kPrimaryTimeseries,iso2k,
LS07ANMA,age,iso2kPrimaryTimeseries,iso2k,
LS07ANMA,depth,iso2kPrimaryTimeseries,iso2k,
LS07EAGO,age,iso2kPrimaryTimeseries,iso2k,
LS07EAGO,depth,iso2kPrimaryTimeseries,iso2k,
LS07LAHA,age,iso2kPrimaryTimeseries,iso2k,
LS07LAHA,depth,iso2kPrimaryTimeseries,iso2k,
LS07ROTI,age,iso2kPrimaryTimeseries,iso2k,
LS07ROTI,depth,iso2kPrimaryTimeseries,iso2k,
LS08LICA,year,iso2kPrimaryTimeseries,iso2k,
LS08LICA,depth,iso2kPrimaryTimeseries,iso2k,
LS08STCR,year,iso2kPrimaryTimeseries,iso2k,
LS08STCR,depth,iso2kPrimaryTimeseries,iso2k,
LS08STCR,d13C,iso2kPrimaryTimeseries,iso2k,
LS09BAUM,year,iso2kPrimaryTimeseries,iso2k,
LS09BAUM,depth,iso2kPrimaryTimeseries,iso2k,
LS09LACA,year,iso2kPrimaryTimeseries,iso2k,
LS09LACA,depth,iso2kPrimaryTimeseries,iso2k,
LS09LAEL,year,iso2kPrimaryTimeseries,iso2k,
LS09LAEL,depth,iso2kPrimaryTimeseries,iso2k,
LS09MAAS,age,iso2kPrimaryTimeseries,iso2k,
LS09MAAS,depth,iso2kPrimaryTimeseries,iso2k,
LS09MAZO,age,iso2kPrimaryTimeseries,iso2k,
LS09MAZO,depth,iso2kPrimaryTimeseries,iso2k,
LS09MIKU,age,iso2kPrimaryTimeseries,iso2k,
LS09MIKU,depth,iso2kPrimaryTimeseries,iso2k,
LS09RUWA,year,iso2kPrimaryTimeseries,iso2k,
LS09RUWA,depth,iso2kPrimaryTimeseries,iso2k,
LS09SAJU,d2H,hydroclimate2kCertification,hydroclimate2k,iso2k
LS09SAJU,year,iso2kPrimaryTimeseries,iso2k,
LS09SAJU,depth,iso2kPrimaryTimeseries,iso2k,
LS09SAJU,uncertainty,iso2kPrimaryTimeseries,iso2k,
LS09SAJU,uncertainty,QCCertification,HoloceneAbruptChange,
LS09SAJU,uncertainty,hydroclimate2kCertification,hydroclimate2k,
LS09SAJU,d2H-1,hydroclimate2kCertification,hydroclimate2k,iso2k
LS09SASP,year,iso2kPrimaryTimeseries,iso2k,
LS09SASP,depth,iso2kPrimaryTimeseries,iso2k,
LS09SAWA,year,iso2kPrimaryTimeseries,iso2k,
LS09SAWA,depth,iso2kPrimaryTimeseries,iso2k,
LS09SAWA,uncertainty,iso2kPrimaryTimeseries,iso2k,
LS09SAWA,uncertainty,QCCertification,HoloceneAbruptChange,
LS09SCMI,age,iso2kPrimaryTimeseries,iso2k,
LS09SCMI,depth,iso2kPrimaryTimeseries,iso2k,
LS09SHJO,year,iso2kPrimaryTimeseries,iso2k,
LS09SHJO,depth,iso2kPrimaryTimeseries,iso2k,
LS10ANBL,year,iso2kPrimaryTimeseries,iso2k,
LS10CLTA,age,iso2kPrimaryTimeseries,iso2k,
LS10CLTA,depth,iso2kPrimaryTimeseries,iso2k,
LS10GOBL,age,iso2kPrimaryTimeseries,iso2k,
LS10GOBL,depth,iso2kPrimaryTimeseries,iso2k,
LS10HEQI,year,iso2kPrimaryTimeseries,iso2k,
LS10HEQI,depth,iso2kPrimaryTimeseries,iso2k,
LS10HESA,d18O,hydroclimate2kCertification,hydroclimate2k,iso2k
LS10HESA,age,iso2kPrimaryTimeseries,iso2k,
LS10HESA,depth,iso2kPrimaryTimeseries,iso2k,
LS10HOLO,year,iso2kPrimaryTimeseries,iso2k,
LS10HOLO,depth,iso2kPrimaryTimeseries,iso2k,
LS10STSP,age,iso2kPrimaryTimeseries,iso2k,
LS10STSP,depth,iso2kPrimaryTimeseries,iso2k,
LS10WRNA,year,iso2kPrimaryTimeseries,iso2k,
LS10WRNA,depth,iso2kPrimaryTimeseries,iso2k,
LS10ZHHU,age,iso2kPrimaryTimeseries,iso2k,
LS10ZHHU,depth,iso2kPrimaryTimeseries,iso2k,
LS11ANSE,year,iso2kPrimaryTimeseries,iso2k,
LS11ANSE,depth,iso2kPrimaryTimeseries,iso2k,
LS11BACH,year,iso2kPrimaryTimeseries,iso2k,
LS11BACH,depth,iso2kPrimaryTimeseries,iso2k,
LS11BIPU,age,iso2kPrimaryTimeseries,iso2k,
LS11BIPU,depth,iso2kPrimaryTimeseries,iso2k,
LS11KOMA,year,iso2kPrimaryTimeseries,iso2k,
LS11KOMA,depth,iso2kPrimaryTimeseries,iso2k,
LS11MOES,year,iso2kPrimaryTimeseries,iso2k,
LS11MOES,depth,iso2kPrimaryTimeseries,iso2k,
LS11NECA,age,iso2kPrimaryTimeseries,iso2k,
LS11NECA,depth,iso2kPrimaryTimeseries,iso2k,
LS11RYKA,year,iso2kPrimaryTimeseries,iso2k,
LS11RYKA,depth,iso2kPrimaryTimeseries,iso2k,
LS11TICH,year,iso2kPrimaryTimeseries,iso2k,
LS11TICH,depth,iso2kPrimaryTimeseries,iso2k,
LS12ANBI,age,iso2kPrimaryTimeseries,iso2k,
LS12ANBI,depth,iso2kPrimaryTimeseries,iso2k,
LS12ANYE,age,iso2kPrimaryTimeseries,iso2k,
LS12ANYE,depth,iso2kPrimaryTimeseries,iso2k,
LS12GOBA,age,iso2kPrimaryTimeseries,iso2k,
LS12GOBA,depth,iso2kPrimaryTimeseries,iso2k,
LS12KENO,age,iso2kPrimaryTimeseries,iso2k,
LS12KENO,depth,iso2kPrimaryTimeseries,iso2k,
LS12STLI,year,iso2kPrimaryTimeseries,iso2k,
LS12STRE,year,iso2kPrimaryTimeseries,iso2k,
LS12THAY,year,iso2kPrimaryTimeseries,iso2k,
LS12THAY,depth,iso2kPrimaryTimeseries,iso2k,
LS12THAY,uncertainty,iso2kPrimaryTimeseries,iso2k,
LS12THAY,uncertainty,QCCertification,HoloceneAbruptChange,
LS12THAY,uncertainty,hydroclimate2kCertification,hydroclimate2k,
LS12THAY,uncertainty-1,iso2kPrimaryTimeseries,iso2k,
LS12THAY,uncertainty-1,QCCertification,HoloceneAbruptChange,
LS12THAY,uncertainty-1,hydroclimate2kCertification,hydroclimate2k,
LS12THAY,uncertainty-2,iso2kPrimaryTimeseries,iso2k,
LS12THAY,uncertainty-2,QCCertification,HoloceneAbruptChange,
LS12THAY,uncertainty-2,hydroclimate2kCertification,hydroclimate2k,
LS12THAY,uncertainty-3,iso2kPrimaryTimeseries,iso2k,
LS12THAY,uncertainty-3,QCCertification,HoloceneAbruptChange,
LS12THAY,uncertainty-3,hydroclimate2kCertification,hydroclimate2k,
LS12THAY,depth-1,iso2kPrimaryTimeseries,iso2k,
LS12THAY,uncertainty-4,iso2kPrimaryTimeseries,iso2k,
LS12THAY,uncertainty-4,hydroclimate2kCertification,hydroclimate2k,
LS12WOQU,year,iso2kPrimaryTimeseries,iso2k,
LS12WOQU,depth,iso2kPrimaryTimeseries,iso2k,
LS13BAFL,age,iso2kPrimaryTimeseries,iso2k,
LS13BAFL,depth,iso2kPrimaryTimeseries,iso2k,
LS13KOLA,year,iso2kPrimaryTimeseries,iso2k,
LS13KOLA,depth,iso2kPrimaryTimeseries,iso2k,
LS13LUBA,age,iso2kPrimaryTimeseries,iso2k,
LS13LUBA,depth,iso2kPrimaryTimeseries,iso2k,
LS13STEL,year,iso2kPrimaryTimeseries,iso2k,
LS13STEL,depth,iso2kPrimaryTimeseries,iso2k,
LS13WASU,year,iso2kPrimaryTimeseries,iso2k,
LS13WASU,depth,iso2kPrimaryTimeseries,iso2k,
LS13YUSA,CaCO3,iso2kPrimaryTimeseries,iso2k,
LS13YUSA,CaCO3,iso2kUI,iso2k;iso2k,
LS13YUSA,d13C,iso2kPrimaryTimeseries,iso2k,
LS13YUSA,d13C,iso2kUI,iso2k;iso2k,
LS14ATJU,age,iso2kPrimaryTimeseries,iso2k,
LS14ATJU,depth,iso2kPrimaryTimeseries,iso2k,
LS14FEZA,d2H,hydroclimate2kCertification,hydroclimate2k,iso2k
LS14FEZA,uncertainty,iso2kPrimaryTimeseries,iso2k,
LS14FEZA,uncertainty,QCCertification,HoloceneAbruptChange,
LS14FEZA,uncertainty,hydroclimate2kCertification,hydroclimate2k,
LS14FEZA,age,iso2kPrimaryTimeseries,iso2k,
LS14FEZA,depth,iso2kPrimaryTimeseries,iso2k,
LS14FEZA,d2H-1,hydroclimate2kCertification,hydroclimate2k,iso2k
LS14FEZA,uncertainty-1,iso2kPrimaryTimeseries,iso2k,
LS14FEZA,uncertainty-1,QCCertification,HoloceneAbruptChange,
LS14FEZA,uncertainty-1,hydroclimate2kCertification,hydroclimate2k,
LS14FEZA,uncertainty-2,iso2kPrimaryTimeseries,iso2k,
LS14FEZA,uncertainty-2,QCCertification,HoloceneAbruptChange,
LS14FEZA,uncertainty-2,hydroclimate2kCertification,hydroclimate2k,
LS14FEZA,uncertainty-3,iso2kPrimaryTimeseries,iso2k,
LS14FEZA,uncertainty-3,QCCertification,HoloceneAbruptChange,
LS14FEZA,uncertainty-3,hydroclimate2kCertification,hydroclimate2k,
LS14FEZA,d2H-4,hydroclimate2kCertification,hydroclimate2k,iso2k
LS14FEZA,uncertainty-4,iso2kPrimaryTimeseries,iso2k,
LS14FEZA,uncertainty-4,QCCertification,HoloceneAbruptChange,
LS14FEZA,uncertainty-4,hydroclimate2kCertification,hydroclimate2k,
LS14FEZA,d2H-5,hydroclimate2kCertification,hydroclimate2k,iso2k
LS14FEZA,uncertainty-5,iso2kPrimaryTimeseries,iso2k,
LS14FEZA,uncertainty-5,hydroclimate2kCertification,hydroclimate2k,
LS14FOTI,year,iso2kPrimaryTimeseries,iso2k,
LS14FOTI,depth,iso2kPrimaryTimeseries,iso2k,
LS14KOSA,year,iso2kPrimaryTimeseries,iso2k,
LS14KOSA,depth,iso2kPrimaryTimeseries,iso2k,
LS14LASO,needsToBeChanged,iso2kHackathonNotes,iso2k,
LS14LESA,age,iso2kPrimaryTimeseries,iso2k,
LS14LESA,depth,iso2kPrimaryTimeseries,iso2k,
LS14PRLO,age,iso2kPrimaryTimeseries,iso2k,
LS14PRLO,depth,iso2kPrimaryTimeseries,iso2k,
LS14TAKA,age,iso2kPrimaryTimeseries,iso2k,
LS14TAKA,depth,iso2kPrimaryTimeseries,iso2k,
LS14YAHA,age,iso2kPrimaryTimeseries,iso2k,
LS14YAHA,depth,iso2kPrimaryTimeseries,iso2k,
LS14YAHA,year,iso2kPrimaryTimeseries,iso2k,
LS14YAHA,depth-1,iso2kPrimaryTimeseries,iso2k,
LS14ZHJU,year,iso2kPrimaryTimeseries,iso2k,
LS14ZHJU,depth,iso2kPrimaryTimeseries,iso2k,
LS14ZHJU,uncertainty,iso2kPrimaryTimeseries,iso2k,
LS14ZHJU,uncertainty,QCCertification,HoloceneAbruptChange,
LS15ABSH,age,iso2kPrimaryTimeseries,iso2k,
LS15ABSH,depth,iso2kPrimaryTimeseries,iso2k,
LS15AIKA,age,iso2kPrimaryTimeseries,iso2k,
LS15AIKA,depth,iso2kPrimaryTimeseries,iso2k,
LS15AIKA,uncertainty1s,iso2kHackathonNotes,iso2k,
LS15AIKA,uncertainty1s,iso2kPrimaryTimeseries,iso2k,
LS15AIKA,uncertainty1s,QCCertification,HoloceneAbruptChange,
LS15AIKA,uncertainty1s,hydroclimate2kCertification,hydroclimate2k,
LS15AIKA,uncertainty1s-1,iso2kHackathonNotes,iso2k,
LS15AIKA,uncertainty1s-1,iso2kPrimaryTimeseries,iso2k,
LS15AIKA,uncertainty1s-1,QCCertification,HoloceneAbruptChange,
LS15AIKA,uncertainty1s-1,hydroclimate2kCertification,hydroclimate2k,
LS15AIKA,uncertainty1s-2,iso2kHackathonNotes,iso2k,
LS15AIKA,uncertainty1s-2,iso2kPrimaryTimeseries,iso2k,
LS15AIKA,uncertainty1s-2,QCCertification,HoloceneAbruptChange,
LS15AIKA,uncertainty1s-2,hydroclimate2kCertification,hydroclimate2k,
LS15AIKA,deleteThisColumn,iso2kHackathonNotes,iso2k,
LS15AIKA,deleteThisColumn,iso2kPrimaryTimeseries,iso2k,
LS15AIKA,deleteThisColumn,QCCertification,HoloceneAbruptChange,
LS15AIKA,deleteThisColumn,hydroclimate2kCertification,hydroclimate2k,
LS15AIKA,uncertainty1s-3,iso2kHackathonNotes,iso2k,
LS15AIKA,uncertainty1s-3,iso2kPrimaryTimeseries,iso2k,
LS15AIKA,uncertainty1s-3,QCCertification,HoloceneAbruptChange,
LS15AIKA,uncertainty1s-3,hydroclimate2kCertification,hydroclimate2k,
LS15BHAL,age,iso2kPrimaryTimeseries,iso2k,
LS15BHAL,depth,iso2kPrimaryTimeseries,iso2k,
LS15DENA,year,iso2kPrimaryTimeseries,iso2k,
LS15DOCH,age,iso2kPrimaryTimeseries,iso2k,
LS15DOCH,depth,iso2kPrimaryTimeseries,iso2k,
LS15DOSA,age,iso2kPrimaryTimeseries,iso2k,
LS15DOSA,depth,iso2kPrimaryTimeseries,iso2k,
LS15JOPA,age,iso2kPrimaryTimeseries,iso2k,
LS15JOPA,depth,iso2kPrimaryTimeseries,iso2k,
LS15LAOH,year,iso2kPrimaryTimeseries,iso2k,
LS15LAOH,depth,iso2kPrimaryTimeseries,iso2k,
LS15OEPO,year,iso2kPrimaryTimeseries,iso2k,
LS15SHBO,year,iso2kPrimaryTimeseries,iso2k,
LS15SHBO,depth,iso2kPrimaryTimeseries,iso2k,
LS15SHNE,age,iso2kPrimaryTimeseries,iso2k,
LS15SHNE,depth,iso2kPrimaryTimeseries,iso2k,
LS16STCL,d13C,iso2kHackathonNotes,iso2k,
LS16STCL,d13C,iso2kPrimaryTimeseries,iso2k,
LS16STPA,d13C,iso2kPrimaryTimeseries,iso2k,
LS16STPA,d13C,iso2kUI,iso2k;iso2k,
LS16THN301,core,iso2kHackathonNotes,iso2k,
LS16THN301,core,iso2kPrimaryTimeseries,iso2k,
LS16THN301,core,QCCertification,HoloceneAbruptChange,
LS16THN301,depth,iso2kHackathonNotes,iso2k,
LS16THN301,depth,iso2kPrimaryTimeseries,iso2k,
LS16THN301,depth,QCCertification,HoloceneAbruptChange,
LS16THN301,uncertainty1s,iso2kHackathonNotes,iso2k,
LS16THN301,uncertainty1s,iso2kPrimaryTimeseries,iso2k,
LS16THN301,uncertainty1s,QCCertification,HoloceneAbruptChange,
LS16THN301,C24n-alkanoicAcid,iso2kHackathonNotes,iso2k,
LS16THN301,C24n-alkanoicAcid,iso2kPrimaryTimeseries,iso2k,
LS16THN301,C24n-alkanoicAcid,QCCertification,HoloceneAbruptChange,
LS16THN301,uncertainty1s-1,iso2kHackathonNotes,iso2k,
LS16THN301,uncertainty1s-1,iso2kPrimaryTimeseries,iso2k,
LS16THN301,uncertainty1s-1,QCCertification,HoloceneAbruptChange,
LS16THN301,C26n-alkanoicAcid,iso2kHackathonNotes,iso2k,
LS16THN301,C26n-alkanoicAcid,iso2kPrimaryTimeseries,iso2k,
LS16THN301,C26n-alkanoicAcid,QCCertification,HoloceneAbruptChange,
LS16THN301,uncertainty1s-2,iso2kHackathonNotes,iso2k,
LS16THN301,uncertainty1s-2,iso2kPrimaryTimeseries,iso2k,
LS16THN301,uncertainty1s-2,QCCertification,HoloceneAbruptChange,
LS16THN301,C28n-alkanoicAcid,iso2kHackathonNotes,iso2k,
LS16THN301,C28n-alkanoicAcid,iso2kPrimaryTimeseries,iso2k,
LS16THN301,C28n-alkanoicAcid,QCCertification,HoloceneAbruptChange,
LS16THN301,thickness,iso2kPrimaryTimeseries,iso2k,
LS16THN301,core,iso2kPrimaryTimeseries,iso2k,
LS16THN301,uncertainty1s,iso2kPrimaryTimeseries,iso2k,
LS16THN301,C24n-alkanoicAcid,iso2kPrimaryTimeseries,iso2k,
LS16THN301,uncertainty1s-1,iso2kPrimaryTimeseries,iso2k,
LS16THN301,C26n-alkanoicAcid,iso2kPrimaryTimeseries,iso2k,
LS16THN301,uncertainty1s-2,iso2kPrimaryTimeseries,iso2k,
LS16THN301,C28n-alkanoicAcid,iso2kPrimaryTimeseries,iso2k,
LS16THN301,thickness,iso2kPrimaryTimeseries,iso2k,
LS16THQI01,depth,iso2kHackathonNotes,iso2k,
LS16THQI01,depth,iso2kPrimaryTimeseries,iso2k,
LS16THQI01,depth,QCCertification,HoloceneAbruptChange,
LS16THQI01,age,iso2kPrimaryTimeseries,iso2k,
LS16THQI01,site,iso2kHackathonNotes,iso2k,
LS16THQI01,site,iso2kPrimaryTimeseries,iso2k,
LS16THQI01,site,QCCertification,HoloceneAbruptChange,
LS16THQI01,site-1,iso2kHackathonNotes,iso2k,
LS16THQI01,site-1,iso2kPrimaryTimeseries,iso2k,
LS16THQI01,site-1,QCCertification,HoloceneAbruptChange,
LS16THQI01,needsToBeChanged,iso2kHackathonNotes,iso2k,
LS16THQI01,needsToBeChanged,iso2kPrimaryTimeseries,iso2k,
LS16THQI01,needsToBeChanged,QCCertification,HoloceneAbruptChange,
LS16THQI01,section,iso2kHackathonNotes,iso2k,
LS16THQI01,section,iso2kPrimaryTimeseries,iso2k,
LS16THQI01,section,QCCertification,HoloceneAbruptChange,
LS16THQI01,sampleID,iso2kHackathonNotes,iso2k,
LS16THQI01,sampleID,iso2kPrimaryTimeseries,iso2k,
LS16THQI01,sampleID,QCCertification,HoloceneAbruptChange,
LS16THQI01,depthTop,iso2kHackathonNotes,iso2k,
LS16THQI01,depthTop,iso2kPrimaryTimeseries,iso2k,
LS16THQI01,depthTop,QCCertification,HoloceneAbruptChange,
LS16THQI01,depthBottom,iso2kHackathonNotes,iso2k,
LS16THQI01,depthBottom,iso2kPrimaryTimeseries,iso2k,
LS16THQI01,depthBottom,QCCertification,HoloceneAbruptChange,
LS16THQI01,sedimentDry,iso2kHackathonNotes,iso2k,
LS16THQI01,sedimentDry,iso2kPrimaryTimeseries,iso2k,
LS16THQI01,sedimentDry,QCCertification,HoloceneAbruptChange,
LS16THQI01,uncertainty1s,iso2kHackathonNotes,iso2k,
LS16THQI01,uncertainty1s,iso2kPrimaryTimeseries,iso2k,
LS16THQI01,uncertainty1s,QCCertification,HoloceneAbruptChange,
LS16THQI01,C28n-alkanoicAcid,iso2kHackathonNotes,iso2k,
LS16THQI01,C28n-alkanoicAcid,iso2kPrimaryTimeseries,iso2k,
LS16THQI01,C28n-alkanoicAcid,QCCertification,HoloceneAbruptChange,
LS16THQI01,year,iso2kPrimaryTimeseries,iso2k,
LS16WIGH,C28n-alkanoicAcid,iso2kPrimaryTimeseries,iso2k,
LS16WIGH,organicCarbon,iso2kPrimaryTimeseries,iso2k,
LS16WIGH,needsToBeChanged,iso2kPrimaryTimeseries,iso2k,
LS16WIGH,facies,iso2kPrimaryTimeseries,iso2k,
LS17BAHA01,age,iso2kPrimaryTimeseries,iso2k,
LS17BAHA01,uncertainty1s,iso2kHackathonNotes,iso2k,
LS17BAHA01,uncertainty1s,iso2kPrimaryTimeseries,iso2k,
LS17BAHA01,uncertainty1s,QCCertification,HoloceneAbruptChange,
LS17BAHA01,uncertainty1s-1,iso2kHackathonNotes,iso2k,
LS17BAHA01,uncertainty1s-1,iso2kPrimaryTimeseries,iso2k,
LS17BAHA01,uncertainty1s-1,QCCertification,HoloceneAbruptChange,
LS17BAHA01,uncertainty1s-2,iso2kHackathonNotes,iso2k,
LS17BAHA01,uncertainty1s-2,iso2kPrimaryTimeseries,iso2k,
LS17BAHA01,uncertainty1s-2,QCCertification,HoloceneAbruptChange,
LS17BAHA01,uncertainty1s-3,iso2kHackathonNotes,iso2k,
LS17BAHA01,uncertainty1s-3,iso2kPrimaryTimeseries,iso2k,
LS17BAHA01,uncertainty1s-3,QCCertification,HoloceneAbruptChange,
LS17BAHA01,year,iso2kPrimaryTimeseries,iso2k,
LS17STNU01,depth,iso2kPrimaryTimeseries,iso2k,
LS17STNU01,age,iso2kPrimaryTimeseries,iso2k,
LS17VAWA01,depth,iso2kPrimaryTimeseries,iso2k,
LS17VAWA01,year,iso2kPrimaryTimeseries,iso2k,
LS89LATI,year,iso2kPrimaryTimeseries,iso2k,
LS89LATI,depth,iso2kPrimaryTimeseries,iso2k,
LS91BEWA,year,iso2kPrimaryTimeseries,iso2k,
LS91BEWA,depth,iso2kPrimaryTimeseries,iso2k,
LS91HOMI,year,iso2kPrimaryTimeseries,iso2k,
LS91HOMI,depth,iso2kPrimaryTimeseries,iso2k,
LS96CUPU,age,iso2kPrimaryTimeseries,iso2k,
LS96CUPU,depth,iso2kPrimaryTimeseries,iso2k,
LS96VOAM,year,iso2kPrimaryTimeseries,iso2k,
LS96VOAM,depth,iso2kPrimaryTimeseries,iso2k,
LS97HOKA,age,iso2kPrimaryTimeseries,iso2k,
LS97HOKA,depth,iso2kPrimaryTimeseries,iso2k,
LS98CUPE,age,iso2kPrimaryTimeseries,iso2k,
LS98CUPE,depth,iso2kPrimaryTimeseries,iso2k,
LS99CUVA,age,iso2kPrimaryTimeseries,iso2k,
LS99CUVA,depth,iso2kPrimaryTimeseries,iso2k,
LS99LASI,age,iso2kPrimaryTimeseries,iso2k,
LS99LASI,depth,iso2kPrimaryTimeseries,iso2k,
LV29_114_3.Riethdorf.2013,d18O,temp12kDkIndex,Temp12k,
LV29_114_3.Riethdorf.2013,Mg/Ca,temp12kDkIndex,Temp12k,
LV29_114_3.Riethdorf.2013,Uk37,temp12kDkIndex,Temp12k,
Lyadhej-To.Pollen.Russia,depth,QCCertification,HoloceneAbruptChange,
Lyadhej-To.Pollen.Russia,age,QCCertification,HoloceneAbruptChange,
M135_004_3.Salvatteci.2019,Uk37,temp12kDkIndex,Temp12k,
M135_005_3.Salvatteci.2019,Uk37,temp12kDkIndex,Temp12k,
M25_4_KL_11,Uk37,temp12kDkIndex,Temp12k,
M25_4_KL_11,d18O,temp12kDkIndex,Temp12k,
M35003_4.R_hlemann.1999,C37Alkenone,QCLastUpdated,HoloceneAbruptChange,
M35003_4.R_hlemann.1999,C37Alkenone,temp12kDkIndex,Temp12k,
M35003_4.R_hlemann.1999,C37Alkenone-1,QCLastUpdated,HoloceneAbruptChange,
M35003_4.R_hlemann.1999,C37Alkenone-1,temp12kDkIndex,Temp12k,
M35003_4.R_hlemann.1999,d18O,QCLastUpdated,HoloceneAbruptChange,
M35003_4.R_hlemann.1999,d18O,temp12kDkIndex,Temp12k,
M35003_4.R_hlemann.1999,temperature,QCLastUpdated,HoloceneAbruptChange,NAm21k-noPollen
M35003_4.R_hlemann.1999,Uk37,QCLastUpdated,HoloceneAbruptChange,
M35003_4.R_hlemann.1999,Uk37,temp12kDkIndex,Temp12k,
M35003_4.R_hlemann.1999,d18O-1,temp12kDkIndex,Temp12k,
M35003_4.R_hlemann.1999,Uk37-1,temp12kDkIndex,Temp12k,
M35003_4.R_hlemann.1999,organicCarbon,QCLastUpdated,HoloceneAbruptChange,
M35003_4.R_hlemann.1999,organicCarbon,temp12kDkIndex,Temp12k,
M35003_4.R_hlemann.1999,CaCO3,QCLastUpdated,HoloceneAbruptChange,
M35003_4.R_hlemann.1999,CaCO3,temp12kDkIndex,Temp12k,
M35003_4.R_hlemann.1999,d13C,QCLastUpdated,HoloceneAbruptChange,
M35003_4.R_hlemann.1999,d13C,temp12kDkIndex,Temp12k,
M35003_4.R_hlemann.1999,d18O,QCLastUpdated,HoloceneAbruptChange,
M35003_4.R_hlemann.1999,d18O,temp12kDkIndex,Temp12k,
M35003_4.R_hlemann.1999,d13C-1,QCLastUpdated,HoloceneAbruptChange,
M35003_4.R_hlemann.1999,d13C-1,temp12kDkIndex,Temp12k,
M35003_4.R_hlemann.1999,d18O-1,QCLastUpdated,HoloceneAbruptChange,
M35003_4.R_hlemann.1999,d18O-1,temp12kDkIndex,Temp12k,
M350034.Rhlemann,Uk37,temp12kDkIndex,Temp12k,
M39008_3.Eynaud.2009,d18O,temp12kDkIndex,Temp12k,
M39008_3.Eynaud.2009,Uk37,temp12kDkIndex,Temp12k,
M75_3_137_3.Wang.2013,d18O,temp12kDkIndex,Temp12k,
M75_3_137_3.Wang.2013,d13C,temp12kDkIndex,Temp12k,
M77_2_003_2.Salvatteci.2019,Uk37,temp12kDkIndex,Temp12k,
M77_2_005_3,Uk37,temp12kDkIndex,Temp12k,
M77_2_005_3,temperature,QCCertification,HoloceneAbruptChange,
M77_2_005_3,temperature,QCnotes,HoloceneAbruptChange,
M77_2_005_3,temperature,temp12kDkIndex,Temp12k,
M77_2_024_5.Salvatteci.2019,Uk37,temp12kDkIndex,Temp12k,
M77_2_029_3.Salvatteci.2019,Uk37,temp12kDkIndex,Temp12k,
M77_2_059_1.N_rnberg.2015,d13C,temp12kDkIndex,Temp12k,
M77_2_059_1.N_rnberg.2015,d18O,temp12kDkIndex,Temp12k,
M77_2_059_1.N_rnberg.2015,d13C-1,temp12kDkIndex,Temp12k,
M77_2_059_1.N_rnberg.2015,d18O-1,temp12kDkIndex,Temp12k,
M77_2_059_1.N_rnberg.2015,Mg/Ca,temp12kDkIndex,Temp12k,
M77_2_059_1.N_rnberg.2015,d13C-2,temp12kDkIndex,Temp12k,
M77_2_059_1.N_rnberg.2015,d18O-2,temp12kDkIndex,Temp12k,
M77_2_059_1.N_rnberg.2015,Mg/Ca-1,temp12kDkIndex,Temp12k,
M77_2_059_1.N_rnberg.2015,Uk37,temp12kDkIndex,Temp12k,
M77_2_059_1.N_rnberg.2015,C37Alkenone,temp12kDkIndex,Temp12k,
M77_2_059_1.N_rnberg.2015,CaCO3,temp12kDkIndex,Temp12k,
M78_1_235_1,d13C,temp12kDkIndex,Temp12k,
M78_1_235_1,Mg/Ca,temp12kDkIndex,Temp12k,
MA08DTO01,year,coralExtensionRate,CoralHydro2k;GBRCD,
MA08DTO01,year,coralHydro2kGroup,CoralHydro2k,
MA08DTO01,year,jcpCorrected,CoralHydro2k,
MA08DTO01,year,jcpMeasured,CoralHydro2k;GBRCD,
MA08DTO01,year,jcpUsed,CoralHydro2k;GBRCD,
MA08DTO01,year,coralExtensionRate,CoralHydro2k;GBRCD,
MA08DTO01,year,coralHydro2kGroup,CoralHydro2k,
MA08DTO01,year,jcpCorrected,CoralHydro2k,
MA08DTO01,year,jcpMeasured,CoralHydro2k;GBRCD,
MA08DTO01,year,jcpUsed,CoralHydro2k;GBRCD,
MacalChasm.Akers.2016,d18O,SISALEntityID,SISAL-LiPD;SISAL-LiPD;SISAL-LiPD,NAm21k-noPollen;HoloceneHydroclimate;Hydro21k;HoloceneAbruptChange;hydroclimate2k
MacalChasm.Akers.2016,d13C,SISALEntityID,SISAL-LiPD;SISAL-LiPD;SISAL-LiPD,NAm21k-noPollen;HoloceneHydroclimate;Hydro21k;HoloceneAbruptChange;hydroclimate2k
MacalChasm.Akers.2016,uncertainty-2,SISALEntityID,SISAL-LiPD;SISAL-LiPD;SISAL-LiPD,NAm21k-noPollen
MacalChasm.Akers.2016,uncertaintyHigh-1,SISALEntityID,SISAL-LiPD;SISAL-LiPD;SISAL-LiPD,NAm21k-noPollen
MacalChasm.Akers.2016,uncertaintyLow-2,SISALEntityID,SISAL-LiPD;SISAL-LiPD;SISAL-LiPD,NAm21k-noPollen
Mackenzie.Woltering.2014,uncertaintyHigh,temp12kDkIndex,Temp12k,
Mackenzie.Woltering.2014,uncertaintyLow,temp12kDkIndex,Temp12k,
Mairscave.Treble.2017,notes,SISALEntityID,SISAL-LiPD;SISAL-LiPD;SISAL-LiPD,
Malawi.Powers.2005,TEX86,temp12kDkIndex,Temp12k,
Malawi.Powers.2005,uncertainty1s,temp12kDkIndex,Temp12k,
MaraisdeCharauze.EPD,growing degree days,temp12kDkIndex,Temp12k,
MaraisdeCharauze.EPD,temperature,QCnotes,HoloceneAbruptChange,
MaraisdeCharauze.EPD,temperature,temp12kDkIndex,Temp12k,
MaraisdeCharauze.EPD,temperature-1,QCnotes,HoloceneAbruptChange,
MaraisdeCharauze.EPD,temperature-1,temp12kDkIndex,Temp12k,
MaraisdeCharauze.EPD,precipitation,temp12kDkIndex,Temp12k,
MaraisdeCharauze.EPD,precipitation,QCnotes,HoloceneAbruptChange,
MaraisdeCharauze.EPD,temperature-2,QCnotes,HoloceneAbruptChange,
MaraisdeCharauze.EPD,temperature-2,temp12kDkIndex,Temp12k,
Mawmluhcave.Berkelhammer.2013,d13C,meetsHoloceneHydroclimateCriteria,HoloceneHydroclimate,SISAL-LiPD
Mawmluhcave.Berkelhammer.2013,d18O,meetsHoloceneHydroclimateCriteria,HoloceneHydroclimate,SISAL-LiPD
Mawmluhcave.Berkelhammer.2013,d18O,meetsHoloceneHydroclimateCriteria,HoloceneHydroclimate,SISAL-LiPD
Mawmluhcave.Berkelhammer.2013,d13C,meetsHoloceneHydroclimateCriteria,HoloceneHydroclimate,SISAL-LiPD
Mawmluhcave.Berkelhammer.2013,d18O,meetsHoloceneHydroclimateCriteria,HoloceneHydroclimate,SISAL-LiPD
Mawmluhcave.Berkelhammer.2013,d13C,meetsHoloceneHydroclimateCriteria,HoloceneHydroclimate,SISAL-LiPD
Mawmluhcave.Berkelhammer.2013,d13C,meetsHoloceneHydroclimateCriteria,HoloceneHydroclimate,SISAL-LiPD
Maxscave.Williams.2004,d18O,meetsHoloceneHydroclimateCriteria,HoloceneHydroclimate,SISAL-LiPD
Maxscave.Williams.2004,d13C,meetsHoloceneHydroclimateCriteria,HoloceneHydroclimate,SISAL-LiPD
MB01.Pollen.Canada,depth,QCCertification,HoloceneAbruptChange,
MB01.Pollen.Canada,age,QCCertification,HoloceneAbruptChange,
MC04PNG01,year,coralExtensionRate,CoralHydro2k;GBRCD,
MC04PNG01,year,coralHydro2kGroup,CoralHydro2k,
MC04PNG01,year,jcpCorrected,CoralHydro2k,
MC04PNG01,year,jcpMeasured,CoralHydro2k;GBRCD,
MC04PNG01,year,jcpUsed,CoralHydro2k;GBRCD,
MC11KIR01,year,coralExtensionRate,CoralHydro2k;GBRCD,
MC11KIR01,year,coralHydro2kGroup,CoralHydro2k,
MC11KIR01,year,jcpCorrected,CoralHydro2k,
MC11KIR01,year,jcpMeasured,CoralHydro2k;GBRCD,
MC11KIR01,year,jcpUsed,CoralHydro2k;GBRCD,
McLeanscave.Oster.2015,notes,SISALEntityID,SISAL-LiPD;SISAL-LiPD;SISAL-LiPD,
MD01_2378.Xu.2008,d18O,temp12kDkIndex,Temp12k,
MD01_2378.Xu.2008,Mg/Ca,temp12kDkIndex,Temp12k,
MD01_2390.Steinke.2008,d18O,temp12kDkIndex,Temp12k,
MD01_2390.Steinke.2008,Mg/Ca,temp12kDkIndex,Temp12k,
MD01_2390.Steinke.2008,Mg/Ca-1,temp12kDkIndex,Temp12k,
MD01_2390.Steinke.2008,Uk37,temp12kDkIndex,Temp12k,
MD01_2412.Harada.2006,Uk37,temp12kDkIndex,Temp12k,
MD01_2414,Uk37,temp12kDkIndex,Temp12k,
MD01_2414,TEX86,temp12kDkIndex,Temp12k,
MD01_2416,Mg/Ca,temp12kDkIndex,Temp12k,
MD01_2416,d18O,temp12kDkIndex,Temp12k,
MD01_2416,d18O-1,temp12kDkIndex,Temp12k,
MD01_2416,d13C,temp12kDkIndex,Temp12k,
MD01_2416,d13C-1,temp12kDkIndex,Temp12k,
MD01_2421.Isono.2009,Uk37,temp12kDkIndex,Temp12k,
MD01_2421.Isono.2009,d18O,temp12kDkIndex,Temp12k,
MD01_2461,d18O-1,temp12kDkIndex,Temp12k,
MD01_2461,Mg/Ca,temp12kDkIndex,Temp12k,
MD01_2461,Mg/Ca-1,temp12kDkIndex,Temp12k,
MD01-2416.Sarnthien.2004,core,temp12kDkIndex,Temp12k,
MD01-2416.Sarnthien.2004,uncertainty1s,temp12kDkIndex,Temp12k,
MD01-2416.Sarnthien.2004,event,temp12kDkIndex,Temp12k,
MD01-2446.Salguero.2014,Npachderma,temp12kDkIndex,Temp12k,
MD01-2446.Salguero.2014,needsToBeChanged,temp12kDkIndex,Temp12k,
MD012378.Xu.2008,Mg/Ca,temp12kDkIndex,Temp12k,
MD012390.Steinke.2008,Mg/Ca,temp12kDkIndex,Temp12k,
MD02_2489,d18O,temp12kDkIndex,Temp12k,
MD02_2489,d13C,temp12kDkIndex,Temp12k,
MD02_2489,d13C-1,temp12kDkIndex,Temp12k,
MD02_2503.Hill.2006,d18O,temp12kDkIndex,Temp12k,
MD02_2515.McClymont.2012,Uk37,temp12kDkIndex,Temp12k,
MD02_2515.McClymont.2012,TEX86,temp12kDkIndex,Temp12k,
MD02_2529,Mg/Ca,temp12kDkIndex,Temp12k,
MD02_2529,Uk37,temp12kDkIndex,Temp12k,
MD02_2575.Ziegler.2008,d18O-1,temp12kDkIndex,Temp12k,
MD02_2575.Ziegler.2008,Mg/Ca,temp12kDkIndex,Temp12k,
MD02_2575.Ziegler.2008,d18O-2,temp12kDkIndex,Temp12k,
MD02_2575BAY.Ziegler.2008,d18O,temp12kDkIndex,Temp12k,
MD02_2594.Dyez.2014,d18O,temp12kDkIndex,Temp12k,
MD02_2594.Dyez.2014,Mg/Ca,temp12kDkIndex,Temp12k,
MD02-2515.Bhattacharya.2018,d13C,temp12kDkIndex,Temp12k,
MD02-2515.Bhattacharya.2018,uncertainty,temp12kDkIndex,Temp12k,
MD02-2517.Bhattacharya.2018,d2H,temp12kDkIndex,Temp12k,
MD02-2517.Bhattacharya.2018,d13C,temp12kDkIndex,Temp12k,
MD02-2517.Bhattacharya.2018,uncertainty,temp12kDkIndex,Temp12k,
MD022529.Leduc.2007,Uk37,temp12kDkIndex,Temp12k,
MD022529.Leduc.2007,Uk37,temp12kDkIndex,Temp12k,
MD03_2607-Assemblage.LopesdosSantos.2013,d13C,QCLastUpdated,HoloceneAbruptChange,
MD03_2607-Assemblage.LopesdosSantos.2013,d13C,temp12kDkIndex,Temp12k,
MD03_2607-Assemblage.LopesdosSantos.2013,d18O,QCLastUpdated,HoloceneAbruptChange,
MD03_2607-Assemblage.LopesdosSantos.2013,d18O,temp12kDkIndex,Temp12k,
MD03_2607.LopesdosSantos.2013,Uk37,temp12kDkIndex,Temp12k,
MD03_2607.LopesdosSantos.2013,TEX86,temp12kDkIndex,Temp12k,
MD03_2611.Calvo.2007,d18O,temp12kDkIndex,Temp12k,
MD03_2611.Calvo.2007,Uk37,temp12kDkIndex,Temp12k,
MD03_2697,d18O,temp12kDkIndex,Temp12k,
MD03_2697,temperature,QCCertification,HoloceneAbruptChange,
MD03_2697,temperature,QCnotes,HoloceneAbruptChange,
MD03_2697,temperature,temp12kDkIndex,Temp12k,
MD03_2698,d18O,temp12kDkIndex,Temp12k,
MD03_2707.Weldeab.2007,d18O,temp12kDkIndex,Temp12k,
MD03_2707.Weldeab.2007,Mg/Ca,temp12kDkIndex,Temp12k,
MD03-2601.Kim.2012,TEX86,temp12kDkIndex,Temp12k,
MD032601.Crosta.2007,carbon,temp12kDkIndex,Temp12k,
MD032601.Crosta.2007,temperature,temp12kDkIndex,Temp12k,
MD032601.Crosta.2007,diatomCount,temp12kDkIndex,Temp12k,
MD032707.Weldeab.2007,Mg/Ca,temp12kDkIndex,Temp12k,
MD032707.Weldeab.2007,Ba/Ca,temp12kDkIndex,Temp12k,
MD032707.Weldeab.2007,d18O,temp12kDkIndex,Temp12k,
MD032707.Weldeab.2007,d18O-1,temp12kDkIndex,Temp12k,
MD05_2904,Mg/Ca,temp12kDkIndex,Temp12k,
MD05_2904,Mg/Ca-1,temp12kDkIndex,Temp12k,
MD06_3067.Bolliet.2011,d18O,temp12kDkIndex,Temp12k,
MD06_3067.Bolliet.2011,d18O-1,temp12kDkIndex,Temp12k,
MD06_3067.Bolliet.2011,Mg/Ca,temp12kDkIndex,Temp12k,
MD06_3067.Bolliet.2011,Mg/Ca-1,temp12kDkIndex,Temp12k,
MD06_3067.Bolliet.2011,d18O-2,temp12kDkIndex,Temp12k,
MD06_3075.Fraser.2014,d18O,temp12kDkIndex,Temp12k,
MD06_3075.Fraser.2014,Uk37,temp12kDkIndex,Temp12k,
MD07_3076Q.Gottschalk.2015,d18O,temp12kDkIndex,Temp12k,
MD07_3076Q.Gottschalk.2015,d18O-1,temp12kDkIndex,Temp12k,
MD07_3128,d18O,temp12kDkIndex,Temp12k,
MD07_3128,Uk37,temp12kDkIndex,Temp12k,
MD07-3088.Montade.2019,sampleID,QCCertification,HoloceneAbruptChange,
MD07-3088.Montade.2019,sampleID,temp12kDkIndex,Temp12k,
MD07-3088.Montade.2019,depth,QCCertification,HoloceneAbruptChange,
MD07-3088.Montade.2019,age,QCCertification,HoloceneAbruptChange,
MD07-3088.Montade.2019,uncertaintyLow,QCCertification,HoloceneAbruptChange,
MD07-3088.Montade.2019,uncertaintyHigh,QCCertification,HoloceneAbruptChange,
MD07-3088.Montade.2019,uncertaintyHigh-1,QCCertification,HoloceneAbruptChange,
MD07-3088.Montade.2019,uncertaintyHigh-1,temp12kDkIndex,Temp12k,
MD07-3088.Montade.2019,uncertaintyLow-1,QCCertification,HoloceneAbruptChange,
MD07-3088.Montade.2019,uncertaintyLow-1,temp12kDkIndex,Temp12k,
MD07-3088.Montade.2019,isReliable,QCCertification,HoloceneAbruptChange,
MD07-3088.Montade.2019,isReliable,temp12kDkIndex,Temp12k,
MD07-3088.Montade.2019,uncertaintyHigh-2,QCCertification,HoloceneAbruptChange,
MD07-3088.Montade.2019,uncertaintyHigh-2,temp12kDkIndex,Temp12k,
MD07-3088.Montade.2019,uncertaintyLow-2,QCCertification,HoloceneAbruptChange,
MD07-3088.Montade.2019,uncertaintyLow-2,temp12kDkIndex,Temp12k,
MD07-3088.Montade.2019,isReliable-1,QCCertification,HoloceneAbruptChange,
MD07-3088.Montade.2019,isReliable-1,temp12kDkIndex,Temp12k,
MD07-3104.Montade.2019,sampleID,QCCertification,HoloceneAbruptChange,
MD07-3104.Montade.2019,sampleID,temp12kDkIndex,Temp12k,
MD07-3104.Montade.2019,depth,QCCertification,HoloceneAbruptChange,
MD07-3104.Montade.2019,age,QCCertification,HoloceneAbruptChange,
MD07-3104.Montade.2019,uncertaintyLow,QCCertification,HoloceneAbruptChange,
MD07-3104.Montade.2019,uncertaintyHigh,QCCertification,HoloceneAbruptChange,
MD07-3104.Montade.2019,uncertaintyHigh-1,QCCertification,HoloceneAbruptChange,
MD07-3104.Montade.2019,uncertaintyHigh-1,temp12kDkIndex,Temp12k,
MD07-3104.Montade.2019,uncertaintyLow-1,QCCertification,HoloceneAbruptChange,
MD07-3104.Montade.2019,uncertaintyLow-1,temp12kDkIndex,Temp12k,
MD07-3104.Montade.2019,isReliable,QCCertification,HoloceneAbruptChange,
MD07-3104.Montade.2019,isReliable,temp12kDkIndex,Temp12k,
MD07-3104.Montade.2019,uncertaintyHigh-2,QCCertification,HoloceneAbruptChange,
MD07-3104.Montade.2019,uncertaintyHigh-2,temp12kDkIndex,Temp12k,
MD07-3104.Montade.2019,uncertaintyLow-2,QCCertification,HoloceneAbruptChange,
MD07-3104.Montade.2019,uncertaintyLow-2,temp12kDkIndex,Temp12k,
MD07-3104.Montade.2019,isReliable-1,QCCertification,HoloceneAbruptChange,
MD07-3104.Montade.2019,isReliable-1,temp12kDkIndex,Temp12k,
MD07-3124.Caniupan.2014,core,temp12kDkIndex,Temp12k,
MD73_025,d18O,temp12kDkIndex,Temp12k,
MD79_257.Bard.1997,Uk37,temp12kDkIndex,Temp12k,
MD84_527.Labracherie.1989,d18O,temp12kDkIndex,Temp12k,
MD84_527.Labracherie.1989,d18O-1,temp12kDkIndex,Temp12k,
MD84_527.Sarnthein.1988,d18O,QCLastUpdated,HoloceneAbruptChange,
MD84_527.Sarnthein.1988,d18O,temp12kDkIndex,Temp12k,
MD84_527.Sarnthein.1988,d13C,QCLastUpdated,HoloceneAbruptChange,
MD84_527.Sarnthein.1988,d13C,temp12kDkIndex,Temp12k,
MD84_527.Sarnthein.1988,d18O-1,QCLastUpdated,HoloceneAbruptChange,
MD84_527.Sarnthein.1988,d18O-1,temp12kDkIndex,Temp12k,
MD84_527.Sarnthein.1988,d13C-1,QCLastUpdated,HoloceneAbruptChange,
MD84_527.Sarnthein.1988,d13C-1,temp12kDkIndex,Temp12k,
MD84_527.Sarnthein.1988,organicCarbon,QCLastUpdated,HoloceneAbruptChange,
MD84_527.Sarnthein.1988,organicCarbon,temp12kDkIndex,Temp12k,
MD84_527.Sarnthein.1988,dryBulkDensity,QCLastUpdated,HoloceneAbruptChange,
MD84_527.Sarnthein.1988,dryBulkDensity,temp12kDkIndex,Temp12k,
MD84_551,d18O,temp12kDkIndex,Temp12k,
MD84_551,temperature,QCCertification,HoloceneAbruptChange,
MD84_551,temperature,QCnotes,HoloceneAbruptChange,
MD84_551,temperature,temp12kDkIndex,Temp12k,
MD88_770,d18O,temp12kDkIndex,Temp12k,
MD88_770,d18O-1,temp12kDkIndex,Temp12k,
MD88_770,temperature-1,QCCertification,HoloceneAbruptChange,
MD88_770,temperature-1,QCnotes,HoloceneAbruptChange,
MD88_770,temperature-1,temp12kDkIndex,Temp12k,
MD94_103BAY.Sicre.2005,Uk37,temp12kDkIndex,Temp12k,
MD94_103BAY.Sicre.2005,d18O,temp12kDkIndex,Temp12k,
MD94_103BAY.Sicre.2005,d18O-1,temp12kDkIndex,Temp12k,
MD95_2002.Eynaud.2012,d18O,temp12kDkIndex,Temp12k,
MD95_2002.Eynaud.2012,d18O-1,temp12kDkIndex,Temp12k,
MD95_2011Assemblage.Risebrobakken.2003,d18O,QCLastUpdated,HoloceneAbruptChange,RapidArcticWarming
MD95_2011Assemblage.Risebrobakken.2003,d13C,QCLastUpdated,HoloceneAbruptChange,RapidArcticWarming
MD95_2011Assemblage.Risebrobakken.2003,d18O,QCLastUpdated,HoloceneAbruptChange,RapidArcticWarming
MD95_2011Assemblage.Risebrobakken.2003,d18O-1,QCLastUpdated,HoloceneAbruptChange,RapidArcticWarming
MD95_2011Assemblage.Risebrobakken.2003,d18O-2,QCLastUpdated,HoloceneAbruptChange,RapidArcticWarming
MD95_2011Assemblage.Risebrobakken.2003,uncertainty,QCLastUpdated,HoloceneAbruptChange,RapidArcticWarming
MD95_2011Assemblage.Risebrobakken.2003,uncertainty-1,QCLastUpdated,HoloceneAbruptChange,RapidArcticWarming
MD95_2039,d18O,temp12kDkIndex,Temp12k,
MD95_2040,d18O,temp12kDkIndex,Temp12k,
MD95_2040,Uk37,temp12kDkIndex,Temp12k,
MD95_2041,d18O,temp12kDkIndex,Temp12k,
MD95_2041,d18O-1,temp12kDkIndex,Temp12k,
MD95_2041,d18O-2,temp12kDkIndex,Temp12k,
MD95_2042,d18O,temp12kDkIndex,Temp12k,
MD95_2042,Uk37,temp12kDkIndex,Temp12k,
MD95_2043.Cacho.1999,d18O,temp12kDkIndex,Temp12k,
MD95_2043.Cacho.1999,Uk37,temp12kDkIndex,Temp12k,
MD95_2043.Cacho.1999,Mg/Ca,temp12kDkIndex,Temp12k,
MD95-2015.Giraudeau.2002,depth,temp12kDkIndex,Temp12k,
MD95-2015.Giraudeau.2002,depth,useInOnset,HoloceneAbruptChange,
MD95-2015.Giraudeau.2002,age,temp12kDkIndex,Temp12k,
MD95-2015.Giraudeau.2002,age,useInOnset,HoloceneAbruptChange,
MD95-2040.Salguero.2014,d18O,temp12kDkIndex,Temp12k,
MD95-2040.Salguero.2014,Npachderma,temp12kDkIndex,Temp12k,
MD95-2040.Salguero.2014,needsToBeChanged,temp12kDkIndex,Temp12k,
MD952043,Uk37,temp12kDkIndex,Temp12k,
MD97_2120.Pahnke.2006,Uk37,QCCertification,HoloceneAbruptChange,
MD97_2120.Pahnke.2006,Uk37,QCnotes,HoloceneAbruptChange,
MD97_2120.Pahnke.2006,d18O,temp12kDkIndex,Temp12k,
MD97_2120.Pahnke.2006,Mg/Ca,temp12kDkIndex,Temp12k,
MD97_2120.Pahnke.2006,Uk37-1,temp12kDkIndex,Temp12k,
MD97_2120.Pahnke.2006,d18O,QCCertification,HoloceneAbruptChange,
MD97_2120.Pahnke.2006,d18O,QCnotes,HoloceneAbruptChange,
MD97_2120.Pahnke.2006,Mg/Ca,QCCertification,HoloceneAbruptChange,
MD97_2120.Pahnke.2006,Mg/Ca,QCnotes,HoloceneAbruptChange,
MD97_2120.Pahnke.2006,d18O,QCCertification,HoloceneAbruptChange,
MD97_2120.Pahnke.2006,d18O,QCnotes,HoloceneAbruptChange,
MD97_2120.Pahnke.2006,d13C,QCCertification,HoloceneAbruptChange,
MD97_2120.Pahnke.2006,d13C,QCnotes,HoloceneAbruptChange,
MD97_2121.Pahnke.2006,Uk37,temp12kDkIndex,Temp12k,
MD97_2141.Rosenthal.2003,d18O,temp12kDkIndex,Temp12k,
MD97_2141.Rosenthal.2003,Mg/Ca,temp12kDkIndex,Temp12k,
MD97_2146.Shintani.2011,TEX86,temp12kDkIndex,Temp12k,
MD97_2146.Shintani.2011,Uk37,temp12kDkIndex,Temp12k,
MD97_2151.Yamamoto.2013,TEX86,temp12kDkIndex,Temp12k,
MD97_2151.Yamamoto.2013,Uk37,temp12kDkIndex,Temp12k,
MD972120,Uk37,temp12kDkIndex,Temp12k,
MD972121,Uk37,temp12kDkIndex,Temp12k,
MD98_2161.Fan.2018,d18O,temp12kDkIndex,Temp12k,
MD98_2161.Fan.2018,Mg/Ca,temp12kDkIndex,Temp12k,
MD98_2162,Mg/Ca,temp12kDkIndex,Temp12k,
MD98_2162,Mg/Ca-1,temp12kDkIndex,Temp12k,
MD98_2162,d18O,temp12kDkIndex,Temp12k,
MD98_2162,d18O-1,temp12kDkIndex,Temp12k,
MD98_2165.Levi.2007,Mg/Ca,temp12kDkIndex,Temp12k,
MD98_2170,d18O,temp12kDkIndex,Temp12k,
MD98_2170,Mg/Ca,temp12kDkIndex,Temp12k,
MD98_2176.Stott.2007,d18O,temp12kDkIndex,Temp12k,
MD98_2176.Stott.2007,Mg/Ca,temp12kDkIndex,Temp12k,
MD98_2178.Fan.2018,d18O,temp12kDkIndex,Temp12k,
MD98_2178.Fan.2018,Mg/Ca,temp12kDkIndex,Temp12k,
MD98_2181.Stott.2007,d18O,temp12kDkIndex,Temp12k,
MD98_2181.Stott.2007,Mg/Ca,temp12kDkIndex,Temp12k,
MD98_2188.Dang.2012,d18O,temp12kDkIndex,Temp12k,
MD98_2188.Dang.2012,d18O-1,temp12kDkIndex,Temp12k,
MD98_2195.Ijiri.2005,Uk37,temp12kDkIndex,Temp12k,
MD98_2195.Ijiri.2005,TEX86,temp12kDkIndex,Temp12k,
MD982165,Mg/Ca,temp12kDkIndex,Temp12k,
MD982170,Mg/Ca,temp12kDkIndex,Temp12k,
MD982170,d18O,temp12kDkIndex,Temp12k,
MD982170,d18O-1,temp12kDkIndex,Temp12k,
MD982176,Mg/Ca,temp12kDkIndex,Temp12k,
MD982181,Mg/Ca,temp12kDkIndex,Temp12k,
MD99_2339.Eynaud.2009,d18O,temp12kDkIndex,Temp12k,
MD99_2339.Eynaud.2009,d18O-1,temp12kDkIndex,Temp12k,
MD99_2339.Eynaud.2009,d18O-2,temp12kDkIndex,Temp12k,
MD99_2341.Eynaud.2009,d18O,temp12kDkIndex,Temp12k,
MD99-2227.deVernal.2013,age,useInOnset,HoloceneAbruptChange,
MD99-2227.deVernal.2013,depth,useInOnset,HoloceneAbruptChange,
MD99-2227.deVernal.2013,productivity,useInOnset,HoloceneAbruptChange,RapidArcticWarming
MD99-2227.deVernal.2013,boron,useInOnset,HoloceneAbruptChange,RapidArcticWarming
MD99-2227.deVernal.2013,age,useInOnset,HoloceneAbruptChange,
MD99-2256.Jennings.2015,year,temp12kDkIndex,Temp12k,
MD99-2256.Jennings.2015,age,temp12kDkIndex,Temp12k,
MD99-2256.Jennings.2015,depth,temp12kDkIndex,Temp12k,
MD99-2256.Olafsdottir.2010,depth,temp12kDkIndex,Temp12k,
MD99-2256.Olafsdottir.2010,depth,useInOnset,HoloceneAbruptChange,
MD99-2256.Olafsdottir.2010,age,temp12kDkIndex,Temp12k,
MD99-2256.Olafsdottir.2010,age,useInOnset,HoloceneAbruptChange,
MD99-2264.Olafsdottir.2010,depth,temp12kDkIndex,Temp12k,
MD99-2264.Olafsdottir.2010,depth,useInOnset,HoloceneAbruptChange,
MD99-2264.Olafsdottir.2010,age,temp12kDkIndex,Temp12k,
MD99-2264.Olafsdottir.2010,age,useInOnset,HoloceneAbruptChange,
MD99-2269.Justwan.2008,age,temp12kDkIndex,Temp12k,
MD99-2269.Justwan.2008,age,useInOnset,HoloceneAbruptChange,
MD99-2284.Risebrobakken.2009,depth,temp12kDkIndex,Temp12k,
MD99-2284.Risebrobakken.2009,depth,useInOnset,HoloceneAbruptChange,
MD99-2284.Risebrobakken.2009,age,temp12kDkIndex,Temp12k,
MD99-2284.Risebrobakken.2009,age,useInOnset,HoloceneAbruptChange,
MD99-2322.Jennings.2011,depth,useInOnset,HoloceneAbruptChange,
MD99-2322.Jennings.2011,age,useInOnset,HoloceneAbruptChange,
MD99-2322.Jennings.2011,age,useInOnset,HoloceneAbruptChange,
MD99-2322.Jennings.2011,depthTop,useInOnset,HoloceneAbruptChange,RapidArcticWarming
MD99-2322.Jennings.2011,depth,useInOnset,HoloceneAbruptChange,
MD99-2322.Jennings.2011,age,useInOnset,HoloceneAbruptChange,
MD99-2322.Jennings.2011,sedimentDry,useInOnset,HoloceneAbruptChange,RapidArcticWarming
MD99-2322.Jennings.2011,sedimentDry-1,useInOnset,HoloceneAbruptChange,RapidArcticWarming
MD99-2322.Jennings.2011,sedimentDry-2,useInOnset,HoloceneAbruptChange,RapidArcticWarming
MD99-2322.Jennings.2011,sedimentDry-3,useInOnset,HoloceneAbruptChange,RapidArcticWarming
MD99-2322.Jennings.2011,depth,useInOnset,HoloceneAbruptChange,
MD99-2322.Jennings.2011,age,useInOnset,HoloceneAbruptChange,
MD99-2322.Jennings.2011,carbonate,useInOnset,HoloceneAbruptChange,RapidArcticWarming
ME0005A_24JC,Uk37,temp12kDkIndex,Temp12k,
ME0005A_27JC,Uk37,temp12kDkIndex,Temp12k,
ME0005A_43JC.Benway.2006,d18O,temp12kDkIndex,Temp12k,
ME0005A_43JC.Benway.2006,d18O-1,temp12kDkIndex,Temp12k,
Medvedevskoe.Nazarova.2018,sampleID,temp12kDkIndex,Temp12k,
Medvedevskoe.Nazarova.2018,uncertaintyHigh,temp12kDkIndex,Temp12k,
Medvedevskoe.Nazarova.2018,uncertaintyLow,temp12kDkIndex,Temp12k,
Medvedevskoe.Nazarova.2018,isReliable,temp12kDkIndex,Temp12k,
Medvedevskoe.Nazarova.2018,notes,temp12kDkIndex,Temp12k,
Medvedevskoe.Nazarova.2018,temperature-1,QCCertification,HoloceneAbruptChange,
Medvedevskoe.Nazarova.2018,temperature-1,temp12kDkIndex,Temp12k,
MeerfelderMaar.Litt.2009,age,QCCertification,HoloceneAbruptChange,
MeerfelderMaar.Litt.2009,uncertaintyHigh,QCCertification,HoloceneAbruptChange,
MeerfelderMaar.Litt.2009,uncertaintyHigh,temp12kDkIndex,Temp12k,
MeerfelderMaar.Litt.2009,uncertaintyLow,QCCertification,HoloceneAbruptChange,
MeerfelderMaar.Litt.2009,uncertaintyLow,temp12kDkIndex,Temp12k,
MeerfelderMaar.Litt.2009,isReliable,QCCertification,HoloceneAbruptChange,
MeerfelderMaar.Litt.2009,isReliable,temp12kDkIndex,Temp12k,
MeerfelderMaar.Litt.2009,isReliable-1,QCCertification,HoloceneAbruptChange,
MeerfelderMaar.Litt.2009,isReliable-1,temp12kDkIndex,Temp12k,
MiddenCluster1.Harbert.2018,latitude,temp12kDkIndex,Temp12k,
MiddenCluster1.Harbert.2018,longitude,temp12kDkIndex,Temp12k,
MiddenCluster1.Harbert.2018,elevation,temp12kDkIndex,Temp12k,
MiddenCluster2.Harbert.2018,latitude,temp12kDkIndex,Temp12k,
MiddenCluster2.Harbert.2018,longitude,temp12kDkIndex,Temp12k,
MiddenCluster2.Harbert.2018,elevation,temp12kDkIndex,Temp12k,
MiddenCluster3.Harbert.2018,latitude,temp12kDkIndex,Temp12k,
MiddenCluster3.Harbert.2018,longitude,temp12kDkIndex,Temp12k,
MiddenCluster3.Harbert.2018,elevation,temp12kDkIndex,Temp12k,
MiddenCluster4.Harbert.2018,latitude,temp12kDkIndex,Temp12k,
MiddenCluster4.Harbert.2018,longitude,temp12kDkIndex,Temp12k,
MiddenCluster4.Harbert.2018,elevation,temp12kDkIndex,Temp12k,
MiddenCluster5.Harbert.2018,latitude,temp12kDkIndex,Temp12k,
MiddenCluster5.Harbert.2018,longitude,temp12kDkIndex,Temp12k,
MiddenCluster5.Harbert.2018,elevation,temp12kDkIndex,Temp12k,
MiddenCluster6.Harbert.2018,latitude,temp12kDkIndex,Temp12k,
MiddenCluster6.Harbert.2018,longitude,temp12kDkIndex,Temp12k,
MiddenCluster6.Harbert.2018,elevation,temp12kDkIndex,Temp12k,
MiddenCluster7.Harbert.2018,latitude,temp12kDkIndex,Temp12k,
MiddenCluster7.Harbert.2018,longitude,temp12kDkIndex,Temp12k,
MiddenCluster7.Harbert.2018,elevation,temp12kDkIndex,Temp12k,
MiddenCluster8.Harbert.2018,latitude,temp12kDkIndex,Temp12k,
MiddenCluster8.Harbert.2018,longitude,temp12kDkIndex,Temp12k,
MiddenCluster8.Harbert.2018,elevation,temp12kDkIndex,Temp12k,
MiddenCluster9.Harbert.2018,latitude,temp12kDkIndex,Temp12k,
MiddenCluster9.Harbert.2018,longitude,temp12kDkIndex,Temp12k,
MiddenCluster9.Harbert.2018,elevation,temp12kDkIndex,Temp12k,
MilandreCave.Affolter.2019,uncertainty,temp12kDkIndex,Temp12k,
Milchbachcave.Luetscher.2011,notes,SISALEntityID,SISAL-LiPD;SISAL-LiPD;SISAL-LiPD,
Minnetonkacave.Lundeen.2013,mineralogy,SISALEntityID,SISAL-LiPD;SISAL-LiPD;SISAL-LiPD,NAm21k-noPollen
Minnetonkacave.Lundeen.2013,d18O,SISALEntityID,SISAL-LiPD;SISAL-LiPD;SISAL-LiPD,NAm21k-noPollen;Temp12k;HoloceneAbruptChange
Minnetonkacave.Lundeen.2013,d18O,meetsHoloceneHydroclimateCriteria,HoloceneHydroclimate,NAm21k-noPollen;Temp12k;HoloceneAbruptChange
Minnetonkacave.Lundeen.2013,uncertainty,SISALEntityID,SISAL-LiPD;SISAL-LiPD;SISAL-LiPD,NAm21k-noPollen
Minnetonkacave.Lundeen.2013,d13C,SISALEntityID,SISAL-LiPD;SISAL-LiPD;SISAL-LiPD,NAm21k-noPollen;HoloceneHydroclimate;HoloceneAbruptChange
Minnetonkacave.Lundeen.2013,uncertainty-2,SISALEntityID,SISAL-LiPD;SISAL-LiPD;SISAL-LiPD,NAm21k-noPollen
Minnetonkacave.Lundeen.2013,uncertaintyHigh-1,SISALEntityID,SISAL-LiPD;SISAL-LiPD;SISAL-LiPD,NAm21k-noPollen
Minucua.Goman.2018,notes,temp12kDkIndex,Temp12k,
Minucua.Goman.2018,notes,hydroclimate2kCertification,hydroclimate2k,
Minucua.Goman.2018,core,temp12kDkIndex,Temp12k,
Minucua.Goman.2018,core,hydroclimate2kCertification,hydroclimate2k,
Minucua.Goman.2018,count,temp12kDkIndex,Temp12k,
Minucua.Goman.2018,count,hydroclimate2kCertification,hydroclimate2k,
Mo05LakeMondsee.Swierczynski.2013,eventLayer,temp12kDkIndex,Temp12k,
Mo05LakeMondsee.Swierczynski.2013,layerThickness,temp12kDkIndex,Temp12k,
Mo05LakeMondsee.Swierczynski.2013,layerThickness-1,temp12kDkIndex,Temp12k,
MO06PED01,year,coralExtensionRate,CoralHydro2k;GBRCD,
MO06PED01,year,coralHydro2kGroup,CoralHydro2k,
MO06PED01,year,jcpCorrected,CoralHydro2k,
MO06PED01,year,jcpMeasured,CoralHydro2k;GBRCD,
MO06PED01,year,jcpUsed,CoralHydro2k;GBRCD,
MO20KOI01,year,coralExtensionRate,CoralHydro2k;GBRCD,
MO20KOI01,year,coralHydro2kGroup,CoralHydro2k,
MO20KOI01,year,jcpCorrected,CoralHydro2k,
MO20KOI01,year,jcpMeasured,CoralHydro2k;GBRCD,
MO20KOI01,year,jcpUsed,CoralHydro2k;GBRCD,
MO20KOI01,year,coralExtensionRate,CoralHydro2k;GBRCD,
MO20KOI01,year,coralHydro2kGroup,CoralHydro2k,
MO20KOI01,year,jcpCorrected,CoralHydro2k,
MO20KOI01,year,jcpMeasured,CoralHydro2k;GBRCD,
MO20KOI01,year,jcpUsed,CoralHydro2k;GBRCD,
MO20KOI01,year,coralExtensionRate,CoralHydro2k;GBRCD,
MO20KOI01,year,coralHydro2kGroup,CoralHydro2k,
MO20KOI01,year,jcpCorrected,CoralHydro2k,
MO20KOI01,year,jcpMeasured,CoralHydro2k;GBRCD,
MO20KOI01,year,jcpUsed,CoralHydro2k;GBRCD,
MO20WOA01,year,coralExtensionRate,CoralHydro2k;GBRCD,
MO20WOA01,year,coralHydro2kGroup,CoralHydro2k,
MO20WOA01,year,jcpCorrected,CoralHydro2k,
MO20WOA01,year,jcpMeasured,CoralHydro2k;GBRCD,
MO20WOA01,year,jcpUsed,CoralHydro2k;GBRCD,
MO20WOA01,year,coralExtensionRate,CoralHydro2k;GBRCD,
MO20WOA01,year,coralHydro2kGroup,CoralHydro2k,
MO20WOA01,year,jcpCorrected,CoralHydro2k,
MO20WOA01,year,jcpMeasured,CoralHydro2k;GBRCD,
MO20WOA01,year,jcpUsed,CoralHydro2k;GBRCD,
MO20WOA01,year,coralExtensionRate,CoralHydro2k;GBRCD,
MO20WOA01,year,coralHydro2kGroup,CoralHydro2k,
MO20WOA01,year,jcpCorrected,CoralHydro2k,
MO20WOA01,year,jcpMeasured,CoralHydro2k;GBRCD,
MO20WOA01,year,jcpUsed,CoralHydro2k;GBRCD,
Moanatuatua.Jara.2017,needsToBeChanged,temp12kDkIndex,Temp12k,
Moanatuatua.Jara.2017,uncertaintyHigh95,temp12kDkIndex,Temp12k,
Moanatuatua.Jara.2017,uncertaintyLow95,temp12kDkIndex,Temp12k,
Moanatuatua.Jara.2017,temperature-1,temp12kDkIndex,Temp12k,
Moanatuatua.Jara.2017,needsToBeChanged-1,temp12kDkIndex,Temp12k,
Moanatuatua.Jara.2017,uncertaintyHigh95-1,temp12kDkIndex,Temp12k,
Moanatuatua.Jara.2017,uncertaintyLow95-1,temp12kDkIndex,Temp12k,
Modriccave.Rudzka.2012,notes,SISALEntityID,SISAL-LiPD;SISAL-LiPD;SISAL-LiPD,
Molinos.Moreno.2017,d18O,QCCertification,HoloceneAbruptChange,
Molinos.Moreno.2017,d18O,QCnotes,HoloceneAbruptChange,
Molinoscave.Moreno.2017,d18O,meetsHoloceneHydroclimateCriteria,HoloceneHydroclimate,SISAL-LiPD
Molinoscave.Moreno.2017,d13C,meetsHoloceneHydroclimateCriteria,HoloceneHydroclimate,SISAL-LiPD
Molinoscave.Moreno.2017,d18O,meetsHoloceneHydroclimateCriteria,HoloceneHydroclimate,SISAL-LiPD
Molinoscave.Moreno.2017,d13C,meetsHoloceneHydroclimateCriteria,HoloceneHydroclimate,SISAL-LiPD
Molinoscave.Moreno.2017,notes,SISALEntityID,SISAL-LiPD;SISAL-LiPD;SISAL-LiPD,
MonteSanGiorgio.EPD,growing degree days,temp12kDkIndex,Temp12k,
MonteSanGiorgio.EPD,temperature,QCnotes,HoloceneAbruptChange,
MonteSanGiorgio.EPD,temperature,temp12kDkIndex,Temp12k,
MonteSanGiorgio.EPD,temperature-1,QCnotes,HoloceneAbruptChange,
MonteSanGiorgio.EPD,temperature-1,temp12kDkIndex,Temp12k,
MonteSanGiorgio.EPD,precipitation,temp12kDkIndex,Temp12k,
MonteSanGiorgio.EPD,precipitation,QCnotes,HoloceneAbruptChange,
MonteSanGiorgio.EPD,temperature-2,QCnotes,HoloceneAbruptChange,
MonteSanGiorgio.EPD,temperature-2,temp12kDkIndex,Temp12k,
MountHoney.McGlone.2010,temperature,temp12kDkIndex,Temp12k,
MR003-K03-PC01.Harada.2004,Uk37,temp12kDkIndex,Temp12k,
MS01HDAS,year,iso2kPrimaryTimeseries,iso2k,
MS01HDAS,temperature,iso2kHackathonNotes,iso2k,
MS01HDAS,temperature,iso2kPrimaryTimeseries,iso2k,
MS01HDAS,temperature,iso2kUI,iso2k;iso2k,
MS01HDAS,temperature,ocean2kID,Pages2kTemperature,
MS01HDAS,temperature,pages2kId,Pages2kTemperature,
MS01HDAS,temperature,pages2kID,Pages2kTemperature,
MS01HDAS,temperature,QCCertification,HoloceneAbruptChange,
MS01HDAS,temperature,QCnotes,HoloceneAbruptChange,
MS01HDAS,temperature,iso2kHackathonNotes,iso2k,hydroclimate2k
MS01HDAS,temperature,iso2kPrimaryTimeseries,iso2k,hydroclimate2k
MS01HDAS,year,iso2kPrimaryTimeseries,iso2k,
MS01HDAS,depth,iso2kPrimaryTimeseries,iso2k,
MS01HDAS,core,iso2kHackathonNotes,iso2k,
MS01HDAS,core,iso2kPrimaryTimeseries,iso2k,
MS01HDAS,age,iso2kUI,iso2k;iso2k,
MS02FLPC,year,iso2kPrimaryTimeseries,iso2k,
MS02FLPC,depth,iso2kPrimaryTimeseries,iso2k,
MS02FLPC,temperature,iso2kPrimaryTimeseries,iso2k,
MS02FLPC,temperature,iso2kHackathonNotes,iso2k,
MS02FLPC,temperature,iso2kPrimaryTimeseries,iso2k,
MS02FLPC,temperature,iso2kUI,iso2k;iso2k,
MS02FLPC,temperature,ocean2kID,Pages2kTemperature,
MS02FLPC,temperature,pages2kId,Pages2kTemperature,
MS02FLPC,temperature,pages2kID,Pages2kTemperature,
MS02FLPC,temperature,QCCertification,HoloceneAbruptChange,
MS02FLPC,temperature,QCnotes,HoloceneAbruptChange,
MS02FLPC,year,iso2kPrimaryTimeseries,iso2k,
MS02FLPC,temperature,iso2kHackathonNotes,iso2k,
MS02FLPC,temperature,iso2kPrimaryTimeseries,iso2k,
MS02FLPC,temperature,iso2kUI,iso2k;iso2k,
MS02FLPC,temperature,ocean2kID,Pages2kTemperature,
MS02FLPC,temperature,pages2kId,Pages2kTemperature,
MS02FLPC,temperature,pages2kID,Pages2kTemperature,
MS02FLPC,temperature,QCCertification,HoloceneAbruptChange,
MS02FLPC,temperature,QCnotes,HoloceneAbruptChange,
MS02FLPC,year,iso2kPrimaryTimeseries,iso2k,
MS03BRNS,year,iso2kPrimaryTimeseries,iso2k,
MS03BRNS,depth,iso2kPrimaryTimeseries,iso2k,
MS03BRNS,core,iso2kHackathonNotes,iso2k,
MS03BRNS,core,iso2kPrimaryTimeseries,iso2k,
MS03KTCB,age,iso2kPrimaryTimeseries,iso2k,
MS03KTCB,depth,iso2kPrimaryTimeseries,iso2k,
MS03LKNS,year,iso2kPrimaryTimeseries,iso2k,
MS03LKNS,temperature,iso2kHackathonNotes,iso2k,
MS03LKNS,temperature,iso2kPrimaryTimeseries,iso2k,
MS03LKNS,temperature,iso2kUI,iso2k;iso2k,
MS03LKNS,temperature,QCCertification,HoloceneAbruptChange,
MS03LKNS,temperature,QCnotes,HoloceneAbruptChange,
MS03LKNS,temperature-1,iso2kPrimaryTimeseries,iso2k,
MS03LKNS,temperature-1,iso2kUI,iso2k;iso2k,
MS03LKNS,temperature-1,ocean2kID,Pages2kTemperature,
MS03LKNS,temperature-1,pages2kID,Pages2kTemperature,
MS03LKNS,temperature-1,QCCertification,HoloceneAbruptChange,
MS03LKNS,temperature-1,QCnotes,HoloceneAbruptChange,
MS03SMAS,age,iso2kPrimaryTimeseries,iso2k,
MS03SMAS,depth,iso2kPrimaryTimeseries,iso2k,
MS03SMAS,depth-1,iso2kPrimaryTimeseries,iso2k,
MS04BLCB,year,iso2kPrimaryTimeseries,iso2k,
MS04BLCB,depth,iso2kPrimaryTimeseries,iso2k,
MS04BLCB,core,iso2kPrimaryTimeseries,iso2k,
MS04ICNI,age,iso2kPrimaryTimeseries,iso2k,
MS04ICNI,depth,iso2kPrimaryTimeseries,iso2k,
MS05ESCR,age,iso2kPrimaryTimeseries,iso2k,
MS05ESCR,depth,iso2kPrimaryTimeseries,iso2k,
MS05LKLF,year,iso2kPrimaryTimeseries,iso2k,
MS05LKLF,depth,iso2kPrimaryTimeseries,iso2k,
MS06DLDS,year,iso2kPrimaryTimeseries,iso2k,
MS06DLDS,temperature,iso2kPrimaryTimeseries,iso2k,
MS06DLDS,temperature,QCCertification,HoloceneAbruptChange,
MS06DLDS,temperature,QCnotes,HoloceneAbruptChange,
MS06DLDS,temperature-1,iso2kPrimaryTimeseries,iso2k,
MS06DLDS,temperature-1,iso2kUI,iso2k;iso2k,
MS06DLDS,temperature-1,ocean2kID,Pages2kTemperature,
MS06DLDS,temperature-1,pages2kID,Pages2kTemperature,
MS06DLDS,temperature-1,QCCertification,HoloceneAbruptChange,
MS06DLDS,temperature-1,QCnotes,HoloceneAbruptChange,
MS06DLGN,Mg/Ca,iso2kPrimaryTimeseries,iso2k,
MS06DLGN,Mg/Ca,QCCertification,HoloceneAbruptChange,
MS06DLGN,year,iso2kPrimaryTimeseries,iso2k,
MS06DLGN,depth,iso2kPrimaryTimeseries,iso2k,
MS06DLGN,temperature,iso2kPrimaryTimeseries,iso2k,
MS06DLGN,temperature,iso2kUI,iso2k;iso2k,
MS06DLGN,temperature,ocean2kID,Pages2kTemperature,
MS06DLGN,temperature,pages2kId,Pages2kTemperature,
MS06DLGN,temperature,pages2kID,Pages2kTemperature,
MS06DLGN,temperature,QCCertification,HoloceneAbruptChange,
MS06DLGN,temperature,QCnotes,HoloceneAbruptChange,
MS06DLGN,Mg/Ca-1,iso2kPrimaryTimeseries,iso2k,
MS06DLGN,Mg/Ca-1,QCCertification,HoloceneAbruptChange,
MS06DLGN,Mg/Ca-1,QCnotes,HoloceneAbruptChange,
MS06DLGN,temperature-1,iso2kPrimaryTimeseries,iso2k,
MS06DLGN,temperature-1,QCCertification,HoloceneAbruptChange,
MS06DLGN,temperature-1,QCnotes,HoloceneAbruptChange,
MS06DLGS,Mg/Ca,iso2kHackathonNotes,iso2k,
MS06DLGS,Mg/Ca,iso2kPrimaryTimeseries,iso2k,
MS06DLGS,year,iso2kPrimaryTimeseries,iso2k,
MS06DLGS,temperature,iso2kHackathonNotes,iso2k,
MS06DLGS,temperature,iso2kPrimaryTimeseries,iso2k,
MS06DLGS,temperature,iso2kUI,iso2k;iso2k,
MS06DLGS,temperature,ocean2kID,Pages2kTemperature,
MS06DLGS,temperature,pages2kId,Pages2kTemperature,
MS06DLGS,temperature,pages2kID,Pages2kTemperature,
MS06DLGS,temperature,QCCertification,HoloceneAbruptChange,
MS06DLGS,temperature,QCnotes,HoloceneAbruptChange,
MS06DLGS,Mg/Ca-1,iso2kPrimaryTimeseries,iso2k,
MS06DLGS,Mg/Ca-1,QCnotes,HoloceneAbruptChange,
MS06DLGS,temperature-1,iso2kPrimaryTimeseries,iso2k,
MS06DLGS,temperature-1,QCCertification,HoloceneAbruptChange,
MS06DLGS,temperature-1,QCnotes,HoloceneAbruptChange,
MS07JRGM,temperature,iso2kHackathonNotes,iso2k,
MS07JRGM,temperature,iso2kPrimaryTimeseries,iso2k,
MS07JRGM,temperature,QCCertification,HoloceneAbruptChange,
MS07JRGM,temperature,QCnotes,HoloceneAbruptChange,
MS07JRGM,year,iso2kPrimaryTimeseries,iso2k,
MS07JRGM,depth,iso2kPrimaryTimeseries,iso2k,
MS07JRGM,Mg/Ca,iso2kHackathonNotes,iso2k,
MS07JRGM,Mg/Ca,iso2kPrimaryTimeseries,iso2k,
MS07JRGM,Mg/Ca,QCCertification,HoloceneAbruptChange,
MS07JRGM,Mg/Ca,QCnotes,HoloceneAbruptChange,
MS07KPPB,year,iso2kPrimaryTimeseries,iso2k,
MS07KPPB,depth,iso2kPrimaryTimeseries,iso2k,
MS07KPPB,year,iso2kPrimaryTimeseries,iso2k,
MS07KPPB,depth,iso2kPrimaryTimeseries,iso2k,
MS07LSPG,year,iso2kPrimaryTimeseries,iso2k,
MS07LSPG,temperature,iso2kHackathonNotes,iso2k,
MS07LSPG,temperature,iso2kPrimaryTimeseries,iso2k,
MS07LSPG,temperature,iso2kUI,iso2k;iso2k,
MS07LSPG,temperature,ocean2kID,Pages2kTemperature,
MS07LSPG,temperature,pages2kId,Pages2kTemperature,
MS07LSPG,temperature,pages2kID,Pages2kTemperature,
MS07LSPG,temperature,QCCertification,HoloceneAbruptChange,
MS07LSPG,temperature,QCnotes,HoloceneAbruptChange,
MS07LSPG,age,iso2kPrimaryTimeseries,iso2k,
MS07LSPG,age,QCnotes,HoloceneAbruptChange,
MS07LSPG,temperature,iso2kHackathonNotes,iso2k,
MS07LSPG,temperature,iso2kPrimaryTimeseries,iso2k,
MS07LSPG,depth,iso2kPrimaryTimeseries,iso2k,
MS07LSPG,Mg/Ca,iso2kHackathonNotes,iso2k,
MS07LSPG,Mg/Ca,iso2kPrimaryTimeseries,iso2k,
MS07LSPG,age-1,iso2kUI,iso2k;iso2k,
MS07LSSP,temperature,iso2kHackathonNotes,iso2k,
MS07LSSP,temperature,iso2kPrimaryTimeseries,iso2k,
MS07LSSP,temperature,iso2kUI,iso2k;iso2k,
MS07LSSP,temperature,ocean2kID,Pages2kTemperature,
MS07LSSP,temperature,pages2kId,Pages2kTemperature,
MS07LSSP,temperature,pages2kID,Pages2kTemperature,
MS07LSSP,temperature,QCCertification,HoloceneAbruptChange,
MS07LSSP,temperature,QCnotes,HoloceneAbruptChange,
MS07LSSP,year,iso2kPrimaryTimeseries,iso2k,
MS07LSSP,depth,iso2kPrimaryTimeseries,iso2k,
MS07LSSP,temperature,iso2kHackathonNotes,iso2k,
MS07LSSP,temperature,iso2kPrimaryTimeseries,iso2k,
MS07LSSP,age,iso2kPrimaryTimeseries,iso2k,
MS07LSSP,depth,iso2kPrimaryTimeseries,iso2k,
MS07LSSP,Mg/Ca,iso2kHackathonNotes,iso2k,
MS07LSSP,Mg/Ca,iso2kPrimaryTimeseries,iso2k,
MS07LSSP,age-1,iso2kUI,iso2k;iso2k,
MS07MMNP,age,iso2kPrimaryTimeseries,iso2k,
MS07MMNP,depth,iso2kPrimaryTimeseries,iso2k,
MS07MMNP,year,iso2kPrimaryTimeseries,iso2k,
MS07MMNP,temperature,iso2kHackathonNotes,iso2k,
MS07MMNP,temperature,iso2kPrimaryTimeseries,iso2k,
MS07MMNP,temperature,iso2kUI,iso2k;iso2k,
MS07MMNP,temperature,ocean2kID,Pages2kTemperature,
MS07MMNP,temperature,pages2kId,Pages2kTemperature,
MS07MMNP,temperature,pages2kID,Pages2kTemperature,
MS07MMNP,temperature,QCCertification,HoloceneAbruptChange,
MS07MMNP,temperature,QCnotes,HoloceneAbruptChange,
MS07MMNP,temperature,iso2kHackathonNotes,iso2k,
MS07MMNP,temperature,iso2kPrimaryTimeseries,iso2k,
MS07MMNP,temperature,iso2kUI,iso2k;iso2k,
MS07MMNP,temperature,QCCertification,HoloceneAbruptChange,
MS07MMNP,temperature,QCnotes,HoloceneAbruptChange,
MS07MMNP,year,iso2kPrimaryTimeseries,iso2k,
MS07RCNA,age,iso2kPrimaryTimeseries,iso2k,
MS07RCNA,depth,iso2kPrimaryTimeseries,iso2k,
MS07RCNA,Mg/Ca,iso2kHackathonNotes,iso2k,
MS07RCNA,Mg/Ca,iso2kPrimaryTimeseries,iso2k,
MS07RCNA,temperature,iso2kHackathonNotes,iso2k,
MS07RCNA,temperature,iso2kPrimaryTimeseries,iso2k,
MS07SWGG,Mg/Ca,iso2kHackathonNotes,iso2k,
MS07SWGG,Mg/Ca,iso2kPrimaryTimeseries,iso2k,
MS07SWGG,Mg/Ca,QCCertification,HoloceneAbruptChange,
MS07SWGG,age,iso2kPrimaryTimeseries,iso2k,
MS07SWGG,depth,iso2kPrimaryTimeseries,iso2k,
MS07SWGG,temperature,iso2kHackathonNotes,iso2k,
MS07SWGG,temperature,iso2kPrimaryTimeseries,iso2k,
MS07SWGG,temperature,iso2kUI,iso2k;iso2k,
MS07SWGG,temperature,ocean2kID,Pages2kTemperature,
MS07SWGG,temperature,pages2kId,Pages2kTemperature,
MS07SWGG,temperature,pages2kID,Pages2kTemperature,
MS07SWGG,temperature,QCCertification,HoloceneAbruptChange,
MS07SWGG,temperature,QCnotes,HoloceneAbruptChange,
MS07SWGG,Mg/Ca,iso2kHackathonNotes,iso2k,
MS07SWGG,Mg/Ca,iso2kPrimaryTimeseries,iso2k,
MS07SWGG,Mg/Ca,QCCertification,HoloceneAbruptChange,
MS07SWGG,Mg/Ca,QCnotes,HoloceneAbruptChange,
MS07SWGG,year,iso2kPrimaryTimeseries,iso2k,
MS07SWGG,depth,iso2kPrimaryTimeseries,iso2k,
MS07SWGG,temperature,iso2kHackathonNotes,iso2k,
MS07SWGG,temperature,iso2kPrimaryTimeseries,iso2k,
MS07SWGG,temperature,QCCertification,HoloceneAbruptChange,
MS07SWGG,temperature,QCnotes,HoloceneAbruptChange,
MS07SWGG,year,iso2kPrimaryTimeseries,iso2k,
MS07SWGG,depth,iso2kPrimaryTimeseries,iso2k,
MS08UAPM,age,iso2kPrimaryTimeseries,iso2k,
MS08UAPM,depth,iso2kPrimaryTimeseries,iso2k,
MS09DOIP,age,iso2kPrimaryTimeseries,iso2k,
MS09DOIP,age,QCnotes,HoloceneAbruptChange,
MS09DOIP,temperature,iso2kHackathonNotes,iso2k,
MS09DOIP,temperature,iso2kPrimaryTimeseries,iso2k,
MS09DOIP,temperature,iso2kUI,iso2k;iso2k,
MS09DOIP,temperature,ocean2kID,Pages2kTemperature,
MS09DOIP,temperature,pages2kId,Pages2kTemperature,
MS09DOIP,temperature,pages2kID,Pages2kTemperature,
MS09DOIP,temperature,QCCertification,HoloceneAbruptChange,
MS09DOIP,temperature,QCnotes,HoloceneAbruptChange,
MS09DOIP,Mg/Ca,iso2kHackathonNotes,iso2k,
MS09DOIP,Mg/Ca,iso2kPrimaryTimeseries,iso2k,
MS09DOIP,depth,iso2kPrimaryTimeseries,iso2k,
MS09DOIP,core,iso2kHackathonNotes,iso2k,
MS09DOIP,core,iso2kPrimaryTimeseries,iso2k,
MS09DTNA,Mg/Ca,iso2kHackathonNotes,iso2k,
MS09DTNA,Mg/Ca,iso2kPrimaryTimeseries,iso2k,
MS09DTNA,temperature,iso2kHackathonNotes,iso2k,
MS09DTNA,temperature,iso2kPrimaryTimeseries,iso2k,
MS09DTNA,Mg/Ca-1,iso2kPrimaryTimeseries,iso2k,
MS09DTNA,Mg/Ca-1,QCnotes,HoloceneAbruptChange,
MS09DTNA,age,iso2kPrimaryTimeseries,iso2k,
MS09DTNA,depth,iso2kPrimaryTimeseries,iso2k,
MS09DTNA,temperature-1,iso2kPrimaryTimeseries,iso2k,
MS09DTNA,temperature-1,QCCertification,HoloceneAbruptChange,
MS09DTNA,temperature-1,QCnotes,HoloceneAbruptChange,
MS09DTNA,Mg/Ca,iso2kHackathonNotes,iso2k,
MS09DTNA,Mg/Ca,iso2kPrimaryTimeseries,iso2k,
MS09DTNA,year,iso2kPrimaryTimeseries,iso2k,
MS09DTNA,depth,iso2kPrimaryTimeseries,iso2k,
MS09DTNA,temperature,iso2kHackathonNotes,iso2k,
MS09DTNA,temperature,iso2kPrimaryTimeseries,iso2k,
MS09DTNA,temperature,iso2kUI,iso2k;iso2k,
MS09DTNA,temperature,ocean2kID,Pages2kTemperature,
MS09DTNA,temperature,pages2kId,Pages2kTemperature,
MS09DTNA,temperature,pages2kID,Pages2kTemperature,
MS09DTNA,temperature,QCCertification,HoloceneAbruptChange,
MS09DTNA,temperature,QCnotes,HoloceneAbruptChange,
MS09TCIS,year,iso2kPrimaryTimeseries,iso2k,
MS09TCIS,depth,iso2kPrimaryTimeseries,iso2k,
MS09TRFD,depth,iso2kPrimaryTimeseries,iso2k,
MS09TRFD,depth,QCnotes,HoloceneAbruptChange,
MS09TRFD,year,iso2kPrimaryTimeseries,iso2k,
MS09TRFD,notes,iso2kHackathonNotes,iso2k,
MS09TRFD,notes,iso2kPrimaryTimeseries,iso2k,
MS09TRFD,notes,QCnotes,HoloceneAbruptChange,
MS09TRFD,temperature,iso2kHackathonNotes,iso2k,
MS09TRFD,temperature,iso2kPrimaryTimeseries,iso2k,
MS09TRFD,temperature,QCCertification,HoloceneAbruptChange,
MS09TRFD,temperature,QCnotes,HoloceneAbruptChange,
MS09TRFD,Mg/Ca,iso2kHackathonNotes,iso2k,
MS09TRFD,Mg/Ca,iso2kPrimaryTimeseries,iso2k,
MS09TRFD,Mg/Ca,QCnotes,HoloceneAbruptChange,
MS09TRFD,depth-1,iso2kPrimaryTimeseries,iso2k,
MS09TRFD,depth-1,QCnotes,HoloceneAbruptChange,
MS09TRFD,temperature,iso2kHackathonNotes,iso2k,
MS09TRFD,temperature,iso2kPrimaryTimeseries,iso2k,
MS09TRFD,temperature,iso2kUI,iso2k;iso2k,
MS09TRFD,temperature,ocean2kID,Pages2kTemperature,
MS09TRFD,temperature,pages2kId,Pages2kTemperature,
MS09TRFD,temperature,pages2kID,Pages2kTemperature,
MS09TRFD,temperature,QCCertification,HoloceneAbruptChange,
MS09TRFD,temperature,QCnotes,HoloceneAbruptChange,
MS09TRFD,year,iso2kPrimaryTimeseries,iso2k,
MS09TRFD,Mg/Ca,iso2kHackathonNotes,iso2k,
MS09TRFD,Mg/Ca,iso2kPrimaryTimeseries,iso2k,
MS09TRFD,notes,iso2kHackathonNotes,iso2k,
MS09TRFD,notes,iso2kPrimaryTimeseries,iso2k,
MS09TRFD,depth,iso2kPrimaryTimeseries,iso2k,
MS10BLMS,age,iso2kPrimaryTimeseries,iso2k,
MS10BLMS,age,QCnotes,HoloceneAbruptChange,
MS10BLMS,temperature,iso2kHackathonNotes,iso2k,
MS10BLMS,temperature,iso2kPrimaryTimeseries,iso2k,
MS10BLMS,temperature,iso2kUI,iso2k;iso2k,
MS10BLMS,temperature,ocean2kID,Pages2kTemperature,
MS10BLMS,temperature,pages2kId,Pages2kTemperature,
MS10BLMS,temperature,pages2kID,Pages2kTemperature,
MS10BLMS,temperature,QCCertification,HoloceneAbruptChange,
MS10BLMS,temperature,QCnotes,HoloceneAbruptChange,
MS10BLMS,Mg/Ca,iso2kHackathonNotes,iso2k,
MS10BLMS,Mg/Ca,iso2kPrimaryTimeseries,iso2k,
MS10BLMS,depth,iso2kPrimaryTimeseries,iso2k,
MS10BLMS,temperature,iso2kHackathonNotes,iso2k,
MS10BLMS,temperature,iso2kPrimaryTimeseries,iso2k,
MS10BLMS,temperature,QCCertification,HoloceneAbruptChange,
MS10BLMS,temperature,QCnotes,HoloceneAbruptChange,
MS10BLMS,year,iso2kPrimaryTimeseries,iso2k,
MS10BLMS,year,QCnotes,HoloceneAbruptChange,
MS10JTMA,age,iso2kPrimaryTimeseries,iso2k,
MS10JTMA,depth,iso2kPrimaryTimeseries,iso2k,
MS10JTMA,core,iso2kHackathonNotes,iso2k,
MS10JTMA,core,iso2kPrimaryTimeseries,iso2k,
MS10JTMA,core,iso2kUI,iso2k;iso2k,
MS11ANMN,temperature,iso2kHackathonNotes,iso2k,
MS11ANMN,temperature,iso2kPrimaryTimeseries,iso2k,
MS11ANMN,temperature,iso2kUI,iso2k;iso2k,
MS11ANMN,temperature,ocean2kID,Pages2kTemperature,
MS11ANMN,temperature,pages2kId,Pages2kTemperature,
MS11ANMN,temperature,pages2kID,Pages2kTemperature,
MS11ANMN,temperature,QCCertification,HoloceneAbruptChange,
MS11ANMN,temperature,QCnotes,HoloceneAbruptChange,
MS11ANMN,year,iso2kPrimaryTimeseries,iso2k,
MS11ANMN,depth,iso2kPrimaryTimeseries,iso2k,
MS11ANMN,Mg/Ca,iso2kHackathonNotes,iso2k,
MS11ANMN,Mg/Ca,iso2kPrimaryTimeseries,iso2k,
MS11ANMN,depth,iso2kPrimaryTimeseries,iso2k,
MS11ANMN,temperature,iso2kHackathonNotes,iso2k,
MS11ANMN,temperature,iso2kPrimaryTimeseries,iso2k,
MS11ANMN,year,iso2kPrimaryTimeseries,iso2k,
MS11ANMN,year,QCCertification,HoloceneAbruptChange,
MS11ANMN,Mg/Ca,iso2kHackathonNotes,iso2k,
MS11ANMN,Mg/Ca,iso2kPrimaryTimeseries,iso2k,
MS11ANMN,age,iso2kUI,iso2k;iso2k,
MS11ANMS,temperature,iso2kHackathonNotes,iso2k,
MS11ANMS,temperature,iso2kPrimaryTimeseries,iso2k,
MS11ANMS,temperature,iso2kUI,iso2k;iso2k,
MS11ANMS,temperature,ocean2kID,Pages2kTemperature,
MS11ANMS,temperature,pages2kId,Pages2kTemperature,
MS11ANMS,temperature,pages2kID,Pages2kTemperature,
MS11ANMS,temperature,QCCertification,HoloceneAbruptChange,
MS11ANMS,temperature,QCnotes,HoloceneAbruptChange,
MS11ANMS,year,iso2kPrimaryTimeseries,iso2k,
MS11ANMS,year,QCCertification,HoloceneAbruptChange,
MS11ANMS,depth,iso2kPrimaryTimeseries,iso2k,
MS11ANMS,Mg/Ca,iso2kHackathonNotes,iso2k,
MS11ANMS,Mg/Ca,iso2kPrimaryTimeseries,iso2k,
MS11CSCN,Mg/Ca,iso2kHackathonNotes,iso2k,
MS11CSCN,Mg/Ca,iso2kPrimaryTimeseries,iso2k,
MS11CSCN,year,iso2kPrimaryTimeseries,iso2k,
MS11CSCN,temperature,iso2kHackathonNotes,iso2k,
MS11CSCN,temperature,iso2kPrimaryTimeseries,iso2k,
MS11CSCN,uncertainty1s,iso2kHackathonNotes,iso2k,
MS11CSCN,uncertainty1s,iso2kPrimaryTimeseries,iso2k,
MS11CSCN,uncertainty,iso2kHackathonNotes,iso2k,
MS11CSCN,uncertainty,iso2kPrimaryTimeseries,iso2k,
MS11CSCN,uncertainty,QCCertification,HoloceneAbruptChange,
MS11CSCN,depth,iso2kPrimaryTimeseries,iso2k,
MS11CSCS,depth,iso2kPrimaryTimeseries,iso2k,
MS11CSCS,Mg/Ca,iso2kHackathonNotes,iso2k,
MS11CSCS,Mg/Ca,iso2kPrimaryTimeseries,iso2k,
MS11CSCS,year,iso2kPrimaryTimeseries,iso2k,
MS11CSCS,temperature,iso2kHackathonNotes,iso2k,
MS11CSCS,temperature,iso2kPrimaryTimeseries,iso2k,
MS11CSCS,uncertainty1s,iso2kHackathonNotes,iso2k,
MS11CSCS,uncertainty1s,iso2kPrimaryTimeseries,iso2k,
MS11CSCS,uncertainty,iso2kHackathonNotes,iso2k,
MS11CSCS,uncertainty,iso2kPrimaryTimeseries,iso2k,
MS11CSCS,uncertainty,QCCertification,HoloceneAbruptChange,
MS11FAPM,year,iso2kPrimaryTimeseries,iso2k,
MS11FAPM,depth,iso2kPrimaryTimeseries,iso2k,
MS11FAPM,core,iso2kHackathonNotes,iso2k,
MS11FAPM,core,iso2kPrimaryTimeseries,iso2k,
MS11KDMS,uncertaintyLow,iso2kHackathonNotes,iso2k,
MS11KDMS,uncertaintyLow,iso2kPrimaryTimeseries,iso2k,
MS11KDMS,depth,iso2kPrimaryTimeseries,iso2k,
MS11KDMS,uncertainty,iso2kHackathonNotes,iso2k,
MS11KDMS,uncertainty,iso2kPrimaryTimeseries,iso2k,
MS11KDMS,uncertainty,QCCertification,HoloceneAbruptChange,
MS11KDMS,uncertaintyLow-1,iso2kHackathonNotes,iso2k,
MS11KDMS,uncertaintyLow-1,iso2kPrimaryTimeseries,iso2k,
MS11KWFS,age,iso2kPrimaryTimeseries,iso2k,
MS11KWFS,depth,iso2kPrimaryTimeseries,iso2k,
MS11SENS,year,iso2kPrimaryTimeseries,iso2k,
MS11SENS,depth,iso2kPrimaryTimeseries,iso2k,
MS11SENS,core,iso2kHackathonNotes,iso2k,
MS11SENS,core,iso2kPrimaryTimeseries,iso2k,
MS12AMMM,temperature,iso2kHackathonNotes,iso2k,
MS12AMMM,temperature,iso2kPrimaryTimeseries,iso2k,
MS12AMMM,temperature,iso2kUI,iso2k;iso2k,
MS12AMMM,temperature,ocean2kID,Pages2kTemperature,
MS12AMMM,temperature,pages2kId,Pages2kTemperature,
MS12AMMM,temperature,pages2kID,Pages2kTemperature,
MS12AMMM,temperature,QCCertification,HoloceneAbruptChange,
MS12AMMM,temperature,QCnotes,HoloceneAbruptChange,
MS12AMMM,year,iso2kPrimaryTimeseries,iso2k,
MS12AMMM,Uk37,iso2kHackathonNotes,iso2k,
MS12AMMM,Uk37,iso2kPrimaryTimeseries,iso2k,
MS12AMMM,notes,iso2kHackathonNotes,iso2k,
MS12AMMM,notes,iso2kPrimaryTimeseries,iso2k,
MS12AMMM,temperature,iso2kHackathonNotes,iso2k,
MS12AMMM,temperature,iso2kPrimaryTimeseries,iso2k,
MS12AMMM,year,iso2kPrimaryTimeseries,iso2k,
MS12AMMM,Mg/Ca,iso2kHackathonNotes,iso2k,
MS12AMMM,Mg/Ca,iso2kPrimaryTimeseries,iso2k,
MS12AMMM,depth,iso2kPrimaryTimeseries,iso2k,
MS12AMMM,temperature,iso2kHackathonNotes,iso2k,
MS12AMMM,temperature,iso2kPrimaryTimeseries,iso2k,
MS12AMMM,year,iso2kPrimaryTimeseries,iso2k,
MS12AMMM,Mg/Ca,iso2kHackathonNotes,iso2k,
MS12AMMM,Mg/Ca,iso2kPrimaryTimeseries,iso2k,
MS12AMMM,depth,iso2kPrimaryTimeseries,iso2k,
MS12CCCH,year,iso2kPrimaryTimeseries,iso2k,
MS12CCCH,temperature,iso2kHackathonNotes,iso2k,
MS12CCCH,temperature,iso2kPrimaryTimeseries,iso2k,
MS12CCCH,temperature,iso2kUI,iso2k;iso2k,
MS12CCCH,temperature,ocean2kID,Pages2kTemperature,
MS12CCCH,temperature,pages2kId,Pages2kTemperature,
MS12CCCH,temperature,pages2kID,Pages2kTemperature,
MS12CCCH,temperature,QCCertification,HoloceneAbruptChange,
MS12CCCH,temperature,QCnotes,HoloceneAbruptChange,
MS12CCCH,Mg/Ca,iso2kHackathonNotes,iso2k,
MS13KWFS,age,iso2kPrimaryTimeseries,iso2k,
MS13KWFS,depth,iso2kPrimaryTimeseries,iso2k,
MS13RSAS,age,iso2kPrimaryTimeseries,iso2k,
MS13RSAS,depth,iso2kPrimaryTimeseries,iso2k,
MS13RSAS,temperature,iso2kHackathonNotes,iso2k,
MS13RSAS,temperature,iso2kPrimaryTimeseries,iso2k,
MS13RSAS,Mg/Ca,iso2kHackathonNotes,iso2k,
MS13RSAS,Mg/Ca,iso2kPrimaryTimeseries,iso2k,
MS13RSAS,temperature,iso2kHackathonNotes,iso2k,
MS13RSAS,temperature,iso2kPrimaryTimeseries,iso2k,
MS13RSAS,temperature,iso2kUI,iso2k;iso2k,
MS13RSAS,temperature,ocean2kID,Pages2kTemperature,
MS13RSAS,temperature,pages2kId,Pages2kTemperature,
MS13RSAS,temperature,pages2kID,Pages2kTemperature,
MS13RSAS,temperature,QCCertification,HoloceneAbruptChange,
MS13RSAS,temperature,QCnotes,HoloceneAbruptChange,
MS13RSAS,year,iso2kPrimaryTimeseries,iso2k,
MS13RSAS,temperature,iso2kHackathonNotes,iso2k,
MS13RSAS,temperature,iso2kPrimaryTimeseries,iso2k,
MS13RSAS,temperature,QCCertification,HoloceneAbruptChange,
MS13RSAS,temperature,QCnotes,HoloceneAbruptChange,
MS13RSAS,year,iso2kPrimaryTimeseries,iso2k,
MS14GFSS,year,iso2kPrimaryTimeseries,iso2k,
MS14GFSS,depth,iso2kPrimaryTimeseries,iso2k,
MS14GFSS,Mg/Ca,iso2kHackathonNotes,iso2k,
MS14GFSS,Mg/Ca,iso2kPrimaryTimeseries,iso2k,
MS14GFSS,temperature,iso2kHackathonNotes,iso2k,
MS14GFSS,temperature,iso2kPrimaryTimeseries,iso2k,
MS14MOLS,year,iso2kPrimaryTimeseries,iso2k,
MS14MOLS,depth,iso2kPrimaryTimeseries,iso2k,
MS14MOLS,Mg/Ca,iso2kHackathonNotes,iso2k,
MS14MOLS,Mg/Ca,iso2kPrimaryTimeseries,iso2k,
MS14MOLS,temperature,iso2kHackathonNotes,iso2k,
MS14MOLS,temperature,iso2kPrimaryTimeseries,iso2k,
MS14MOLS,Mg/Ca-1,iso2kPrimaryTimeseries,iso2k,
MS14MOLS,temperature-1,iso2kPrimaryTimeseries,iso2k,
MS14MORR,year,iso2kPrimaryTimeseries,iso2k,
MS14MORR,depth,iso2kPrimaryTimeseries,iso2k,
MS14MORR,Mg/Ca,iso2kHackathonNotes,iso2k,
MS14MORR,Mg/Ca,iso2kPrimaryTimeseries,iso2k,
MS14MORR,temperature,iso2kHackathonNotes,iso2k,
MS14MORR,temperature,iso2kPrimaryTimeseries,iso2k,
MS15BATP,age,iso2kPrimaryTimeseries,iso2k,
MS15BATP,depth,iso2kPrimaryTimeseries,iso2k,
MS15BATP,core,iso2kHackathonNotes,iso2k,
MS15BATP,core,iso2kPrimaryTimeseries,iso2k,
MS15VIBC,age,iso2kPrimaryTimeseries,iso2k,
MS15VIBC,depth,iso2kPrimaryTimeseries,iso2k,
MS15VIBC,core,iso2kHackathonNotes,iso2k,
MS15VIBC,core,iso2kPrimaryTimeseries,iso2k,
MS15VIBC,Mg/Ca,iso2kHackathonNotes,iso2k,
MS15VIBC,Mg/Ca,iso2kPrimaryTimeseries,iso2k,
MS15VIBC,temperature,iso2kHackathonNotes,iso2k,
MS15VIBC,temperature,iso2kPrimaryTimeseries,iso2k,
MS15VIBC,depth-1,iso2kPrimaryTimeseries,iso2k,
MS15VIBM,age,iso2kPrimaryTimeseries,iso2k,
MS15VIBM,depth,iso2kPrimaryTimeseries,iso2k,
MS21PC.Hennekam.2020,age,SISALEntityID,SISAL-LiPD;SISAL-LiPD;SISAL-LiPD,
MS21PC.Hennekam.2020,depth,SISALEntityID,SISAL-LiPD;SISAL-LiPD;SISAL-LiPD,
MS21PC.Hennekam.2020,aluminum,SISALEntityID,SISAL-LiPD;SISAL-LiPD;SISAL-LiPD,
MS21PC.Hennekam.2020,barium,SISALEntityID,SISAL-LiPD;SISAL-LiPD;SISAL-LiPD,
MS21PC.Hennekam.2020,molybdenum,SISALEntityID,SISAL-LiPD;SISAL-LiPD;SISAL-LiPD,
MS21PC.Hennekam.2020,titanium,SISALEntityID,SISAL-LiPD;SISAL-LiPD;SISAL-LiPD,
MS21PC.Hennekam.2020,uranium,SISALEntityID,SISAL-LiPD;SISAL-LiPD;SISAL-LiPD,HoloceneAbruptChange
MS21PC.Hennekam.2020,Ti/Al,SISALEntityID,SISAL-LiPD;SISAL-LiPD;SISAL-LiPD,Hydro21k;HoloceneAbruptChange;HoloceneHydroclimate
MS21PC.Hennekam.2020,Ba/Al,SISALEntityID,SISAL-LiPD;SISAL-LiPD;SISAL-LiPD,
MS96LKSS,year,iso2kPrimaryTimeseries,iso2k,
MS96LKSS,depth,iso2kPrimaryTimeseries,iso2k,
MS96LKSS,year-1,iso2kPrimaryTimeseries,iso2k,
MS96LKSS,depth-1,iso2kPrimaryTimeseries,iso2k,
MS97HLCB,age,iso2kPrimaryTimeseries,iso2k,
MS97HLCB,depth,iso2kPrimaryTimeseries,iso2k,
MS99LWSC,age,iso2kPrimaryTimeseries,iso2k,
MS99LWSC,depth,iso2kPrimaryTimeseries,iso2k,
MS99LWSC,uncertainty,iso2kHackathonNotes,iso2k,
MS99LWSC,uncertainty,iso2kPrimaryTimeseries,iso2k,
MS99LWSC,uncertainty,QCCertification,HoloceneAbruptChange,
MSM055_712-2.Werner.2015,year,temp12kDkIndex,Temp12k,
MSM055_712-2.Werner.2015,age,temp12kDkIndex,Temp12k,
MSM055_723-2.Werner.2015,year,temp12kDkIndex,Temp12k,
MSM055_723-2.Werner.2015,age,temp12kDkIndex,Temp12k,
MSM343300.Ouellet-Bernier.2014,age,temp12kDkIndex,Temp12k,
MU17DOA01,year,coralExtensionRate,CoralHydro2k;GBRCD,
MU17DOA01,year,coralHydro2kGroup,CoralHydro2k,
MU17DOA01,year,jcpCorrected,CoralHydro2k,
MU17DOA01,year,jcpMeasured,CoralHydro2k;GBRCD,
MU17DOA01,year,jcpUsed,CoralHydro2k;GBRCD,
MU18GSI01,year,coralExtensionRate,CoralHydro2k;GBRCD,
MU18GSI01,year,coralHydro2kGroup,CoralHydro2k,
MU18GSI01,year,jcpCorrected,CoralHydro2k,
MU18GSI01,year,jcpMeasured,CoralHydro2k;GBRCD,
MU18GSI01,year,jcpUsed,CoralHydro2k;GBRCD,
MU18GSI01,year,coralExtensionRate,CoralHydro2k;GBRCD,
MU18GSI01,year,coralHydro2kGroup,CoralHydro2k,
MU18GSI01,year,jcpCorrected,CoralHydro2k,
MU18GSI01,year,jcpMeasured,CoralHydro2k;GBRCD,
MU18GSI01,year,jcpUsed,CoralHydro2k;GBRCD,
MU18NPI01,year,coralExtensionRate,CoralHydro2k;GBRCD,
MU18NPI01,year,coralHydro2kGroup,CoralHydro2k,
MU18NPI01,year,jcpCorrected,CoralHydro2k,
MU18NPI01,year,jcpMeasured,CoralHydro2k;GBRCD,
MU18NPI01,year,jcpUsed,CoralHydro2k;GBRCD,
MU18NPI01,year,coralExtensionRate,CoralHydro2k;GBRCD,
MU18NPI01,year,coralHydro2kGroup,CoralHydro2k,
MU18NPI01,year,jcpCorrected,CoralHydro2k,
MU18NPI01,year,jcpMeasured,CoralHydro2k;GBRCD,
MU18NPI01,year,jcpUsed,CoralHydro2k;GBRCD,
MU18RED01,year,coralExtensionRate,CoralHydro2k;GBRCD,
MU18RED01,year,coralHydro2kGroup,CoralHydro2k,
MU18RED01,year,jcpCorrected,CoralHydro2k,
MU18RED01,year,jcpMeasured,CoralHydro2k;GBRCD,
MU18RED01,year,jcpUsed,CoralHydro2k;GBRCD,
MU18RED02,year,coralExtensionRate,CoralHydro2k;GBRCD,
MU18RED02,year,coralHydro2kGroup,CoralHydro2k,
MU18RED02,year,jcpCorrected,CoralHydro2k,
MU18RED02,year,jcpMeasured,CoralHydro2k;GBRCD,
MU18RED02,year,jcpUsed,CoralHydro2k;GBRCD,
MU18RED03,year,coralExtensionRate,CoralHydro2k;GBRCD,
MU18RED03,year,coralHydro2kGroup,CoralHydro2k,
MU18RED03,year,jcpCorrected,CoralHydro2k,
MU18RED03,year,jcpMeasured,CoralHydro2k;GBRCD,
MU18RED03,year,jcpUsed,CoralHydro2k;GBRCD,
MU18RED04,year,coralExtensionRate,CoralHydro2k;GBRCD,
MU18RED04,year,coralHydro2kGroup,CoralHydro2k,
MU18RED04,year,jcpCorrected,CoralHydro2k,
MU18RED04,year,jcpMeasured,CoralHydro2k;GBRCD,
MU18RED04,year,jcpUsed,CoralHydro2k;GBRCD,
MU18RED04,Sr/Ca,ch2kCoreCode,CoralHydro2k,
MU18RED04,Sr/Ca,coralExtensionRate,CoralHydro2k;GBRCD,
MU18RED04,Sr/Ca,coralExtensionRateNotes,CoralHydro2k;GBRCD,
MU18RED04,Sr/Ca,coralHydro2kGroup,CoralHydro2k,
MU18RED04,Sr/Ca,jcpCorrected,CoralHydro2k,
MU18RED04,Sr/Ca,jcpMeasured,CoralHydro2k;GBRCD,
MU18RED04,Sr/Ca,jcpNotes,CoralHydro2k,
MU18RED04,Sr/Ca,jcpUsed,CoralHydro2k;GBRCD,
MU18RED04,year,coralExtensionRate,CoralHydro2k;GBRCD,
MU18RED04,year,coralHydro2kGroup,CoralHydro2k,
MU18RED04,year,jcpCorrected,CoralHydro2k,
MU18RED04,year,jcpMeasured,CoralHydro2k;GBRCD,
MU18RED04,year,jcpUsed,CoralHydro2k;GBRCD,
Munagamanucave.Genty.,notes,SISALEntityID,SISAL-LiPD;SISAL-LiPD;SISAL-LiPD,
MV0811-14JC.Du.2018,notes,temp12kDkIndex,Temp12k,
MV1014_07MC,TEX86,temp12kDkIndex,Temp12k,
MV1014_07MC,Mg/Ca,temp12kDkIndex,Temp12k,
MV1014_07MC,temperature,temp12kDkIndex,Temp12k,
MV1014_07MC,temperature,QCCertification,HoloceneAbruptChange,
MV1014_07MC,temperature,QCnotes,HoloceneAbruptChange,
MV1014_08JC,Mg/Ca,temp12kDkIndex,Temp12k,
MV1014_09MC.Hertzberg.2016,TEX86,temp12kDkIndex,Temp12k,
MV1014_09MC.Hertzberg.2016,Mg/Ca,temp12kDkIndex,Temp12k,
MV1014_17JC,TEX86,temp12kDkIndex,Temp12k,
MV1014_17JC,Mg/Ca,temp12kDkIndex,Temp12k,
MV1014_17JC,temperature,QCCertification,HoloceneAbruptChange,
MV1014_17JC,temperature,QCnotes,HoloceneAbruptChange,
MV1014_17JC,temperature,temp12kDkIndex,Temp12k,
MV1014_17JC,temperature-1,QCCertification,HoloceneAbruptChange,
MV1014_17JC,temperature-1,QCnotes,HoloceneAbruptChange,
MV1014_17JC,temperature-1,temp12kDkIndex,Temp12k,
MV99_GC41,Mg/Ca,temp12kDkIndex,Temp12k,
MV99_GC41,temperature,QCCertification,HoloceneAbruptChange,
MV99_GC41,temperature,temp12kDkIndex,Temp12k,
MV99_GC41,temperature,QCnotes,HoloceneAbruptChange,
MV99_PC14.Marchitto.2010,Mg/Ca,temp12kDkIndex,Temp12k,
MV99-GC31.Barron.2012,A. octonarius,temp12kDkIndex,Temp12k,
MV99-GC31.Barron.2012,Azpeitia nodulifer,temp12kDkIndex,Temp12k,
MV99-GC31.Barron.2012,Coscinodiscus_spp.,temp12kDkIndex,Temp12k,
MV99-GC31.Barron.2012,Cyclotella_spp.,temp12kDkIndex,Temp12k,
MV99-GC31.Barron.2012,Chaetoceros spores,temp12kDkIndex,Temp12k,
MV99-GC31.Barron.2012,needsToBeChanged,temp12kDkIndex,Temp12k,
MV99-GC31.Barron.2012,aluminum,temp12kDkIndex,Temp12k,
MV99-GC31.Barron.2012,CaCO3,temp12kDkIndex,Temp12k,
MV99-GC31.Barron.2012,precipitation,temp12kDkIndex,Temp12k,
MV99-GC31.Barron.2012,titanium,temp12kDkIndex,Temp12k,
MV99-GC31.Barron.2012,manganese,temp12kDkIndex,Temp12k,
MV99-GC31.Barron.2012,manganese-1,temp12kDkIndex,Temp12k,
MV99-GC31.Barron.2012,cadmium,temp12kDkIndex,Temp12k,
MV99-GC31.Barron.2012,chromium,temp12kDkIndex,Temp12k,
MV99-GC31.Barron.2012,lanthanum,temp12kDkIndex,Temp12k,
MV99-GC31.Barron.2012,molybdenum,temp12kDkIndex,Temp12k,
MV99-GC31.Barron.2012,lead,temp12kDkIndex,Temp12k,
MV99-GC31.Barron.2012,scandium,temp12kDkIndex,Temp12k,
MV99-GC31.Barron.2012,strontium,temp12kDkIndex,Temp12k,
MV99-GC31.Barron.2012,yttrium,temp12kDkIndex,Temp12k,
MV99-GC31.Barron.2012,zirconium,temp12kDkIndex,Temp12k,
MV99-GC31.Barron.2012,zinc,temp12kDkIndex,Temp12k,
MV99-GC31.Barron.2012,TIC,temp12kDkIndex,Temp12k,
MV99-GC31.Barron.2012,organicCarbon,temp12kDkIndex,Temp12k,
MV99-GC31.Barron.2012,Cd/Mn,temp12kDkIndex,Temp12k,
MV99-GC31.Barron.2012,Ba/Al,temp12kDkIndex,Temp12k,
MV99-GC31.Barron.2012,organicCarbon-2,temp12kDkIndex,Temp12k,
MV99-GC31.Barron.2012,cadmium-1,temp12kDkIndex,Temp12k,
MV99-GC31.Barron.2012,Mn/Mo,temp12kDkIndex,Temp12k,
MV99-GC41.Marchitto.2010,Mg/Ca,temp12kDkIndex,Temp12k,
MysteryCave..2004,d13C,QCnotes,HoloceneAbruptChange,
MysteryCave..2004,d13C,temp12kDkIndex,Temp12k,
MysteryCave..2004,d18O,QCnotes,HoloceneAbruptChange,
MysteryCave..2004,d18O,temp12kDkIndex,Temp12k,
N3.Thomas.2016,core,iso2kPrimaryTimeseries,iso2k,
N3.Thomas.2016,core,iso2kHackathonNotes,iso2k,
N3.Thomas.2016,core,QCCertification,HoloceneAbruptChange,
N3.Thomas.2016,depth,iso2kPrimaryTimeseries,iso2k,
N3.Thomas.2016,depth,iso2kHackathonNotes,iso2k,
N3.Thomas.2016,depth,QCCertification,HoloceneAbruptChange,
N3.Thomas.2016,d2H,iso2kPrimaryTimeseries,iso2k,RapidArcticWarming
N3.Thomas.2016,d2H,iso2kHackathonNotes,iso2k,RapidArcticWarming
N3.Thomas.2016,uncertainty1s,iso2kPrimaryTimeseries,iso2k,
N3.Thomas.2016,uncertainty1s,iso2kHackathonNotes,iso2k,
N3.Thomas.2016,uncertainty1s,QCCertification,HoloceneAbruptChange,
N3.Thomas.2016,C24n-alkanoicAcid,iso2kPrimaryTimeseries,iso2k,
N3.Thomas.2016,C24n-alkanoicAcid,iso2kHackathonNotes,iso2k,
N3.Thomas.2016,C24n-alkanoicAcid,QCCertification,HoloceneAbruptChange,
N3.Thomas.2016,d2H-1,iso2kPrimaryTimeseries,iso2k,RapidArcticWarming
N3.Thomas.2016,d2H-1,iso2kHackathonNotes,iso2k,RapidArcticWarming
N3.Thomas.2016,uncertainty1s-1,iso2kPrimaryTimeseries,iso2k,
N3.Thomas.2016,uncertainty1s-1,iso2kHackathonNotes,iso2k,
N3.Thomas.2016,uncertainty1s-1,QCCertification,HoloceneAbruptChange,
N3.Thomas.2016,C26n-alkanoicAcid,iso2kPrimaryTimeseries,iso2k,
N3.Thomas.2016,C26n-alkanoicAcid,iso2kHackathonNotes,iso2k,
N3.Thomas.2016,C26n-alkanoicAcid,QCCertification,HoloceneAbruptChange,
N3.Thomas.2016,d2H-2,iso2kPrimaryTimeseries,iso2k,RapidArcticWarming
N3.Thomas.2016,d2H-2,iso2kHackathonNotes,iso2k,RapidArcticWarming
N3.Thomas.2016,uncertainty1s-2,iso2kPrimaryTimeseries,iso2k,
N3.Thomas.2016,uncertainty1s-2,iso2kHackathonNotes,iso2k,
N3.Thomas.2016,uncertainty1s-2,QCCertification,HoloceneAbruptChange,
N3.Thomas.2016,C28n-alkanoicAcid,iso2kPrimaryTimeseries,iso2k,
N3.Thomas.2016,C28n-alkanoicAcid,iso2kHackathonNotes,iso2k,
N3.Thomas.2016,C28n-alkanoicAcid,QCCertification,HoloceneAbruptChange,
N3.Thomas.2016,d2H,QCCertification,HoloceneAbruptChange,
N3.Thomas.2016,d2H,QCnotes,HoloceneAbruptChange,
N3.Thomas.2016,d2H-1,QCCertification,HoloceneAbruptChange,
N3.Thomas.2016,d2H-1,QCnotes,HoloceneAbruptChange,
N3.Thomas.2016,d2H-2,QCCertification,HoloceneAbruptChange,
N3.Thomas.2016,d2H-2,QCnotes,HoloceneAbruptChange,
NA09MAL01,year,coralExtensionRate,CoralHydro2k;GBRCD,
NA09MAL01,year,coralHydro2kGroup,CoralHydro2k,
NA09MAL01,year,jcpCorrected,CoralHydro2k,
NA09MAL01,year,jcpMeasured,CoralHydro2k;GBRCD,
NA09MAL01,year,jcpUsed,CoralHydro2k;GBRCD,
NA87_22.Duplessy.1992,d18O,QCLastUpdated,HoloceneAbruptChange,RapidArcticWarming
NA87_22.Duplessy.1992,d18O,QCLastUpdated,HoloceneAbruptChange,RapidArcticWarming
NA87_22.Duplessy.1992,d13C,QCLastUpdated,HoloceneAbruptChange,RapidArcticWarming
Nalengcuo.Opitz.2015,sampleID,QCCertification,HoloceneAbruptChange,
Nalengcuo.Opitz.2015,sampleID,temp12kDkIndex,Temp12k,
Nalengcuo.Opitz.2015,depth,QCCertification,HoloceneAbruptChange,
Nalengcuo.Opitz.2015,age,QCCertification,HoloceneAbruptChange,
Nalengcuo.Opitz.2015,uncertaintyHigh,QCCertification,HoloceneAbruptChange,
Nalengcuo.Opitz.2015,uncertaintyHigh,temp12kDkIndex,Temp12k,
Nalengcuo.Opitz.2015,uncertaintyLow,QCCertification,HoloceneAbruptChange,
Nalengcuo.Opitz.2015,uncertaintyLow,temp12kDkIndex,Temp12k,
Nalengcuo.Opitz.2015,isReliable,QCCertification,HoloceneAbruptChange,
Nalengcuo.Opitz.2015,isReliable,temp12kDkIndex,Temp12k,
NamCo.Kasper.2015,depth,SISALEntityID,SISAL-LiPD;SISAL-LiPD;SISAL-LiPD,
NamCo.Kasper.2015,age,SISALEntityID,SISAL-LiPD;SISAL-LiPD;SISAL-LiPD,
NamCo.Kasper.2015,titanium,SISALEntityID,SISAL-LiPD;SISAL-LiPD;SISAL-LiPD,hydroclimate2k
NamCo.Kasper.2015,silicon,SISALEntityID,SISAL-LiPD;SISAL-LiPD;SISAL-LiPD,hydroclimate2k
NamCo.Kasper.2015,rubidium,SISALEntityID,SISAL-LiPD;SISAL-LiPD;SISAL-LiPD,hydroclimate2k
NamCo.Kasper.2015,strontium,SISALEntityID,SISAL-LiPD;SISAL-LiPD;SISAL-LiPD,hydroclimate2k
NamCo.Kasper.2015,calcium,SISALEntityID,SISAL-LiPD;SISAL-LiPD;SISAL-LiPD,hydroclimate2k
NamCo.Kasper.2015,potassium,SISALEntityID,SISAL-LiPD;SISAL-LiPD;SISAL-LiPD,hydroclimate2k
NamCo.Kasper.2015,aluminum,SISALEntityID,SISAL-LiPD;SISAL-LiPD;SISAL-LiPD,hydroclimate2k
NamCo.Kasper.2015,iron,SISALEntityID,SISAL-LiPD;SISAL-LiPD;SISAL-LiPD,hydroclimate2k
NamCo.Kasper.2015,barium,SISALEntityID,SISAL-LiPD;SISAL-LiPD;SISAL-LiPD,hydroclimate2k
NamCo.Kasper.2015,PC1,SISALEntityID,SISAL-LiPD;SISAL-LiPD;SISAL-LiPD,Hydro21k;HoloceneAbruptChange;HoloceneHydroclimate;hydroclimate2k
NamCo.Kasper.2015,depth,SISALEntityID,SISAL-LiPD;SISAL-LiPD;SISAL-LiPD,
NamCo.Kasper.2015,age,SISALEntityID,SISAL-LiPD;SISAL-LiPD;SISAL-LiPD,
NamCo.Kasper.2015,sedimentationRate,SISALEntityID,SISAL-LiPD;SISAL-LiPD;SISAL-LiPD,hydroclimate2k
NamCo.Kasper.2015,sedimentationRate-1,SISALEntityID,SISAL-LiPD;SISAL-LiPD;SISAL-LiPD,hydroclimate2k
NamCo.Kasper.2015,organicCarbon,SISALEntityID,SISAL-LiPD;SISAL-LiPD;SISAL-LiPD,hydroclimate2k
NamCo.Kasper.2015,TIC,SISALEntityID,SISAL-LiPD;SISAL-LiPD;SISAL-LiPD,
NamCo.Kasper.2015,TIC,hydroclimate2kCertification,hydroclimate2k,
NamCo.Kasper.2015,totalNitrogen,SISALEntityID,SISAL-LiPD;SISAL-LiPD;SISAL-LiPD,hydroclimate2k
NamCo.Kasper.2015,needsToBeChanged,SISALEntityID,SISAL-LiPD;SISAL-LiPD;SISAL-LiPD,
NamCo.Kasper.2015,needsToBeChanged,hydroclimate2kCertification,hydroclimate2k,
NamCo.Kasper.2015,TOC/TN,SISALEntityID,SISAL-LiPD;SISAL-LiPD;SISAL-LiPD,
NamCo.Kasper.2015,TOC/TN,hydroclimate2kCertification,hydroclimate2k,
NamCo.Kasper.2015,grainSize,SISALEntityID,SISAL-LiPD;SISAL-LiPD;SISAL-LiPD,hydroclimate2k
NamCo.Kasper.2015,silt,SISALEntityID,SISAL-LiPD;SISAL-LiPD;SISAL-LiPD,hydroclimate2k
NamCo.Kasper.2015,sand,SISALEntityID,SISAL-LiPD;SISAL-LiPD;SISAL-LiPD,hydroclimate2k
NamCo.Kasper.2015,grainSize-1,SISALEntityID,SISAL-LiPD;SISAL-LiPD;SISAL-LiPD,hydroclimate2k
NAP_63_1,Uk37,temp12kDkIndex,Temp12k,
NAP_63_1,TEX86,temp12kDkIndex,Temp12k,
NAP_63_1,temperature,QCCertification,HoloceneAbruptChange,
NAP_63_1,temperature,QCnotes,HoloceneAbruptChange,
NAP_63_1,temperature,temp12kDkIndex,Temp12k,
NAP_63_1,temperature-1,QCCertification,HoloceneAbruptChange,
NAP_63_1,temperature-1,QCnotes,HoloceneAbruptChange,
NAP_63_1,temperature-1,temp12kDkIndex,Temp12k,
Naroch.EPD,growing degree days,temp12kDkIndex,Temp12k,
Naroch.EPD,temperature,QCnotes,HoloceneAbruptChange,
Naroch.EPD,temperature,temp12kDkIndex,Temp12k,
Naroch.EPD,temperature-1,QCnotes,HoloceneAbruptChange,
Naroch.EPD,temperature-1,temp12kDkIndex,Temp12k,
Naroch.EPD,precipitation,temp12kDkIndex,Temp12k,
Naroch.EPD,precipitation,QCnotes,HoloceneAbruptChange,
Naroch.EPD,temperature-2,QCnotes,HoloceneAbruptChange,
Naroch.EPD,temperature-2,temp12kDkIndex,Temp12k,
NaturalBridgecaverns.Wong.2015,thickness,SISALEntityID,SISAL-LiPD;SISAL-LiPD;SISAL-LiPD,NAm21k-noPollen
NaturalBridgecaverns.Wong.2015,d18O,meetsHoloceneHydroclimateCriteria,HoloceneHydroclimate,SISAL-LiPD;HoloceneAbruptChange
NaturalBridgecaverns.Wong.2015,uncertainty,SISALEntityID,SISAL-LiPD;SISAL-LiPD;SISAL-LiPD,NAm21k-noPollen
NaturalBridgecaverns.Wong.2015,d13C,SISALEntityID,SISAL-LiPD;SISAL-LiPD;SISAL-LiPD,NAm21k-noPollen;HoloceneAbruptChange
NaturalBridgecaverns.Wong.2015,d13C,meetsHoloceneHydroclimateCriteria,HoloceneHydroclimate,NAm21k-noPollen;HoloceneAbruptChange
Naujg1.Willemse.1999,depth,temp12kDkIndex,Temp12k,
Naujg1.Willemse.1999,depth,useInOnset,HoloceneAbruptChange,
Naujg1.Willemse.1999,age,temp12kDkIndex,Temp12k,
Naujg1.Willemse.1999,age,useInOnset,HoloceneAbruptChange,
Neor.Sharifi.2015,aluminum,temp12kDkIndex,Temp12k,
Neor.Sharifi.2015,needsToBeChanged,temp12kDkIndex,Temp12k,
Neor.Sharifi.2015,potassium,temp12kDkIndex,Temp12k,
Neor.Sharifi.2015,calcium,temp12kDkIndex,Temp12k,
Neor.Sharifi.2015,titanium,temp12kDkIndex,Temp12k,
Neor.Sharifi.2015,iron,temp12kDkIndex,Temp12k,
Neor.Sharifi.2015,rubidium,temp12kDkIndex,Temp12k,
Neor.Sharifi.2015,zirconium,temp12kDkIndex,Temp12k,
Neor.Sharifi.2015,sampleID,temp12kDkIndex,Temp12k,
Neor.Sharifi.2015,needsToBeChanged,temp12kDkIndex,Temp12k,
Neor.Sharifi.2015,organicCarbon,temp12kDkIndex,Temp12k,
Neor.Sharifi.2015,organicCarbon-1,temp12kDkIndex,Temp12k,
Neor.Sharifi.2015,d13C,temp12kDkIndex,Temp12k,
Neor.Sharifi.2015,needsToBeChanged,temp12kDkIndex,Temp12k,
Neor.Sharifi.2015,organicCarbon,temp12kDkIndex,Temp12k,
Neor.Sharifi.2015,wetBulkDensity,temp12kDkIndex,Temp12k,
Neor.Sharifi.2015,dryBulkDensity,temp12kDkIndex,Temp12k,
Neor.Sharifi.2015,strontium,temp12kDkIndex,Temp12k,
Neor.Sharifi.2015,needsToBeChanged-1,temp12kDkIndex,Temp12k,
Neor.Sharifi.2015,ash,temp12kDkIndex,Temp12k,
Neor.Sharifi.2015,titanium,temp12kDkIndex,Temp12k,
Neor.Sharifi.2015,titanium-1,temp12kDkIndex,Temp12k,
Neor.Sharifi.2015,brGDGT-Ic,temp12kDkIndex,Temp12k,
Neor.Sharifi.2015,needsToBeChanged,temp12kDkIndex,Temp12k,
Neor.Sharifi.2015,brGDGT-Ic,temp12kDkIndex,Temp12k,
Neor.Sharifi.2015,Paq,temp12kDkIndex,Temp12k,
Nesmeyanov_GGC_15,d18O,temp12kDkIndex,Temp12k,
Nesmeyanov_GGC_15,temperature,QCCertification,HoloceneAbruptChange,
Nesmeyanov_GGC_15,temperature,QCnotes,HoloceneAbruptChange,
Nesmeyanov_GGC_15,temperature,temp12kDkIndex,Temp12k,
NevadoHuascaran.Thompson.1995,d18O,iso2kPrimaryTimeseries,iso2k,HoloceneAbruptChange
NevadoHuascaran.Thompson.1995,year,iso2kPrimaryTimeseries,iso2k,
NevadoHuascaran.Thompson.1995,d18O-1,iso2kPrimaryTimeseries,iso2k,HoloceneAbruptChange
NevadoHuascaran.Thompson.1995,d18O-2,iso2kPrimaryTimeseries,iso2k,HoloceneAbruptChange
NevadoHuascaran.Thompson.1995,year,iso2kPrimaryTimeseries,iso2k,
NevadoHuascaran.Thompson.1995,d18O,iso2kPrimaryTimeseries,iso2k,HoloceneAbruptChange
NevadoHuascaran.Thompson.1995,year,iso2kPrimaryTimeseries,iso2k,
NH-8P.Bhattacharya.2018,d2H,temp12kDkIndex,Temp12k,
NH-8P.Bhattacharya.2018,d13C,temp12kDkIndex,Temp12k,
NH-8P.Bhattacharya.2018,uncertainty,temp12kDkIndex,Temp12k,
Nikolay.Andreev.2004,depth,QCCertification,HoloceneAbruptChange,
Nikolay.Andreev.2004,age,QCCertification,HoloceneAbruptChange,
NIOP_C2_905_PC.Huguet.2006,Uk37,temp12kDkIndex,Temp12k,
NIOP_C2_905_PC.Huguet.2006,TEX86,temp12kDkIndex,Temp12k,
NIOP905_TEX86,TEX86,temp12kDkIndex,Temp12k,
NIOP905_UK37,Uk37,temp12kDkIndex,Temp12k,
NorthCraterLake.Palmer.2002,depth,temp12kDkIndex,Temp12k,
NorthCraterLake.Palmer.2002,age,temp12kDkIndex,Temp12k,
NorthLake.Axford.2013,depth,useInOnset,HoloceneAbruptChange,
NorthLake.Axford.2013,age,useInOnset,HoloceneAbruptChange,
NorthLake.Axford.2013,organicMatter,useInOnset,HoloceneAbruptChange,NAm21k-noPollen;RapidArcticWarming
NorthLake.Axford.2013,age,useInOnset,HoloceneAbruptChange,
NorthLake.Axford.2013,BSi,useInOnset,HoloceneAbruptChange,NAm21k-noPollen;RapidArcticWarming
NorthLake.Axford.2013,depth,useInOnset,HoloceneAbruptChange,
NorthLake.Axford.2013,age,useInOnset,HoloceneAbruptChange,
NP04KH3KH4.Tierney.2008,TEX86,temp12kDkIndex,Temp12k,
NU09FAN01,year,coralExtensionRate,CoralHydro2k;GBRCD,
NU09FAN01,year,coralHydro2kGroup,CoralHydro2k,
NU09FAN01,year,jcpCorrected,CoralHydro2k,
NU09FAN01,year,jcpMeasured,CoralHydro2k;GBRCD,
NU09FAN01,year,jcpUsed,CoralHydro2k;GBRCD,
NU09FAN01,year,coralExtensionRate,CoralHydro2k;GBRCD,
NU09FAN01,year,coralHydro2kGroup,CoralHydro2k,
NU09FAN01,year,jcpCorrected,CoralHydro2k,
NU09FAN01,year,jcpMeasured,CoralHydro2k;GBRCD,
NU09FAN01,year,jcpUsed,CoralHydro2k;GBRCD,
NU09FAN01,year,coralExtensionRate,CoralHydro2k;GBRCD,
NU09FAN01,year,coralHydro2kGroup,CoralHydro2k,
NU09FAN01,year,jcpCorrected,CoralHydro2k,
NU09FAN01,year,jcpMeasured,CoralHydro2k;GBRCD,
NU09FAN01,year,jcpUsed,CoralHydro2k;GBRCD,
NU09KIR01,year,coralExtensionRate,CoralHydro2k;GBRCD,
NU09KIR01,year,coralHydro2kGroup,CoralHydro2k,
NU09KIR01,year,jcpCorrected,CoralHydro2k,
NU09KIR01,year,jcpMeasured,CoralHydro2k;GBRCD,
NU09KIR01,year,jcpUsed,CoralHydro2k;GBRCD,
NU09KIR01,year,coralExtensionRate,CoralHydro2k;GBRCD,
NU09KIR01,year,coralHydro2kGroup,CoralHydro2k,
NU09KIR01,year,jcpCorrected,CoralHydro2k,
NU09KIR01,year,jcpMeasured,CoralHydro2k;GBRCD,
NU09KIR01,year,jcpUsed,CoralHydro2k;GBRCD,
NU09KIR01,year,coralExtensionRate,CoralHydro2k;GBRCD,
NU09KIR01,year,coralHydro2kGroup,CoralHydro2k,
NU09KIR01,year,jcpCorrected,CoralHydro2k,
NU09KIR01,year,jcpMeasured,CoralHydro2k;GBRCD,
NU09KIR01,year,jcpUsed,CoralHydro2k;GBRCD,
NU11PAL01,year,coralExtensionRate,CoralHydro2k;GBRCD,
NU11PAL01,year,coralHydro2kGroup,CoralHydro2k,
NU11PAL01,year,jcpCorrected,CoralHydro2k,
NU11PAL01,year,jcpMeasured,CoralHydro2k;GBRCD,
NU11PAL01,year,jcpUsed,CoralHydro2k;GBRCD,
NU11PAL01,year,coralExtensionRate,CoralHydro2k;GBRCD,
NU11PAL01,year,coralHydro2kGroup,CoralHydro2k,
NU11PAL01,year,jcpCorrected,CoralHydro2k,
NU11PAL01,year,jcpMeasured,CoralHydro2k;GBRCD,
NU11PAL01,year,jcpUsed,CoralHydro2k;GBRCD,
NU11PAL01,year,coralExtensionRate,CoralHydro2k;GBRCD,
NU11PAL01,year,coralHydro2kGroup,CoralHydro2k,
NU11PAL01,year,jcpCorrected,CoralHydro2k,
NU11PAL01,year,jcpMeasured,CoralHydro2k;GBRCD,
NU11PAL01,year,jcpUsed,CoralHydro2k;GBRCD,
Nuanhecave.J.Y..2012,notes,SISALEntityID,SISAL-LiPD;SISAL-LiPD;SISAL-LiPD,
O2kLR-Tagusmudpatc.Abrantes.2005,core,temp12kDkIndex,Temp12k,
O2kLR-Tagusmudpatc.Abrantes.2005,temperature,QCnotes,HoloceneAbruptChange,
O2kLR-Tagusmudpatc.Abrantes.2005,temperature,temp12kDkIndex,Temp12k,
O2kLR-Tagusmudpatc.Abrantes.2005,Uk37,temp12kDkIndex,Temp12k,
O2kLR-Tagusmudpatc.Abrantes.2005,notes,temp12kDkIndex,Temp12k,
O2kLR-Tagusmudpatc.Abrantes.2005,core,temp12kDkIndex,Temp12k,
O2kLR-Tagusmudpatc.Abrantes.2005,Uk37,temp12kDkIndex,Temp12k,
O2kLR-Tagusmudpatc.Abrantes.2005,notes,temp12kDkIndex,Temp12k,
OC437_07_GC27,Uk37,temp12kDkIndex,Temp12k,
OC437_07_GC27,TEX86,temp12kDkIndex,Temp12k,
OC437_07_GC37,TEX86,temp12kDkIndex,Temp12k,
OC437_07_GC49,TEX86,temp12kDkIndex,Temp12k,
OC437_07_GC68,TEX86,temp12kDkIndex,Temp12k,
OCE326_GGC26.Keigwin.2005,Uk37,temp12kDkIndex,Temp12k,
OCE326_GGC30.Sachs.2007,Uk37,temp12kDkIndex,Temp12k,
OCE326_GGC5,d18O,temp12kDkIndex,Temp12k,
OCE326_GGC5,Mg/Ca,temp12kDkIndex,Temp12k,
ODP_1240,age,temp12kDkIndex,Temp12k,
ODP_165_999A.Schmidt.2004,d18O,temp12kDkIndex,Temp12k,
ODP_165_999A.Schmidt.2004,Mg/Ca,temp12kDkIndex,Temp12k,
ODP_167_1017E,Uk37,temp12kDkIndex,Temp12k,
ODP_167_1017E,Mg/Ca,temp12kDkIndex,Temp12k,
ODP_167_1017E,d18O,temp12kDkIndex,Temp12k,
ODP_175_1078C.Kim.2003,Uk37,temp12kDkIndex,Temp12k,
ODP_175_1084B.Farmer.2005,Mg/Ca,temp12kDkIndex,Temp12k,
ODP_176_1014,Uk37,temp12kDkIndex,Temp12k,
ODP_176_1014,d18O,temp12kDkIndex,Temp12k,
ODP_176_1014,d13C,temp12kDkIndex,Temp12k,
ODP_178_1098B.Shevenell.2011,TEX86,temp12kDkIndex,Temp12k,
ODP_184_1144,d18O,temp12kDkIndex,Temp12k,
ODP_184_1144,d13C,temp12kDkIndex,Temp12k,
ODP_184_1144,Mg/Ca,temp12kDkIndex,Temp12k,
ODP_184_1145,Mg/Ca,temp12kDkIndex,Temp12k,
ODP_184_1145,d18O,temp12kDkIndex,Temp12k,
ODP_202_1233,Uk37,temp12kDkIndex,Temp12k,
ODP_893,d18O-1,temp12kDkIndex,Temp12k,
ODP-984.Came.2007,depth,useInOnset,HoloceneAbruptChange,
ODP-984.Came.2007,age,useInOnset,HoloceneAbruptChange,
ODP-984.Came.2007,depth,useInOnset,HoloceneAbruptChange,
ODP-984.Came.2007,age,useInOnset,HoloceneAbruptChange,
ODP-984.Came.2007,d18O,useInOnset,HoloceneAbruptChange,RapidArcticWarming
ODP1019.Barron.2003,depthTop,temp12kDkIndex,Temp12k,
ODP1019.Barron.2003,depthBottom,temp12kDkIndex,Temp12k,
ODP1019.Barron.2003,Uk37,temp12kDkIndex,Temp12k,
ODP1019.Barron.2003,sedimentationRate,temp12kDkIndex,Temp12k,
ODP1019.Barron.2003,organicCarbon,temp12kDkIndex,Temp12k,
ODP1019.Barron.2003,dryBulkDensity,temp12kDkIndex,Temp12k,
ODP1019.Barron.2003,MAR,temp12kDkIndex,Temp12k,
ODP1019.Barron.2003,MAR-1,temp12kDkIndex,Temp12k,
ODP1019.Barron.2003,uncertainty,temp12kDkIndex,Temp12k,
ODP1019.Barron.2003,actinocyclusCurvatulus,temp12kDkIndex,Temp12k,
ODP1019.Barron.2003,azpeitiaNodulifer,temp12kDkIndex,Temp12k,
ODP1019.Barron.2003,Delphineis,temp12kDkIndex,Temp12k,
ODP1019.Barron.2003,Neodenticula_seminae,temp12kDkIndex,Temp12k,
ODP1019.Barron.2003,Nitzschia_interruptestriata,temp12kDkIndex,Temp12k,
ODP1019.Barron.2003,N_sicula,temp12kDkIndex,Temp12k,
ODP1019.Barron.2003,Pseudoeunotia_doliolus,temp12kDkIndex,Temp12k,
ODP1019.Barron.2003,T_oestrupii,temp12kDkIndex,Temp12k,
ODP1019.Barron.2003,T_pacifica,temp12kDkIndex,Temp12k,
ODP1019.Barron.2003,T_spp,temp12kDkIndex,Temp12k,
ODP1019.Barron.2003,Other_planktic,temp12kDkIndex,Temp12k,
ODP1019.Barron.2003,actinoptychus,temp12kDkIndex,Temp12k,
ODP1019.Barron.2003,Paralia_sucata,temp12kDkIndex,Temp12k,
ODP1019.Barron.2003,needsToBeChanged,temp12kDkIndex,Temp12k,
ODP1019.Barron.2003,needsToBeChanged-1,temp12kDkIndex,Temp12k,
ODP1019.Barron.2003,Freshwater_planktic,temp12kDkIndex,Temp12k,
ODP1019.Barron.2003,notes,temp12kDkIndex,Temp12k,
ODP1019.Barron.2003,count,temp12kDkIndex,Temp12k,
ODP1019.Barron.2003,Chaetoceros_spores,temp12kDkIndex,Temp12k,
ODP1019.Barron.2003,diatomCount,temp12kDkIndex,Temp12k,
ODP1019.Barron.2003,section,temp12kDkIndex,Temp12k,
ODP1019.Barron.2003,abies,temp12kDkIndex,Temp12k,
ODP1019.Barron.2003,Artemisia,temp12kDkIndex,Temp12k,
ODP1019.Barron.2003,Chenopodiacaeae,temp12kDkIndex,Temp12k,
ODP1019.Barron.2003,Compositae,temp12kDkIndex,Temp12k,
ODP1019.Barron.2003,Cyperaceae,temp12kDkIndex,Temp12k,
ODP1019.Barron.2003,Gramineae,temp12kDkIndex,Temp12k,
ODP1019.Barron.2003,Picea,temp12kDkIndex,Temp12k,
ODP1019.Barron.2003,Pinus,temp12kDkIndex,Temp12k,
ODP1019.Barron.2003,Pseudtsuga,temp12kDkIndex,Temp12k,
ODP1019.Barron.2003,Quercus,temp12kDkIndex,Temp12k,
ODP1019.Barron.2003,needsToBeChanged,temp12kDkIndex,Temp12k,
ODP1019.Barron.2003,Tsuga_heterophylla,temp12kDkIndex,Temp12k,
ODP1019.Barron.2003,T_mertensianna,temp12kDkIndex,Temp12k,
ODP1019.Barron.2003,needsToBeChanged-1,temp12kDkIndex,Temp12k,
ODP1019.Barron.2003,count,temp12kDkIndex,Temp12k,
ODP1019.Barron.2003,pollen_grains/gram,temp12kDkIndex,Temp12k,
ODP108_658C.Zhao.1995,Uk37,temp12kDkIndex,Temp12k,
ODP1084B,Mg/Ca,temp12kDkIndex,Temp12k,
ODP1098B,TEX86,temp12kDkIndex,Temp12k,
ODP1751078C,Uk37,temp12kDkIndex,Temp12k,
ODP658C_UK37.Zhao.1995,age14C,temp12kDkIndex,Temp12k,
ODP658C_UK37.Zhao.1995,year,temp12kDkIndex,Temp12k,
ODP658C_UK37.Zhao.1995,age,temp12kDkIndex,Temp12k,
ODP658C_UK37.Zhao.1995,Uk37,temp12kDkIndex,Temp12k,
ODP658C.deMenocal.1997,foraminifera,temp12kDkIndex,Temp12k,
ODP967.Larrasoana.2008,core,temp12kDkIndex,Temp12k,
ODP967.Larrasoana.2008,needsToBeChanged,temp12kDkIndex,Temp12k,
Oksholacave.Linge.2009,notes,SISALEntityID,SISAL-LiPD;SISAL-LiPD;SISAL-LiPD,
Olive-backedLake.Self.2015,sampleID,QCLastUpdated,HoloceneAbruptChange,RapidArcticWarming
Olive-backedLake.Self.2015,uncertainty,QCLastUpdated,HoloceneAbruptChange,RapidArcticWarming
Olive-backedLake.Self.2015,uncertainty-1,QCLastUpdated,HoloceneAbruptChange,RapidArcticWarming
Olive-backedLake.Self.2015,isReliable,QCLastUpdated,HoloceneAbruptChange,RapidArcticWarming
Oregoncavesnationalmonument.Ersek.2012,mineralogy,SISALEntityID,SISAL-LiPD;SISAL-LiPD;SISAL-LiPD,NAm21k-noPollen
Oregoncavesnationalmonument.Ersek.2012,d18O,SISALEntityID,SISAL-LiPD;SISAL-LiPD;SISAL-LiPD,NAm21k-noPollen;HoloceneAbruptChange
Oregoncavesnationalmonument.Ersek.2012,d18O,meetsHoloceneHydroclimateCriteria,HoloceneHydroclimate,NAm21k-noPollen;HoloceneAbruptChange
Oregoncavesnationalmonument.Ersek.2012,d13C,SISALEntityID,SISAL-LiPD;SISAL-LiPD;SISAL-LiPD,NAm21k-noPollen;HoloceneHydroclimate;HoloceneAbruptChange
Oregoncavesnationalmonument.Ersek.2012,uncertaintyHigh,SISALEntityID,SISAL-LiPD;SISAL-LiPD;SISAL-LiPD,NAm21k-noPollen
ORI-891-16-P1.Kaboth-Bahr.2021,depth,SISALEntityID,SISAL-LiPD;SISAL-LiPD;SISAL-LiPD,
ORI-891-16-P1.Kaboth-Bahr.2021,age,SISALEntityID,SISAL-LiPD;SISAL-LiPD;SISAL-LiPD,
ORI-891-16-P1.Kaboth-Bahr.2021,Ti/Ca,SISALEntityID,SISAL-LiPD;SISAL-LiPD;SISAL-LiPD,Hydro21k;HoloceneAbruptChange;HoloceneHydroclimate
OS13NGP01,year,coralExtensionRate,CoralHydro2k;GBRCD,
OS13NGP01,year,coralHydro2kGroup,CoralHydro2k,
OS13NGP01,year,jcpCorrected,CoralHydro2k,
OS13NGP01,year,jcpMeasured,CoralHydro2k;GBRCD,
OS13NGP01,year,jcpUsed,CoralHydro2k;GBRCD,
OS13NLP01,year,coralExtensionRate,CoralHydro2k;GBRCD,
OS13NLP01,year,coralHydro2kGroup,CoralHydro2k,
OS13NLP01,year,jcpCorrected,CoralHydro2k,
OS13NLP01,year,jcpMeasured,CoralHydro2k;GBRCD,
OS13NLP01,year,jcpUsed,CoralHydro2k;GBRCD,
OS14RIP01,year,coralExtensionRate,CoralHydro2k;GBRCD,
OS14RIP01,year,coralHydro2kGroup,CoralHydro2k,
OS14RIP01,year,jcpCorrected,CoralHydro2k,
OS14RIP01,year,jcpMeasured,CoralHydro2k;GBRCD,
OS14RIP01,year,jcpUsed,CoralHydro2k;GBRCD,
OS14UCP01,year,coralExtensionRate,CoralHydro2k;GBRCD,
OS14UCP01,year,coralHydro2kGroup,CoralHydro2k,
OS14UCP01,year,jcpCorrected,CoralHydro2k,
OS14UCP01,year,jcpMeasured,CoralHydro2k;GBRCD,
OS14UCP01,year,jcpUsed,CoralHydro2k;GBRCD,
OwensLake.Benson.2002,d13C,temp12kDkIndex,Temp12k,
OwensLake.Benson.2002,organicCarbon,temp12kDkIndex,Temp12k,
OWR.Miao.2007,dust,QCCertification,HoloceneAbruptChange,
OWR.Miao.2007,dust,QCnotes,HoloceneAbruptChange,
OWR.Miao.2007,uncertainty,QCCertification,HoloceneAbruptChange,
OWR.Miao.2007,uncertainty,QCnotes,HoloceneAbruptChange,
P178_15P.Tierney.2016,Uk37,temp12kDkIndex,Temp12k,
P178_15P.Tierney.2016,TEX86,temp12kDkIndex,Temp12k,
P178_15P.Tierney.2016,Mg/Ca,temp12kDkIndex,Temp12k,
P178_15P.Tierney.2016,d18O,temp12kDkIndex,Temp12k,
P178-15P.Tierney.2015,Uk37,temp12kDkIndex,Temp12k,
P178-15P.Tierney.2015,TEX86,temp12kDkIndex,Temp12k,
P178-15P.Tierney.2015,Mg/Ca,temp12kDkIndex,Temp12k,
P178-15P.Tierney.2015,d18O,temp12kDkIndex,Temp12k,
P1B3.deVernal.2005,age,useInOnset,HoloceneAbruptChange,
P1B3.deVernal.2005,depth,useInOnset,HoloceneAbruptChange,
P1B3.deVernal.2005,seaIce-1,useInOnset,HoloceneAbruptChange,NAm21k-noPollen;RapidArcticWarming
P1B3.deVernal.2005,productivity,useInOnset,HoloceneAbruptChange,RapidArcticWarming
P1B3.deVernal.2005,PC1,useInOnset,HoloceneAbruptChange,RapidArcticWarming
P1B3.deVernal.2005,age,useInOnset,HoloceneAbruptChange,
Pacupahuaincave.Kanner.2013,d18O,meetsHoloceneHydroclimateCriteria,HoloceneHydroclimate,SISAL-LiPD
Padul-15-05.Rodrigo-Gamiz.2022,temperature,QCCertification,HoloceneAbruptChange,
Padul-15-05.Rodrigo-Gamiz.2022,temperature,QCnotes,HoloceneAbruptChange,
Paixocave.N.M..2015,notes,SISALEntityID,SISAL-LiPD;SISAL-LiPD;SISAL-LiPD,
Palcocave.Rivera-Collazo.2015,d18O,meetsHoloceneHydroclimateCriteria,HoloceneHydroclimate,SISAL-LiPD
Palestinacave.J..2014,notes,SISALEntityID,SISAL-LiPD;SISAL-LiPD;SISAL-LiPD,
Pallcacocha.Moy.2002,reflectance,temp12kDkIndex,Temp12k,
PAR87A_10,d18O,temp12kDkIndex,Temp12k,
PAR87A_10,d13C,temp12kDkIndex,Temp12k,
PAR87A_10,needsToBeChanged,temp12kDkIndex,Temp12k,
PathLake.Neil.2014,precipitation-1,temp12kDkIndex,Temp12k,
PC_01,C37Alkenone,temp12kDkIndex,Temp12k,
PC_01,Uk37,temp12kDkIndex,Temp12k,
PC_1.Chang.2015,d18O,temp12kDkIndex,Temp12k,
PC04,Uk37,temp12kDkIndex,Temp12k,
PC56_grayscale.Hughen.2000,grayscale,QCCertification,HoloceneAbruptChange,
PC56_grayscale.Hughen.2000,grayscale,QCnotes,HoloceneAbruptChange,
PC56_grayscale.Hughen.2000,grayscale,temp12kDkIndex,Temp12k,
PC6.Minoshima.2007,Uk37,temp12kDkIndex,Temp12k,
PeatlandKlukva.Novenko.2015,sampleID,QCCertification,HoloceneAbruptChange,
PeatlandKlukva.Novenko.2015,sampleID,temp12kDkIndex,Temp12k,
PeatlandKlukva.Novenko.2015,depth,QCCertification,HoloceneAbruptChange,
PeatlandKlukva.Novenko.2015,age,QCCertification,HoloceneAbruptChange,
PeatlandKlukva.Novenko.2015,uncertaintyLow,QCCertification,HoloceneAbruptChange,
PeatlandKlukva.Novenko.2015,uncertaintyHigh,QCCertification,HoloceneAbruptChange,
PeatlandKlukva.Novenko.2015,uncertainty,QCCertification,HoloceneAbruptChange,
PeatlandKlukva.Novenko.2015,uncertainty,temp12kDkIndex,Temp12k,
PeatlandKlukva.Novenko.2015,uncertainty-1,QCCertification,HoloceneAbruptChange,
PeatlandKlukva.Novenko.2015,uncertainty-1,temp12kDkIndex,Temp12k,
PeatlandKlukva.Novenko.2015,isReliable,QCCertification,HoloceneAbruptChange,
PeatlandKlukva.Novenko.2015,isReliable,temp12kDkIndex,Temp12k,
PeatlandKlukva.Novenko.2015,uncertainty-2,QCCertification,HoloceneAbruptChange,
PeatlandKlukva.Novenko.2015,uncertainty-2,temp12kDkIndex,Temp12k,
PeatlandKlukva.Novenko.2015,uncertainty-3,QCCertification,HoloceneAbruptChange,
PeatlandKlukva.Novenko.2015,uncertainty-3,temp12kDkIndex,Temp12k,
PeatlandKlukva.Novenko.2015,isReliable-1,QCCertification,HoloceneAbruptChange,
PeatlandKlukva.Novenko.2015,isReliable-1,temp12kDkIndex,Temp12k,
PeatlandKlukva.Novenko.2015,uncertainty-4,QCCertification,HoloceneAbruptChange,
PeatlandKlukva.Novenko.2015,uncertainty-4,temp12kDkIndex,Temp12k,
PeatlandKlukva.Novenko.2015,uncertainty-5,QCCertification,HoloceneAbruptChange,
PeatlandKlukva.Novenko.2015,uncertainty-5,temp12kDkIndex,Temp12k,
PeatlandKlukva.Novenko.2015,isReliable-2,QCCertification,HoloceneAbruptChange,
PeatlandKlukva.Novenko.2015,isReliable-2,temp12kDkIndex,Temp12k,
Pella.Lim.2016,uncertaintyHigh,temp12kDkIndex,Temp12k,
Pella.Lim.2016,uncertaintyLow,temp12kDkIndex,Temp12k,
Pella.Lim.2016,isReliable,temp12kDkIndex,Temp12k,
Penny.Fisher.1998,age,useInOnset,HoloceneAbruptChange,
Penny.Fisher.1998,age,useInOnset,HoloceneAbruptChange,
PF04PBA01,year,coralExtensionRate,CoralHydro2k;GBRCD,
PF04PBA01,year,coralHydro2kGroup,CoralHydro2k,
PF04PBA01,year,jcpCorrected,CoralHydro2k,
PF04PBA01,year,jcpMeasured,CoralHydro2k;GBRCD,
PF04PBA01,year,jcpUsed,CoralHydro2k;GBRCD,
PF19LAR01,year,coralExtensionRate,CoralHydro2k;GBRCD,
PF19LAR01,year,coralHydro2kGroup,CoralHydro2k,
PF19LAR01,year,jcpCorrected,CoralHydro2k,
PF19LAR01,year,jcpMeasured,CoralHydro2k;GBRCD,
PF19LAR01,year,jcpUsed,CoralHydro2k;GBRCD,
PF19LAR01,year,coralExtensionRate,CoralHydro2k;GBRCD,
PF19LAR01,year,coralHydro2kGroup,CoralHydro2k,
PF19LAR01,year,jcpCorrected,CoralHydro2k,
PF19LAR01,year,jcpMeasured,CoralHydro2k;GBRCD,
PF19LAR01,year,jcpUsed,CoralHydro2k;GBRCD,
PianiEternikarstsystem.Columbu.2018,notes,SISALEntityID,SISAL-LiPD;SISAL-LiPD;SISAL-LiPD,
PicodelSertal.EPD,growing degree days,temp12kDkIndex,Temp12k,
PicodelSertal.EPD,temperature,QCnotes,HoloceneAbruptChange,
PicodelSertal.EPD,temperature,temp12kDkIndex,Temp12k,
PicodelSertal.EPD,temperature-1,QCnotes,HoloceneAbruptChange,
PicodelSertal.EPD,temperature-1,temp12kDkIndex,Temp12k,
PicodelSertal.EPD,precipitation,temp12kDkIndex,Temp12k,
PicodelSertal.EPD,precipitation,QCnotes,HoloceneAbruptChange,
PicodelSertal.EPD,temperature-2,QCnotes,HoloceneAbruptChange,
PicodelSertal.EPD,temperature-2,temp12kDkIndex,Temp12k,
Pingwang.Li.2018,depth,QCCertification,HoloceneAbruptChange,
Pingwang.Li.2018,age,QCCertification,HoloceneAbruptChange,
Pingwang.Li.2018,uncertaintyHigh,QCCertification,HoloceneAbruptChange,
Pingwang.Li.2018,uncertaintyHigh,temp12kDkIndex,Temp12k,
Pingwang.Li.2018,uncertaintyLow,QCCertification,HoloceneAbruptChange,
Pingwang.Li.2018,uncertaintyLow,temp12kDkIndex,Temp12k,
Pingwang.Li.2018,isReliable,QCCertification,HoloceneAbruptChange,
Pingwang.Li.2018,isReliable,temp12kDkIndex,Temp12k,
PinkPanthercave.Asmerom.2007,d18O,SISALEntityID,SISAL-LiPD;SISAL-LiPD;SISAL-LiPD,NAm21k-noPollen;HoloceneHydroclimate;Hydro21k;HoloceneAbruptChange
PinkPanthercave.Asmerom.2007,uncertaintyLow,SISALEntityID,SISAL-LiPD;SISAL-LiPD;SISAL-LiPD,NAm21k-noPollen
PinkPanthercave.Asmerom.2007,uncertaintyHigh-1,SISALEntityID,SISAL-LiPD;SISAL-LiPD;SISAL-LiPD,NAm21k-noPollen
PinkPanthercave.Asmerom.2007,uncertaintyLow-1,SISALEntityID,SISAL-LiPD;SISAL-LiPD;SISAL-LiPD,NAm21k-noPollen
PinkPanthercave.Asmerom.2007,uncertaintyHigh-2,SISALEntityID,SISAL-LiPD;SISAL-LiPD;SISAL-LiPD,NAm21k-noPollen
PinkPanthercave.Asmerom.2007,uncertaintyHigh-3,SISALEntityID,SISAL-LiPD;SISAL-LiPD;SISAL-LiPD,NAm21k-noPollen
Piste.Wassenburg.2016,d13C,QCCertification,HoloceneAbruptChange,
Piste.Wassenburg.2016,d13C,QCnotes,HoloceneAbruptChange,
PixieLake.Brown.2006,DWHI,temp12kDkIndex,Temp12k,
PixieLake.Brown.2006,precipitation,temp12kDkIndex,Temp12k,
PL07_39PC.Lea.2003,d18O,temp12kDkIndex,Temp12k,
PL07_39PC.Lea.2003,d18O-1,temp12kDkIndex,Temp12k,
PL07_39PC.Lea.2003,d18O-3,temp12kDkIndex,Temp12k,
PL07_39PC.Lea.2003,Mg/Ca,temp12kDkIndex,Temp12k,
PL0739PC.Lea.2003,Mg/Ca,temp12kDkIndex,Temp12k,
PlatypusTarn.Rees.2010,uncertainty,temp12kDkIndex,Temp12k,
PlatypusTarn.Rees.2010,uncertainty-1,temp12kDkIndex,Temp12k,
PotrokAike.Massaferro.2013,uncertainty,temp12kDkIndex,Temp12k,
PotrokAike.Massaferro.2013,uncertainty-1,temp12kDkIndex,Temp12k,
PP29.Braun.2019,notes,SISALEntityID,SISAL-LiPD;SISAL-LiPD;SISAL-LiPD,
PS009PC.Hennekam.2014,depth,SISALEntityID,SISAL-LiPD;SISAL-LiPD;SISAL-LiPD,
PS009PC.Hennekam.2014,age,SISALEntityID,SISAL-LiPD;SISAL-LiPD;SISAL-LiPD,
PS009PC.Hennekam.2014,d18O,SISALEntityID,SISAL-LiPD;SISAL-LiPD;SISAL-LiPD,Hydro21k;HoloceneAbruptChange;HoloceneHydroclimate
PS009PC.Hennekam.2014,depth,SISALEntityID,SISAL-LiPD;SISAL-LiPD;SISAL-LiPD,
PS009PC.Hennekam.2014,age,SISALEntityID,SISAL-LiPD;SISAL-LiPD;SISAL-LiPD,
PS009PC.Hennekam.2014,Ba/Al,SISALEntityID,SISAL-LiPD;SISAL-LiPD;SISAL-LiPD,
PS009PC.Hennekam.2014,Ti/Al,SISALEntityID,SISAL-LiPD;SISAL-LiPD;SISAL-LiPD,
PS009PC.Hennekam.2014,V/Al,SISALEntityID,SISAL-LiPD;SISAL-LiPD;SISAL-LiPD,
PS009PC.Hennekam.2014,organicCarbon,SISALEntityID,SISAL-LiPD;SISAL-LiPD;SISAL-LiPD,
PSh-5159N.Risebrobakken.2011,depth,temp12kDkIndex,Temp12k,
PSh-5159N.Risebrobakken.2011,depth,useInOnset,HoloceneAbruptChange,
PSh-5159N.Risebrobakken.2011,age,temp12kDkIndex,Temp12k,
PSh-5159N.Risebrobakken.2011,age,useInOnset,HoloceneAbruptChange,
PSh-5159N.Risebrobakken.2011,depth,temp12kDkIndex,Temp12k,
PSh-5159N.Risebrobakken.2011,depth,useInOnset,HoloceneAbruptChange,
PSh-5159N.Risebrobakken.2011,age,temp12kDkIndex,Temp12k,
PSh-5159N.Risebrobakken.2011,age,useInOnset,HoloceneAbruptChange,
PSh-5159N.Risebrobakken.2011,depth,temp12kDkIndex,Temp12k,
PSh-5159N.Risebrobakken.2011,depth,useInOnset,HoloceneAbruptChange,
PSh-5159N.Risebrobakken.2011,age,temp12kDkIndex,Temp12k,
PSh-5159N.Risebrobakken.2011,age,useInOnset,HoloceneAbruptChange,
PupukeChironomid.VandenBos.2018,sampleID,temp12kDkIndex,Temp12k,
PupukeChironomid.VandenBos.2018,uncertainty,temp12kDkIndex,Temp12k,
PupukeChironomid.VandenBos.2018,uncertainty-1,temp12kDkIndex,Temp12k,
PupukeChironomid.VandenBos.2018,isReliable,temp12kDkIndex,Temp12k,
PupukeChironomid.VandenBos.2018,notes,temp12kDkIndex,Temp12k,
PupukePollen.VandenBos.2018,sampleID,temp12kDkIndex,Temp12k,
PupukePollen.VandenBos.2018,depth,QCCertification,HoloceneAbruptChange,
PupukePollen.VandenBos.2018,age,QCCertification,HoloceneAbruptChange,
PupukePollen.VandenBos.2018,uncertaintyLow,QCCertification,HoloceneAbruptChange,
PupukePollen.VandenBos.2018,uncertaintyHigh,QCCertification,HoloceneAbruptChange,
PupukePollen.VandenBos.2018,uncertainty,temp12kDkIndex,Temp12k,
PupukePollen.VandenBos.2018,uncertainty-1,temp12kDkIndex,Temp12k,
PupukePollen.VandenBos.2018,isReliable,temp12kDkIndex,Temp12k,
PupukePollen.VandenBos.2018,uncertainty-2,temp12kDkIndex,Temp12k,
PupukePollen.VandenBos.2018,uncertainty-3,temp12kDkIndex,Temp12k,
PupukePollen.VandenBos.2018,isReliable-1,temp12kDkIndex,Temp12k,
PyramidLake.Benson.2001,core,temp12kDkIndex,Temp12k,
PyramidLake.Benson.2001,TIC,temp12kDkIndex,Temp12k,
PyramidLake.Benson.2001,needsToBeChanged,temp12kDkIndex,Temp12k,
PyramidLake.Benson.2001,d13C,temp12kDkIndex,Temp12k,
Qalluuraq.Elvert.2016,C25_2n-alkanoicAcid,QCCertification,HoloceneAbruptChange,
Qalluuraq.Elvert.2016,C25_2n-alkanoicAcid,QCnotes,HoloceneAbruptChange,
Qalluuraq.Elvert.2016,C21n-alkanoicAcid,QCCertification,HoloceneAbruptChange,
Qalluuraq.Elvert.2016,C21n-alkanoicAcid,QCnotes,HoloceneAbruptChange,
Qalluuraq.Elvert.2016,C23n-alkanoicAcid,QCCertification,HoloceneAbruptChange,
Qalluuraq.Elvert.2016,C23n-alkanoicAcid,QCnotes,HoloceneAbruptChange,
Qalluuraq.Elvert.2016,C25n-alkanoicAcid,QCCertification,HoloceneAbruptChange,
Qalluuraq.Elvert.2016,C25n-alkanoicAcid,QCnotes,HoloceneAbruptChange,
Qalluuraq.Elvert.2016,C27n-alkanoicAcid,QCCertification,HoloceneAbruptChange,
Qalluuraq.Elvert.2016,C27n-alkanoicAcid,QCnotes,HoloceneAbruptChange,
Qalluuraq.Elvert.2016,C29n-alkanoicAcid,QCCertification,HoloceneAbruptChange,
Qalluuraq.Elvert.2016,C29n-alkanoicAcid,QCnotes,HoloceneAbruptChange,
Qalluuraq.Elvert.2016,C31n-alkanoicAcid,QCCertification,HoloceneAbruptChange,
Qalluuraq.Elvert.2016,C31n-alkanoicAcid,QCnotes,HoloceneAbruptChange,
Qalluuraq.Elvert.2016,ACL,QCCertification,HoloceneAbruptChange,
Qalluuraq.Elvert.2016,ACL,QCnotes,HoloceneAbruptChange,
Qalluuraq.Elvert.2016,needsToBeChanged,QCCertification,HoloceneAbruptChange,
Qalluuraq.Elvert.2016,needsToBeChanged,QCnotes,HoloceneAbruptChange,
Qalluuraq.Elvert.2016,concentration,QCCertification,HoloceneAbruptChange,
Qalluuraq.Elvert.2016,concentration,QCnotes,HoloceneAbruptChange,
Qalluuraq.Elvert.2016,concentration-1,QCCertification,HoloceneAbruptChange,
Qalluuraq.Elvert.2016,concentration-1,QCnotes,HoloceneAbruptChange,
Qalluuraq.Elvert.2016,d13C,QCCertification,HoloceneAbruptChange,
Qalluuraq.Elvert.2016,d13C,QCnotes,HoloceneAbruptChange,
Qalluuraq.Elvert.2016,d13C-1,QCCertification,HoloceneAbruptChange,
Qalluuraq.Elvert.2016,d13C-1,QCnotes,HoloceneAbruptChange,
Qalluuraq.Elvert.2016,d13C-2,QCCertification,HoloceneAbruptChange,
Qalluuraq.Elvert.2016,d13C-2,QCnotes,HoloceneAbruptChange,
Qalluuraq.Elvert.2016,d13C-7,QCCertification,HoloceneAbruptChange,
Qalluuraq.Elvert.2016,d13C-7,QCnotes,HoloceneAbruptChange,
Qalluuraq.Elvert.2016,d13C-8,QCCertification,HoloceneAbruptChange,
Qalluuraq.Elvert.2016,d13C-8,QCnotes,HoloceneAbruptChange,
Qalluuraq.Elvert.2016,d13C-9,QCCertification,HoloceneAbruptChange,
Qalluuraq.Elvert.2016,d13C-9,QCnotes,HoloceneAbruptChange,
Qalluuraq.Elvert.2016,d2H-1,QCCertification,HoloceneAbruptChange,
Qalluuraq.Elvert.2016,d2H-7,QCCertification,HoloceneAbruptChange,
Qalluuraq.Elvert.2016,d2H-7,QCnotes,HoloceneAbruptChange,
Qalluuraq.Elvert.2016,d2H-8,QCCertification,HoloceneAbruptChange,
Qalluuraq.Elvert.2016,d2H-8,QCnotes,HoloceneAbruptChange,
Qalluuraq.Elvert.2016,d2H-9,QCCertification,HoloceneAbruptChange,
Qalluuraq.Elvert.2016,d2H-9,QCnotes,HoloceneAbruptChange,
Qinghai.Hou.2016,needsToBeChanged,temp12kDkIndex,Temp12k,
Qinghai.Ji.2005,depth,SISALEntityID,SISAL-LiPD;SISAL-LiPD;SISAL-LiPD,
Qinghai.Ji.2005,age,SISALEntityID,SISAL-LiPD;SISAL-LiPD;SISAL-LiPD,
Qinghai.Ji.2005,reflectance,SISALEntityID,SISAL-LiPD;SISAL-LiPD;SISAL-LiPD,
Qinghai.Ji.2005,reflectance-1,SISALEntityID,SISAL-LiPD;SISAL-LiPD;SISAL-LiPD,Hydro21k;HoloceneAbruptChange;HoloceneHydroclimate
Qinghai.Leipe.2013,needsToBeChanged,temp12kDkIndex,Temp12k,
Qinghai.Liu.2002,age,SISALEntityID,SISAL-LiPD;SISAL-LiPD;SISAL-LiPD,
Qinghai.Liu.2002,temperature,SISALEntityID,SISAL-LiPD;SISAL-LiPD;SISAL-LiPD,HoloceneAbruptChange
Qinghai.Liu.2002,temperature-1,SISALEntityID,SISAL-LiPD;SISAL-LiPD;SISAL-LiPD,HoloceneAbruptChange
Qinghai.Liu.2002,precipitation,SISALEntityID,SISAL-LiPD;SISAL-LiPD;SISAL-LiPD,Hydro21k;HoloceneAbruptChange;HoloceneHydroclimate
Qipisarqo.Frechette.2009,depth,useInOnset,HoloceneAbruptChange,
Qipisarqo.Frechette.2009,depth-1,useInOnset,HoloceneAbruptChange,
Qipisarqo.Frechette.2009,age,useInOnset,HoloceneAbruptChange,
Qipisarqo.Frechette.2009,uncertainty,useInOnset,HoloceneAbruptChange,NAm21k-noPollen;RapidArcticWarming
Qipisarqo.Frechette.2009,age,useInOnset,HoloceneAbruptChange,
Qipisarqo.Wooller.2004,age,temp12kDkIndex,Temp12k,
QongjiamongCo.Shen.2003,age,SISALEntityID,SISAL-LiPD;SISAL-LiPD;SISAL-LiPD,
QongjiamongCo.Shen.2003,temperature,SISALEntityID,SISAL-LiPD;SISAL-LiPD;SISAL-LiPD,HoloceneAbruptChange
QongjiamongCo.Shen.2003,temperature-1,SISALEntityID,SISAL-LiPD;SISAL-LiPD;SISAL-LiPD,HoloceneAbruptChange
QongjiamongCo.Shen.2003,precipitation,SISALEntityID,SISAL-LiPD;SISAL-LiPD;SISAL-LiPD,Hydro21k;HoloceneAbruptChange;HoloceneHydroclimate
QU06RAB01,year,coralExtensionRate,CoralHydro2k;GBRCD,
QU06RAB01,year,coralHydro2kGroup,CoralHydro2k,
QU06RAB01,year,jcpCorrected,CoralHydro2k,
QU06RAB01,year,jcpMeasured,CoralHydro2k;GBRCD,
QU06RAB01,year,jcpUsed,CoralHydro2k;GBRCD,
QU06RAB01,year,coralExtensionRate,CoralHydro2k;GBRCD,
QU06RAB01,year,coralHydro2kGroup,CoralHydro2k,
QU06RAB01,year,jcpCorrected,CoralHydro2k,
QU06RAB01,year,jcpMeasured,CoralHydro2k;GBRCD,
QU06RAB01,year,jcpUsed,CoralHydro2k;GBRCD,
QU96ESV01,year,coralExtensionRate,CoralHydro2k;GBRCD,
QU96ESV01,year,coralHydro2kGroup,CoralHydro2k,
QU96ESV01,year,jcpCorrected,CoralHydro2k,
QU96ESV01,year,jcpMeasured,CoralHydro2k;GBRCD,
QU96ESV01,year,jcpUsed,CoralHydro2k;GBRCD,
Quartz.Wooller.2012,depth,useInOnset,HoloceneAbruptChange,
Quartz.Wooller.2012,age,useInOnset,HoloceneAbruptChange,
Quartz.Wooller.2012,uncertainty,useInOnset,HoloceneAbruptChange,NAm21k-noPollen
RA19PAI01,year,coralExtensionRate,CoralHydro2k;GBRCD,
RA19PAI01,year,coralHydro2kGroup,CoralHydro2k,
RA19PAI01,year,jcpCorrected,CoralHydro2k,
RA19PAI01,year,jcpMeasured,CoralHydro2k;GBRCD,
RA19PAI01,year,jcpUsed,CoralHydro2k;GBRCD,
RA19PAI01,year,coralExtensionRate,CoralHydro2k;GBRCD,
RA19PAI01,year,coralHydro2kGroup,CoralHydro2k,
RA19PAI01,year,jcpCorrected,CoralHydro2k,
RA19PAI01,year,jcpMeasured,CoralHydro2k;GBRCD,
RA19PAI01,year,jcpUsed,CoralHydro2k;GBRCD,
RA20TAI01,year,coralExtensionRate,CoralHydro2k;GBRCD,
RA20TAI01,year,coralHydro2kGroup,CoralHydro2k,
RA20TAI01,year,jcpCorrected,CoralHydro2k,
RA20TAI01,year,jcpMeasured,CoralHydro2k;GBRCD,
RA20TAI01,year,jcpUsed,CoralHydro2k;GBRCD,
RA20TAI01,year,coralExtensionRate,CoralHydro2k;GBRCD,
RA20TAI01,year,coralHydro2kGroup,CoralHydro2k,
RA20TAI01,year,jcpCorrected,CoralHydro2k,
RA20TAI01,year,jcpMeasured,CoralHydro2k;GBRCD,
RA20TAI01,year,jcpUsed,CoralHydro2k;GBRCD,
rainbow.Clegg.2011,depth,temp12kDkIndex,Temp12k,
rainbow.Clegg.2011,depth,useInOnset,HoloceneAbruptChange,
rainbow.Clegg.2011,depth-1,temp12kDkIndex,Temp12k,
rainbow.Clegg.2011,depth-1,useInOnset,HoloceneAbruptChange,
rainbow.Clegg.2011,age,temp12kDkIndex,Temp12k,
rainbow.Clegg.2011,age,useInOnset,HoloceneAbruptChange,
RAPID-12.Thournally.2009,depth,useInOnset,HoloceneAbruptChange,
RAPID-12.Thournally.2009,age,useInOnset,HoloceneAbruptChange,
RAPID-12.Thournally.2009,d18O,useInOnset,HoloceneAbruptChange,RapidArcticWarming
RAPID-12.Thournally.2009,Mg/Ca,useInOnset,HoloceneAbruptChange,NAm21k-noPollen
Ratasjoen.Velle.2005,depth,temp12kDkIndex,Temp12k,
Ratasjoen.Velle.2005,depth,useInOnset,HoloceneAbruptChange,
Ratasjoen.Velle.2005,age,temp12kDkIndex,Temp12k,
Ratasjoen.Velle.2005,age,useInOnset,HoloceneAbruptChange,
RC08_102,d18O,temp12kDkIndex,Temp12k,
RC08_102,d18O-1,temp12kDkIndex,Temp12k,
RC08_102,temperature,QCCertification,HoloceneAbruptChange,
RC08_102,temperature,QCnotes,HoloceneAbruptChange,
RC08_102,temperature,temp12kDkIndex,Temp12k,
RC08_102,temperature-1,QCCertification,HoloceneAbruptChange,
RC08_102,temperature-1,QCnotes,HoloceneAbruptChange,
RC08_102,temperature-1,temp12kDkIndex,Temp12k,
RC11_238,d18O,temp12kDkIndex,Temp12k,
RC11_238,d18O-1,temp12kDkIndex,Temp12k,
RC11_238,Uk37,temp12kDkIndex,Temp12k,
RC11_238,temperature,temp12kDkIndex,Temp12k,
RC11_238,temperature,QCCertification,HoloceneAbruptChange,
RC11_238,temperature,QCnotes,HoloceneAbruptChange,
RC11_238,temperature-1,QCCertification,HoloceneAbruptChange,
RC11_238,temperature-1,QCnotes,HoloceneAbruptChange,
RC11_238,temperature-1,temp12kDkIndex,Temp12k,
RC11_238,temperature-2,QCCertification,HoloceneAbruptChange,
RC11_238,temperature-2,QCnotes,HoloceneAbruptChange,
RC11_238,temperature-2,temp12kDkIndex,Temp12k,
RC11_83,d18O,temp12kDkIndex,Temp12k,
RC11_83,d18O-1,temp12kDkIndex,Temp12k,
RC12-10.Poore.2003,age,temp12kDkIndex,Temp12k,
RC13_140,d18O,temp12kDkIndex,Temp12k,
RC13_140,d18O-1,temp12kDkIndex,Temp12k,
RC24_08GC.Arbuszewski.2013,d18O,temp12kDkIndex,Temp12k,
RC24_08GC.Arbuszewski.2013,Mg/Ca,temp12kDkIndex,Temp12k,
RC24_11G,d18O,temp12kDkIndex,Temp12k,
RC24_11G,Mg/Ca,temp12kDkIndex,Temp12k,
RC24_11G,temperature-1,QCCertification,HoloceneAbruptChange,
RC24_11G,temperature-1,QCnotes,HoloceneAbruptChange,
RC24_11G,temperature-1,temp12kDkIndex,Temp12k,
RC27_14,d18O,temp12kDkIndex,Temp12k,
RC27_14,temperature,QCCertification,HoloceneAbruptChange,
RC27_14,temperature,QCnotes,HoloceneAbruptChange,
RC27_14,temperature,temp12kDkIndex,Temp12k,
RC27_23.Overpeck.1996,d18O,temp12kDkIndex,Temp12k,
RC27_28.Overpeck.1996,d18O,temp12kDkIndex,Temp12k,
RE18CAY01,year,coralExtensionRate,CoralHydro2k;GBRCD,
RE18CAY01,year,coralHydro2kGroup,CoralHydro2k,
RE18CAY01,year,jcpCorrected,CoralHydro2k,
RE18CAY01,year,jcpMeasured,CoralHydro2k;GBRCD,
RE18CAY01,year,jcpUsed,CoralHydro2k;GBRCD,
RE18CAY01,year,coralExtensionRate,CoralHydro2k;GBRCD,
RE18CAY01,year,coralHydro2kGroup,CoralHydro2k,
RE18CAY01,year,jcpCorrected,CoralHydro2k,
RE18CAY01,year,jcpMeasured,CoralHydro2k;GBRCD,
RE18CAY01,year,jcpUsed,CoralHydro2k;GBRCD,
RE18CAY01,Sr/Ca,ch2kCoreCode,CoralHydro2k,
RE18CAY01,Sr/Ca,coralExtensionRate,CoralHydro2k;GBRCD,
RE18CAY01,Sr/Ca,coralExtensionRateNotes,CoralHydro2k;GBRCD,
RE18CAY01,Sr/Ca,coralHydro2kGroup,CoralHydro2k,
RE18CAY01,Sr/Ca,jcpCorrected,CoralHydro2k,
RE18CAY01,Sr/Ca,jcpMeasured,CoralHydro2k;GBRCD,
RE18CAY01,Sr/Ca,jcpNotes,CoralHydro2k,
RE18CAY01,Sr/Ca,jcpUsed,CoralHydro2k;GBRCD,
RE18CAY01,year,coralExtensionRate,CoralHydro2k;GBRCD,
RE18CAY01,year,coralHydro2kGroup,CoralHydro2k,
RE18CAY01,year,jcpCorrected,CoralHydro2k,
RE18CAY01,year,jcpMeasured,CoralHydro2k;GBRCD,
RE18CAY01,year,jcpUsed,CoralHydro2k;GBRCD,
RE18CAY01,d18O,ch2kCoreCode,CoralHydro2k,
RE18CAY01,d18O,coralExtensionRate,CoralHydro2k;GBRCD,
RE18CAY01,d18O,coralExtensionRateNotes,CoralHydro2k;GBRCD,
RE18CAY01,d18O,coralHydro2kGroup,CoralHydro2k,
RE18CAY01,d18O,jcpCorrected,CoralHydro2k,
RE18CAY01,d18O,jcpMeasured,CoralHydro2k;GBRCD,
RE18CAY01,d18O,jcpUsed,CoralHydro2k;GBRCD,
RE18CAY01,year,coralExtensionRate,CoralHydro2k;GBRCD,
RE18CAY01,year,coralHydro2kGroup,CoralHydro2k,
RE18CAY01,year,jcpCorrected,CoralHydro2k,
RE18CAY01,year,jcpMeasured,CoralHydro2k;GBRCD,
RE18CAY01,year,jcpUsed,CoralHydro2k;GBRCD,
RE18CAY01,d18O,ch2kCoreCode,CoralHydro2k,
RE18CAY01,d18O,coralExtensionRate,CoralHydro2k;GBRCD,
RE18CAY01,d18O,coralExtensionRateNotes,CoralHydro2k;GBRCD,
RE18CAY01,d18O,coralHydro2kGroup,CoralHydro2k,
RE18CAY01,d18O,jcpCorrected,CoralHydro2k,
RE18CAY01,d18O,jcpMeasured,CoralHydro2k;GBRCD,
RE18CAY01,d18O,jcpUsed,CoralHydro2k;GBRCD,
RE18CAY01,year,coralExtensionRate,CoralHydro2k;GBRCD,
RE18CAY01,year,coralHydro2kGroup,CoralHydro2k,
RE18CAY01,year,jcpCorrected,CoralHydro2k,
RE18CAY01,year,jcpMeasured,CoralHydro2k;GBRCD,
RE18CAY01,year,jcpUsed,CoralHydro2k;GBRCD,
RE19GBR01,year,coralExtensionRate,CoralHydro2k;GBRCD,
RE19GBR01,year,coralHydro2kGroup,CoralHydro2k,
RE19GBR01,year,jcpCorrected,CoralHydro2k,
RE19GBR01,year,jcpMeasured,CoralHydro2k;GBRCD,
RE19GBR01,year,jcpUsed,CoralHydro2k;GBRCD,
RE19GBR01,year,coralExtensionRate,CoralHydro2k;GBRCD,
RE19GBR01,year,coralHydro2kGroup,CoralHydro2k,
RE19GBR01,year,jcpCorrected,CoralHydro2k,
RE19GBR01,year,jcpMeasured,CoralHydro2k;GBRCD,
RE19GBR01,year,jcpUsed,CoralHydro2k;GBRCD,
RE19GBR02,year,coralExtensionRate,CoralHydro2k;GBRCD,
RE19GBR02,year,coralHydro2kGroup,CoralHydro2k,
RE19GBR02,year,jcpCorrected,CoralHydro2k,
RE19GBR02,year,jcpMeasured,CoralHydro2k;GBRCD,
RE19GBR02,year,jcpUsed,CoralHydro2k;GBRCD,
RE19GBR02,year,coralExtensionRate,CoralHydro2k;GBRCD,
RE19GBR02,year,coralHydro2kGroup,CoralHydro2k,
RE19GBR02,year,jcpCorrected,CoralHydro2k,
RE19GBR02,year,jcpMeasured,CoralHydro2k;GBRCD,
RE19GBR02,year,jcpUsed,CoralHydro2k;GBRCD,
RE19GBR03,year,coralExtensionRate,CoralHydro2k;GBRCD,
RE19GBR03,year,coralHydro2kGroup,CoralHydro2k,
RE19GBR03,year,jcpCorrected,CoralHydro2k,
RE19GBR03,year,jcpMeasured,CoralHydro2k;GBRCD,
RE19GBR03,year,jcpUsed,CoralHydro2k;GBRCD,
RE19GBR03,year,coralExtensionRate,CoralHydro2k;GBRCD,
RE19GBR03,year,coralHydro2kGroup,CoralHydro2k,
RE19GBR03,year,jcpCorrected,CoralHydro2k,
RE19GBR03,year,jcpMeasured,CoralHydro2k;GBRCD,
RE19GBR03,year,jcpUsed,CoralHydro2k;GBRCD,
RE19GBR04,year,coralExtensionRate,CoralHydro2k;GBRCD,
RE19GBR04,year,coralHydro2kGroup,CoralHydro2k,
RE19GBR04,year,jcpCorrected,CoralHydro2k,
RE19GBR04,year,jcpMeasured,CoralHydro2k;GBRCD,
RE19GBR04,year,jcpUsed,CoralHydro2k;GBRCD,
RE19GBR05,year,coralExtensionRate,CoralHydro2k;GBRCD,
RE19GBR05,year,coralHydro2kGroup,CoralHydro2k,
RE19GBR05,year,jcpCorrected,CoralHydro2k,
RE19GBR05,year,jcpMeasured,CoralHydro2k;GBRCD,
RE19GBR05,year,jcpUsed,CoralHydro2k;GBRCD,
RebeccaLagoon.Saunders.2012,reflectance-1,hydroclimate2kCertification,hydroclimate2k,HoloceneAbruptChange
RebeccaLagoon.Saunders.2012,reflectance,hydroclimate2kCertification,hydroclimate2k,
RedmountainLake.Chase.2008,age,temp12kDkIndex,Temp12k,
RedmountainLake.Chase.2008,depth,temp12kDkIndex,Temp12k,
Renland.Johnsen.1992,depth,temp12kDkIndex,Temp12k,
Renland.Johnsen.1992,depth,useInOnset,HoloceneAbruptChange,
Renland.Johnsen.1992,age,temp12kDkIndex,Temp12k,
Renland.Johnsen.1992,age,useInOnset,HoloceneAbruptChange,
RhamnusLake.Brown.2006,DWHI,QCCertification,HoloceneAbruptChange,
RhamnusLake.Brown.2006,DWHI,temp12kDkIndex,Temp12k,
RI10PBL01,year,coralExtensionRate,CoralHydro2k;GBRCD,
RI10PBL01,year,coralHydro2kGroup,CoralHydro2k,
RI10PBL01,year,jcpCorrected,CoralHydro2k,
RI10PBL01,year,jcpMeasured,CoralHydro2k;GBRCD,
RI10PBL01,year,jcpUsed,CoralHydro2k;GBRCD,
RioSecretocavesystem.Medina-Elizalde.2016,d18O,meetsHoloceneHydroclimateCriteria,HoloceneHydroclimate,SISAL-LiPD
RO19MAR01,year,coralExtensionRate,CoralHydro2k;GBRCD,
RO19MAR01,year,coralHydro2kGroup,CoralHydro2k,
RO19MAR01,year,jcpCorrected,CoralHydro2k,
RO19MAR01,year,jcpMeasured,CoralHydro2k;GBRCD,
RO19MAR01,year,jcpUsed,CoralHydro2k;GBRCD,
RO19PAR01,year,coralExtensionRate,CoralHydro2k;GBRCD,
RO19PAR01,year,coralHydro2kGroup,CoralHydro2k,
RO19PAR01,year,jcpCorrected,CoralHydro2k,
RO19PAR01,year,jcpMeasured,CoralHydro2k;GBRCD,
RO19PAR01,year,jcpUsed,CoralHydro2k;GBRCD,
RO19YUC01,year,coralExtensionRate,CoralHydro2k;GBRCD,
RO19YUC01,year,coralHydro2kGroup,CoralHydro2k,
RO19YUC01,year,jcpCorrected,CoralHydro2k,
RO19YUC01,year,jcpMeasured,CoralHydro2k;GBRCD,
RO19YUC01,year,jcpUsed,CoralHydro2k;GBRCD,
RO19YUC01,Sr/Ca,ch2kCoreCode,CoralHydro2k,
RO19YUC01,Sr/Ca,coralExtensionRate,CoralHydro2k;GBRCD,
RO19YUC01,Sr/Ca,coralExtensionRateNotes,CoralHydro2k;GBRCD,
RO19YUC01,Sr/Ca,coralHydro2kGroup,CoralHydro2k,
RO19YUC01,Sr/Ca,jcpCorrected,CoralHydro2k,
RO19YUC01,Sr/Ca,jcpMeasured,CoralHydro2k;GBRCD,
RO19YUC01,Sr/Ca,jcpUsed,CoralHydro2k;GBRCD,
RO19YUC01,year,coralExtensionRate,CoralHydro2k;GBRCD,
RO19YUC01,year,coralHydro2kGroup,CoralHydro2k,
RO19YUC01,year,jcpCorrected,CoralHydro2k,
RO19YUC01,year,jcpMeasured,CoralHydro2k;GBRCD,
RO19YUC01,year,jcpUsed,CoralHydro2k;GBRCD,
RO19YUC01,uncertainty,ch2kCoreCode,CoralHydro2k,
RO19YUC01,uncertainty,coralExtensionRate,CoralHydro2k;GBRCD,
RO19YUC01,uncertainty,coralExtensionRateNotes,CoralHydro2k;GBRCD,
RO19YUC01,uncertainty,coralHydro2kGroup,CoralHydro2k,
RO19YUC01,uncertainty,jcpCorrected,CoralHydro2k,
RO19YUC01,uncertainty,jcpMeasured,CoralHydro2k;GBRCD,
RO19YUC01,uncertainty,jcpUsed,CoralHydro2k;GBRCD,
RO19YUC01,year,coralExtensionRate,CoralHydro2k;GBRCD,
RO19YUC01,year,coralHydro2kGroup,CoralHydro2k,
RO19YUC01,year,jcpCorrected,CoralHydro2k,
RO19YUC01,year,jcpMeasured,CoralHydro2k;GBRCD,
RO19YUC01,year,jcpUsed,CoralHydro2k;GBRCD,
RR1313_23PC.MoffaSanchez.2019,Mg/Ca,temp12kDkIndex,Temp12k,
Ruakuricave.Whittaker.2008,d18O,meetsHoloceneHydroclimateCriteria,HoloceneHydroclimate,SISAL-LiPD
Ruakuricave.Whittaker.2008,d18O,meetsHoloceneHydroclimateCriteria,HoloceneHydroclimate,SISAL-LiPD
Ruakuricave.Whittaker.2008,d13C,meetsHoloceneHydroclimateCriteria,HoloceneHydroclimate,SISAL-LiPD
Ruakuricave.Whittaker.2008,d18O,meetsHoloceneHydroclimateCriteria,HoloceneHydroclimate,SISAL-LiPD
Ruakuricave.Whittaker.2008,d13C,meetsHoloceneHydroclimateCriteria,HoloceneHydroclimate,SISAL-LiPD
Ruakuricave.Whittaker.2008,notes,SISALEntityID,SISAL-LiPD;SISAL-LiPD;SISAL-LiPD,
RukieSSacave.Baker.2007,notes,SISALEntityID,SISAL-LiPD;SISAL-LiPD;SISAL-LiPD,
Rusaka.Bonnefille.2000,sequence,SISALEntityID,SISAL-LiPD;SISAL-LiPD;SISAL-LiPD,
Rusaka.Bonnefille.2000,age,SISALEntityID,SISAL-LiPD;SISAL-LiPD;SISAL-LiPD,
Rusaka.Bonnefille.2000,uncertaintyLow,SISALEntityID,SISAL-LiPD;SISAL-LiPD;SISAL-LiPD,
Rusaka.Bonnefille.2000,precipitation,SISALEntityID,SISAL-LiPD;SISAL-LiPD;SISAL-LiPD,
Rusaka.Bonnefille.2000,uncertaintyHigh,SISALEntityID,SISAL-LiPD;SISAL-LiPD;SISAL-LiPD,
Rusaka.Bonnefille.2000,precipitation-1,SISALEntityID,SISAL-LiPD;SISAL-LiPD;SISAL-LiPD,HoloceneHydroclimate;Hydro21k;HoloceneAbruptChange
Rusaka.Bonnefille.2000,uncertaintyLow-1,SISALEntityID,SISAL-LiPD;SISAL-LiPD;SISAL-LiPD,
Rusaka.Bonnefille.2000,uncertaintyHigh-1,SISALEntityID,SISAL-LiPD;SISAL-LiPD;SISAL-LiPD,
Rusaka.Bonnefille.2000,age14C,SISALEntityID,SISAL-LiPD;SISAL-LiPD;SISAL-LiPD,
Rusaka.Bonnefille.2000,sequence,SISALEntityID,SISAL-LiPD;SISAL-LiPD;SISAL-LiPD,
Rusaka.Bonnefille.2000,age,SISALEntityID,SISAL-LiPD;SISAL-LiPD;SISAL-LiPD,
Rusaka.Bonnefille.2000,uncertaintyLow,SISALEntityID,SISAL-LiPD;SISAL-LiPD;SISAL-LiPD,
Rusaka.Bonnefille.2000,precipitation,SISALEntityID,SISAL-LiPD;SISAL-LiPD;SISAL-LiPD,
Rusaka.Bonnefille.2000,uncertaintyHigh,SISALEntityID,SISAL-LiPD;SISAL-LiPD;SISAL-LiPD,
Rusaka.Bonnefille.2000,precipitation-1,SISALEntityID,SISAL-LiPD;SISAL-LiPD;SISAL-LiPD,HoloceneHydroclimate;Hydro21k;HoloceneAbruptChange
Rusaka.Bonnefille.2000,uncertaintyLow-1,SISALEntityID,SISAL-LiPD;SISAL-LiPD;SISAL-LiPD,
Rusaka.Bonnefille.2000,uncertaintyHigh-1,SISALEntityID,SISAL-LiPD;SISAL-LiPD;SISAL-LiPD,
Rusaka.Bonnefille.2000,age14C,SISALEntityID,SISAL-LiPD;SISAL-LiPD;SISAL-LiPD,
s53s52.KaislahtiTillman.2010,depth,useInOnset,HoloceneAbruptChange,
s53s52.KaislahtiTillman.2010,age,useInOnset,HoloceneAbruptChange,
s53s52.KaislahtiTillman.2010,needsToBeChanged,useInOnset,HoloceneAbruptChange,RapidArcticWarming
SA16CLA01,year,coralExtensionRate,CoralHydro2k;GBRCD,
SA16CLA01,year,coralHydro2kGroup,CoralHydro2k,
SA16CLA01,year,jcpCorrected,CoralHydro2k,
SA16CLA01,year,jcpMeasured,CoralHydro2k;GBRCD,
SA16CLA01,year,jcpUsed,CoralHydro2k;GBRCD,
SA18GBR01,year,coralExtensionRate,CoralHydro2k;GBRCD,
SA18GBR01,year,coralHydro2kGroup,CoralHydro2k,
SA18GBR01,year,jcpCorrected,CoralHydro2k,
SA18GBR01,year,jcpMeasured,CoralHydro2k;GBRCD,
SA18GBR01,year,jcpUsed,CoralHydro2k;GBRCD,
SA19PAL01,year,coralExtensionRate,CoralHydro2k;GBRCD,
SA19PAL01,year,coralHydro2kGroup,CoralHydro2k,
SA19PAL01,year,jcpCorrected,CoralHydro2k,
SA19PAL01,year,jcpMeasured,CoralHydro2k;GBRCD,
SA19PAL01,year,jcpUsed,CoralHydro2k;GBRCD,
SA19PAL01,year,coralExtensionRate,CoralHydro2k;GBRCD,
SA19PAL01,year,coralHydro2kGroup,CoralHydro2k,
SA19PAL01,year,jcpCorrected,CoralHydro2k,
SA19PAL01,year,jcpMeasured,CoralHydro2k;GBRCD,
SA19PAL01,year,jcpUsed,CoralHydro2k;GBRCD,
SA19PAL02,year,coralExtensionRate,CoralHydro2k;GBRCD,
SA19PAL02,year,coralHydro2kGroup,CoralHydro2k,
SA19PAL02,year,jcpCorrected,CoralHydro2k,
SA19PAL02,year,jcpMeasured,CoralHydro2k;GBRCD,
SA19PAL02,year,jcpUsed,CoralHydro2k;GBRCD,
SA19PAL02,year,coralExtensionRate,CoralHydro2k;GBRCD,
SA19PAL02,year,coralHydro2kGroup,CoralHydro2k,
SA19PAL02,year,jcpCorrected,CoralHydro2k,
SA19PAL02,year,jcpMeasured,CoralHydro2k;GBRCD,
SA19PAL02,year,jcpUsed,CoralHydro2k;GBRCD,
SA20FAN01,year,coralExtensionRate,CoralHydro2k;GBRCD,
SA20FAN01,year,coralHydro2kGroup,CoralHydro2k,
SA20FAN01,year,jcpCorrected,CoralHydro2k,
SA20FAN01,year,jcpMeasured,CoralHydro2k;GBRCD,
SA20FAN01,year,jcpUsed,CoralHydro2k;GBRCD,
SA20FAN02,year,coralExtensionRate,CoralHydro2k;GBRCD,
SA20FAN02,year,coralHydro2kGroup,CoralHydro2k,
SA20FAN02,year,jcpCorrected,CoralHydro2k,
SA20FAN02,year,jcpMeasured,CoralHydro2k;GBRCD,
SA20FAN02,year,jcpUsed,CoralHydro2k;GBRCD,
SacredLake.Loomis.2012,uncertainty,temp12kDkIndex,Temp12k,
Saegistalsee.Wick.2003,sampleID,temp12kDkIndex,Temp12k,
Saegistalsee.Wick.2003,uncertaintyHigh,temp12kDkIndex,Temp12k,
Saegistalsee.Wick.2003,uncertaintyLow,temp12kDkIndex,Temp12k,
Saegistalsee.Wick.2003,isReliable,temp12kDkIndex,Temp12k,
SaharaSandWetland.Rao.2019,sampleID,temp12kDkIndex,Temp12k,
SaharaSandWetland.Rao.2019,notes,temp12kDkIndex,Temp12k,
SanLuisLake.Yuan.2013,CaCO3,temp12kDkIndex,Temp12k,
Santanacave.Cruz.2006,d18O,meetsHoloceneHydroclimateCriteria,HoloceneHydroclimate,SISAL-LiPD;HoloceneAbruptChange
Santanacave.Cruz.2006,d18O,meetsHoloceneHydroclimateCriteria,HoloceneHydroclimate,SISAL-LiPD
Santanacave.Cruz.2006,d18O,meetsHoloceneHydroclimateCriteria,HoloceneHydroclimate,SISAL-LiPD;HoloceneAbruptChange
SantoTomascave.Fensterer.2013,d18O,meetsHoloceneHydroclimateCriteria,HoloceneHydroclimate,SISAL-LiPD
SantoTomascave.Fensterer.2013,d13C,meetsHoloceneHydroclimateCriteria,HoloceneHydroclimate,SISAL-LiPD
SantoTomascave.Fensterer.2013,uncertainty-2,SISALEntityID,SISAL-LiPD;SISAL-LiPD;SISAL-LiPD,NAm21k-noPollen
SantoTomascave.Fensterer.2013,d18O,meetsHoloceneHydroclimateCriteria,HoloceneHydroclimate,NAm21k-noPollen
SantoTomascave.Fensterer.2013,d18O,SISALEntityID,SISAL-LiPD;SISAL-LiPD;SISAL-LiPD,NAm21k-noPollen
SantoTomascave.Fensterer.2013,d13C,meetsHoloceneHydroclimateCriteria,HoloceneHydroclimate,SISAL-LiPD
SantoTomascave.Fensterer.2013,d18O,meetsHoloceneHydroclimateCriteria,HoloceneHydroclimate,SISAL-LiPD
SantoTomascave.Fensterer.2013,d13C,meetsHoloceneHydroclimateCriteria,HoloceneHydroclimate,SISAL-LiPD
SantoTomascave.Fensterer.2013,d18O,meetsHoloceneHydroclimateCriteria,HoloceneHydroclimate,SISAL-LiPD
SantoTomascave.Fensterer.2013,d13C,meetsHoloceneHydroclimateCriteria,HoloceneHydroclimate,SISAL-LiPD
SantoTomascave.Fensterer.2013,d13C,SISALEntityID,SISAL-LiPD;SISAL-LiPD;SISAL-LiPD,NAm21k-noPollen
SantoTomascave.Fensterer.2013,uncertaintyHigh,SISALEntityID,SISAL-LiPD;SISAL-LiPD;SISAL-LiPD,NAm21k-noPollen
SantoTomascave.Fensterer.2013,uncertaintyLow,SISALEntityID,SISAL-LiPD;SISAL-LiPD;SISAL-LiPD,NAm21k-noPollen
SantoTomascave.Fensterer.2013,uncertaintyHigh-2,SISALEntityID,SISAL-LiPD;SISAL-LiPD;SISAL-LiPD,NAm21k-noPollen
SantoTomascave.Fensterer.2013,uncertaintyHigh-3,SISALEntityID,SISAL-LiPD;SISAL-LiPD;SISAL-LiPD,NAm21k-noPollen
SantoTomascave.Fensterer.2013,uncertaintyHigh-4,SISALEntityID,SISAL-LiPD;SISAL-LiPD;SISAL-LiPD,NAm21k-noPollen
SantoTomascave.Fensterer.2013,notes,SISALEntityID,SISAL-LiPD;SISAL-LiPD;SISAL-LiPD,NAm21k-noPollen
Schneckenlochcave.Boch.2011,notes,SISALEntityID,SISAL-LiPD;SISAL-LiPD;SISAL-LiPD,
Schoepfenwaldmoor.EPD,growing degree days,temp12kDkIndex,Temp12k,
Schoepfenwaldmoor.EPD,temperature,QCnotes,HoloceneAbruptChange,
Schoepfenwaldmoor.EPD,temperature,temp12kDkIndex,Temp12k,
Schoepfenwaldmoor.EPD,temperature-1,QCnotes,HoloceneAbruptChange,
Schoepfenwaldmoor.EPD,temperature-1,temp12kDkIndex,Temp12k,
Schoepfenwaldmoor.EPD,precipitation,temp12kDkIndex,Temp12k,
Schoepfenwaldmoor.EPD,precipitation,QCnotes,HoloceneAbruptChange,
Schoepfenwaldmoor.EPD,temperature-2,QCnotes,HoloceneAbruptChange,
Schoepfenwaldmoor.EPD,temperature-2,temp12kDkIndex,Temp12k,
SchwarzseeobSoelden.Ilyashuk.2011,uncertainty,temp12kDkIndex,Temp12k,
SchwarzseeobSoelden.Ilyashuk.2011,uncertainty-1,temp12kDkIndex,Temp12k,
SchwarzseeobSoelden.Ilyashuk.2011,isReliable,temp12kDkIndex,Temp12k,
ScreamingLynxLake.Clegg.2011,age,temp12kDkIndex,Temp12k,
SCS90_36,d18O,temp12kDkIndex,Temp12k,
SCS90_36,d13C,temp12kDkIndex,Temp12k,
SCS90_36,Uk37,temp12kDkIndex,Temp12k,
SCS90_36,temperature,temp12kDkIndex,Temp12k,
SCS90_36,temperature,QCCertification,HoloceneAbruptChange,
SCS90_36,temperature,QCnotes,HoloceneAbruptChange,
SCS90_36,temperature-1,QCCertification,HoloceneAbruptChange,
SCS90_36,temperature-1,QCnotes,HoloceneAbruptChange,
SCS90_36,temperature-1,temp12kDkIndex,Temp12k,
Secretcave.Carolin.2013,notes,SISALEntityID,SISAL-LiPD;SISAL-LiPD;SISAL-LiPD,
SelinCo.Sun.1993,age,SISALEntityID,SISAL-LiPD;SISAL-LiPD;SISAL-LiPD,
SelinCo.Sun.1993,temperature,SISALEntityID,SISAL-LiPD;SISAL-LiPD;SISAL-LiPD,HoloceneAbruptChange
SelinCo.Sun.1993,temperature-1,SISALEntityID,SISAL-LiPD;SISAL-LiPD;SISAL-LiPD,HoloceneAbruptChange
SelinCo.Sun.1993,precipitation,SISALEntityID,SISAL-LiPD;SISAL-LiPD;SISAL-LiPD,Hydro21k;HoloceneAbruptChange;HoloceneHydroclimate
Seukokjaure.Rosen.2003,age,QCCertification,HoloceneAbruptChange,
Sfl4-1.Willemse.1999,depth,temp12kDkIndex,Temp12k,
Sfl4-1.Willemse.1999,depth,useInOnset,HoloceneAbruptChange,
Sfl4-1.Willemse.1999,age,temp12kDkIndex,Temp12k,
Sfl4-1.Willemse.1999,age,useInOnset,HoloceneAbruptChange,
SH16MEIN,needsToBeChanged,iso2kPrimaryTimeseries,iso2k,
SH16MEIN,year,iso2kHackathonNotes,iso2k,
SH16MEIN,year,iso2kPrimaryTimeseries,iso2k,
SH18CASA,year,iso2kPrimaryTimeseries,iso2k,
SH18CASA,uncertaintyHigh,iso2kCertification,iso2k,
SH18CASA,uncertaintyHigh,iso2kHackathonNotes,iso2k,
SH18CASA,uncertaintyHigh,iso2kPrimaryTimeseries,iso2k,
SH18CASA,uncertaintyHigh,iso2kUI,iso2k;iso2k,
SH18CASA,uncertaintyHigh,QCCertification,HoloceneAbruptChange,
SH18CASA,uncertaintyLow,iso2kCertification,iso2k,
SH18CASA,uncertaintyLow,iso2kHackathonNotes,iso2k,
SH18CASA,uncertaintyLow,iso2kPrimaryTimeseries,iso2k,
SH18CASA,uncertaintyLow,iso2kUI,iso2k;iso2k,
SH18CASA,uncertaintyLow,QCCertification,HoloceneAbruptChange,
SH92PUN01,year,coralExtensionRate,CoralHydro2k;GBRCD,
SH92PUN01,year,coralHydro2kGroup,CoralHydro2k,
SH92PUN01,year,jcpCorrected,CoralHydro2k,
SH92PUN01,year,jcpMeasured,CoralHydro2k;GBRCD,
SH92PUN01,year,jcpUsed,CoralHydro2k;GBRCD,
Shalaiicave.Marsh.2018,d18O,meetsHoloceneHydroclimateCriteria,HoloceneHydroclimate,SISAL-LiPD
Shalaiicave.Marsh.2018,d13C,meetsHoloceneHydroclimateCriteria,HoloceneHydroclimate,SISAL-LiPD
Shalaiicave.Marsh.2018,d18O,meetsHoloceneHydroclimateCriteria,HoloceneHydroclimate,SISAL-LiPD
Shalaiicave.Marsh.2018,d13C,meetsHoloceneHydroclimateCriteria,HoloceneHydroclimate,SISAL-LiPD
Shalaiicave.Marsh.2018,d18O,meetsHoloceneHydroclimateCriteria,HoloceneHydroclimate,SISAL-LiPD
Shalaiicave.Marsh.2018,d13C,meetsHoloceneHydroclimateCriteria,HoloceneHydroclimate,SISAL-LiPD
Shalaiicave.Marsh.2018,notes,SISALEntityID,SISAL-LiPD;SISAL-LiPD;SISAL-LiPD,
Shatucacave.Bustamante.2016,d18O,meetsHoloceneHydroclimateCriteria,HoloceneHydroclimate,SISAL-LiPD
Shatucacave.Bustamante.2016,d18O,meetsHoloceneHydroclimateCriteria,HoloceneHydroclimate,SISAL-LiPD
Shatucacave.Bustamante.2016,hasGap,meetsHoloceneHydroclimateCriteria,HoloceneHydroclimate,SISAL-LiPD
Shenqicave.Tan.2018,notes,SISALEntityID,SISAL-LiPD;SISAL-LiPD;SISAL-LiPD,
Shigaocave.Jiang.2012,d18O,meetsHoloceneHydroclimateCriteria,HoloceneHydroclimate,SISAL-LiPD
Shigaocave.Jiang.2012,d18O,meetsHoloceneHydroclimateCriteria,HoloceneHydroclimate,SISAL-LiPD
Shizi.Yang.2019,age,SISALEntityID,SISAL-LiPD;SISAL-LiPD;SISAL-LiPD,
Shizi.Yang.2019,d18O,SISALEntityID,SISAL-LiPD;SISAL-LiPD;SISAL-LiPD,Hydro21k;HoloceneAbruptChange;HoloceneHydroclimate
SiebenHengstecave.Luetscher.2015,notes,SISALEntityID,SISAL-LiPD;SISAL-LiPD;SISAL-LiPD,
SihailongwanMaar.Stebich.2015,uncertainty1s,temp12kDkIndex,Temp12k,
SihailongwanMaar.Stebich.2015,uncertainty2s,temp12kDkIndex,Temp12k,
SihailongwanMaar.Stebich.2015,uncertainty1s-1,temp12kDkIndex,Temp12k,
SihailongwanMaar.Stebich.2015,uncertainty2s-1,temp12kDkIndex,Temp12k,
SihailongwanMaar.Stebich.2015,needsToBeChanged,temp12kDkIndex,Temp12k,
SihailongwanMaar.Stebich.2015,needsToBeChanged-1,temp12kDkIndex,Temp12k,
SihailongwanMaar.Stebich.2015,needsToBeChanged-2,temp12kDkIndex,Temp12k,
SK157_4,Mg/Ca,temp12kDkIndex,Temp12k,
SK157_4,temperature,QCCertification,HoloceneAbruptChange,
SK157_4,temperature,QCnotes,HoloceneAbruptChange,
SK157_4,temperature,temp12kDkIndex,Temp12k,
SK168_GC_1,d18O,temp12kDkIndex,Temp12k,
SK168_GC_1,d18O-1,temp12kDkIndex,Temp12k,
SK168_GC_1,Mg/Ca,temp12kDkIndex,Temp12k,
SK168_GC_1,Mg/Ca-1,temp12kDkIndex,Temp12k,
SK168_GC_1,temperature,QCCertification,HoloceneAbruptChange,
SK168_GC_1,temperature,QCnotes,HoloceneAbruptChange,
SK168_GC_1,temperature,temp12kDkIndex,Temp12k,
SK168_GC_1,d18O,QCCertification,HoloceneAbruptChange,
SK168_GC_1,d18O,QCnotes,HoloceneAbruptChange,
SK168_GC_1,d18O,temp12kDkIndex,Temp12k,
SK168_GC1,d18O,temp12kDkIndex,Temp12k,
SK168_GC1,d18O-1,temp12kDkIndex,Temp12k,
SK168_GC1,Mg/Ca,temp12kDkIndex,Temp12k,
SK168_GC1,Mg/Ca-1,temp12kDkIndex,Temp12k,
SK168_GC1,temperature,QCCertification,HoloceneAbruptChange,
SK168_GC1,temperature,QCnotes,HoloceneAbruptChange,
SK168_GC1,temperature,temp12kDkIndex,Temp12k,
SK168_GC1,temperature-1,QCCertification,HoloceneAbruptChange,
SK168_GC1,temperature-1,QCnotes,HoloceneAbruptChange,
SK168_GC1,temperature-1,temp12kDkIndex,Temp12k,
SK237_GC04.Saraswat.2013,d18O,temp12kDkIndex,Temp12k,
SK237_GC04.Saraswat.2013,Mg/Ca,temp12kDkIndex,Temp12k,
SK237-GC04.Saraswat.2013,temperature,iso2kHackathonNotes,iso2k,
SK237-GC04.Saraswat.2013,temperature,iso2kPrimaryTimeseries,iso2k,
SK237-GC04.Saraswat.2013,temperature,iso2kUI,iso2k;iso2k,
SK237-GC04.Saraswat.2013,temperature,temp12kDkIndex,Temp12k,
SK237-GC04.Saraswat.2013,year,iso2kPrimaryTimeseries,iso2k,
SK237-GC04.Saraswat.2013,depth,iso2kPrimaryTimeseries,iso2k,
SK237-GC04.Saraswat.2013,Mg/Ca,QCCertification,HoloceneAbruptChange,
SK237-GC04.Saraswat.2013,Mg/Ca,QCnotes,HoloceneAbruptChange,
SK237-GC04.Saraswat.2013,Mg/Ca,iso2kHackathonNotes,iso2k,
SK237-GC04.Saraswat.2013,Mg/Ca,iso2kPrimaryTimeseries,iso2k,
SK237-GC04.Saraswat.2013,Mg/Ca,temp12kDkIndex,Temp12k,
SK237-GC04.Saraswat.2013,d18O,iso2kHackathonNotes,iso2k,
SK237-GC04.Saraswat.2013,d18O,iso2kPrimaryTimeseries,iso2k,
SK237-GC04.Saraswat.2013,d18O,temp12kDkIndex,Temp12k,
SK237-GC04.Saraswat.2013,temperature-1,iso2kUI,iso2k;iso2k,
SK237-GC04.Saraswat.2013,temperature-1,temp12kDkIndex,Temp12k,
SK237-GC04.Saraswat.2013,temperature,QCCertification,HoloceneAbruptChange,
SK237-GC04.Saraswat.2013,temperature,iso2kHackathonNotes,iso2k,
SK237-GC04.Saraswat.2013,temperature,iso2kPrimaryTimeseries,iso2k,
SK237-GC04.Saraswat.2013,temperature,iso2kUI,iso2k;iso2k,
SK237-GC04.Saraswat.2013,temperature,ocean2kID,Pages2kTemperature,
SK237-GC04.Saraswat.2013,temperature,pages2kID,Pages2kTemperature,
SK237-GC04.Saraswat.2013,temperature,pages2kId,Pages2kTemperature,
SK237-GC04.Saraswat.2013,temperature,temp12kDkIndex,Temp12k,
SK237-GC04.Saraswat.2013,temperature,QCnotes,HoloceneAbruptChange,
SK237-GC04.Saraswat.2013,year,iso2kPrimaryTimeseries,iso2k,
SK237-GC04.Saraswat.2013,d18O,QCCertification,HoloceneAbruptChange,
SK237-GC04.Saraswat.2013,d18O,QCnotes,HoloceneAbruptChange,
SK237-GC04.Saraswat.2013,d18O,iso2kHackathonNotes,iso2k,
SK237-GC04.Saraswat.2013,d18O,iso2kPrimaryTimeseries,iso2k,
SK237-GC04.Saraswat.2013,d18O,temp12kDkIndex,Temp12k,
SK237-GC04.Saraswat.2013,year,iso2kPrimaryTimeseries,iso2k,
Skorarvatn.Harning.2020,C37:4Alkenone,QCCertification,HoloceneAbruptChange,
Skorarvatn.Harning.2020,C37:4Alkenone,QCnotes,HoloceneAbruptChange,
Skorarvatn.Harning.2020,C37:3aAlkenone,QCCertification,HoloceneAbruptChange,
Skorarvatn.Harning.2020,C37:3aAlkenone,QCnotes,HoloceneAbruptChange,
Skorarvatn.Harning.2020,C37:3bAlkenone,QCCertification,HoloceneAbruptChange,
Skorarvatn.Harning.2020,C37:3bAlkenone,QCnotes,HoloceneAbruptChange,
SL06.Pollen.Canada,depth,QCCertification,HoloceneAbruptChange,
SL06.Pollen.Canada,age,QCCertification,HoloceneAbruptChange,
SL13TEAG,year,iso2kPrimaryTimeseries,iso2k,
SL13TEAG,depth,iso2kPrimaryTimeseries,iso2k,
SL13TEAK,year,iso2kPrimaryTimeseries,iso2k,
SL13TEAK,depth,iso2kPrimaryTimeseries,iso2k,
SM06LKF01,year,coralExtensionRate,CoralHydro2k;GBRCD,
SM06LKF01,year,coralHydro2kGroup,CoralHydro2k,
SM06LKF01,year,jcpCorrected,CoralHydro2k,
SM06LKF01,year,jcpMeasured,CoralHydro2k;GBRCD,
SM06LKF01,year,jcpUsed,CoralHydro2k;GBRCD,
SM06LKF01,year,coralExtensionRate,CoralHydro2k;GBRCD,
SM06LKF01,year,coralHydro2kGroup,CoralHydro2k,
SM06LKF01,year,jcpCorrected,CoralHydro2k,
SM06LKF01,year,jcpMeasured,CoralHydro2k;GBRCD,
SM06LKF01,year,jcpUsed,CoralHydro2k;GBRCD,
SM06LKF02,year,coralExtensionRate,CoralHydro2k;GBRCD,
SM06LKF02,year,coralHydro2kGroup,CoralHydro2k,
SM06LKF02,year,jcpCorrected,CoralHydro2k,
SM06LKF02,year,jcpMeasured,CoralHydro2k;GBRCD,
SM06LKF02,year,jcpUsed,CoralHydro2k;GBRCD,
SM06LKF02,year,coralExtensionRate,CoralHydro2k;GBRCD,
SM06LKF02,year,coralHydro2kGroup,CoralHydro2k,
SM06LKF02,year,jcpCorrected,CoralHydro2k,
SM06LKF02,year,jcpMeasured,CoralHydro2k;GBRCD,
SM06LKF02,year,jcpUsed,CoralHydro2k;GBRCD,
SN-6.Tiwari.2015,d18O,temp12kDkIndex,Temp12k,
SN-6.Tiwari.2015,Mg/Ca,temp12kDkIndex,Temp12k,
SN-6.Tiwari.2015,d18O-1,temp12kDkIndex,Temp12k,
SO136_GC11.Barrows.2007,Uk37,temp12kDkIndex,Temp12k,
SO136GC11.Barrows.2007,Uk37,temp12kDkIndex,Temp12k,
SO139-74KL.Luckge.2008,Uk37,temp12kDkIndex,Temp12k,
SO139-74KL.Luckge.2008,globigerinoidesRuber,temp12kDkIndex,Temp12k,
SO139-74KL.Luckge.2008,organicCarbon,temp12kDkIndex,Temp12k,
SO189_039KL.Mohtadi.2014,d18O,temp12kDkIndex,Temp12k,
SO189_039KL.Mohtadi.2014,Mg/Ca,temp12kDkIndex,Temp12k,
SO189_119KL.Mohtadi.2014,d18O,temp12kDkIndex,Temp12k,
SO189_119KL.Mohtadi.2014,Mg/Ca,temp12kDkIndex,Temp12k,
SO189_144KL.Mohtadi.2014,d18O,temp12kDkIndex,Temp12k,
SO189-119KL.Mohtadi.2014,d18O,temp12kDkIndex,Temp12k,
SO189-39KL.Mohtadi.2014,d18O,temp12kDkIndex,Temp12k,
SO201_2_12,d18O,temp12kDkIndex,Temp12k,
SO201_2_12,Mg/Ca,temp12kDkIndex,Temp12k,
SO201_2_12,Uk37,temp12kDkIndex,Temp12k,
SO201_2_12,TEX86,temp12kDkIndex,Temp12k,
SO42_74KL.Huguet.2006,temperature,temp12kDkIndex,Temp12k,
SO42_74KL.Huguet.2006,temperature,QCLastUpdated,HoloceneAbruptChange,
SO42_74KL.Huguet.2006,temperature,QCCertification,HoloceneAbruptChange,
SO42_74KL.Huguet.2006,temperature,QCnotes,HoloceneAbruptChange,
SO42_74KL.Huguet.2006,d18O,temp12kDkIndex,Temp12k,
SO42_74KL.Huguet.2006,TEX86,temp12kDkIndex,Temp12k,
SO42_74KL.Huguet.2006,Uk37,temp12kDkIndex,Temp12k,
SO42_74KL.Huguet.2006,d18O,QCLastUpdated,HoloceneAbruptChange,
SO42_74KL.Huguet.2006,d18O,temp12kDkIndex,Temp12k,
SO42_74KL.Huguet.2006,d13C,QCLastUpdated,HoloceneAbruptChange,
SO42_74KL.Huguet.2006,d13C,temp12kDkIndex,Temp12k,
SO42_74KL.Huguet.2006,CaCO3,QCLastUpdated,HoloceneAbruptChange,
SO42_74KL.Huguet.2006,CaCO3,temp12kDkIndex,Temp12k,
SO42_74KL.Huguet.2006,d18O-1,QCLastUpdated,HoloceneAbruptChange,
SO42_74KL.Huguet.2006,d18O-1,temp12kDkIndex,Temp12k,
SO42_74KL.Huguet.2006,d13C-1,QCLastUpdated,HoloceneAbruptChange,
SO42_74KL.Huguet.2006,d13C-1,temp12kDkIndex,Temp12k,
SO42_74KL.Huguet.2006,organicCarbon,QCLastUpdated,HoloceneAbruptChange,
SO42_74KL.Huguet.2006,organicCarbon,temp12kDkIndex,Temp12k,
SO90_56KA.Doose-Rolinski.2001,d18O,temp12kDkIndex,Temp12k,
SO90_63KA.Staubwasser.2003,d18O,temp12kDkIndex,Temp12k,
Sofular.Fleitmann.2009,d13C,temp12kDkIndex,Temp12k,
Sofularcave.Fleitmann.2009,d18O,meetsHoloceneHydroclimateCriteria,HoloceneHydroclimate,SISAL-LiPD
Sofularcave.Fleitmann.2009,d13C,meetsHoloceneHydroclimateCriteria,HoloceneHydroclimate,SISAL-LiPD
Sofularcave.Fleitmann.2009,d18O,meetsHoloceneHydroclimateCriteria,HoloceneHydroclimate,SISAL-LiPD
Sofularcave.Fleitmann.2009,notes,SISALEntityID,SISAL-LiPD;SISAL-LiPD;SISAL-LiPD,
Sokli.Shala.2017,depth,QCCertification,HoloceneAbruptChange,
Sokli.Shala.2017,age,QCCertification,HoloceneAbruptChange,
Sokli.Shala.2017,uncertaintyLow,QCCertification,HoloceneAbruptChange,
Sokli.Shala.2017,uncertaintyHigh,QCCertification,HoloceneAbruptChange,
Sonk11D.Lauterbach.2014,needsToBeChanged,temp12kDkIndex,Temp12k,
SoreqCave,d13C,temp12kDkIndex,Temp12k,
Soreqcave.Orland.2009,d18O,meetsHoloceneHydroclimateCriteria,HoloceneHydroclimate,SISAL-LiPD
Soreqcave.Orland.2009,d18O,meetsHoloceneHydroclimateCriteria,HoloceneHydroclimate,SISAL-LiPD
Soreqcave.Orland.2009,d18O,meetsHoloceneHydroclimateCriteria,HoloceneHydroclimate,SISAL-LiPD
Soreqcave.Orland.2009,d13C,meetsHoloceneHydroclimateCriteria,HoloceneHydroclimate,SISAL-LiPD
Soreqcave.Orland.2009,d13C,meetsHoloceneHydroclimateCriteria,HoloceneHydroclimate,SISAL-LiPD
SouthAfricanRainfallZone.Chevalier.2015,uncertaintyHigh-1,temp12kDkIndex,Temp12k,
SouthAfricanRainfallZone.Chevalier.2015,uncertaintyLow-1,temp12kDkIndex,Temp12k,
SouthAfricanRainfallZone.Chevalier.2015,isReliable,temp12kDkIndex,Temp12k,
SouthAfricanRainfallZone.Chevalier.2015,sampleID,temp12kDkIndex,Temp12k,
SouthernCalifornia.Ohlwein.2012,temperature,QCCertification,HoloceneAbruptChange,
SouthernCalifornia.Ohlwein.2012,temperature,QCnotes,HoloceneAbruptChange,
SouthernCalifornia.Ohlwein.2012,temperature,temp12kDkIndex,Temp12k,
SouthernCalifornia.Ohlwein.2012,uncertaintyLow1s,temp12kDkIndex,Temp12k,
SouthernCalifornia.Ohlwein.2012,uncertaintyHigh1s,temp12kDkIndex,Temp12k,
SouthernCalifornia.Ohlwein.2012,precipitation,QCnotes,HoloceneAbruptChange,
SouthernCalifornia.Ohlwein.2012,precipitation,temp12kDkIndex,Temp12k,
SouthernCalifornia.Ohlwein.2012,uncertaintyLow1s-1,temp12kDkIndex,Temp12k,
SouthernCalifornia.Ohlwein.2012,uncertaintyHigh1s-1,temp12kDkIndex,Temp12k,
SouthernCalifornia.Ohlwein.2012,site,temp12kDkIndex,Temp12k,
SouthernCalifornia.Ohlwein.2012,uncertaintyLow1s,temp12kDkIndex,Temp12k,
SouthernCalifornia.Ohlwein.2012,uncertaintyHigh1s,temp12kDkIndex,Temp12k,
SouthernCalifornia.Ohlwein.2012,uncertaintyLow1s-1,temp12kDkIndex,Temp12k,
SouthernCalifornia.Ohlwein.2012,uncertaintyHigh1s-1,temp12kDkIndex,Temp12k,
SouthernCalifornia.Ohlwein.2012,site,temp12kDkIndex,Temp12k,
SouthernCalifornia.Ohlwein.2012,core,temp12kDkIndex,Temp12k,
SouthernCalifornia.Ohlwein.2012,uncertaintyLow1s,temp12kDkIndex,Temp12k,
SouthernCalifornia.Ohlwein.2012,uncertaintyHigh1s,temp12kDkIndex,Temp12k,
SouthernCalifornia.Ohlwein.2012,uncertaintyLow1s-1,temp12kDkIndex,Temp12k,
SouthernCalifornia.Ohlwein.2012,uncertaintyHigh1s-1,temp12kDkIndex,Temp12k,
SouthIsland.Williams.2005,d18O,temp12kDkIndex,Temp12k,
Soylegrottacave.Linge.2001,notes,SISALEntityID,SISAL-LiPD;SISAL-LiPD;SISAL-LiPD,
SP02.Adams.2010,depth,useInOnset,HoloceneAbruptChange,
SP02.Adams.2010,age,useInOnset,HoloceneAbruptChange,
SP02.Adams.2010,depth,useInOnset,HoloceneAbruptChange,
SP02.Adams.2010,age,useInOnset,HoloceneAbruptChange,
SP02.Adams.2010,MS,useInOnset,HoloceneAbruptChange,NAm21k-noPollen
SP03BMIL,year,iso2kPrimaryTimeseries,iso2k,
SP03BMIL,depth,iso2kPrimaryTimeseries,iso2k,
SP03BMIL,d13C,iso2kPrimaryTimeseries,iso2k,
SP03BMIL,d13C,iso2kUI,iso2k;iso2k,
SP03BMIL,d13C,QCCertification,HoloceneAbruptChange,
SP04DEUS,year,iso2kPrimaryTimeseries,iso2k,
SP04DEUS,d13C,iso2kPrimaryTimeseries,iso2k,
SP04DEUS,d13C,iso2kUI,iso2k;iso2k,
SP04DEUS,d13C,QCCertification,HoloceneAbruptChange,
SP04YUCN,year,iso2kPrimaryTimeseries,iso2k,
SP04YUCN,depth,iso2kPrimaryTimeseries,iso2k,
SP04YUCN,year,iso2kPrimaryTimeseries,iso2k,
SP04YUCN,depth,iso2kPrimaryTimeseries,iso2k,
SP04YUCN,year,iso2kPrimaryTimeseries,iso2k,
SP04YUCN,depth,iso2kPrimaryTimeseries,iso2k,
SP05CRBR,year,iso2kPrimaryTimeseries,iso2k,
SP05CRBR,depth,iso2kPrimaryTimeseries,iso2k,
SP05MAAT,year,iso2kPrimaryTimeseries,iso2k,
SP06DRIT,year,iso2kPrimaryTimeseries,iso2k,
SP06DYCN,year,iso2kPrimaryTimeseries,iso2k,
SP07ASUS,year,iso2kPrimaryTimeseries,iso2k,
SP07ASUS,depth,iso2kPrimaryTimeseries,iso2k,
SP07DEUS,year,iso2kPrimaryTimeseries,iso2k,
SP07DEUS,d13C,iso2kPrimaryTimeseries,iso2k,
SP07DEUS,d13C,iso2kUI,iso2k;iso2k,
SP07DEUS,d13C,QCCertification,HoloceneAbruptChange,
SP07DEUS,year,iso2kPrimaryTimeseries,iso2k,
SP07DEUS,d13C,iso2kPrimaryTimeseries,iso2k,
SP07DEUS,d13C,iso2kUI,iso2k;iso2k,
SP07DEUS,d13C,QCCertification,HoloceneAbruptChange,
SP07FLOM,year,iso2kPrimaryTimeseries,iso2k,
SP07FLOM,depth,iso2kPrimaryTimeseries,iso2k,
SP07WABR,year,iso2kPrimaryTimeseries,iso2k,
SP07WABR,depth,iso2kPrimaryTimeseries,iso2k,
SP08COCN,d13C,iso2kCertification,iso2k,
SP08COCN,d13C,iso2kHackathonNotes,iso2k,
SP08COCN,d13C,iso2kPrimaryTimeseries,iso2k,
SP08COCN,d13C,iso2kUI,iso2k;iso2k,
SP08COCN,d13C,QCCertification,HoloceneAbruptChange,
SP08COCN,year,iso2kPrimaryTimeseries,iso2k,
SP08COCN,depth,iso2kPrimaryTimeseries,iso2k,
SP08HUCN,year,iso2kPrimaryTimeseries,iso2k,
SP08HUCN,depth,iso2kPrimaryTimeseries,iso2k,
SP08HUCN,d13C,iso2kHackathonNotes,iso2k,
SP08HUCN,d13C,iso2kPrimaryTimeseries,iso2k,
SP08HUCN,d13C,iso2kUI,iso2k;iso2k,
SP08SPUS,year,iso2kPrimaryTimeseries,iso2k,
SP08SPUS,depth,iso2kPrimaryTimeseries,iso2k,
SP08SPUS,d13C,iso2kHackathonNotes,iso2k,
SP08SPUS,d13C,iso2kPrimaryTimeseries,iso2k,
SP08SPUS,d13C,iso2kUI,iso2k;iso2k,
SP08VBPE,year,iso2kPrimaryTimeseries,iso2k,
SP08VBPE,year,iso2kPrimaryTimeseries,iso2k,
SP08VBPE,year,iso2kPrimaryTimeseries,iso2k,
SP08ZHCN,year,iso2kPrimaryTimeseries,iso2k,
SP08ZHCN,depth,iso2kPrimaryTimeseries,iso2k,
SP09FLTR,year,iso2kPrimaryTimeseries,iso2k,
SP09GRID,year,iso2kPrimaryTimeseries,iso2k,
SP09GRID,depth,iso2kPrimaryTimeseries,iso2k,
SP09GRID,year-1,iso2kPrimaryTimeseries,iso2k,
SP09GRID,depth-1,iso2kPrimaryTimeseries,iso2k,
SP09REPE,year,iso2kPrimaryTimeseries,iso2k,
SP09REPE,depth,iso2kPrimaryTimeseries,iso2k,
SP09REPE,year,iso2kPrimaryTimeseries,iso2k,
SP09REPE,depth,iso2kPrimaryTimeseries,iso2k,
SP10BEIN,year,iso2kPrimaryTimeseries,iso2k,
SP10CACN,year,iso2kPrimaryTimeseries,iso2k,
SP10CACN,year,iso2kPrimaryTimeseries,iso2k,
SP10DOCN,year,iso2kPrimaryTimeseries,iso2k,
SP10DOCN,depth,iso2kPrimaryTimeseries,iso2k,
SP10HAUS,year,iso2kPrimaryTimeseries,iso2k,
SP10HAUS,depth,iso2kPrimaryTimeseries,iso2k,
SP10HAUS,year,iso2kPrimaryTimeseries,iso2k,
SP10HAUS,depth,iso2kPrimaryTimeseries,iso2k,
SP10HAUS,year,iso2kPrimaryTimeseries,iso2k,
SP10HAUS,depth,iso2kPrimaryTimeseries,iso2k,
SP10MEMX,year,iso2kPrimaryTimeseries,iso2k,
SP10MEMX,depth,iso2kPrimaryTimeseries,iso2k,
SP10SUSE,year,iso2kPrimaryTimeseries,iso2k,
SP10WINZ,year,iso2kPrimaryTimeseries,iso2k,
SP10WINZ,d13C,iso2kHackathonNotes,iso2k,
SP10WINZ,d13C,iso2kPrimaryTimeseries,iso2k,
SP10WINZ,d13C,iso2kUI,iso2k;iso2k,
SP10WINZ.Williams.2010,d13C,iso2kCertification,iso2k,HoloceneAbruptChange
SP10WINZ.Williams.2010,d13C,iso2kHackathonNotes,iso2k,HoloceneAbruptChange
SP10WINZ.Williams.2010,d13C,iso2kPrimaryTimeseries,iso2k,HoloceneAbruptChange
SP10WINZ.Williams.2010,year,iso2kPrimaryTimeseries,iso2k,
SP10WINZ.Williams.2010,d18O,iso2kCertification,iso2k,
SP10WINZ.Williams.2010,d18O,iso2kHackathonNotes,iso2k,
SP10WINZ.Williams.2010,d18O,iso2kPrimaryTimeseries,iso2k,
SP10WINZ.Williams.2010,d18O,iso2kUI,iso2k;iso2k,
SP10WINZ.Williams.2010,d18O,temp12kDkIndex,Temp12k,
SP11BEMX,year,iso2kPrimaryTimeseries,iso2k,
SP11BEMX,d13C,iso2kHackathonNotes,iso2k,
SP11BEMX,d13C,iso2kPrimaryTimeseries,iso2k,
SP11BOAT,year,iso2kPrimaryTimeseries,iso2k,
SP11STBR,year,iso2kPrimaryTimeseries,iso2k,
SP11STBR,year,iso2kPrimaryTimeseries,iso2k,
SP12CACN,year,iso2kPrimaryTimeseries,iso2k,
SP12CACN,depth,iso2kPrimaryTimeseries,iso2k,
SP12ERUS,year,iso2kPrimaryTimeseries,iso2k,
SP12ERUS,depth,iso2kPrimaryTimeseries,iso2k,
SP12ERUS,d13C,iso2kHackathonNotes,iso2k,
SP12ERUS,d13C,iso2kPrimaryTimeseries,iso2k,
SP12ERUS,d13C,iso2kUI,iso2k;iso2k,
SP12FOAT,year,iso2kPrimaryTimeseries,iso2k,
SP12KEBZ,year,iso2kPrimaryTimeseries,iso2k,
SP12KEBZ,depth,iso2kPrimaryTimeseries,iso2k,
SP12KEBZ,d13C,iso2kHackathonNotes,iso2k,
SP12KEBZ,d13C,iso2kPrimaryTimeseries,iso2k,
SP12KEBZ,d13C,iso2kUI,iso2k;iso2k,
SP12LAMX,year,iso2kPrimaryTimeseries,iso2k,
SP12LAMX,depth,iso2kPrimaryTimeseries,iso2k,
SP12NOBR,year,iso2kPrimaryTimeseries,iso2k,
SP12NOBR,depth,iso2kPrimaryTimeseries,iso2k,
SP13ASBC,year,iso2kPrimaryTimeseries,iso2k,
SP13AYID,year,iso2kPrimaryTimeseries,iso2k,
SP13AYID,uncertainty,iso2kCertification,iso2k,
SP13AYID,uncertainty,iso2kPrimaryTimeseries,iso2k,
SP13AYID,uncertainty,iso2kUI,iso2k;iso2k,
SP13AYID,year,iso2kPrimaryTimeseries,iso2k,
SP13AYID,count,iso2kCertification,iso2k,
SP13AYID,count,iso2kPrimaryTimeseries,iso2k,
SP13AYID,count,iso2kUI,iso2k;iso2k,
SP13AYID,uncertainty,iso2kCertification,iso2k,
SP13AYID,uncertainty,iso2kPrimaryTimeseries,iso2k,
SP13AYID,uncertainty,iso2kUI,iso2k;iso2k,
SP13AYID,year,iso2kPrimaryTimeseries,iso2k,
SP13AYID,count,iso2kCertification,iso2k,
SP13AYID,count,iso2kPrimaryTimeseries,iso2k,
SP13AYID,count,iso2kUI,iso2k;iso2k,
SP13AYID,year,iso2kPrimaryTimeseries,iso2k,
SP13AYID,count,iso2kCertification,iso2k,
SP13AYID,count,iso2kPrimaryTimeseries,iso2k,
SP13AYID,count,iso2kUI,iso2k;iso2k,
SP13AYID,year,iso2kPrimaryTimeseries,iso2k,
SP13AYID,count,iso2kCertification,iso2k,
SP13AYID,count,iso2kPrimaryTimeseries,iso2k,
SP13AYID,count,iso2kUI,iso2k;iso2k,
SP13AYID,notes,iso2kCertification,iso2k,
SP13AYID,notes,iso2kPrimaryTimeseries,iso2k,
SP13AYID,notes,iso2kUI,iso2k;iso2k,
SP13AYID,year,iso2kPrimaryTimeseries,iso2k,
SP13AYID,count,iso2kCertification,iso2k,
SP13AYID,count,iso2kPrimaryTimeseries,iso2k,
SP13AYID,count,iso2kUI,iso2k;iso2k,
SP13CHPE,year,iso2kPrimaryTimeseries,iso2k,
SP13CHPE,depth,iso2kPrimaryTimeseries,iso2k,
SP13KAPE,year,iso2kPrimaryTimeseries,iso2k,
SP13KAPE,depth,iso2kPrimaryTimeseries,iso2k,
SP13KAPE,year,iso2kPrimaryTimeseries,iso2k,
SP13KAPE,depth,iso2kPrimaryTimeseries,iso2k,
SP13LAMX,year,iso2kPrimaryTimeseries,iso2k,
SP13LAMX,depth,iso2kPrimaryTimeseries,iso2k,
SP13MCUS,year,iso2kPrimaryTimeseries,iso2k,
SP13PAVU,year,iso2kPrimaryTimeseries,iso2k,
SP13PAVU,depth,iso2kPrimaryTimeseries,iso2k,
SP13SLNA,year,iso2kPrimaryTimeseries,iso2k,
SP13SLNA,depth,iso2kPrimaryTimeseries,iso2k,
SP13SUSA,age,iso2kPrimaryTimeseries,iso2k,
SP13SUSA,depth,iso2kPrimaryTimeseries,iso2k,
SP14APPE,year,iso2kPrimaryTimeseries,iso2k,
SP14APPE,depth,iso2kPrimaryTimeseries,iso2k,
SP14APPE,year,iso2kPrimaryTimeseries,iso2k,
SP14APPE,depth,iso2kPrimaryTimeseries,iso2k,
SP98KUCN,year,iso2kPrimaryTimeseries,iso2k,
SP98KUCN,depth,iso2kPrimaryTimeseries,iso2k,
SP99DEUS,year,iso2kPrimaryTimeseries,iso2k,
SP99DEUS,d13C,iso2kPrimaryTimeseries,iso2k,
SP99DEUS,d13C,iso2kUI,iso2k;iso2k,
SP99DEUS,d13C,QCCertification,HoloceneAbruptChange,
SP99DEUS,year,iso2kPrimaryTimeseries,iso2k,
SP99DEUS,d13C,iso2kPrimaryTimeseries,iso2k,
SP99DEUS,d13C,iso2kUI,iso2k;iso2k,
SP99DEUS,d13C,QCCertification,HoloceneAbruptChange,
SP99DEUS,year,iso2kPrimaryTimeseries,iso2k,
SP99DEUS,d13C,iso2kPrimaryTimeseries,iso2k,
SP99DEUS,d13C,iso2kUI,iso2k;iso2k,
SP99DEUS,d13C,QCCertification,HoloceneAbruptChange,
Spannagelcave.Fohlmeister.2013,d18O,meetsHoloceneHydroclimateCriteria,HoloceneHydroclimate,SISAL-LiPD
Spannagelcave.Fohlmeister.2013,d18O,meetsHoloceneHydroclimateCriteria,HoloceneHydroclimate,SISAL-LiPD
Spannagelcave.Fohlmeister.2013,d13C,meetsHoloceneHydroclimateCriteria,HoloceneHydroclimate,SISAL-LiPD
Spannagelcave.Fohlmeister.2013,notes,SISALEntityID,SISAL-LiPD;SISAL-LiPD;SISAL-LiPD,
SpringValleyCave.Denniston.1999,d13C,QCnotes,HoloceneAbruptChange,
SpringValleyCave.Denniston.1999,d13C,temp12kDkIndex,Temp12k,
SpringValleyCave.Denniston.1999,d18O,QCnotes,HoloceneAbruptChange,
SpringValleyCave.Denniston.1999,d18O,temp12kDkIndex,Temp12k,
SS03HAJA,d18O,pages2kId,Pages2kTemperature,iso2k;hydroclimate2k
SS03HAJA,year,iso2kPrimaryTimeseries,iso2k,
SS03HAJA,d18O,pages2kId,Pages2kTemperature,iso2k;hydroclimate2k
SS03HAJA,year,iso2kPrimaryTimeseries,iso2k,
SS03HAJA,Sr/Ca,iso2kCertification,iso2k,
SS03HAJA,Sr/Ca,iso2kHackathonNotes,iso2k,
SS03HAJA,Sr/Ca,iso2kPrimaryTimeseries,iso2k,
SS03HAJA,Sr/Ca,iso2kUI,iso2k;iso2k,
SS03HAJA,Sr/Ca,pages2kId,Pages2kTemperature,
SS03HAJA,Sr/Ca,pages2kID,Pages2kTemperature,
SS03HAJA,Sr/Ca,QCCertification,HoloceneAbruptChange,
SS03HAJA,year,iso2kPrimaryTimeseries,iso2k,
SS03HAJA,Sr/Ca,iso2kCertification,iso2k,
SS03HAJA,Sr/Ca,iso2kHackathonNotes,iso2k,
SS03HAJA,Sr/Ca,iso2kPrimaryTimeseries,iso2k,
SS03HAJA,Sr/Ca,iso2kUI,iso2k;iso2k,
SS03HAJA,Sr/Ca,pages2kId,Pages2kTemperature,
SS03HAJA,Sr/Ca,pages2kID,Pages2kTemperature,
SS03HAJA,Sr/Ca,QCCertification,HoloceneAbruptChange,
SS03HAJA,year,iso2kPrimaryTimeseries,iso2k,
SS05ROES,d18O,pages2kId,Pages2kTemperature,iso2k
SS05ROES,year,iso2kPrimaryTimeseries,iso2k,
SS05ROES,Sr/Ca,iso2kCertification,iso2k,
SS05ROES,Sr/Ca,iso2kHackathonNotes,iso2k,
SS05ROES,Sr/Ca,iso2kPrimaryTimeseries,iso2k,
SS05ROES,Sr/Ca,iso2kUI,iso2k;iso2k,
SS05ROES,Sr/Ca,pages2kId,Pages2kTemperature,
SS05ROES,Sr/Ca,pages2kID,Pages2kTemperature,
SS05ROES,Sr/Ca,QCCertification,HoloceneAbruptChange,
SS05ROTN,year,iso2kPrimaryTimeseries,iso2k,
SSDP_102.Kim.2004,Uk37,temp12kDkIndex,Temp12k,
ST13MAL01,year,coralExtensionRate,CoralHydro2k;GBRCD,
ST13MAL01,year,coralHydro2kGroup,CoralHydro2k,
ST13MAL01,year,jcpCorrected,CoralHydro2k,
ST13MAL01,year,jcpMeasured,CoralHydro2k;GBRCD,
ST13MAL01,year,jcpUsed,CoralHydro2k;GBRCD,
ST13MAL01,year,coralExtensionRate,CoralHydro2k;GBRCD,
ST13MAL01,year,coralHydro2kGroup,CoralHydro2k,
ST13MAL01,year,jcpCorrected,CoralHydro2k,
ST13MAL01,year,jcpMeasured,CoralHydro2k;GBRCD,
ST13MAL01,year,jcpUsed,CoralHydro2k;GBRCD,
Staircasecave.Braun.2019,notes,SISALEntityID,SISAL-LiPD;SISAL-LiPD;SISAL-LiPD,
StaroselskyMoch.Novenko.2018,depth,QCCertification,HoloceneAbruptChange,
StaroselskyMoch.Novenko.2018,age,QCCertification,HoloceneAbruptChange,
StaroselskyMoch.Novenko.2018,uncertaintyLow,QCCertification,HoloceneAbruptChange,
StaroselskyMoch.Novenko.2018,uncertaintyHigh,QCCertification,HoloceneAbruptChange,
Starvatn.Andresen.2008,depth,useInOnset,HoloceneAbruptChange,
Starvatn.Andresen.2008,age,useInOnset,HoloceneAbruptChange,
Starvatn.Andresen.2008,mineralogy,useInOnset,HoloceneAbruptChange,RapidArcticWarming
Station_5_MC,Uk37,temp12kDkIndex,Temp12k,
Station_5_PC,Uk37,temp12kDkIndex,Temp12k,
Station_6_MC,Uk37,temp12kDkIndex,Temp12k,
Station_6_MC,temperature,QCCertification,HoloceneAbruptChange,
Station_6_MC,temperature,QCnotes,HoloceneAbruptChange,
Station_6_MC,temperature,temp12kDkIndex,Temp12k,
Station_8s_PC,Uk37,temp12kDkIndex,Temp12k,
Stazersee.Heiri.2015,uncertainty,temp12kDkIndex,Temp12k,
Stazersee.Heiri.2015,uncertainty-1,temp12kDkIndex,Temp12k,
Stazersee.Heiri.2015,isReliable,temp12kDkIndex,Temp12k,
Stazersee.Heiri.2015,notes,temp12kDkIndex,Temp12k,
StellaLake.Reinemann.2009,sampleID,temp12kDkIndex,Temp12k,
StellaLake.Reinemann.2009,uncertainty-1,temp12kDkIndex,Temp12k,
StellaLake.Reinemann.2009,isReliable,temp12kDkIndex,Temp12k,
Stranapecave.Lonar.2019,notes,SISALEntityID,SISAL-LiPD;SISAL-LiPD;SISAL-LiPD,
SU81_18.Bard.2000,Uk37,temp12kDkIndex,Temp12k,
SU81_18.Bard.2000,d18O,temp12kDkIndex,Temp12k,
SumxiCo.Leipe.2014,needsToBeChanged,temp12kDkIndex,Temp12k,
Svartvatnet-Svalbard.Luoto.2018,depth,QCCertification,HoloceneAbruptChange,
Svartvatnet-Svalbard.Luoto.2018,age,QCCertification,HoloceneAbruptChange,
SW98STP01,year,coralExtensionRate,CoralHydro2k;GBRCD,
SW98STP01,year,coralHydro2kGroup,CoralHydro2k,
SW98STP01,year,jcpCorrected,CoralHydro2k,
SW98STP01,year,jcpMeasured,CoralHydro2k;GBRCD,
SW98STP01,year,jcpUsed,CoralHydro2k;GBRCD,
SW99LIG01,year,coralExtensionRate,CoralHydro2k;GBRCD,
SW99LIG01,year,coralHydro2kGroup,CoralHydro2k,
SW99LIG01,year,jcpCorrected,CoralHydro2k,
SW99LIG01,year,jcpMeasured,CoralHydro2k;GBRCD,
SW99LIG01,year,jcpUsed,CoralHydro2k;GBRCD,
SW99LIG02,year,coralExtensionRate,CoralHydro2k;GBRCD,
SW99LIG02,year,coralHydro2kGroup,CoralHydro2k,
SW99LIG02,year,jcpCorrected,CoralHydro2k,
SW99LIG02,year,jcpMeasured,CoralHydro2k;GBRCD,
SW99LIG02,year,jcpUsed,CoralHydro2k;GBRCD,
SwanLake.Schmieder.2011,mineralogy,temp12kDkIndex,Temp12k,
SwanLake.Schmieder.2011,CCA1,temp12kDkIndex,Temp12k,
Sysy-Kyuele.Biskaborn.2012,depth,useInOnset,HoloceneAbruptChange,
Sysy-Kyuele.Biskaborn.2012,age,useInOnset,HoloceneAbruptChange,
Sysy-Kyuele.Biskaborn.2012,carbon,useInOnset,HoloceneAbruptChange,RapidArcticWarming
Sysy-Kyuele.Biskaborn.2012,nitrogen,useInOnset,HoloceneAbruptChange,RapidArcticWarming
Sysy-Kyuele.Biskaborn.2012,carbon-1,useInOnset,HoloceneAbruptChange,RapidArcticWarming
Sysy-Kyuele.Biskaborn.2012,carbon-2,useInOnset,HoloceneAbruptChange,RapidArcticWarming
Sysy-Kyuele.Biskaborn.2012,carbon-3,useInOnset,HoloceneAbruptChange,RapidArcticWarming
Sysy-Kyuele.Biskaborn.2012,carbon-4,useInOnset,HoloceneAbruptChange,RapidArcticWarming
TA18TAS01,year,coralExtensionRate,CoralHydro2k;GBRCD,
TA18TAS01,year,coralHydro2kGroup,CoralHydro2k,
TA18TAS01,year,jcpCorrected,CoralHydro2k,
TA18TAS01,year,jcpMeasured,CoralHydro2k;GBRCD,
TA18TAS01,year,jcpUsed,CoralHydro2k;GBRCD,
TALDICE.Mezgec.2017,d2H,temp12kDkIndex,Temp12k,
TALDICE.Mezgec.2017,deuteriumExcess,temp12kDkIndex,Temp12k,
TalkinTarn.Langdon.2004,sampleID,QCCertification,HoloceneAbruptChange,
TalkinTarn.Langdon.2004,sampleID,temp12kDkIndex,Temp12k,
TalkinTarn.Langdon.2004,age,QCCertification,HoloceneAbruptChange,
TalkinTarn.Langdon.2004,uncertaintyHigh,QCCertification,HoloceneAbruptChange,
TalkinTarn.Langdon.2004,uncertaintyHigh,temp12kDkIndex,Temp12k,
TalkinTarn.Langdon.2004,uncertaintyLow,QCCertification,HoloceneAbruptChange,
TalkinTarn.Langdon.2004,uncertaintyLow,temp12kDkIndex,Temp12k,
TanaLake.Loomis.2015,core,temp12kDkIndex,Temp12k,
TanaLake.Loomis.2015,section,temp12kDkIndex,Temp12k,
TanaLake.Loomis.2015,uncertainty,temp12kDkIndex,Temp12k,
Tanganyika.Tierney.2008,TEX86,temp12kDkIndex,Temp12k,
Tanganyika.Tierney.2008,BIT,temp12kDkIndex,Temp12k,
TangledUpLake.Anderson.2001,depth,temp12kDkIndex,Temp12k,
TangledUpLake.Anderson.2001,age,temp12kDkIndex,Temp12k,
TaquitzMeadow.Pollen.USA,sampleID,QCCertification,HoloceneAbruptChange,
TaquitzMeadow.Pollen.USA,sampleID,QCnotes,HoloceneAbruptChange,
TaquitzMeadow.Pollen.USA,sampleID,temp12kDkIndex,Temp12k,
TaquitzMeadow.Pollen.USA,depth,QCCertification,HoloceneAbruptChange,
TaquitzMeadow.Pollen.USA,age,QCCertification,HoloceneAbruptChange,
TaquitzMeadow.Pollen.USA,uncertaintyHigh,QCCertification,HoloceneAbruptChange,
TaquitzMeadow.Pollen.USA,uncertaintyHigh,QCnotes,HoloceneAbruptChange,
TaquitzMeadow.Pollen.USA,uncertaintyHigh,temp12kDkIndex,Temp12k,
TaquitzMeadow.Pollen.USA,uncertaintyLow,QCCertification,HoloceneAbruptChange,
TaquitzMeadow.Pollen.USA,uncertaintyLow,QCnotes,HoloceneAbruptChange,
TaquitzMeadow.Pollen.USA,uncertaintyLow,temp12kDkIndex,Temp12k,
TaquitzMeadow.Pollen.USA,isReliable,QCCertification,HoloceneAbruptChange,
TaquitzMeadow.Pollen.USA,isReliable,QCnotes,HoloceneAbruptChange,
TaquitzMeadow.Pollen.USA,isReliable,temp12kDkIndex,Temp12k,
TauldintreBrazi.Toth.2015,uncertainty,temp12kDkIndex,Temp12k,
TauldintreBrazi.Toth.2015,uncertainty-1,temp12kDkIndex,Temp12k,
TauldintreBrazi.Toth.2015,isReliable,temp12kDkIndex,Temp12k,
TauldintreBrazi.Toth.2015,notes,temp12kDkIndex,Temp12k,
TaulMuced.Diaconu.2017,uncertainty,temp12kDkIndex,Temp12k,
TaulMuced.Diaconu.2017,uncertainty-1,temp12kDkIndex,Temp12k,
TaulMuced.Diaconu.2017,isReliable,temp12kDkIndex,Temp12k,
TaulMuced.Diaconu.2017,notes,temp12kDkIndex,Temp12k,
Tengchongqinghai.Zhao.2021,Dd2H,QCCertification,HoloceneAbruptChange,
Terciopelocave.Lachniet.2009,d18O,meetsHoloceneHydroclimateCriteria,HoloceneHydroclimate,SISAL-LiPD
Terciopelocave.Lachniet.2009,d13C,meetsHoloceneHydroclimateCriteria,HoloceneHydroclimate,SISAL-LiPD
Terciopelocave.Lachniet.2009,d18O,meetsHoloceneHydroclimateCriteria,HoloceneHydroclimate,SISAL-LiPD
Terciopelocave.Lachniet.2009,d13C,meetsHoloceneHydroclimateCriteria,HoloceneHydroclimate,SISAL-LiPD
Terciopelocave.Lachniet.2009,d18O,meetsHoloceneHydroclimateCriteria,HoloceneHydroclimate,SISAL-LiPD
Terciopelocave.Lachniet.2009,d13C,meetsHoloceneHydroclimateCriteria,HoloceneHydroclimate,SISAL-LiPD
Terciopelocave.Lachniet.2009,d18O,meetsHoloceneHydroclimateCriteria,HoloceneHydroclimate,SISAL-LiPD
Terciopelocave.Lachniet.2009,d13C,meetsHoloceneHydroclimateCriteria,HoloceneHydroclimate,SISAL-LiPD
Terciopelocave.Lachniet.2009,d18O,meetsHoloceneHydroclimateCriteria,HoloceneHydroclimate,SISAL-LiPD
Terciopelocave.Lachniet.2009,d13C,meetsHoloceneHydroclimateCriteria,HoloceneHydroclimate,SISAL-LiPD
Terciopelocave.Lachniet.2009,notes,SISALEntityID,SISAL-LiPD;SISAL-LiPD;SISAL-LiPD,
TeReingacave.Lorrey.2008,d18O,meetsHoloceneHydroclimateCriteria,HoloceneHydroclimate,SISAL-LiPD;HoloceneAbruptChange
TeReingacave.Lorrey.2008,d18O,meetsHoloceneHydroclimateCriteria,HoloceneHydroclimate,SISAL-LiPD;HoloceneAbruptChange
Thomas.Pluto.2020,d2H-2,QCCertification,HoloceneAbruptChange,
Thomas.Pluto.2020,d2H-2,QCnotes,HoloceneAbruptChange,
Thomas.Pluto.2020,d2H-4,QCCertification,HoloceneAbruptChange,
Thomas.Pluto.2020,d2H-4,QCnotes,HoloceneAbruptChange,
Thomas.Pluto.2020,d2H-5,QCCertification,HoloceneAbruptChange,
Thomas.Pluto.2020,d2H-5,QCnotes,HoloceneAbruptChange,
Thomas.Pluto.2020,d2H-9,QCCertification,HoloceneAbruptChange,
Thomas.Pluto.2020,d2H-9,QCnotes,HoloceneAbruptChange,
Thomas.Pluto.2020,epsilonC28C24,QCCertification,HoloceneAbruptChange,
Thomas.Pluto.2020,epsilonC28C24,QCnotes,HoloceneAbruptChange,
Thomas.Sikuiui.2018,d2H-1,QCCertification,HoloceneAbruptChange,
Thomas.Sikuiui.2018,d2H-1,QCnotes,HoloceneAbruptChange,
Thomas.Sikuiui.2018,d2H-2,QCCertification,HoloceneAbruptChange,
Thomas.Sikuiui.2018,d2H-2,QCnotes,HoloceneAbruptChange,
ThunderLake.Chase.2008,age,temp12kDkIndex,Temp12k,
ThunderLake.Chase.2008,depth,temp12kDkIndex,Temp12k,
TiancaiLake.Zhang.2017,uncertainty,temp12kDkIndex,Temp12k,
TiancaiLake.Zhang.2017,uncertainty-1,temp12kDkIndex,Temp12k,
TiancaiLake.Zhang.2017,isReliable,temp12kDkIndex,Temp12k,
Tianmen.Cai.2010,d18O,meetsHoloceneHydroclimateCriteria,HoloceneHydroclimate,SISAL-LiPD
Tianmen.Cai.2010,d18O,meetsHoloceneHydroclimateCriteria,HoloceneHydroclimate,SISAL-LiPD
Tianmen.Cai.2010,d18O,meetsHoloceneHydroclimateCriteria,HoloceneHydroclimate,SISAL-LiPD
Tigalmamine.Cheddadi.1998,isReliable,temp12kDkIndex,Temp12k,
Tigalmamine.Cheddadi.1998,isReliable-1,temp12kDkIndex,Temp12k,
TigrePerdido.vanBreukelen.2008,d18O,QCCertification,HoloceneAbruptChange,
TigrePerdido.vanBreukelen.2008,d18O,QCnotes,HoloceneAbruptChange,
TigrePerdido.vanBreukelen.2008,d18O,temp12kDkIndex,Temp12k,
TigrePerdido.vanBreukelen.2008,d2H,QCCertification,HoloceneAbruptChange,
TigrePerdido.vanBreukelen.2008,d2H,QCnotes,HoloceneAbruptChange,
TigrePerdido.vanBreukelen.2008,d2H,temp12kDkIndex,Temp12k,
TigrePerdido.vanBreukelen.2008,d18O,QCCertification,HoloceneAbruptChange,
TigrePerdido.vanBreukelen.2008,d18O,QCnotes,HoloceneAbruptChange,
TigrePerdido.vanBreukelen.2008,d18O,temp12kDkIndex,Temp12k,
TigrePerdido.vanBreukelen.2008,d18O,QCCertification,HoloceneAbruptChange,
TigrePerdido.vanBreukelen.2008,d18O,QCnotes,HoloceneAbruptChange,
TigrePerdido.vanBreukelen.2008,d18O,temp12kDkIndex,Temp12k,
TN057_21PC,Uk37,temp12kDkIndex,Temp12k,
TN062-0550.Addison.2018,BSi,temp12kDkIndex,Temp12k,
TN062-0550.Addison.2018,notes,temp12kDkIndex,Temp12k,
TN062-0550.Addison.2018,organicCarbon,temp12kDkIndex,Temp12k,
TN062-0550.Addison.2018,totalNitrogen,temp12kDkIndex,Temp12k,
TN062-0550.Addison.2018,N/C,temp12kDkIndex,Temp12k,
TN062-0550.Addison.2018,d13C,temp12kDkIndex,Temp12k,
TN062-0550.Addison.2018,d15N,temp12kDkIndex,Temp12k,
TN062-0550.Barron.2018,Fragilariopsis,temp12kDkIndex,Temp12k,
TN062-0550.Barron.2018,Dc_stapedia_aspinosa,QCCertification,HoloceneAbruptChange,
TN062-0550.Barron.2018,Dc_stapedia_aspinosa,QCnotes,HoloceneAbruptChange,
TN062-0550.Barron.2018,Dc_stapedia_aspinosa,temp12kDkIndex,Temp12k,
TocadaBoaVista.Wendt.2019,notes,SISALEntityID,SISAL-LiPD;SISAL-LiPD;SISAL-LiPD,
Tonnelnayacave.Cheng.2016,d18O,meetsHoloceneHydroclimateCriteria,HoloceneHydroclimate,SISAL-LiPD;HoloceneAbruptChange
Tonnelnayacave.Cheng.2016,d13C,meetsHoloceneHydroclimateCriteria,HoloceneHydroclimate,SISAL-LiPD
Tonnelnayacave.Cheng.2016,d18O,meetsHoloceneHydroclimateCriteria,HoloceneHydroclimate,SISAL-LiPD;HoloceneAbruptChange
Tonnelnayacave.Cheng.2016,d18O,meetsHoloceneHydroclimateCriteria,HoloceneHydroclimate,SISAL-LiPD;HoloceneAbruptChange
Tonnelnayacave.Cheng.2016,d13C,meetsHoloceneHydroclimateCriteria,HoloceneHydroclimate,SISAL-LiPD;Hydro21k
Tonnelnayacave.Cheng.2016,notes,SISALEntityID,SISAL-LiPD;SISAL-LiPD;SISAL-LiPD,
Topptjonna.Paus.2011,depth,QCCertification,HoloceneAbruptChange,
Topptjonna.Paus.2011,age,QCCertification,HoloceneAbruptChange,
Toskaljavri.Seppa.2002,depth,QCCertification,HoloceneAbruptChange,
Toskaljavri.Seppa.2002,age,QCCertification,HoloceneAbruptChange,
TourbieredeSantaAnna.EPD,growing degree days,temp12kDkIndex,Temp12k,
TourbieredeSantaAnna.EPD,temperature,QCnotes,HoloceneAbruptChange,
TourbieredeSantaAnna.EPD,temperature,temp12kDkIndex,Temp12k,
TourbieredeSantaAnna.EPD,temperature-1,QCnotes,HoloceneAbruptChange,
TourbieredeSantaAnna.EPD,temperature-1,temp12kDkIndex,Temp12k,
TourbieredeSantaAnna.EPD,precipitation,temp12kDkIndex,Temp12k,
TourbieredeSantaAnna.EPD,precipitation,QCnotes,HoloceneAbruptChange,
TourbieredeSantaAnna.EPD,temperature-2,QCnotes,HoloceneAbruptChange,
TourbieredeSantaAnna.EPD,temperature-2,temp12kDkIndex,Temp12k,
TR04EVLI,year,iso2kPrimaryTimeseries,iso2k,
TR04EVLI,depth,iso2kPrimaryTimeseries,iso2k,
TR06TRBO,year,iso2kPrimaryTimeseries,iso2k,
TR07RECA,year,iso2kPrimaryTimeseries,iso2k,
TR07REVI,year,iso2kPrimaryTimeseries,iso2k,
TR08HORA,year,iso2kPrimaryTimeseries,iso2k,
TR08THCO,year,iso2kPrimaryTimeseries,iso2k,
TR08THCO,year-1,iso2kPrimaryTimeseries,iso2k,
TR08THCO,year-2,iso2kPrimaryTimeseries,iso2k,
TR08VOOL,year,iso2kPrimaryTimeseries,iso2k,
TR10ANMO,year,iso2kPrimaryTimeseries,iso2k,
TR11BAPU,year,iso2kPrimaryTimeseries,iso2k,
TR11BAVO,year,iso2kPrimaryTimeseries,iso2k,
TR11MAJA,year,iso2kPrimaryTimeseries,iso2k,
TR11MAJA,year,iso2kPrimaryTimeseries,iso2k,
TR11MAPE,year,iso2kPrimaryTimeseries,iso2k,
TR11MAPE,year-1,iso2kPrimaryTimeseries,iso2k,
TR11SAHU00,year,iso2kPrimaryTimeseries,iso2k,
TR11SIMO,year,iso2kPrimaryTimeseries,iso2k,
TR11XUPH,year,iso2kPrimaryTimeseries,iso2k,
TR12SAMU,year,iso2kPrimaryTimeseries,iso2k,
TR13SAWA00,year,iso2kPrimaryTimeseries,iso2k,
TR13SIKO,year,iso2kPrimaryTimeseries,iso2k,
TR13SITA,year,iso2kPrimaryTimeseries,iso2k,
TR15NACA,year,iso2kPrimaryTimeseries,iso2k,
TR15YOLL,year,iso2kPrimaryTimeseries,iso2k,
TR15YONW,year,iso2kPrimaryTimeseries,iso2k,
TR163_19,d18O-1,temp12kDkIndex,Temp12k,
TR163_19,d18O-2,temp12kDkIndex,Temp12k,
TR163_19,Uk37,temp12kDkIndex,Temp12k,
TR163_22.Lea.2006,Mg/Ca,temp12kDkIndex,Temp12k,
TR163_22.Lea.2006,Uk37,temp12kDkIndex,Temp12k,
TR163_31.Dubois.2009,Uk37,temp12kDkIndex,Temp12k,
TR16LAAN,year,iso2kPrimaryTimeseries,iso2k,
TR16LAFO,year,iso2kPrimaryTimeseries,iso2k,
TR17SAMA,year,iso2kPrimaryTimeseries,iso2k,
TR18XUGA00,year,iso2kPrimaryTimeseries,iso2k,
TR18XUJA00,year,iso2kPrimaryTimeseries,iso2k,
Trogenmoos.EPD,growing degree days,temp12kDkIndex,Temp12k,
Trogenmoos.EPD,temperature,QCnotes,HoloceneAbruptChange,
Trogenmoos.EPD,temperature,temp12kDkIndex,Temp12k,
Trogenmoos.EPD,temperature-1,QCnotes,HoloceneAbruptChange,
Trogenmoos.EPD,temperature-1,temp12kDkIndex,Temp12k,
Trogenmoos.EPD,precipitation,temp12kDkIndex,Temp12k,
Trogenmoos.EPD,precipitation,QCnotes,HoloceneAbruptChange,
Trogenmoos.EPD,temperature-2,QCnotes,HoloceneAbruptChange,
Trogenmoos.EPD,temperature-2,temp12kDkIndex,Temp12k,
Trout.Irvine.2012,depth,useInOnset,HoloceneAbruptChange,
Trout.Irvine.2012,age,useInOnset,HoloceneAbruptChange,
Trout.Irvine.2012,depth,useInOnset,HoloceneAbruptChange,
Trout.Irvine.2012,age,useInOnset,HoloceneAbruptChange,
Trout.Irvine.2012,age,useInOnset,HoloceneAbruptChange,
TsoMoriri.Leipe.2013,sampleID,temp12kDkIndex,Temp12k,
TTR-12_293G.Rodrigo-Gamiz.2014,sampleID,temp12kDkIndex,Temp12k,
TTR-12_293G.Rodrigo-Gamiz.2014,sampleID-1,temp12kDkIndex,Temp12k,
TTR-12_293G.Rodrigo-Gamiz.2014,sampleID-2,temp12kDkIndex,Temp12k,
TTR-12_293G.Rodrigo-Gamiz.2014,LDI,temp12kDkIndex,Temp12k,
TTR-12_293G.Rodrigo-Gamiz.2014,Uk37,temp12kDkIndex,Temp12k,
TTR17_434G.Rodrigo-Gamiz.2014,sampleID,temp12kDkIndex,Temp12k,
TTR17_434G.Rodrigo-Gamiz.2014,LDI,temp12kDkIndex,Temp12k,
TTR17_434G.Rodrigo-Gamiz.2014,Uk37,temp12kDkIndex,Temp12k,
TU01DEP01,year,coralExtensionRate,CoralHydro2k;GBRCD,
TU01DEP01,year,coralHydro2kGroup,CoralHydro2k,
TU01DEP01,year,jcpCorrected,CoralHydro2k,
TU01DEP01,year,jcpMeasured,CoralHydro2k;GBRCD,
TU01DEP01,year,jcpUsed,CoralHydro2k;GBRCD,
TU01LAI01,year,coralExtensionRate,CoralHydro2k;GBRCD,
TU01LAI01,year,coralHydro2kGroup,CoralHydro2k,
TU01LAI01,year,jcpCorrected,CoralHydro2k,
TU01LAI01,year,jcpMeasured,CoralHydro2k;GBRCD,
TU01LAI01,year,jcpUsed,CoralHydro2k;GBRCD,
TU01SIA01,year,coralExtensionRate,CoralHydro2k;GBRCD,
TU01SIA01,year,coralHydro2kGroup,CoralHydro2k,
TU01SIA01,year,jcpCorrected,CoralHydro2k,
TU01SIA01,year,jcpMeasured,CoralHydro2k;GBRCD,
TU01SIA01,year,jcpUsed,CoralHydro2k;GBRCD,
TU95MAD01,year,coralExtensionRate,CoralHydro2k;GBRCD,
TU95MAD01,year,coralHydro2kGroup,CoralHydro2k,
TU95MAD01,year,jcpCorrected,CoralHydro2k,
TU95MAD01,year,jcpMeasured,CoralHydro2k;GBRCD,
TU95MAD01,year,jcpUsed,CoralHydro2k;GBRCD,
Tumbulovaty.Kultti.2004,depth,QCCertification,HoloceneAbruptChange,
Tumbulovaty.Kultti.2004,age,QCCertification,HoloceneAbruptChange,
Turkana.Berke.2012,TEX86,temp12kDkIndex,Temp12k,
Turkana.Berke.2012,BIT,temp12kDkIndex,Temp12k,
Turkana.Berke.2012,notes,temp12kDkIndex,Temp12k,
U938,Uk37,temp12kDkIndex,Temp12k,
UamhanTartair.Baker.2011,notes,SISALEntityID,SISAL-LiPD;SISAL-LiPD;SISAL-LiPD,
Uluu-Toocave.Wolff.2017,d13C,meetsHoloceneHydroclimateCriteria,HoloceneHydroclimate,SISAL-LiPD
UpperFly.Bunbury.2009,age,useInOnset,HoloceneAbruptChange,
UpperFly.Bunbury.2009,age,useInOnset,HoloceneAbruptChange,
UpperFly.Bunbury.2009,age,useInOnset,HoloceneAbruptChange,
UpperFly.Bunbury.2009,depth,useInOnset,HoloceneAbruptChange,
UR00MAI01,year,coralExtensionRate,CoralHydro2k;GBRCD,
UR00MAI01,year,coralHydro2kGroup,CoralHydro2k,
UR00MAI01,year,jcpCorrected,CoralHydro2k,
UR00MAI01,year,jcpMeasured,CoralHydro2k;GBRCD,
UR00MAI01,year,jcpUsed,CoralHydro2k;GBRCD,
Ursilorcave.Onac.2002,d18O,meetsHoloceneHydroclimateCriteria,HoloceneHydroclimate,SISAL-LiPD
Ursilorcave.Onac.2002,d13C,meetsHoloceneHydroclimateCriteria,HoloceneHydroclimate,SISAL-LiPD
V1927,d18O,temp12kDkIndex,Temp12k,
V1927,C37Alkenone,temp12kDkIndex,Temp12k,
V1928,C37Alkenone,temp12kDkIndex,Temp12k,
V2130,C37Alkenone,temp12kDkIndex,Temp12k,
Valiranta.Kharinei.2015,depth,QCCertification,HoloceneAbruptChange,
Valiranta.Kharinei.2015,age,QCCertification,HoloceneAbruptChange,
Valmikicave.Lone.2014,notes,SISALEntityID,SISAL-LiPD;SISAL-LiPD;SISAL-LiPD,
Varddoaijavri.Luoto.2014,depth,QCCertification,HoloceneAbruptChange,
Varddoaijavri.Luoto.2014,age,QCCertification,HoloceneAbruptChange,
Vatnamyri.Caseldine.2006,age,QCCertification,HoloceneAbruptChange,
Vatnamyri.Holmes.2011,depth,QCCertification,HoloceneAbruptChange,
Vatnamyri.Holmes.2011,age,QCCertification,HoloceneAbruptChange,
VelkyMaj.EPD,growing degree days,temp12kDkIndex,Temp12k,
VelkyMaj.EPD,temperature,QCnotes,HoloceneAbruptChange,
VelkyMaj.EPD,temperature,temp12kDkIndex,Temp12k,
VelkyMaj.EPD,temperature-1,QCnotes,HoloceneAbruptChange,
VelkyMaj.EPD,temperature-1,temp12kDkIndex,Temp12k,
VelkyMaj.EPD,precipitation,temp12kDkIndex,Temp12k,
VelkyMaj.EPD,precipitation,QCnotes,HoloceneAbruptChange,
VelkyMaj.EPD,temperature-2,QCnotes,HoloceneAbruptChange,
VelkyMaj.EPD,temperature-2,temp12kDkIndex,Temp12k,
Venadocave.Lachniet.2004,d18O,meetsHoloceneHydroclimateCriteria,HoloceneHydroclimate,NAm21k-noPollen
Venadocave.Lachniet.2004,d18O,SISALEntityID,SISAL-LiPD;SISAL-LiPD;SISAL-LiPD,NAm21k-noPollen
Venadocave.Lachniet.2004,uncertainty,SISALEntityID,SISAL-LiPD;SISAL-LiPD;SISAL-LiPD,NAm21k-noPollen
Venadocave.Lachniet.2004,uncertainty-1,SISALEntityID,SISAL-LiPD;SISAL-LiPD;SISAL-LiPD,NAm21k-noPollen
Venadocave.Lachniet.2004,uncertainty-3,SISALEntityID,SISAL-LiPD;SISAL-LiPD;SISAL-LiPD,NAm21k-noPollen
Venadocave.Lachniet.2004,uncertaintyHigh,SISALEntityID,SISAL-LiPD;SISAL-LiPD;SISAL-LiPD,NAm21k-noPollen
Venadocave.Lachniet.2004,uncertaintyHigh-1,SISALEntityID,SISAL-LiPD;SISAL-LiPD;SISAL-LiPD,NAm21k-noPollen
Venadocave.Lachniet.2004,uncertaintyHigh-2,SISALEntityID,SISAL-LiPD;SISAL-LiPD;SISAL-LiPD,NAm21k-noPollen
Venadocave.Lachniet.2004,uncertaintyLow-3,SISALEntityID,SISAL-LiPD;SISAL-LiPD;SISAL-LiPD,NAm21k-noPollen
VestreOEykjamyrtjoern.Pollen.Sweden,depth,QCCertification,HoloceneAbruptChange,
VestreOEykjamyrtjoern.Pollen.Sweden,age,QCCertification,HoloceneAbruptChange,
VestreOykjamytjorn.Velle.2005,depth,QCCertification,HoloceneAbruptChange,
VestreOykjamytjorn.Velle.2005,age,QCCertification,HoloceneAbruptChange,
Victoria.Berke.2012,sampleID,temp12kDkIndex,Temp12k,
Victoria.Berke.2012,TEX86,temp12kDkIndex,Temp12k,
Victoria.Berke.2012,BIT,temp12kDkIndex,Temp12k,
Victoria.Stager.2002,CCA1,temp12kDkIndex,Temp12k,
vikjordvatnet.Balascio.2012,depth,temp12kDkIndex,Temp12k,
vikjordvatnet.Balascio.2012,depth,useInOnset,HoloceneAbruptChange,
vikjordvatnet.Balascio.2012,age,temp12kDkIndex,Temp12k,
vikjordvatnet.Balascio.2012,age,useInOnset,HoloceneAbruptChange,
Villarscave.D.Genty.,notes,SISALEntityID,SISAL-LiPD;SISAL-LiPD;SISAL-LiPD,
Vinogradov_BC_26,d18O,temp12kDkIndex,Temp12k,
Vinogradov_GGC_37,d18O,temp12kDkIndex,Temp12k,
VitoshaMountainsPeatBog.EPD,growing degree days,temp12kDkIndex,Temp12k,
VitoshaMountainsPeatBog.EPD,temperature,QCnotes,HoloceneAbruptChange,
VitoshaMountainsPeatBog.EPD,temperature,temp12kDkIndex,Temp12k,
VitoshaMountainsPeatBog.EPD,temperature-1,QCnotes,HoloceneAbruptChange,
VitoshaMountainsPeatBog.EPD,temperature-1,temp12kDkIndex,Temp12k,
VitoshaMountainsPeatBog.EPD,precipitation,temp12kDkIndex,Temp12k,
VitoshaMountainsPeatBog.EPD,precipitation,QCnotes,HoloceneAbruptChange,
VitoshaMountainsPeatBog.EPD,temperature-2,QCnotes,HoloceneAbruptChange,
VitoshaMountainsPeatBog.EPD,temperature-2,temp12kDkIndex,Temp12k,
VM12_107.Schmidt.2012,Mg/Ca,temp12kDkIndex,Temp12k,
VM12_107.Schmidt.2012,d18O-1,temp12kDkIndex,Temp12k,
VM12_107.Schmidt.2012,Mg/Ca-2,temp12kDkIndex,Temp12k,
VM17_178,d18O-1,temp12kDkIndex,Temp12k,
VM17_179,d18O,temp12kDkIndex,Temp12k,
VM19_27,d18O,temp12kDkIndex,Temp12k,
VM19_27,d18O-1,temp12kDkIndex,Temp12k,
VM19_27,Uk37,temp12kDkIndex,Temp12k,
VM19_27,temperature-1,QCCertification,HoloceneAbruptChange,
VM19_27,temperature-1,QCnotes,HoloceneAbruptChange,
VM19_27,temperature-1,temp12kDkIndex,Temp12k,
VM19_28,d18O,temp12kDkIndex,Temp12k,
VM19_28,d18O-1,temp12kDkIndex,Temp12k,
VM19_28,Uk37,temp12kDkIndex,Temp12k,
VM19_30,Uk37,temp12kDkIndex,Temp12k,
VM19_30,temperature,QCCertification,HoloceneAbruptChange,
VM19_30,temperature,QCnotes,HoloceneAbruptChange,
VM19_30,temperature,temp12kDkIndex,Temp12k,
VM21_30.Koutavas.2003,d18O,temp12kDkIndex,Temp12k,
VM21_30.Koutavas.2003,Mg/Ca,temp12kDkIndex,Temp12k,
VM21_30.Koutavas.2003,d18O-1,temp12kDkIndex,Temp12k,
VM21_30.Koutavas.2003,Mg/Ca-1,temp12kDkIndex,Temp12k,
VM21_30.Koutavas.2003,Uk37,temp12kDkIndex,Temp12k,
VM21_40,d18O,temp12kDkIndex,Temp12k,
VM21_40,d18O-1,temp12kDkIndex,Temp12k,
VM21_40,temperature,QCCertification,HoloceneAbruptChange,
VM21_40,temperature,QCnotes,HoloceneAbruptChange,
VM21_40,temperature,temp12kDkIndex,Temp12k,
VM21_40,temperature-1,QCCertification,HoloceneAbruptChange,
VM21_40,temperature-1,QCnotes,HoloceneAbruptChange,
VM21_40,temperature-1,temp12kDkIndex,Temp12k,
VM25_59,d18O,temp12kDkIndex,Temp12k,
VM25_59,Mg/Ca,temp12kDkIndex,Temp12k,
VM28_122.Schmidt.2004,d18O,temp12kDkIndex,Temp12k,
VM28_122.Schmidt.2004,Mg/Ca,temp12kDkIndex,Temp12k,
VM30_40,d18O,temp12kDkIndex,Temp12k,
VM30_40,Mg/Ca,temp12kDkIndex,Temp12k,
Vostok.Vimeux.2002,age,QCLastUpdated,HoloceneAbruptChange,
Vostok.Vimeux.2002,deuteriumExcess,temp12kDkIndex,Temp12k,
Vostok.Vimeux.2002,d2H,temp12kDkIndex,Temp12k,
Vostok.Vimeux.2002,temperature-1,temp12kDkIndex,Temp12k,
Vuoksjavratje.Berntsson.2014,age,QCCertification,HoloceneAbruptChange,
VuolepNjakajaure.Heinrichs.2006,depth,QCCertification,HoloceneAbruptChange,
VuolepNjakajaure.Heinrichs.2006,age,QCCertification,HoloceneAbruptChange,
W8709A_8PC,Uk37,temp12kDkIndex,Temp12k,
WA17BAN01,year,coralExtensionRate,CoralHydro2k;GBRCD,
WA17BAN01,year,coralHydro2kGroup,CoralHydro2k,
WA17BAN01,year,jcpCorrected,CoralHydro2k,
WA17BAN01,year,jcpMeasured,CoralHydro2k;GBRCD,
WA17BAN01,year,jcpUsed,CoralHydro2k;GBRCD,
WA17BAN01,year,coralExtensionRate,CoralHydro2k;GBRCD,
WA17BAN01,year,coralHydro2kGroup,CoralHydro2k,
WA17BAN01,year,jcpCorrected,CoralHydro2k,
WA17BAN01,year,jcpMeasured,CoralHydro2k;GBRCD,
WA17BAN01,year,jcpUsed,CoralHydro2k;GBRCD,
WadiSannurcave.El-Shenawy.2018,d18O,meetsHoloceneHydroclimateCriteria,HoloceneHydroclimate,SISAL-LiPD
Waiaucave.Lorrey.2008,d18O,meetsHoloceneHydroclimateCriteria,HoloceneHydroclimate,SISAL-LiPD
Waiaucave.Lorrey.2008,d13C,meetsHoloceneHydroclimateCriteria,HoloceneHydroclimate,SISAL-LiPD
WAISDivide.Cuffey.2016,age,temp12kDkIndex,Temp12k,
WAISDivide.Cuffey.2016,age,temp12kDkIndex,Temp12k,
WAISDivide.Cuffey.2016,accumulation,temp12kDkIndex,Temp12k,
WAISDivide.Fegyveresi.2016,sampleID,temp12kDkIndex,Temp12k,
WAISDivide.Fegyveresi.2016,bubbleNumberDensity,temp12kDkIndex,Temp12k,
WAISDivide.Fegyveresi.2016,uncertainty-1,temp12kDkIndex,Temp12k,
WAISDivide.Fegyveresi.2016,notes,temp12kDkIndex,Temp12k,
WAISDivide.Fegyveresi.2016,uncertainty-2,temp12kDkIndex,Temp12k,
Wanxiangcave.Zhang.2008,d18O,meetsHoloceneHydroclimateCriteria,HoloceneHydroclimate,SISAL-LiPD
Wanxiangcave.Zhang.2008,d18O,meetsHoloceneHydroclimateCriteria,HoloceneHydroclimate,SISAL-LiPD
Wanxiangcave.Zhang.2008,d18O,meetsHoloceneHydroclimateCriteria,HoloceneHydroclimate,SISAL-LiPD
Wanxiangcave.Zhang.2008,d18O,meetsHoloceneHydroclimateCriteria,HoloceneHydroclimate,SISAL-LiPD
Wanxiangcave.Zhang.2008,notes,SISALEntityID,SISAL-LiPD;SISAL-LiPD;SISAL-LiPD,
Waskey.Levy.2004,depth,useInOnset,HoloceneAbruptChange,
Waskey.Levy.2004,age,useInOnset,HoloceneAbruptChange,
Wazpretticave.Williams.2005,d18O,meetsHoloceneHydroclimateCriteria,HoloceneHydroclimate,SISAL-LiPD;HoloceneAbruptChange
WE09ARR01,year,coralExtensionRate,CoralHydro2k;GBRCD,
WE09ARR01,year,coralHydro2kGroup,CoralHydro2k,
WE09ARR01,year,jcpCorrected,CoralHydro2k,
WE09ARR01,year,jcpMeasured,CoralHydro2k;GBRCD,
WE09ARR01,year,jcpUsed,CoralHydro2k;GBRCD,
WE09ARR01,year,coralExtensionRate,CoralHydro2k;GBRCD,
WE09ARR01,year,coralHydro2kGroup,CoralHydro2k,
WE09ARR01,year,jcpCorrected,CoralHydro2k,
WE09ARR01,year,jcpMeasured,CoralHydro2k;GBRCD,
WE09ARR01,year,jcpUsed,CoralHydro2k;GBRCD,
WetNeckcave.Williams.2005,notes,SISALEntityID,SISAL-LiPD;SISAL-LiPD;SISAL-LiPD,
WhitePond.Krause.2019,GDGT,temp12kDkIndex,Temp12k,
WhitePond.Krause.2019,brGDGT-IIIa5me,temp12kDkIndex,Temp12k,
WhitePond.Krause.2019,brGDGT-IIIb5me,temp12kDkIndex,Temp12k,
WhitePond.Krause.2019,brGDGT-IIa5me,temp12kDkIndex,Temp12k,
WhitePond.Krause.2019,brGDGT-IIb5me,temp12kDkIndex,Temp12k,
WhitePond.Krause.2019,GDGT-2,temp12kDkIndex,Temp12k,
WhitePond.Krause.2019,brGDGT-Ia,temp12kDkIndex,Temp12k,
WhitePond.Krause.2019,brGDGT-Ib,temp12kDkIndex,Temp12k,
WhitePond.Krause.2019,GDGT-3,temp12kDkIndex,Temp12k,
WhitePond.Krause.2019,BIT,temp12kDkIndex,Temp12k,
WhitePond.Krause.2019,MBT,temp12kDkIndex,Temp12k,
WhitePond.Krause.2019,MBT-1,temp12kDkIndex,Temp12k,
WhitePond.Krause.2019,CBT,temp12kDkIndex,Temp12k,
WhitePond.Krause.2019,pH,temp12kDkIndex,Temp12k,
Whiterockcave.Meckler.2012,notes,SISALEntityID,SISAL-LiPD;SISAL-LiPD;SISAL-LiPD,
WIND28K.Kiefer.2006,d18O,temp12kDkIndex,Temp12k,
WIND28K.Kiefer.2006,d18O-1,temp12kDkIndex,Temp12k,
WIND28K.Kiefer.2006,Mg/Ca,temp12kDkIndex,Temp12k,
WIND28K.Kiefer.2006,Mg/Ca-1,temp12kDkIndex,Temp12k,
Windy.Chase.2008,sampleID,temp12kDkIndex,Temp12k,
Windy.Chase.2008,needsToBeChanged,temp12kDkIndex,Temp12k,
Windy.Chase.2008,needsToBeChanged-1,temp12kDkIndex,Temp12k,
Windy.Chase.2008,needsToBeChanged-2,temp12kDkIndex,Temp12k,
Windy.Chase.2008,needsToBeChanged-4,temp12kDkIndex,Temp12k,
Windy.Chase.2008,needsToBeChanged-5,temp12kDkIndex,Temp12k,
Windy.Chase.2008,index,temp12kDkIndex,Temp12k,
Windy.Chase.2008,index-1,temp12kDkIndex,Temp12k,
Wonderkrater.Truc.2013,isReliable,temp12kDkIndex,Temp12k,
Wonderkrater.Truc.2013,uncertaintyHigh-1,temp12kDkIndex,Temp12k,
Wonderkrater.Truc.2013,uncertaintyLow-1,temp12kDkIndex,Temp12k,
Wonderkrater.Truc.2013,isReliable,temp12kDkIndex,Temp12k,
Wonderkrater.Truc.2013,uncertaintyHigh-2,temp12kDkIndex,Temp12k,
Wonderkrater.Truc.2013,uncertaintyLow-2,temp12kDkIndex,Temp12k,
Wonderkrater.Truc.2013,isReliable-1,temp12kDkIndex,Temp12k,
WU13TON01,year,coralExtensionRate,CoralHydro2k;GBRCD,
WU13TON01,year,coralHydro2kGroup,CoralHydro2k,
WU13TON01,year,jcpCorrected,CoralHydro2k,
WU13TON01,year,jcpMeasured,CoralHydro2k;GBRCD,
WU13TON01,year,jcpUsed,CoralHydro2k;GBRCD,
WU13TON01,year,coralExtensionRate,CoralHydro2k;GBRCD,
WU13TON01,year,coralHydro2kGroup,CoralHydro2k,
WU13TON01,year,jcpCorrected,CoralHydro2k,
WU13TON01,year,jcpMeasured,CoralHydro2k;GBRCD,
WU13TON01,year,jcpUsed,CoralHydro2k;GBRCD,
WU13TON01,Sr/Ca,ch2kCoreCode,CoralHydro2k,
WU13TON01,Sr/Ca,coralExtensionRate,CoralHydro2k;GBRCD,
WU13TON01,Sr/Ca,coralExtensionRateNotes,CoralHydro2k;GBRCD,
WU13TON01,Sr/Ca,coralHydro2kGroup,CoralHydro2k,
WU13TON01,Sr/Ca,jcpCorrected,CoralHydro2k,
WU13TON01,Sr/Ca,jcpMeasured,CoralHydro2k;GBRCD,
WU13TON01,Sr/Ca,jcpUsed,CoralHydro2k;GBRCD,
WU13TON01,year,coralExtensionRate,CoralHydro2k;GBRCD,
WU13TON01,year,coralHydro2kGroup,CoralHydro2k,
WU13TON01,year,jcpCorrected,CoralHydro2k,
WU13TON01,year,jcpMeasured,CoralHydro2k;GBRCD,
WU13TON01,year,jcpUsed,CoralHydro2k;GBRCD,
WU13TON01,d18O,ch2kCoreCode,CoralHydro2k,
WU13TON01,d18O,coralExtensionRate,CoralHydro2k;GBRCD,
WU13TON01,d18O,coralExtensionRateNotes,CoralHydro2k;GBRCD,
WU13TON01,d18O,coralHydro2kGroup,CoralHydro2k,
WU13TON01,d18O,jcpCorrected,CoralHydro2k,
WU13TON01,d18O,jcpMeasured,CoralHydro2k;GBRCD,
WU13TON01,d18O,jcpUsed,CoralHydro2k;GBRCD,
WU13TON01,year,coralExtensionRate,CoralHydro2k;GBRCD,
WU13TON01,year,coralHydro2kGroup,CoralHydro2k,
WU13TON01,year,jcpCorrected,CoralHydro2k,
WU13TON01,year,jcpMeasured,CoralHydro2k;GBRCD,
WU13TON01,year,jcpUsed,CoralHydro2k;GBRCD,
WU14CLI01,year,coralExtensionRate,CoralHydro2k;GBRCD,
WU14CLI01,year,coralHydro2kGroup,CoralHydro2k,
WU14CLI01,year,jcpCorrected,CoralHydro2k,
WU14CLI01,year,jcpMeasured,CoralHydro2k;GBRCD,
WU14CLI01,year,jcpUsed,CoralHydro2k;GBRCD,
WU14CLI01,year,coralExtensionRate,CoralHydro2k;GBRCD,
WU14CLI01,year,coralHydro2kGroup,CoralHydro2k,
WU14CLI01,year,jcpCorrected,CoralHydro2k,
WU14CLI01,year,jcpMeasured,CoralHydro2k;GBRCD,
WU14CLI01,year,jcpUsed,CoralHydro2k;GBRCD,
WU14CLI01,year,coralExtensionRate,CoralHydro2k;GBRCD,
WU14CLI01,year,coralHydro2kGroup,CoralHydro2k,
WU14CLI01,year,jcpCorrected,CoralHydro2k,
WU14CLI01,year,jcpMeasured,CoralHydro2k;GBRCD,
WU14CLI01,year,jcpUsed,CoralHydro2k;GBRCD,
Wuyacave.Tan.2015,notes,SISALEntityID,SISAL-LiPD;SISAL-LiPD;SISAL-LiPD,
WuyaCave.Tan.2020,core,SISALEntityID,SISAL-LiPD;SISAL-LiPD;SISAL-LiPD,
WuyaCave.Tan.2020,depth,SISALEntityID,SISAL-LiPD;SISAL-LiPD;SISAL-LiPD,
WuyaCave.Tan.2020,age,SISALEntityID,SISAL-LiPD;SISAL-LiPD;SISAL-LiPD,
WuyaCave.Tan.2020,d18O,SISALEntityID,SISAL-LiPD;SISAL-LiPD;SISAL-LiPD,Hydro21k;HoloceneAbruptChange;HoloceneHydroclimate;hydroclimate2k
WuyaCave.Tan.2020,d13C,SISALEntityID,SISAL-LiPD;SISAL-LiPD;SISAL-LiPD,
XI17HAI01,year,coralExtensionRate,CoralHydro2k;GBRCD,
XI17HAI01,year,coralHydro2kGroup,CoralHydro2k,
XI17HAI01,year,jcpCorrected,CoralHydro2k,
XI17HAI01,year,jcpMeasured,CoralHydro2k;GBRCD,
XI17HAI01,year,jcpUsed,CoralHydro2k;GBRCD,
XI17HAI01,year,coralExtensionRate,CoralHydro2k;GBRCD,
XI17HAI01,year,coralHydro2kGroup,CoralHydro2k,
XI17HAI01,year,jcpCorrected,CoralHydro2k,
XI17HAI01,year,jcpMeasured,CoralHydro2k;GBRCD,
XI17HAI01,year,jcpUsed,CoralHydro2k;GBRCD,
XI17HAI01,year,coralExtensionRate,CoralHydro2k;GBRCD,
XI17HAI01,year,coralHydro2kGroup,CoralHydro2k,
XI17HAI01,year,jcpCorrected,CoralHydro2k,
XI17HAI01,year,jcpMeasured,CoralHydro2k;GBRCD,
XI17HAI01,year,jcpUsed,CoralHydro2k;GBRCD,
XI17HAI01,Sr/Ca,ch2kCoreCode,CoralHydro2k,
XI17HAI01,Sr/Ca,coralExtensionRate,CoralHydro2k;GBRCD,
XI17HAI01,Sr/Ca,coralHydro2kGroup,CoralHydro2k,
XI17HAI01,Sr/Ca,jcpCorrected,CoralHydro2k,
XI17HAI01,Sr/Ca,jcpMeasured,CoralHydro2k;GBRCD,
XI17HAI01,Sr/Ca,jcpUsed,CoralHydro2k;GBRCD,
XI17HAI01,year,coralExtensionRate,CoralHydro2k;GBRCD,
XI17HAI01,year,coralHydro2kGroup,CoralHydro2k,
XI17HAI01,year,jcpCorrected,CoralHydro2k,
XI17HAI01,year,jcpMeasured,CoralHydro2k;GBRCD,
XI17HAI01,year,jcpUsed,CoralHydro2k;GBRCD,
XI17HAI01,d18O,ch2kCoreCode,CoralHydro2k,
XI17HAI01,d18O,coralExtensionRate,CoralHydro2k;GBRCD,
XI17HAI01,d18O,coralHydro2kGroup,CoralHydro2k,
XI17HAI01,d18O,jcpCorrected,CoralHydro2k,
XI17HAI01,d18O,jcpMeasured,CoralHydro2k;GBRCD,
XI17HAI01,d18O,jcpUsed,CoralHydro2k;GBRCD,
XI17HAI01,year,coralExtensionRate,CoralHydro2k;GBRCD,
XI17HAI01,year,coralHydro2kGroup,CoralHydro2k,
XI17HAI01,year,jcpCorrected,CoralHydro2k,
XI17HAI01,year,jcpMeasured,CoralHydro2k;GBRCD,
XI17HAI01,year,jcpUsed,CoralHydro2k;GBRCD,
XI17HAI01,d18O,ch2kCoreCode,CoralHydro2k,
XI17HAI01,d18O,coralExtensionRate,CoralHydro2k;GBRCD,
XI17HAI01,d18O,coralHydro2kGroup,CoralHydro2k,
XI17HAI01,d18O,jcpCorrected,CoralHydro2k,
XI17HAI01,d18O,jcpMeasured,CoralHydro2k;GBRCD,
XI17HAI01,d18O,jcpUsed,CoralHydro2k;GBRCD,
XI17HAI01,year,coralExtensionRate,CoralHydro2k;GBRCD,
XI17HAI01,year,coralHydro2kGroup,CoralHydro2k,
XI17HAI01,year,jcpCorrected,CoralHydro2k,
XI17HAI01,year,jcpMeasured,CoralHydro2k;GBRCD,
XI17HAI01,year,jcpUsed,CoralHydro2k;GBRCD,
Xianglongcave.Tan.2018,d18O,meetsHoloceneHydroclimateCriteria,HoloceneHydroclimate,SISAL-LiPD
Xianglongcave.Tan.2018,d13C,meetsHoloceneHydroclimateCriteria,HoloceneHydroclimate,SISAL-LiPD
Xianglongcave.Tan.2018,d18O,meetsHoloceneHydroclimateCriteria,HoloceneHydroclimate,SISAL-LiPD
Xianglongcave.Tan.2018,d13C,meetsHoloceneHydroclimateCriteria,HoloceneHydroclimate,SISAL-LiPD
Xianglongcave.Tan.2018,d18O,meetsHoloceneHydroclimateCriteria,HoloceneHydroclimate,SISAL-LiPD
Xianglongcave.Tan.2018,d13C,meetsHoloceneHydroclimateCriteria,HoloceneHydroclimate,SISAL-LiPD
Xianglongcave.Tan.2018,d13C,meetsHoloceneHydroclimateCriteria,HoloceneHydroclimate,SISAL-LiPD
Xiaobailongcave.Cai.2015,d18O,meetsHoloceneHydroclimateCriteria,HoloceneHydroclimate,SISAL-LiPD
Ximencuo.Herzschuh.2014,sampleID,QCCertification,HoloceneAbruptChange,
Ximencuo.Herzschuh.2014,sampleID,temp12kDkIndex,Temp12k,
Ximencuo.Herzschuh.2014,depth,QCCertification,HoloceneAbruptChange,
Ximencuo.Herzschuh.2014,age,QCCertification,HoloceneAbruptChange,
Ximencuo.Herzschuh.2014,uncertaintyHigh,QCCertification,HoloceneAbruptChange,
Ximencuo.Herzschuh.2014,uncertaintyHigh,temp12kDkIndex,Temp12k,
Ximencuo.Herzschuh.2014,uncertaintyLow,QCCertification,HoloceneAbruptChange,
Ximencuo.Herzschuh.2014,uncertaintyLow,temp12kDkIndex,Temp12k,
Ximencuo.Herzschuh.2014,isReliable,QCCertification,HoloceneAbruptChange,
Ximencuo.Herzschuh.2014,isReliable,temp12kDkIndex,Temp12k,
XingyunLake.Wu.2018,uncertainty,temp12kDkIndex,Temp12k,
Xinyacave.TingYong.2007,d18O,meetsHoloceneHydroclimateCriteria,HoloceneHydroclimate,SISAL-LiPD
XU15BVI01,year,coralExtensionRate,CoralHydro2k;GBRCD,
XU15BVI01,year,coralHydro2kGroup,CoralHydro2k,
XU15BVI01,year,jcpCorrected,CoralHydro2k,
XU15BVI01,year,jcpMeasured,CoralHydro2k;GBRCD,
XU15BVI01,year,jcpUsed,CoralHydro2k;GBRCD,
XU15BVI02,year,coralExtensionRate,CoralHydro2k;GBRCD,
XU15BVI02,year,coralHydro2kGroup,CoralHydro2k,
XU15BVI02,year,jcpCorrected,CoralHydro2k,
XU15BVI02,year,jcpMeasured,CoralHydro2k;GBRCD,
XU15BVI02,year,jcpUsed,CoralHydro2k;GBRCD,
XU15BVI03,year,coralExtensionRate,CoralHydro2k;GBRCD,
XU15BVI03,year,coralHydro2kGroup,CoralHydro2k,
XU15BVI03,year,jcpCorrected,CoralHydro2k,
XU15BVI03,year,jcpMeasured,CoralHydro2k;GBRCD,
XU15BVI03,year,jcpUsed,CoralHydro2k;GBRCD,
Yakumo.Leipe.2013,needsToBeChanged,temp12kDkIndex,Temp12k,
Yangkoucave.T.-Y..2014,notes,SISALEntityID,SISAL-LiPD;SISAL-LiPD;SISAL-LiPD,
Yanou.Foster.2016,sampleID,temp12kDkIndex,Temp12k,
Yanou.Foster.2016,brGDGT-Ib,temp12kDkIndex,Temp12k,
Yanou.Foster.2016,brGDGT-IIa5me,temp12kDkIndex,Temp12k,
Yanou.Foster.2016,brGDGT-IIIb5me,temp12kDkIndex,Temp12k,
Yanou.Foster.2016,brGDGT-IIIa5me,temp12kDkIndex,Temp12k,
Yanou.Foster.2016,uncertaintyHigh,temp12kDkIndex,Temp12k,
Yanou.Foster.2016,uncertaintyLow,temp12kDkIndex,Temp12k,
Yanou.Foster.2016,uncertaintyHigh-1,temp12kDkIndex,Temp12k,
Yanou.Foster.2016,uncertaintyLow-1,temp12kDkIndex,Temp12k,
Yarnyshnoe.Seppa.2008,depth,temp12kDkIndex,Temp12k,
Yarnyshnoe.Seppa.2008,depth,useInOnset,HoloceneAbruptChange,
Yarnyshnoe.Seppa.2008,age,temp12kDkIndex,Temp12k,
Yarnyshnoe.Seppa.2008,age,useInOnset,HoloceneAbruptChange,
YokBalumcave.Kennett.2012,notes,SISALEntityID,SISAL-LiPD;SISAL-LiPD;SISAL-LiPD,
Zabieniec.Plociennik.2011,sampleID,temp12kDkIndex,Temp12k,
Zabieniec.Plociennik.2011,uncertainty,temp12kDkIndex,Temp12k,
Zabieniec.Plociennik.2011,uncertainty-1,temp12kDkIndex,Temp12k,
Zabieniec.Plociennik.2011,isReliable,temp12kDkIndex,Temp12k,
Zabieniec.Plociennik.2011,notes,temp12kDkIndex,Temp12k,
Zabieniec.Plociennik.2011,uncertainty-2,temp12kDkIndex,Temp12k,
Zabieniec.Plociennik.2011,uncertainty-3,temp12kDkIndex,Temp12k,
Zabieniec.Plociennik.2011,isReliable-1,temp12kDkIndex,Temp12k,
Zabieniec.Plociennik.2011,notes-1,temp12kDkIndex,Temp12k,
Zabieniec.Plociennik.2011,uncertainty-4,temp12kDkIndex,Temp12k,
Zabieniec.Plociennik.2011,uncertainty-5,temp12kDkIndex,Temp12k,
Zabieniec.Plociennik.2011,isReliable-2,temp12kDkIndex,Temp12k,
Zabieniec.Plociennik.2011,notes-2,temp12kDkIndex,Temp12k,
Zabieniec.Plociennik.2011,uncertainty-6,temp12kDkIndex,Temp12k,
Zabieniec.Plociennik.2011,uncertainty-7,temp12kDkIndex,Temp12k,
Zabieniec.Plociennik.2011,isReliable-3,temp12kDkIndex,Temp12k,
Zabieniec.Plociennik.2011,notes-3,temp12kDkIndex,Temp12k,
Zhuliupingcave.Huang.2016,thickness,meetsHoloceneHydroclimateCriteria,HoloceneHydroclimate,SISAL-LiPD
Zhuliupingcave.Huang.2016,d18O,meetsHoloceneHydroclimateCriteria,HoloceneHydroclimate,SISAL-LiPD
Zhuliupingcave.Huang.2016,d13C,meetsHoloceneHydroclimateCriteria,HoloceneHydroclimate,SISAL-LiPD
Zhuliupingcave.Huang.2016,thickness,meetsHoloceneHydroclimateCriteria,HoloceneHydroclimate,SISAL-LiPD
Zhuliupingcave.Huang.2016,d18O,meetsHoloceneHydroclimateCriteria,HoloceneHydroclimate,SISAL-LiPD
Zhuliupingcave.Huang.2016,d13C,meetsHoloceneHydroclimateCriteria,HoloceneHydroclimate,SISAL-LiPD
Zhuliupingcave.Huang.2016,thickness,meetsHoloceneHydroclimateCriteria,HoloceneHydroclimate,SISAL-LiPD
Zhuliupingcave.Huang.2016,d13C,meetsHoloceneHydroclimateCriteria,HoloceneHydroclimate,SISAL-LiPD
ZI04IFR01,year,coralExtensionRate,CoralHydro2k;GBRCD,
ZI04IFR01,year,coralHydro2kGroup,CoralHydro2k,
ZI04IFR01,year,jcpCorrected,CoralHydro2k,
ZI04IFR01,year,jcpMeasured,CoralHydro2k;GBRCD,
ZI04IFR01,year,jcpUsed,CoralHydro2k;GBRCD,
ZI04IFR01,year,coralExtensionRate,CoralHydro2k;GBRCD,
ZI04IFR01,year,coralHydro2kGroup,CoralHydro2k,
ZI04IFR01,year,jcpCorrected,CoralHydro2k,
ZI04IFR01,year,jcpMeasured,CoralHydro2k;GBRCD,
ZI04IFR01,year,jcpUsed,CoralHydro2k;GBRCD,
ZI08MAY01,year,coralExtensionRate,CoralHydro2k;GBRCD,
ZI08MAY01,year,coralHydro2kGroup,CoralHydro2k,
ZI08MAY01,year,jcpCorrected,CoralHydro2k,
ZI08MAY01,year,jcpMeasured,CoralHydro2k;GBRCD,
ZI08MAY01,year,jcpUsed,CoralHydro2k;GBRCD,
ZI08MAY01,year,coralExtensionRate,CoralHydro2k;GBRCD,
ZI08MAY01,year,coralHydro2kGroup,CoralHydro2k,
ZI08MAY01,year,jcpCorrected,CoralHydro2k,
ZI08MAY01,year,jcpMeasured,CoralHydro2k;GBRCD,
ZI08MAY01,year,jcpUsed,CoralHydro2k;GBRCD,
ZI08MAY01,year,coralExtensionRate,CoralHydro2k;GBRCD,
ZI08MAY01,year,coralHydro2kGroup,CoralHydro2k,
ZI08MAY01,year,jcpCorrected,CoralHydro2k,
ZI08MAY01,year,jcpMeasured,CoralHydro2k;GBRCD,
ZI08MAY01,year,jcpUsed,CoralHydro2k;GBRCD,
ZI14HOU01,year,coralExtensionRate,CoralHydro2k;GBRCD,
ZI14HOU01,year,coralHydro2kGroup,CoralHydro2k,
ZI14HOU01,year,jcpCorrected,CoralHydro2k,
ZI14HOU01,year,jcpMeasured,CoralHydro2k;GBRCD,
ZI14HOU01,year,jcpUsed,CoralHydro2k;GBRCD,
ZI14HOU01,year,coralExtensionRate,CoralHydro2k;GBRCD,
ZI14HOU01,year,coralHydro2kGroup,CoralHydro2k,
ZI14HOU01,year,jcpCorrected,CoralHydro2k,
ZI14HOU01,year,jcpMeasured,CoralHydro2k;GBRCD,
ZI14HOU01,year,jcpUsed,CoralHydro2k;GBRCD,
ZI14HOU01,Sr/Ca,ch2kCoreCode,CoralHydro2k,
ZI14HOU01,Sr/Ca,coralExtensionRate,CoralHydro2k;GBRCD,
ZI14HOU01,Sr/Ca,coralExtensionRateNotes,CoralHydro2k;GBRCD,
ZI14HOU01,Sr/Ca,coralHydro2kGroup,CoralHydro2k,
ZI14HOU01,Sr/Ca,jcpCorrected,CoralHydro2k,
ZI14HOU01,Sr/Ca,jcpMeasured,CoralHydro2k;GBRCD,
ZI14HOU01,Sr/Ca,jcpNotes,CoralHydro2k,
ZI14HOU01,Sr/Ca,jcpUsed,CoralHydro2k;GBRCD,
ZI14HOU01,year,coralExtensionRate,CoralHydro2k;GBRCD,
ZI14HOU01,year,coralHydro2kGroup,CoralHydro2k,
ZI14HOU01,year,jcpCorrected,CoralHydro2k,
ZI14HOU01,year,jcpMeasured,CoralHydro2k;GBRCD,
ZI14HOU01,year,jcpUsed,CoralHydro2k;GBRCD,
ZI14HOU01,d18O,ch2kCoreCode,CoralHydro2k,
ZI14HOU01,d18O,coralExtensionRate,CoralHydro2k;GBRCD,
ZI14HOU01,d18O,coralExtensionRateNotes,CoralHydro2k;GBRCD,
ZI14HOU01,d18O,coralHydro2kGroup,CoralHydro2k,
ZI14HOU01,d18O,jcpCorrected,CoralHydro2k,
ZI14HOU01,d18O,jcpMeasured,CoralHydro2k;GBRCD,
ZI14HOU01,d18O,jcpUsed,CoralHydro2k;GBRCD,
ZI14HOU01,year,coralExtensionRate,CoralHydro2k;GBRCD,
ZI14HOU01,year,coralHydro2kGroup,CoralHydro2k,
ZI14HOU01,year,jcpCorrected,CoralHydro2k,
ZI14HOU01,year,jcpMeasured,CoralHydro2k;GBRCD,
ZI14HOU01,year,jcpUsed,CoralHydro2k;GBRCD,
ZI14IFR02,year,coralExtensionRate,CoralHydro2k;GBRCD,
ZI14IFR02,year,coralHydro2kGroup,CoralHydro2k,
ZI14IFR02,year,jcpCorrected,CoralHydro2k,
ZI14IFR02,year,jcpMeasured,CoralHydro2k;GBRCD,
ZI14IFR02,year,jcpUsed,CoralHydro2k;GBRCD,
ZI14IFR02,d18O,ch2kCoreCode,CoralHydro2k,
ZI14IFR02,d18O,coralExtensionRate,CoralHydro2k;GBRCD,
ZI14IFR02,d18O,coralExtensionRateNotes,CoralHydro2k;GBRCD,
ZI14IFR02,d18O,coralHydro2kGroup,CoralHydro2k,
ZI14IFR02,d18O,jcpCorrected,CoralHydro2k,
ZI14IFR02,d18O,jcpMeasured,CoralHydro2k;GBRCD,
ZI14IFR02,d18O,jcpUsed,CoralHydro2k;GBRCD,
ZI14IFR02,year,coralExtensionRate,CoralHydro2k;GBRCD,
ZI14IFR02,year,coralHydro2kGroup,CoralHydro2k,
ZI14IFR02,year,jcpCorrected,CoralHydro2k,
ZI14IFR02,year,jcpMeasured,CoralHydro2k;GBRCD,
ZI14IFR02,year,jcpUsed,CoralHydro2k;GBRCD,
ZI14TUR01,year,coralExtensionRate,CoralHydro2k;GBRCD,
ZI14TUR01,year,coralHydro2kGroup,CoralHydro2k,
ZI14TUR01,year,jcpCorrected,CoralHydro2k,
ZI14TUR01,year,jcpMeasured,CoralHydro2k;GBRCD,
ZI14TUR01,year,jcpUsed,CoralHydro2k;GBRCD,
ZI14TUR01,d18O,ch2kCoreCode,CoralHydro2k,
ZI14TUR01,d18O,coralExtensionRate,CoralHydro2k;GBRCD,
ZI14TUR01,d18O,coralExtensionRateNotes,CoralHydro2k;GBRCD,
ZI14TUR01,d18O,coralHydro2kGroup,CoralHydro2k,
ZI14TUR01,d18O,jcpCorrected,CoralHydro2k,
ZI14TUR01,d18O,jcpMeasured,CoralHydro2k;GBRCD,
ZI14TUR01,d18O,jcpUsed,CoralHydro2k;GBRCD,
ZI14TUR01,year,coralExtensionRate,CoralHydro2k;GBRCD,
ZI14TUR01,year,coralHydro2kGroup,CoralHydro2k,
ZI14TUR01,year,jcpCorrected,CoralHydro2k,
ZI14TUR01,year,jcpMeasured,CoralHydro2k;GBRCD,
ZI14TUR01,year,jcpUsed,CoralHydro2k;GBRCD,
ZI15BUN01,year,coralExtensionRate,CoralHydro2k;GBRCD,
ZI15BUN01,year,coralHydro2kGroup,CoralHydro2k,
ZI15BUN01,year,jcpCorrected,CoralHydro2k,
ZI15BUN01,year,jcpMeasured,CoralHydro2k;GBRCD,
ZI15BUN01,year,jcpUsed,CoralHydro2k;GBRCD,
ZI15BUN01,Sr/Ca,ch2kCoreCode,CoralHydro2k,
ZI15BUN01,Sr/Ca,coralExtensionRate,CoralHydro2k;GBRCD,
ZI15BUN01,Sr/Ca,coralExtensionRateNotes,CoralHydro2k;GBRCD,
ZI15BUN01,Sr/Ca,coralHydro2kGroup,CoralHydro2k,
ZI15BUN01,Sr/Ca,jcpCorrected,CoralHydro2k,
ZI15BUN01,Sr/Ca,jcpMeasured,CoralHydro2k;GBRCD,
ZI15BUN01,Sr/Ca,jcpUsed,CoralHydro2k;GBRCD,
ZI15BUN01,year,coralExtensionRate,CoralHydro2k;GBRCD,
ZI15BUN01,year,coralHydro2kGroup,CoralHydro2k,
ZI15BUN01,year,jcpCorrected,CoralHydro2k,
ZI15BUN01,year,jcpMeasured,CoralHydro2k;GBRCD,
ZI15BUN01,year,jcpUsed,CoralHydro2k;GBRCD,
ZI15CLE01,year,coralExtensionRate,CoralHydro2k;GBRCD,
ZI15CLE01,year,coralHydro2kGroup,CoralHydro2k,
ZI15CLE01,year,jcpCorrected,CoralHydro2k,
ZI15CLE01,year,jcpMeasured,CoralHydro2k;GBRCD,
ZI15CLE01,year,jcpUsed,CoralHydro2k;GBRCD,
ZI15CLE01,Sr/Ca,ch2kCoreCode,CoralHydro2k,
ZI15CLE01,Sr/Ca,coralExtensionRate,CoralHydro2k;GBRCD,
ZI15CLE01,Sr/Ca,coralHydro2kGroup,CoralHydro2k,
ZI15CLE01,Sr/Ca,jcpCorrected,CoralHydro2k,
ZI15CLE01,Sr/Ca,jcpMeasured,CoralHydro2k;GBRCD,
ZI15CLE01,Sr/Ca,jcpUsed,CoralHydro2k;GBRCD,
ZI15CLE01,year,coralExtensionRate,CoralHydro2k;GBRCD,
ZI15CLE01,year,coralHydro2kGroup,CoralHydro2k,
ZI15CLE01,year,jcpCorrected,CoralHydro2k,
ZI15CLE01,year,jcpMeasured,CoralHydro2k;GBRCD,
ZI15CLE01,year,jcpUsed,CoralHydro2k;GBRCD,
ZI15IMP01,year,coralExtensionRate,CoralHydro2k;GBRCD,
ZI15IMP01,year,coralHydro2kGroup,CoralHydro2k,
ZI15IMP01,year,jcpCorrected,CoralHydro2k,
ZI15IMP01,year,jcpMeasured,CoralHydro2k;GBRCD,
ZI15IMP01,year,jcpUsed,CoralHydro2k;GBRCD,
ZI15IMP01,Sr/Ca,ch2kCoreCode,CoralHydro2k,
ZI15IMP01,Sr/Ca,coralExtensionRate,CoralHydro2k;GBRCD,
ZI15IMP01,Sr/Ca,coralHydro2kGroup,CoralHydro2k,
ZI15IMP01,Sr/Ca,jcpCorrected,CoralHydro2k,
ZI15IMP01,Sr/Ca,jcpMeasured,CoralHydro2k;GBRCD,
ZI15IMP01,Sr/Ca,jcpUsed,CoralHydro2k;GBRCD,
ZI15IMP01,year,coralExtensionRate,CoralHydro2k;GBRCD,
ZI15IMP01,year,coralHydro2kGroup,CoralHydro2k,
ZI15IMP01,year,jcpCorrected,CoralHydro2k,
ZI15IMP01,year,jcpMeasured,CoralHydro2k;GBRCD,
ZI15IMP01,year,jcpUsed,CoralHydro2k;GBRCD,
ZI15IMP02,year,coralExtensionRate,CoralHydro2k;GBRCD,
ZI15IMP02,year,coralHydro2kGroup,CoralHydro2k,
ZI15IMP02,year,jcpCorrected,CoralHydro2k,
ZI15IMP02,year,jcpMeasured,CoralHydro2k;GBRCD,
ZI15IMP02,year,jcpUsed,CoralHydro2k;GBRCD,
ZI15IMP02,Sr/Ca,ch2kCoreCode,CoralHydro2k,
ZI15IMP02,Sr/Ca,coralExtensionRate,CoralHydro2k;GBRCD,
ZI15IMP02,Sr/Ca,coralHydro2kGroup,CoralHydro2k,
ZI15IMP02,Sr/Ca,jcpCorrected,CoralHydro2k,
ZI15IMP02,Sr/Ca,jcpMeasured,CoralHydro2k;GBRCD,
ZI15IMP02,Sr/Ca,jcpUsed,CoralHydro2k;GBRCD,
ZI15IMP02,year,coralExtensionRate,CoralHydro2k;GBRCD,
ZI15IMP02,year,coralHydro2kGroup,CoralHydro2k,
ZI15IMP02,year,jcpCorrected,CoralHydro2k,
ZI15IMP02,year,jcpMeasured,CoralHydro2k;GBRCD,
ZI15IMP02,year,jcpUsed,CoralHydro2k;GBRCD,
ZI15MER01,year,coralExtensionRate,CoralHydro2k;GBRCD,
ZI15MER01,year,coralHydro2kGroup,CoralHydro2k,
ZI15MER01,year,jcpCorrected,CoralHydro2k,
ZI15MER01,year,jcpMeasured,CoralHydro2k;GBRCD,
ZI15MER01,year,jcpUsed,CoralHydro2k;GBRCD,
ZI15MER01,Sr/Ca,ch2kCoreCode,CoralHydro2k,
ZI15MER01,Sr/Ca,coralExtensionRate,CoralHydro2k;GBRCD,
ZI15MER01,Sr/Ca,coralHydro2kGroup,CoralHydro2k,
ZI15MER01,Sr/Ca,jcpCorrected,CoralHydro2k,
ZI15MER01,Sr/Ca,jcpMeasured,CoralHydro2k;GBRCD,
ZI15MER01,Sr/Ca,jcpUsed,CoralHydro2k;GBRCD,
ZI15MER01,year,coralExtensionRate,CoralHydro2k;GBRCD,
ZI15MER01,year,coralHydro2kGroup,CoralHydro2k,
ZI15MER01,year,jcpCorrected,CoralHydro2k,
ZI15MER01,year,jcpMeasured,CoralHydro2k;GBRCD,
ZI15MER01,year,jcpUsed,CoralHydro2k;GBRCD,
ZI15TAN01,year,coralExtensionRate,CoralHydro2k;GBRCD,
ZI15TAN01,year,coralHydro2kGroup,CoralHydro2k,
ZI15TAN01,year,jcpCorrected,CoralHydro2k,
ZI15TAN01,year,jcpMeasured,CoralHydro2k;GBRCD,
ZI15TAN01,year,jcpUsed,CoralHydro2k;GBRCD,
ZI15TAN01,Sr/Ca,ch2kCoreCode,CoralHydro2k,
ZI15TAN01,Sr/Ca,coralExtensionRate,CoralHydro2k;GBRCD,
ZI15TAN01,Sr/Ca,coralExtensionRateNotes,CoralHydro2k;GBRCD,
ZI15TAN01,Sr/Ca,coralHydro2kGroup,CoralHydro2k,
ZI15TAN01,Sr/Ca,jcpCorrected,CoralHydro2k,
ZI15TAN01,Sr/Ca,jcpMeasured,CoralHydro2k;GBRCD,
ZI15TAN01,Sr/Ca,jcpUsed,CoralHydro2k;GBRCD,
ZI15TAN01,year,coralExtensionRate,CoralHydro2k;GBRCD,
ZI15TAN01,year,coralHydro2kGroup,CoralHydro2k,
ZI15TAN01,year,jcpCorrected,CoralHydro2k,
ZI15TAN01,year,jcpMeasured,CoralHydro2k;GBRCD,
ZI15TAN01,year,jcpUsed,CoralHydro2k;GBRCD,
ZI16ROD01,year,coralExtensionRate,CoralHydro2k;GBRCD,
ZI16ROD01,year,coralHydro2kGroup,CoralHydro2k,
ZI16ROD01,year,jcpCorrected,CoralHydro2k,
ZI16ROD01,year,jcpMeasured,CoralHydro2k;GBRCD,
ZI16ROD01,year,jcpUsed,CoralHydro2k;GBRCD,
ZI16ROD02,year,coralExtensionRate,CoralHydro2k;GBRCD,
ZI16ROD02,year,coralHydro2kGroup,CoralHydro2k,
ZI16ROD02,year,jcpCorrected,CoralHydro2k,
ZI16ROD02,year,jcpMeasured,CoralHydro2k;GBRCD,
ZI16ROD02,year,jcpUsed,CoralHydro2k;GBRCD,
ZigetangCo.Herzschuh.2006,age,SISALEntityID,SISAL-LiPD;SISAL-LiPD;SISAL-LiPD,
ZigetangCo.Herzschuh.2006,temperature,SISALEntityID,SISAL-LiPD;SISAL-LiPD;SISAL-LiPD,HoloceneAbruptChange
ZigetangCo.Herzschuh.2006,temperature-1,SISALEntityID,SISAL-LiPD;SISAL-LiPD;SISAL-LiPD,HoloceneAbruptChange
ZigetangCo.Herzschuh.2006,precipitation,SISALEntityID,SISAL-LiPD;SISAL-LiPD;SISAL-LiPD,Hydro21k;HoloceneAbruptChange;HoloceneHydroclimate
