dataset,blocker,compilations,block,tsid,variableName,units,n_values
1670,axis,NA,paleoData,T2L_1670_age_original,age,yr BP,33
CO04BAFI,axis,NA,chronData,cdRNCY1ekSfUkmfkrNIchron16,age,years ago,8
CO04BAFI,axis,NA,chronData,cdR9hjFlIkoaaz7P8ohchron16,age,years ago,8
CO04INMI,axis,NA,chronData,chron16_Zo16F3jF,age,years ago,8
CO04LIRA,axis,NA,chronData,cdRp6m6pESxz4ysoM4Bchron16,age,years ago,8
CO13CABL,axis,NA,chronData,cdRx9MWEXctkFyiCcTcchron16,age,years ago,8
CO13CAHN,axis,NA,chronData,cdRiP7nF8o2VmxwjJ35chron16,age,years ago,8
CO13CAHN,axis,NA,chronData,cdRYy9WjbwjSX0tNoenchron16,age,years ago,8
CO13HENG,axis,NA,chronData,cdRwmj7iZc9lnj9BqK0chron16,age,years ago,8
CO13HENG,axis,NA,chronData,cdRHg7dOFmaISjFOd0Ichron16,age,years ago,8
CO13HENG,axis,NA,chronData,cdRMHyYSRshSZaYCzBfchron16,age,years ago,8
CO14WUCL,axis,NA,chronData,cdRcieqQQhDwl8e6lefchron16,age,years ago,8
CO92SHPU,axis,NA,chronData,cdRVyYgwYmNbdXKng3Dchron16,age,years ago,8
CO94HEAQ,axis,NA,chronData,cdRRd1hUBHQ96e9Rwv3chron16,age,years ago,8
CO98SWPR,axis,NA,chronData,cdRV0vGHh7fTpJqQKHXchron16,age,years ago,8
CO99LICL,axis,NA,chronData,cdR4NbnKWWUK3v7UstXchron16,age,years ago,8
CO99LICL,axis,NA,chronData,cdRFPgREAWaqCKvLNGQchron16,age,years ago,8
CO99SWFB,axis,NA,chronData,cdRbDy9q1YMwfNEK7f3chron16,age,years ago,8
CoorongLagoon.Chamberlayne.2023,axis,NA,paleoData,WEB-4667e-21ba-4e5a-a56b-58d93,depth,cm,8
CoorongLagoon.Chamberlayne.2023,axis,NA,paleoData,WEB-940a6-6be4-4ba1-ace4-9c3b5,age,yr AD,8
GIK17049_6.Jung.1996,axis,NA,paleoData,T2L_GIK17049_6_age_original,age,yr BP,230
GIK17051_3.Jung.1996,axis,NA,paleoData,T2L_GIK17051_3_age_original,age,yr BP,217
GIK23351_1,axis,NA,paleoData,T2L_GIK23351_1_age_original,age,yr BP,72
GeoB33131.Lamy.2002,axis,NA,paleoData,T2L_GeoB33131_age_original,age,yr BP,161
HU87033_87017PC.Andrews.1999,axis,NA,paleoData,T2L_HU87033_87017PC_age_original,age,yr BP,52
HU87033_87017TWC,axis,NA,paleoData,T2L_HU87033_87017TWC_age_original,age,yr BP,7
HU87033_87018PC.Andrews.1999,axis,NA,paleoData,T2L_HU87033_87018PC_age_original,age,yr BP,19
HU87033_87018TWC,axis,NA,paleoData,T2L_HU87033_87018TWC_age_original,age,yr BP,9
HU90_013_013.Hillaire-Marcel.1994,axis,NA,paleoData,T2L_HU90_013_013_age_original,age,yr BP,168
Haukdalsvatn.Geirsdottir.2013,axis,NA,paleoData,WEB-f1ec1-2b50-403d-b762-7b210,age,yr BP,8
Haukdalsvatn.Geirsdottir.2013,axis,NA,paleoData,WEB-63483-2253-4927-ba29-f689e,age,yr BP,8
IC10VISB,axis,NA,paleoData,MAT39f0237ab8,depth,cm,193
J11,axis,NA,paleoData,T2L_J11_age_original,age,yr BP,64
LS00SEJU,axis,NA,chronData,cdRdFR8GusN2FdYJ7qgchron15,age,yr BP,8
LS06DENA,axis,NA,paleoData,MATc71241d298,depth,cm,134
LS06JONA,axis,NA,paleoData,MATf326181e82,depth,cm,1065
LS06JONA,axis,NA,chronData,chron1_hIdgTxWg,depth,cm,8
LS06JONA,axis,NA,chronData,chron15_1eDpA5pA,age,yr BP,8
LS06TIST,axis,NA,paleoData,MATf6335d8d19,depth,cm,608
LS08LICA,axis,NA,paleoData,MATde9a727f68,depth,cm,41
LS08LICA,axis,NA,chronData,chron15_R1I9IQ1N,age,yr BP,16
LS10ANBL,axis,NA,chronData,chron1_hTbtIDBp,depth,cm,8
LS10ANBL,axis,NA,chronData,chron15_Ae0eB5Cz,age,yr BP,8
LS10WRNA,axis,NA,chronData,chron1_6Oei0Ucb,depth,cm,8
LS10WRNA,axis,NA,chronData,chron15_lrPCGZHh,age,yr BP,8
LS11TICH,axis,NA,chronData,chron1_Hvqm5Avr,depth,cm,8
LS11TICH,axis,NA,chronData,chron15_VekbJAhW,age,yr BP,8
LS14ZHJU,axis,NA,paleoData,MAT8f1a66f8a2,depth,cm,85
LS15BHAL,axis,NA,chronData,cdRrCOvaEwb93umAdCdchron15,age,yr BP,8
LS15OEPO,axis,NA,chronData,chron1_jrJoaLym,depth,cm,8
LS15OEPO,axis,NA,chronData,chron15_KocuqZOG,age,yr BP,8
LS15SHBO,axis,NA,paleoData,LPDf2047c95_iso2k,depth,cm,146
LS16WIGH,axis,NA,chronData,LPDa6457200,age,NA,8
LS91BEWA,axis,NA,chronData,chron1_aVAsoy6G,depth,cm,8
LS91BEWA,axis,NA,chronData,chron15_8F9EZ4jC,age,yr BP,8
LakeMina.StJacques.2008,axis,NA,paleoData,WEB-3cb9d-26e0-47c2-92e7-c90a2,year,yr AD,8
MD01_2416,axis,NA,paleoData,T2L_MD01_2416_age_original,age,yr BP,1266
MD88_770,axis,NA,paleoData,T2L_MD88_770_age_original,age,yr BP,49
MD95_2012,axis,NA,paleoData,T2L_MD95_2012_age_original,age,yr BP,516
MS07KPPB,axis,NA,chronData,chron1_AFj08svi,depth,cm,8
MS07KPPB,axis,NA,chronData,chron15_dVrK5QKO,age,yr BP,8
MS09TCIS,axis,NA,chronData,chron1_TETE97sb,depth,cm,8
MS09TCIS,axis,NA,chronData,chron15_AyzGAsoD,age,yr BP,8
NA87_22.Duplessy.1992,axis,NA,paleoData,T2L_NA87_22_age_original,age,yr BP,95
PS1730_2,axis,NA,paleoData,T2L_PS1730_2_age_original,age,yr BP,91
PS1919_2,axis,NA,paleoData,T2L_PS1919_2_age_original,age,yr BP,42
PS1927_2,axis,NA,paleoData,T2L_PS1927_2_age_original,age,yr BP,58
PS1951_1,axis,NA,paleoData,T2L_PS1951_1_age_original,age,yr BP,88
PS2138_1,axis,NA,paleoData,T2L_PS2138_1_age_original,age,yr BP,103
PS2208_1,axis,NA,paleoData,T2L_PS2208_1_age_original,age,yr BP,31
RC27_14,axis,NA,paleoData,T2L_RC27_14_age_original,age,yr BP,32
RC27_28.Overpeck.1996,axis,NA,paleoData,T2L_RC27_28_age_original,age,yr BP,51
SP03BMIL,axis,NA,paleoData,MATec32ecc339,depth,cm,1404
SP05CRBR,axis,NA,chronData,chron29_IqxwhKey,year,AD,20
SP07FLOM,axis,NA,paleoData,MAT33c70fdd87,depth,cm,1422
SP07FLOM,axis,NA,chronData,chron29_CQDSQNTH,year,AD,78
SP07WABR,axis,NA,chronData,chron29_mb3b7Vxw,year,AD,16
SP08SPUS,axis,NA,chronData,chron29_KRLcO724,year,AD,14
SP10MEMX,axis,NA,chronData,chron29_Uu4TjNl7,year,AD,12
SP12NOBR,axis,NA,paleoData,MATf540e9cb93,depth,cm,540
SP12NOBR,axis,NA,chronData,chron29_3dDO8md7,year,AD,30
SP98KUCN,axis,NA,chronData,chron16_5amfHSCD,age,years ago,8
SP98KUCN,axis,NA,chronData,chron29_jahQeq2X,year,AD,8
VM12_107.Schmidt.2012,axis,NA,paleoData,T2L_VM12_107_age_original,age,yr BP,421
VM17_178,axis,NA,paleoData,T2L_VM17_178_age_original,age,yr BP,47
Vinogradov_BC_26,axis,NA,paleoData,T2L_Vinogradov_BC_26_age_original,age,yr BP,21
Arrepentimientos.Crausbay.2015,compilation member,LegacyClimate-LiPD,paleoData,lcRo9usZP5JWI1l5AC1,temperature,degC,50
Arrepentimientos.Crausbay.2015,compilation member,LegacyClimate-LiPD,paleoData,lcRjUHxvKMMcpMeQi1u,temperature,degC,50
Attacave.Niggemann.2003,compilation member,SISAL-LiPD,paleoData,S2LR92xgcYK83A,mineralogy,unitless,384
Attacave.Niggemann.2003,compilation member,SISAL-LiPD,paleoData,S2LRlWCvK4jncP,correction,unitless,384
Attacave.Niggemann.2003,compilation member,SISAL-LiPD,paleoData,S2LRFRmeotJzFY,uncertainty,unitless,384
Attacave.Niggemann.2003,compilation member,SISAL-LiPD,paleoData,S2LRJJgcK8R6n7,uncertainty,unitless,384
Baeg-nyongcave.K..2017,compilation member,lipdverseTest; SISAL-LiPD,paleoData,S2LRzuJIo4qN8X,mineralogy,unitless,303
Baeg-nyongcave.K..2017,compilation member,lipdverseTest; SISAL-LiPD,paleoData,S2LReJwIPZAMzF,correction,unitless,303
Baeg-nyongcave.K..2017,compilation member,lipdverseTest; SISAL-LiPD,paleoData,S2LRPCxfRth88a,uncertainty,unitless,303
BolshoiKhomusYuryakhRiver.Anderson.2002,compilation member,LegacyClimate-LiPD,paleoData,lcRNxjGUfF9dCQEMYyw,temperature,degC,2
Botuvercave.Bernal.2016,compilation member,lipdverseTest; SISAL-LiPD,paleoData,S2LRj6MG8pd1FI,mineralogy,unitless,231
Botuvercave.Bernal.2016,compilation member,lipdverseTest; SISAL-LiPD,paleoData,S2LROvjPPFOjVC,correction,unitless,231
Botuvercave.Bernal.2016,compilation member,lipdverseTest; SISAL-LiPD,paleoData,S2LRgUt1qxjegA,uncertainty,unitless,231
Botuvercave.Bernal.2016,compilation member,lipdverseTest; SISAL-LiPD,paleoData,S2LRfeF9UMhrX5,uncertainty,unitless,231
Botuvercave.Bernal.2016,compilation member,lipdverseTest; SISAL-LiPD,paleoData,S2LRjMoarI0zf0,mineralogy,unitless,689
Botuvercave.Bernal.2016,compilation member,lipdverseTest; SISAL-LiPD,paleoData,S2LRrrvkfaEXHG,correction,unitless,689
Botuvercave.Bernal.2016,compilation member,lipdverseTest; SISAL-LiPD,paleoData,S2LRXuQU3F8fkW,uncertainty,unitless,689
Botuvercave.Bernal.2016,compilation member,lipdverseTest; SISAL-LiPD,paleoData,S2LRdEAzaVHTNN,uncertainty,unitless,689
Botuvercave.Bernal.2016,compilation member,lipdverseTest; SISAL-LiPD,paleoData,S2LRLhM2mFgsTu,mineralogy,unitless,920
Botuvercave.Bernal.2016,compilation member,lipdverseTest; SISAL-LiPD,paleoData,S2LRwKGBTgtouv,correction,unitless,920
Botuvercave.Bernal.2016,compilation member,lipdverseTest; SISAL-LiPD,paleoData,S2LR9zzOY6E3aO,uncertainty,unitless,920
Botuvercave.Bernal.2016,compilation member,lipdverseTest; SISAL-LiPD,paleoData,S2LRAspqDBPlAk,d13C,unitless,920
Botuvercave.Bernal.2016,compilation member,lipdverseTest,paleoData,S2LRVoKsWZJLdM,notes,unitless,920
BucadellaRenella.Drysdale.2006,compilation member,lipdverseTest; SISAL-LiPD,paleoData,S2LRhGInhVVxLU,mineralogy,unitless,103
BucadellaRenella.Drysdale.2006,compilation member,lipdverseTest; SISAL-LiPD,paleoData,S2LRJtR6bra6ty,correction,unitless,103
BucadellaRenella.Drysdale.2006,compilation member,lipdverseTest; SISAL-LiPD,paleoData,S2LR3IE77TOiAB,uncertainty,unitless,103
BucadellaRenella.Drysdale.2006,compilation member,lipdverseTest; SISAL-LiPD,paleoData,S2LRE0mu1vGIA8,uncertainty,unitless,103
BucadellaRenella.Drysdale.2006,compilation member,lipdverseTest; SISAL-LiPD,paleoData,S2LRFzHirDaxu8,mineralogy,unitless,757
BucadellaRenella.Drysdale.2006,compilation member,lipdverseTest; SISAL-LiPD,paleoData,S2LRz4fo2Hbsmz,correction,unitless,757
BucadellaRenella.Drysdale.2006,compilation member,lipdverseTest; SISAL-LiPD,paleoData,S2LRSWiRx6UlNc,uncertainty,unitless,757
BucadellaRenella.Drysdale.2006,compilation member,lipdverseTest; SISAL-LiPD,paleoData,S2LRsUrw25MaoB,uncertainty,unitless,757
BucadellaRenella.Drysdale.2006,compilation member,lipdverseTest; SISAL-LiPD,paleoData,S2LRjRV6eFbULs,mineralogy,unitless,759
BucadellaRenella.Drysdale.2006,compilation member,lipdverseTest; SISAL-LiPD,paleoData,S2LRgws7jEwyBV,correction,unitless,759
BucadellaRenella.Drysdale.2006,compilation member,lipdverseTest; SISAL-LiPD,paleoData,S2LRnuV5oNLmzr,uncertainty,unitless,759
BucadellaRenella.Drysdale.2006,compilation member,lipdverseTest; SISAL-LiPD,paleoData,S2LRbquS8pmgGS,uncertainty,unitless,759
BucadellaRenella.Drysdale.2006,compilation member,lipdverseTest; SISAL-LiPD,paleoData,S2LRZTc7E4wEKv,mineralogy,unitless,1619
BucadellaRenella.Drysdale.2006,compilation member,lipdverseTest; SISAL-LiPD,paleoData,S2LRIRO2L5E2gG,correction,unitless,1619
BucadellaRenella.Drysdale.2006,compilation member,lipdverseTest; SISAL-LiPD,paleoData,S2LRluQlNGxv1h,uncertainty,unitless,1619
BucadellaRenella.Drysdale.2006,compilation member,lipdverseTest; SISAL-LiPD,paleoData,S2LRjj0zzZMb76,d13C,unitless,1619
BucadellaRenella.Drysdale.2006,compilation member,lipdverseTest,paleoData,S2LRf3BaPDaAwk,notes,NA,1619
BukitAssamcave.Carolin.2013,compilation member,SISAL-LiPD,paleoData,S2LRbtmCAJ3IfR,mineralogy,unitless,498
BukitAssamcave.Carolin.2013,compilation member,SISAL-LiPD,paleoData,S2LRYuvH7hax6j,correction,unitless,498
BukitAssamcave.Carolin.2013,compilation member,SISAL-LiPD,paleoData,S2LRkjqHwtmLzk,uncertainty,unitless,498
BukitAssamcave.Carolin.2013,compilation member,SISAL-LiPD,paleoData,S2LRoafrC5xvG7,hasHiatus,unitless,498
BukitAssamcave.Carolin.2013,compilation member,SISAL-LiPD,paleoData,S2LRy0ChSiXh4Y,mineralogy,unitless,862
BukitAssamcave.Carolin.2013,compilation member,SISAL-LiPD,paleoData,S2LRET4p0CiVeJ,correction,unitless,862
BukitAssamcave.Carolin.2013,compilation member,SISAL-LiPD,paleoData,S2LRyI1hYfHTGK,uncertainty,unitless,862
BukitAssamcave.Carolin.2013,compilation member,SISAL-LiPD,paleoData,S2LRL4cFRY81WQ,uncertainty,unitless,862
BukitAssamcave.Carolin.2013,compilation member,SISAL-LiPD,paleoData,S2LROLSv6ur3Zw,mineralogy,unitless,477
BukitAssamcave.Carolin.2013,compilation member,SISAL-LiPD,paleoData,S2LR46P7igLPAS,correction,unitless,477
BukitAssamcave.Carolin.2013,compilation member,SISAL-LiPD,paleoData,S2LRjKIaPQY2NV,uncertainty,unitless,477
BukitAssamcave.Carolin.2013,compilation member,SISAL-LiPD,paleoData,S2LRAGpyG1jHnU,mineralogy,unitless,3032
BukitAssamcave.Carolin.2013,compilation member,SISAL-LiPD,paleoData,S2LRo2QcCbGePF,correction,unitless,3032
BukitAssamcave.Carolin.2013,compilation member,SISAL-LiPD,paleoData,S2LRfZlAKftWIf,uncertainty,unitless,3032
BukitAssamcave.Carolin.2013,compilation member,SISAL-LiPD,paleoData,S2LRJZlALs56gF,mineralogy,unitless,4869
BukitAssamcave.Carolin.2013,compilation member,SISAL-LiPD,paleoData,S2LRAUMUmrfp2X,correction,unitless,4869
BukitAssamcave.Carolin.2013,compilation member,SISAL-LiPD,paleoData,S2LRI833btasGj,uncertainty,unitless,4869
BukitAssamcave.Carolin.2013,compilation member,SISAL-LiPD,paleoData,S2LRZQNmkgsSv5,hasHiatus,unitless,4869
Bunkercave.Fohlmeister.2012,compilation member,SISAL-LiPD,paleoData,S2LRFw1rtb6vsU,mineralogy,unitless,1089
Bunkercave.Fohlmeister.2012,compilation member,SISAL-LiPD,paleoData,S2LRn2CqU7TFqa,correction,unitless,1089
Bunkercave.Fohlmeister.2012,compilation member,SISAL-LiPD,paleoData,S2LRe07Q8hBxjw,uncertainty,unitless,1089
Bunkercave.Fohlmeister.2012,compilation member,SISAL-LiPD,paleoData,S2LRxkCafbfpXy,uncertainty,unitless,1089
Bunkercave.Fohlmeister.2012,compilation member,SISAL-LiPD,paleoData,S2LRmEMB4MUinI,mineralogy,unitless,470
Bunkercave.Fohlmeister.2012,compilation member,SISAL-LiPD,paleoData,S2LR63oEMJ5qrS,correction,unitless,470
Bunkercave.Fohlmeister.2012,compilation member,SISAL-LiPD,paleoData,S2LRbXuAv5lqLg,uncertainty,unitless,470
Bunkercave.Fohlmeister.2012,compilation member,SISAL-LiPD,paleoData,S2LRfBCS6riyBa,uncertainty,unitless,470
Bunkercave.Fohlmeister.2012,compilation member,SISAL-LiPD,paleoData,S2LRqhWCyiTNWs,mineralogy,unitless,1008
Bunkercave.Fohlmeister.2012,compilation member,SISAL-LiPD,paleoData,S2LRODguDbYm4k,correction,unitless,1008
Bunkercave.Fohlmeister.2012,compilation member,SISAL-LiPD,paleoData,S2LR9BrzgFr78M,uncertainty,unitless,1008
Bunkercave.Fohlmeister.2012,compilation member,SISAL-LiPD,paleoData,S2LRixDs1D6pF8,uncertainty,unitless,1008
Bunkercave.Fohlmeister.2012,compilation member,SISAL-LiPD,paleoData,S2LRqyBiQO5hVf,mineralogy,unitless,112
Bunkercave.Fohlmeister.2012,compilation member,SISAL-LiPD,paleoData,S2LR5p948nGCLJ,correction,unitless,112
Bunkercave.Fohlmeister.2012,compilation member,SISAL-LiPD,paleoData,S2LR2D5V0qqB8T,uncertainty,unitless,112
Bunkercave.Fohlmeister.2012,compilation member,SISAL-LiPD,paleoData,S2LRtbdRJ40p9w,uncertainty,unitless,112
Bunkercave.Fohlmeister.2012,compilation member,SISAL-LiPD,paleoData,S2LReiBtcKIHRe,mineralogy,unitless,2677
Bunkercave.Fohlmeister.2012,compilation member,SISAL-LiPD,paleoData,S2LRugtSiEldAi,correction,unitless,2677
Bunkercave.Fohlmeister.2012,compilation member,SISAL-LiPD,paleoData,S2LRMGbLAD7vVt,uncertainty,unitless,2677
Bunkercave.Fohlmeister.2012,compilation member,SISAL-LiPD,paleoData,S2LRT8BYxb9Ytl,mineralogy,unitless,1052
Bunkercave.Fohlmeister.2012,compilation member,SISAL-LiPD,paleoData,S2LRGNjGBxbcXF,correction,unitless,1052
Bunkercave.Fohlmeister.2012,compilation member,SISAL-LiPD,paleoData,S2LRhtdsL0Gnw0,uncertainty,unitless,1052
Bunkercave.Fohlmeister.2012,compilation member,SISAL-LiPD,paleoData,S2LRkqJOLVMAcQ,uncertainty,unitless,1052
Bunkercave.Fohlmeister.2012,compilation member,SISAL-LiPD,paleoData,S2LRoLdCyviVZm,hasHiatus,unitless,1052
Bunkercave.Fohlmeister.2012,compilation member,SISAL-LiPD,paleoData,S2LRVZor5xajjZ,mineralogy,unitless,6408
Bunkercave.Fohlmeister.2012,compilation member,SISAL-LiPD,paleoData,S2LRxqJkD0hant,correction,unitless,6408
Bunkercave.Fohlmeister.2012,compilation member,SISAL-LiPD,paleoData,S2LR0DmKI64Ev5,uncertainty,unitless,6408
Bunkercave.Fohlmeister.2012,compilation member,SISAL-LiPD,paleoData,S2LRa6GDgVTtxA,d13C,unitless,6408
BuracaGloriosa.Denniston.2017,compilation member,SISAL-LiPD,paleoData,S2LROVOehHJfBS,mineralogy,unitless,38
BuracaGloriosa.Denniston.2017,compilation member,SISAL-LiPD,paleoData,S2LRhSVymDIlUY,correction,unitless,38
BuracaGloriosa.Denniston.2017,compilation member,SISAL-LiPD,paleoData,S2LR4nROh4T50F,uncertainty,unitless,38
BuracaGloriosa.Denniston.2017,compilation member,SISAL-LiPD,paleoData,S2LRKRUP7Sd4ji,uncertainty,unitless,38
BuracaGloriosa.Denniston.2017,compilation member,SISAL-LiPD,paleoData,S2LR4tVV7Gpjx1,hasHiatus,unitless,38
BuracaGloriosa.Denniston.2017,compilation member,SISAL-LiPD,paleoData,S2LRINw6ErONnY,mineralogy,unitless,279
BuracaGloriosa.Denniston.2017,compilation member,SISAL-LiPD,paleoData,S2LRo2zwato39A,correction,unitless,279
BuracaGloriosa.Denniston.2017,compilation member,SISAL-LiPD,paleoData,S2LRiRQEt8HDVb,uncertainty,unitless,279
BuracaGloriosa.Denniston.2017,compilation member,SISAL-LiPD,paleoData,S2LRasD7QMbV7S,uncertainty,unitless,279
BuracaGloriosa.Denniston.2017,compilation member,SISAL-LiPD,paleoData,S2LRQAD07ac1fb,mineralogy,unitless,43
BuracaGloriosa.Denniston.2017,compilation member,SISAL-LiPD,paleoData,S2LR27yhOcDFaF,correction,unitless,43
BuracaGloriosa.Denniston.2017,compilation member,SISAL-LiPD,paleoData,S2LRvHumuExIeH,uncertainty,unitless,43
BuracaGloriosa.Denniston.2017,compilation member,SISAL-LiPD,paleoData,S2LRkUcYoDBXzi,uncertainty,unitless,43
BuracaGloriosa.Denniston.2017,compilation member,SISAL-LiPD,paleoData,S2LRTeSqGehqwm,mineralogy,unitless,81
BuracaGloriosa.Denniston.2017,compilation member,SISAL-LiPD,paleoData,S2LRlYHNoQqlHR,correction,unitless,81
BuracaGloriosa.Denniston.2017,compilation member,SISAL-LiPD,paleoData,S2LRrVP4kRuXTF,uncertainty,unitless,81
BuracaGloriosa.Denniston.2017,compilation member,SISAL-LiPD,paleoData,S2LRWSropnShZj,uncertainty,unitless,81
BuracaGloriosa.Denniston.2017,compilation member,SISAL-LiPD,paleoData,S2LRBrFoWYglFV,hasHiatus,unitless,81
BuracaGloriosa.Denniston.2017,compilation member,SISAL-LiPD,paleoData,S2LRoPGotFdKjy,mineralogy,unitless,968
BuracaGloriosa.Denniston.2017,compilation member,SISAL-LiPD,paleoData,S2LR0N4LtH11Ri,correction,unitless,968
BuracaGloriosa.Denniston.2017,compilation member,SISAL-LiPD,paleoData,S2LRsTiXQDkJ1G,uncertainty,unitless,968
BuracaGloriosa.Denniston.2017,compilation member,SISAL-LiPD,paleoData,S2LREenlq0tyV8,uncertainty,unitless,968
BuracaGloriosa.Denniston.2017,compilation member,SISAL-LiPD,paleoData,S2LRd12cdmmMhD,hasHiatus,unitless,968
BuracaGloriosa.Denniston.2017,compilation member,SISAL-LiPD,paleoData,S2LRsXgUGRCm3y,mineralogy,unitless,1409
BuracaGloriosa.Denniston.2017,compilation member,SISAL-LiPD,paleoData,S2LRpXorfT6XFv,correction,unitless,1409
BuracaGloriosa.Denniston.2017,compilation member,SISAL-LiPD,paleoData,S2LRSbFs9j52Q5,uncertainty,unitless,1409
BuracaGloriosa.Denniston.2017,compilation member,SISAL-LiPD,paleoData,S2LRN1AfVoVNHK,d13C,unitless,1409
BuracaGloriosa.Denniston.2017,compilation member,SISAL-LiPD,paleoData,S2LRQYi5m1jJ7K,hasHiatus,unitless,1409
CenoteSanJoseChulchaca.Leyden.1996,compilation member,LegacyClimate-LiPD,paleoData,lcR3CJ45wAnJsoWi3jr,precipitation,mm/yr,27
Chaaracave.AitBrahim.2018,compilation member,SISAL-LiPD,paleoData,S2LRkNiU3Kl1n1,mineralogy,unitless,121
Chaaracave.AitBrahim.2018,compilation member,SISAL-LiPD,paleoData,S2LR5XpVAMOYEh,correction,unitless,121
Chaaracave.AitBrahim.2018,compilation member,SISAL-LiPD,paleoData,S2LRZOw9B7JpTj,uncertainty,unitless,121
Chaaracave.AitBrahim.2018,compilation member,SISAL-LiPD,paleoData,S2LR1Qp1QdeRcN,hasHiatus,unitless,121
Chaaracave.AitBrahim.2018,compilation member,SISAL-LiPD,paleoData,S2LRrrNRcVgucv,mineralogy,unitless,659
Chaaracave.AitBrahim.2018,compilation member,SISAL-LiPD,paleoData,S2LRMbcmWThY66,correction,unitless,659
Chaaracave.AitBrahim.2018,compilation member,SISAL-LiPD,paleoData,S2LRApZte0Lybe,uncertainty,unitless,659
Chaaracave.AitBrahim.2018,compilation member,SISAL-LiPD,paleoData,S2LRgUHQRxO1bI,hasHiatus,unitless,659
Chaaracave.AitBrahim.2018,compilation member,SISAL-LiPD,paleoData,S2LRAHXNhDGt9E,mineralogy,unitless,1575
Chaaracave.AitBrahim.2018,compilation member,SISAL-LiPD,paleoData,S2LR0kFbQGcnlL,correction,unitless,1575
Chaaracave.AitBrahim.2018,compilation member,SISAL-LiPD,paleoData,S2LRfq0QYOwHXQ,uncertainty,unitless,1575
Chaaracave.AitBrahim.2018,compilation member,SISAL-LiPD,paleoData,S2LRPYCC3rsOWR,hasHiatus,unitless,1575
Chaaracave.AitBrahim.2018,compilation member,SISAL-LiPD,paleoData,S2LRxYxotB4AKS,mineralogy,unitless,2355
Chaaracave.AitBrahim.2018,compilation member,SISAL-LiPD,paleoData,S2LRpSeAXmGD9B,correction,unitless,2355
Chaaracave.AitBrahim.2018,compilation member,SISAL-LiPD,paleoData,S2LRmhTCW8knEI,uncertainty,unitless,2355
Chaaracave.AitBrahim.2018,compilation member,SISAL-LiPD,paleoData,S2LRleUvbdSoBk,hasHiatus,unitless,2355
Colongulac.Gill.1971,compilation member,lipdverseTest,paleoData,OLS_R3vW996pzgS,lakeTrend,unitless,32
CuevadeAsiul.Smith.2016,compilation member,SISAL-LiPD,paleoData,S2LRuVNHJo1azW,mineralogy,unitless,1192
CuevadeAsiul.Smith.2016,compilation member,SISAL-LiPD,paleoData,S2LRcTkEqWbkHS,correction,unitless,1192
CuevadeAsiul.Smith.2016,compilation member,SISAL-LiPD,paleoData,S2LRWz7TgmOU7Q,uncertainty,unitless,1192
CuevadeAsiul.Smith.2016,compilation member,SISAL-LiPD,paleoData,S2LR3bktB0DYyi,hasHiatus,unitless,1192
CuevadeAsiul.Smith.2016,compilation member,SISAL-LiPD,paleoData,S2LRm9sUwfipRi,mineralogy,unitless,829
CuevadeAsiul.Smith.2016,compilation member,SISAL-LiPD,paleoData,S2LRYyfE8mSm3f,correction,unitless,829
CuevadeAsiul.Smith.2016,compilation member,SISAL-LiPD,paleoData,S2LRZ1GgSqDlzi,uncertainty,unitless,829
CuevadeAsiul.Smith.2016,compilation member,SISAL-LiPD,paleoData,S2LRGLk5xEXp9Z,hasHiatus,unitless,829
CuevadeAsiul.Smith.2016,compilation member,SISAL-LiPD,paleoData,S2LR4W8a3iAzZR,mineralogy,unitless,2021
CuevadeAsiul.Smith.2016,compilation member,SISAL-LiPD,paleoData,S2LRQFBsntj44i,correction,unitless,2021
CuevadeAsiul.Smith.2016,compilation member,SISAL-LiPD,paleoData,S2LR6LB8Wf036N,uncertainty,unitless,2021
CuevadeAsiul.Smith.2016,compilation member,SISAL-LiPD,paleoData,S2LRdvN52K6IV2,hasHiatus,unitless,2021
CuevadelTigrePerdido.vanBreukelen.2008,compilation member,SISAL-LiPD,paleoData,S2LRfUxoVEglvY,mineralogy,unitless,288
CuevadelTigrePerdido.vanBreukelen.2008,compilation member,SISAL-LiPD,paleoData,S2LRbn4B7tx4Uy,correction,unitless,288
CuevadelTigrePerdido.vanBreukelen.2008,compilation member,SISAL-LiPD,paleoData,S2LRnQnDVThocE,uncertainty,unitless,288
CuevadelTigrePerdido.vanBreukelen.2008,compilation member,SISAL-LiPD,paleoData,S2LRLDiU9jls9a,mineralogy,unitless,302
CuevadelTigrePerdido.vanBreukelen.2008,compilation member,SISAL-LiPD,paleoData,S2LRXz9PIDRPjG,correction,unitless,302
CuevadelTigrePerdido.vanBreukelen.2008,compilation member,SISAL-LiPD,paleoData,S2LRHest8FrwOI,uncertainty,unitless,302
CuevadelTigrePerdido.vanBreukelen.2008,compilation member,SISAL-LiPD,paleoData,S2LR7Wg1ZrPe8R,mineralogy,unitless,590
CuevadelTigrePerdido.vanBreukelen.2008,compilation member,SISAL-LiPD,paleoData,S2LRzPDgsLqZCV,correction,unitless,590
CuevadelTigrePerdido.vanBreukelen.2008,compilation member,SISAL-LiPD,paleoData,S2LRTjTFveZ0hN,uncertainty,unitless,590
Dantecave.Sletten.2013,compilation member,SISAL-LiPD,paleoData,S2LRhfPCVI0nRC,mineralogy,unitless,315
Dantecave.Sletten.2013,compilation member,SISAL-LiPD,paleoData,S2LRFNFEWtfPNm,correction,unitless,315
Dantecave.Sletten.2013,compilation member,SISAL-LiPD,paleoData,S2LRBdWpPZp29V,uncertainty,unitless,315
Dantecave.Sletten.2013,compilation member,SISAL-LiPD,paleoData,S2LRQHcFHuW10X,uncertainty,unitless,315
Dantecave.Sletten.2013,compilation member,SISAL-LiPD,paleoData,S2LRfxMq2Qwg9C,mineralogy,unitless,264
Dantecave.Sletten.2013,compilation member,SISAL-LiPD,paleoData,S2LRfIS6GlsOBU,correction,unitless,264
Dantecave.Sletten.2013,compilation member,SISAL-LiPD,paleoData,S2LRi97roJT9HH,uncertainty,unitless,264
Dantecave.Sletten.2013,compilation member,SISAL-LiPD,paleoData,S2LRUPm5hogvGa,uncertainty,unitless,264
Dantecave.Sletten.2013,compilation member,SISAL-LiPD,paleoData,S2LReuKp5DRxgT,mineralogy,unitless,579
Dantecave.Sletten.2013,compilation member,SISAL-LiPD,paleoData,S2LR97DeuvxUbK,correction,unitless,579
Dantecave.Sletten.2013,compilation member,SISAL-LiPD,paleoData,S2LR6Z3CMIwEAA,uncertainty,unitless,579
Dantecave.Sletten.2013,compilation member,SISAL-LiPD,paleoData,S2LRrxDTRPtHiy,d13C,unitless,579
Darkcave.Jiang.2013,compilation member,SISAL-LiPD,paleoData,S2LRdI4627OpEJ,mineralogy,unitless,334
Darkcave.Jiang.2013,compilation member,SISAL-LiPD,paleoData,S2LRw6RJ6hTxqY,correction,unitless,334
Darkcave.Jiang.2013,compilation member,SISAL-LiPD,paleoData,S2LRNiaYFoM1jl,uncertainty,unitless,334
Darkcave.Jiang.2013,compilation member,SISAL-LiPD,paleoData,S2LRfTGmjNj9E0,mineralogy,unitless,176
Darkcave.Jiang.2013,compilation member,SISAL-LiPD,paleoData,S2LRNvAcsg3dxa,correction,unitless,176
Darkcave.Jiang.2013,compilation member,SISAL-LiPD,paleoData,S2LRpbhQ2KGIEe,uncertainty,unitless,176
Darkcave.Jiang.2013,compilation member,SISAL-LiPD,paleoData,S2LR5qrsFOaCaW,mineralogy,unitless,510
Darkcave.Jiang.2013,compilation member,SISAL-LiPD,paleoData,S2LRBokNVa9o5j,correction,unitless,510
Darkcave.Jiang.2013,compilation member,SISAL-LiPD,paleoData,S2LRwZ48nnFvHc,uncertainty,unitless,510
DeSotocaverns.Aharon.2013,compilation member,SISAL-LiPD,paleoData,S2LRrTHs1xFtEi,correction,unitless,1468
DeSotocaverns.Aharon.2013,compilation member,SISAL-LiPD,paleoData,S2LR7qHEoHjtRz,uncertainty,unitless,1468
DeSotocaverns.Aharon.2013,compilation member,SISAL-LiPD,paleoData,S2LRQwUwRySE9a,hasHiatus,unitless,1468
Donggecave.Yuan.2004,compilation member,SISAL-LiPD,paleoData,S2LRqGsA8tPoJi,mineralogy,unitless,115
Donggecave.Yuan.2004,compilation member,SISAL-LiPD,paleoData,S2LRec4XqcEGoT,correction,unitless,115
Donggecave.Yuan.2004,compilation member,SISAL-LiPD,paleoData,S2LRehEWuxCN62,uncertainty,unitless,115
Donggecave.Yuan.2004,compilation member,SISAL-LiPD,paleoData,S2LR1aycWfxaR4,mineralogy,unitless,527
Donggecave.Yuan.2004,compilation member,SISAL-LiPD,paleoData,S2LRDTlBmkHfQe,correction,unitless,527
Donggecave.Yuan.2004,compilation member,SISAL-LiPD,paleoData,S2LRMrobE2Vo6j,uncertainty,unitless,527
Donggecave.Yuan.2004,compilation member,SISAL-LiPD,paleoData,S2LRG0Z5phjfax,hasHiatus,unitless,527
Donggecave.Yuan.2004,compilation member,SISAL-LiPD,paleoData,S2LRejVSSTPT4o,mineralogy,unitless,80
Donggecave.Yuan.2004,compilation member,SISAL-LiPD,paleoData,S2LRJz8oxMnrIY,correction,unitless,80
Donggecave.Yuan.2004,compilation member,SISAL-LiPD,paleoData,S2LR3I3R2iLwn9,uncertainty,unitless,80
Donggecave.Yuan.2004,compilation member,SISAL-LiPD,paleoData,S2LRmKf6UZXiMG,mineralogy,unitless,2110
Donggecave.Yuan.2004,compilation member,SISAL-LiPD,paleoData,S2LRhBQNbKwX5J,correction,unitless,2110
Donggecave.Yuan.2004,compilation member,SISAL-LiPD,paleoData,S2LRzXlm4n1BaP,uncertainty,unitless,2110
Donggecave.Yuan.2004,compilation member,SISAL-LiPD,paleoData,S2LR8BqLQseqrn,mineralogy,unitless,908
Donggecave.Yuan.2004,compilation member,SISAL-LiPD,paleoData,S2LRzFKGhiIpXS,correction,unitless,908
Donggecave.Yuan.2004,compilation member,SISAL-LiPD,paleoData,S2LRRxcGU2jNA7,uncertainty,unitless,908
Donggecave.Yuan.2004,compilation member,SISAL-LiPD,paleoData,S2LRyvBn0jU3Kx,mineralogy,unitless,105
Donggecave.Yuan.2004,compilation member,SISAL-LiPD,paleoData,S2LRTvf3XDYgqi,correction,unitless,105
Donggecave.Yuan.2004,compilation member,SISAL-LiPD,paleoData,S2LRScQNQUM1Ej,uncertainty,unitless,105
Donggecave.Yuan.2004,compilation member,SISAL-LiPD,paleoData,S2LR4OjvzwrTf0,mineralogy,unitless,3845
Donggecave.Yuan.2004,compilation member,SISAL-LiPD,paleoData,S2LReD7PYb7RIK,correction,unitless,3845
Donggecave.Yuan.2004,compilation member,SISAL-LiPD,paleoData,S2LROhqpIhax16,uncertainty,unitless,3845
DongguanPK16.Zhang.1982,compilation member,LegacyClimate-LiPD,paleoData,lcRCXzJdbKjsqFNRCAM,temperature,degC,8
DongguanPK16.Zhang.1982,compilation member,LegacyClimate-LiPD,paleoData,lcRo0iy3LUo8OqMydnZ,temperature,degC,8
DongguanPK16.Zhang.1982,compilation member,LegacyClimate-LiPD,paleoData,lcR0PLxo7U4vkKBrjTO,precipitation,mm/yr,8
DosAnascave.Fensterer.2013,compilation member,SISAL-LiPD,paleoData,S2LRlnnHwQkNqW,mineralogy,unitless,1153
DosAnascave.Fensterer.2013,compilation member,SISAL-LiPD,paleoData,S2LRlhjuf6E4dZ,correction,unitless,1153
DosAnascave.Fensterer.2013,compilation member,SISAL-LiPD,paleoData,S2LRqwKlkCNBRR,uncertainty,unitless,1153
DosAnascave.Fensterer.2013,compilation member,SISAL-LiPD,paleoData,S2LRHBcg3tI4fY,hasHiatus,unitless,1153
DosAnascave.Fensterer.2013,compilation member,SISAL-LiPD,paleoData,S2LRRiQ8B68wjD,mineralogy,unitless,672
DosAnascave.Fensterer.2013,compilation member,SISAL-LiPD,paleoData,S2LRoL9MDaHXPV,correction,unitless,672
DosAnascave.Fensterer.2013,compilation member,SISAL-LiPD,paleoData,S2LRor6cGgrnS6,uncertainty,unitless,672
DosAnascave.Fensterer.2013,compilation member,SISAL-LiPD,paleoData,S2LRZM06gBI2qz,uncertainty,unitless,672
DosAnascave.Fensterer.2013,compilation member,SISAL-LiPD,paleoData,S2LR3HTQe5ZzlC,mineralogy,unitless,1825
DosAnascave.Fensterer.2013,compilation member,SISAL-LiPD,paleoData,S2LRvIVei3Sgs4,correction,unitless,1825
DosAnascave.Fensterer.2013,compilation member,SISAL-LiPD,paleoData,S2LR6CW7HT5tr1,uncertainty,unitless,1825
DosAnascave.Fensterer.2013,compilation member,SISAL-LiPD,paleoData,S2LRlKomadI7LY,d13C,unitless,1825
DosAnascave.Fensterer.2013,compilation member,SISAL-LiPD,paleoData,S2LRG1QDf5g5Jm,hasHiatus,unitless,1825
Dune.Finney.2012,compilation member,RapidArcticWarming,paleoData,GH2c543176dp,d13C,permil,304
Fenzhuang.Zhang.1997,compilation member,LegacyClimate-LiPD,paleoData,lcRtSmIHWxk0iFix6HH,temperature,degC,53
Fenzhuang.Zhang.1997,compilation member,LegacyClimate-LiPD,paleoData,lcR9GF6cS3wyQlpnZBn,temperature,degC,53
Fenzhuang.Zhang.1997,compilation member,LegacyClimate-LiPD,paleoData,lcRmCQAz1l4aWhKUBFX,precipitation,mm/yr,53
Fukugaguchicave.Sone.2013,compilation member,SISAL-LiPD,paleoData,S2LRHJvDuytaEN,mineralogy,unitless,965
Fukugaguchicave.Sone.2013,compilation member,SISAL-LiPD,paleoData,S2LRsUeTypzylJ,correction,unitless,965
Fukugaguchicave.Sone.2013,compilation member,SISAL-LiPD,paleoData,S2LRTLgDOsy6Vu,uncertainty,unitless,965
Fukugaguchicave.Sone.2013,compilation member,SISAL-LiPD,paleoData,S2LRtfOug1rtaG,hasHiatus,unitless,965
Furongcave.T.-Y..2011,compilation member,SISAL-LiPD,paleoData,S2LRAbWS9lGH8i,mineralogy,unitless,370
Furongcave.T.-Y..2011,compilation member,SISAL-LiPD,paleoData,S2LRaVzGTQX2vY,correction,unitless,370
Furongcave.T.-Y..2011,compilation member,SISAL-LiPD,paleoData,S2LRkXq8fa2MnZ,uncertainty,unitless,370
Furongcave.T.-Y..2011,compilation member,SISAL-LiPD,paleoData,S2LRs1EeDrI7R9,mineralogy,unitless,299
Furongcave.T.-Y..2011,compilation member,SISAL-LiPD,paleoData,S2LRFdPlrFS96x,correction,unitless,299
Furongcave.T.-Y..2011,compilation member,SISAL-LiPD,paleoData,S2LRCSJ1XVBYO5,uncertainty,unitless,299
Furongcave.T.-Y..2011,compilation member,SISAL-LiPD,paleoData,S2LRmPmfdzAjJl,uncertainty,unitless,299
Furongcave.T.-Y..2011,compilation member,SISAL-LiPD,paleoData,S2LR6RP3I98ls5,mineralogy,unitless,669
Furongcave.T.-Y..2011,compilation member,SISAL-LiPD,paleoData,S2LRSL8TFWQVpV,correction,unitless,669
Furongcave.T.-Y..2011,compilation member,SISAL-LiPD,paleoData,S2LRVm604EqO2x,uncertainty,unitless,669
Gempabumicave.Krause.2019,compilation member,SISAL-LiPD,paleoData,S2LRl8aBWBAEGz,mineralogy,unitless,755
Gempabumicave.Krause.2019,compilation member,SISAL-LiPD,paleoData,S2LRasFx6ovJIm,correction,unitless,755
Gempabumicave.Krause.2019,compilation member,SISAL-LiPD,paleoData,S2LR4XvotKFP4S,uncertainty,unitless,755
Gempabumicave.Krause.2019,compilation member,SISAL-LiPD,paleoData,S2LRXR0wLo4d3J,uncertainty,unitless,755
Gempabumicave.Krause.2019,compilation member,SISAL-LiPD,paleoData,S2LRo2OKoUpg1f,mineralogy,unitless,322
Gempabumicave.Krause.2019,compilation member,SISAL-LiPD,paleoData,S2LR4qVpvgfASB,correction,unitless,322
Gempabumicave.Krause.2019,compilation member,SISAL-LiPD,paleoData,S2LRmjKRazZBNV,uncertainty,unitless,322
Gempabumicave.Krause.2019,compilation member,SISAL-LiPD,paleoData,S2LRtyyVkz2KgB,uncertainty,unitless,322
Gempabumicave.Krause.2019,compilation member,SISAL-LiPD,paleoData,S2LRPvnA191sts,mineralogy,unitless,1077
Gempabumicave.Krause.2019,compilation member,SISAL-LiPD,paleoData,S2LRuo9VaQdyW7,correction,unitless,1077
Gempabumicave.Krause.2019,compilation member,SISAL-LiPD,paleoData,S2LRTh3vS8jUtP,uncertainty,unitless,1077
Gempabumicave.Krause.2019,compilation member,SISAL-LiPD,paleoData,S2LRvO4rdUliUq,d13C,unitless,1077
GeoB6211_2.Voigt.2015,compilation member,PalMod,paleoData,GeoB6211_2_TS_017,d18O,permil,698
Griqualand.Heine.1979,compilation member,lipdverseTest,paleoData,OLS_RmUP75ldT7y,lakeTrend,unitless,32
GrottedePiste.AitBrahim.2018,compilation member,SISAL-LiPD,paleoData,S2LRt2nmbVDdvH,mineralogy,unitless,204
GrottedePiste.AitBrahim.2018,compilation member,SISAL-LiPD,paleoData,S2LRmVDZNKSiro,correction,unitless,204
GrottedePiste.AitBrahim.2018,compilation member,SISAL-LiPD,paleoData,S2LRImxyfkjAwn,uncertainty,unitless,204
GrottedePiste.AitBrahim.2018,compilation member,SISAL-LiPD,paleoData,S2LRDTdrqthLUo,mineralogy,unitless,588
GrottedePiste.AitBrahim.2018,compilation member,SISAL-LiPD,paleoData,S2LRsbMA0M0YiU,correction,unitless,588
GrottedePiste.AitBrahim.2018,compilation member,SISAL-LiPD,paleoData,S2LRtcgvZMrff5,uncertainty,unitless,588
GrottedePiste.AitBrahim.2018,compilation member,SISAL-LiPD,paleoData,S2LRF4DXwhab3O,mineralogy,unitless,792
GrottedePiste.AitBrahim.2018,compilation member,SISAL-LiPD,paleoData,S2LR2F0vqanmdx,correction,unitless,792
GrottedePiste.AitBrahim.2018,compilation member,SISAL-LiPD,paleoData,S2LRbclfVRML2a,uncertainty,unitless,792
Gunung-budacavesnailshellcave.Partin.2007,compilation member,SISAL-LiPD,paleoData,S2LRr6YYP4418h,mineralogy,unitless,438
Gunung-budacavesnailshellcave.Partin.2007,compilation member,SISAL-LiPD,paleoData,S2LRhwDimIzOzw,correction,unitless,438
Gunung-budacavesnailshellcave.Partin.2007,compilation member,SISAL-LiPD,paleoData,S2LR5iOjWA2a5Y,uncertainty,unitless,438
Gunung-budacavesnailshellcave.Partin.2007,compilation member,SISAL-LiPD,paleoData,S2LRjon8cuVAMq,hasHiatus,unitless,438
Gunung-budacavesnailshellcave.Partin.2007,compilation member,SISAL-LiPD,paleoData,S2LRMAzcLRYCgA,mineralogy,unitless,299
Gunung-budacavesnailshellcave.Partin.2007,compilation member,SISAL-LiPD,paleoData,S2LRUTQhcGDMZK,correction,unitless,299
Gunung-budacavesnailshellcave.Partin.2007,compilation member,SISAL-LiPD,paleoData,S2LRbklO6PBr6T,uncertainty,unitless,299
Gunung-budacavesnailshellcave.Partin.2007,compilation member,SISAL-LiPD,paleoData,S2LR3lHiThGh39,hasHiatus,unitless,299
Gunung-budacavesnailshellcave.Partin.2007,compilation member,SISAL-LiPD,paleoData,S2LRStYaS4535G,mineralogy,unitless,302
Gunung-budacavesnailshellcave.Partin.2007,compilation member,SISAL-LiPD,paleoData,S2LRDtAPsUMDVE,correction,unitless,302
Gunung-budacavesnailshellcave.Partin.2007,compilation member,SISAL-LiPD,paleoData,S2LRZA0AmKNWP3,uncertainty,unitless,302
Gunung-budacavesnailshellcave.Partin.2007,compilation member,SISAL-LiPD,paleoData,S2LROHDoEnXGs1,hasHiatus,unitless,302
Haukdalsvatn.Geirsdottir.2013,compilation member,RapidArcticWarming,paleoData,WEB-71be3-c68e-4872-981d-04c5a,d13C,permil,8
Haukdalsvatn.Geirsdottir.2013,compilation member,RapidArcticWarming,paleoData,WEB-d16fe-ef89-460c-b003-a020e,C/N,unitless,8
Haukdalsvatn.Geirsdottir.2013,compilation member,RapidArcticWarming,paleoData,WEB-88778-5f84-4f1b-b0ce-8fd84,organicCarbon,mg/g,8
Haukdalsvatn.Geirsdottir.2013,compilation member,RapidArcticWarming,paleoData,WEB-071aa-0e40-4993-9e7b-0d12e,MS,unitless,8
Haukdalsvatn.Geirsdottir.2013,compilation member,RapidArcticWarming,paleoData,WEB-3ad09-ec7d-4cef-bd9e-e1dbe,uncertainty1s,cm/yr,8
Haukdalsvatn.Geirsdottir.2013,compilation member,RapidArcticWarming,paleoData,WEB-c1a90-5d04-4c09-95b4-81a07,BSi,mg/g,8
Haukdalsvatn.Geirsdottir.2013,compilation member,HoloceneAbruptChange; RapidArcticWarming; Temp12k,paleoData,WEB-9d355-bfb0-4829-963e-4cbf2,composite,z score,8
Heshangcave.C..2008,compilation member,SISAL-LiPD,paleoData,S2LR98DNCBsqtH,mineralogy,unitless,1223
Heshangcave.C..2008,compilation member,SISAL-LiPD,paleoData,S2LRQ2VBe6hu4e,correction,unitless,1223
Heshangcave.C..2008,compilation member,SISAL-LiPD,paleoData,S2LRhqhqloq3T2,uncertainty,unitless,1223
Heshangcave.C..2008,compilation member,SISAL-LiPD,paleoData,S2LR5cZ9i36T0q,uncertainty,unitless,1223
Heshangcave.C..2008,compilation member,SISAL-LiPD,paleoData,S2LRxzZLAw42KT,mineralogy,unitless,863
Heshangcave.C..2008,compilation member,SISAL-LiPD,paleoData,S2LR3FLogXSuxH,correction,unitless,863
Heshangcave.C..2008,compilation member,SISAL-LiPD,paleoData,S2LRAjeYfU2bI4,uncertainty,unitless,863
Heshangcave.C..2008,compilation member,SISAL-LiPD,paleoData,S2LRLCc6PglKzP,uncertainty,unitless,863
Heshangcave.C..2008,compilation member,SISAL-LiPD,paleoData,S2LR7W1xDfrC66,mineralogy,unitless,2086
Heshangcave.C..2008,compilation member,SISAL-LiPD,paleoData,S2LR573TDxWOaZ,correction,unitless,2086
Heshangcave.C..2008,compilation member,SISAL-LiPD,paleoData,S2LRc7ZN55Fi2y,uncertainty,unitless,2086
Heshangcave.C..2008,compilation member,SISAL-LiPD,paleoData,S2LRqX8jU13fTa,d13C,unitless,2086
Hollywoodcave.Whittaker.2011,compilation member,SISAL-LiPD,paleoData,S2LR77PDriCzVT,mineralogy,unitless,718
Hollywoodcave.Whittaker.2011,compilation member,SISAL-LiPD,paleoData,S2LRY33db7EolL,correction,unitless,718
Hollywoodcave.Whittaker.2011,compilation member,SISAL-LiPD,paleoData,S2LRs7kvggb0Mt,uncertainty,unitless,718
Hollywoodcave.Whittaker.2011,compilation member,SISAL-LiPD,paleoData,S2LRYLI4FCwLjn,uncertainty,unitless,718
Hollywoodcave.Whittaker.2011,compilation member,SISAL-LiPD,paleoData,S2LRoPAtwIjbIx,mineralogy,unitless,138
Hollywoodcave.Whittaker.2011,compilation member,SISAL-LiPD,paleoData,S2LRCoxlhKLL6d,correction,unitless,138
Hollywoodcave.Whittaker.2011,compilation member,SISAL-LiPD,paleoData,S2LRv5q7FlQHWJ,uncertainty,unitless,138
Hollywoodcave.Whittaker.2011,compilation member,SISAL-LiPD,paleoData,S2LRmv4tFB7or3,uncertainty,unitless,138
Hollywoodcave.Whittaker.2011,compilation member,SISAL-LiPD,paleoData,S2LRCBmLzSGq62,mineralogy,unitless,856
Hollywoodcave.Whittaker.2011,compilation member,SISAL-LiPD,paleoData,S2LRKm6Yhh61vz,correction,unitless,856
Hollywoodcave.Whittaker.2011,compilation member,SISAL-LiPD,paleoData,S2LRX5uC9I8MoZ,uncertainty,unitless,856
Hollywoodcave.Whittaker.2011,compilation member,SISAL-LiPD,paleoData,S2LRgxv26vLfR0,d13C,unitless,856
Hoqcave.VanRampelbergh.2013,compilation member,SISAL-LiPD,paleoData,S2LRUduIkFLNRB,mineralogy,unitless,507
Hoqcave.VanRampelbergh.2013,compilation member,SISAL-LiPD,paleoData,S2LRctczHzosGX,correction,unitless,507
Hoqcave.VanRampelbergh.2013,compilation member,SISAL-LiPD,paleoData,S2LRuxFEbcJ2hJ,uncertainty,unitless,507
Hoqcave.VanRampelbergh.2013,compilation member,SISAL-LiPD,paleoData,S2LRw7H5w8dnwS,uncertainty,unitless,507
Hoqcave.VanRampelbergh.2013,compilation member,SISAL-LiPD,paleoData,S2LRVOhRswecbD,mineralogy,unitless,609
Hoqcave.VanRampelbergh.2013,compilation member,SISAL-LiPD,paleoData,S2LRBeUQ8raNbG,correction,unitless,609
Hoqcave.VanRampelbergh.2013,compilation member,SISAL-LiPD,paleoData,S2LRD9gP2O7qg4,uncertainty,unitless,609
Hoqcave.VanRampelbergh.2013,compilation member,SISAL-LiPD,paleoData,S2LRHENNVj90YY,uncertainty,unitless,609
Hoqcave.VanRampelbergh.2013,compilation member,SISAL-LiPD,paleoData,S2LRDQLw2BnWWi,mineralogy,unitless,311
Hoqcave.VanRampelbergh.2013,compilation member,SISAL-LiPD,paleoData,S2LRa0CueSKYhN,correction,unitless,311
Hoqcave.VanRampelbergh.2013,compilation member,SISAL-LiPD,paleoData,S2LRWmV8bgLclv,uncertainty,unitless,311
Hoqcave.VanRampelbergh.2013,compilation member,SISAL-LiPD,paleoData,S2LRzTyOrm509D,uncertainty,unitless,311
Hoqcave.VanRampelbergh.2013,compilation member,SISAL-LiPD,paleoData,S2LR5suPDSzezQ,mineralogy,unitless,1427
Hoqcave.VanRampelbergh.2013,compilation member,SISAL-LiPD,paleoData,S2LR09uNEAWatI,correction,unitless,1427
Hoqcave.VanRampelbergh.2013,compilation member,SISAL-LiPD,paleoData,S2LR6lmnNebcSx,uncertainty,unitless,1427
Hoqcave.VanRampelbergh.2013,compilation member,SISAL-LiPD,paleoData,S2LR7tQhtTG333,d13C,unitless,1427
HoyaRincondeParangueo.Park.2005,compilation member,LegacyClimate-LiPD,paleoData,lcR6ovEoYWnUOQDHeqE,precipitation,mm/yr,61
Huagapocave.Kanner.2013,compilation member,SISAL-LiPD,paleoData,S2LRRIL8kIxrA6,mineralogy,unitless,1060
Huagapocave.Kanner.2013,compilation member,SISAL-LiPD,paleoData,S2LRGoKS8OwjUG,correction,unitless,1060
Huagapocave.Kanner.2013,compilation member,SISAL-LiPD,paleoData,S2LRa5EBGj4p90,uncertainty,unitless,1060
Huagapocave.Kanner.2013,compilation member,SISAL-LiPD,paleoData,S2LRKnudHLKjxE,uncertainty,unitless,1060
Huagapocave.Kanner.2013,compilation member,SISAL-LiPD,paleoData,S2LRLXeY2LhAV1,mineralogy,unitless,290
Huagapocave.Kanner.2013,compilation member,SISAL-LiPD,paleoData,S2LRAb3qyeOS4G,correction,unitless,290
Huagapocave.Kanner.2013,compilation member,SISAL-LiPD,paleoData,S2LR3SE2N9TQki,uncertainty,unitless,290
Huagapocave.Kanner.2013,compilation member,SISAL-LiPD,paleoData,S2LRMKq5LvHsab,uncertainty,unitless,290
Huagapocave.Kanner.2013,compilation member,SISAL-LiPD,paleoData,S2LR7WLwW1obAY,mineralogy,unitless,765
Huagapocave.Kanner.2013,compilation member,SISAL-LiPD,paleoData,S2LRi0JfBZ4mB5,correction,unitless,765
Huagapocave.Kanner.2013,compilation member,SISAL-LiPD,paleoData,S2LR4IpkU697iW,uncertainty,unitless,765
Huagapocave.Kanner.2013,compilation member,SISAL-LiPD,paleoData,S2LRkjNf3S7QFh,mineralogy,unitless,427
Huagapocave.Kanner.2013,compilation member,SISAL-LiPD,paleoData,S2LR82VfyuGhur,correction,unitless,427
Huagapocave.Kanner.2013,compilation member,SISAL-LiPD,paleoData,S2LR74WpJcVfSG,uncertainty,unitless,427
Huagapocave.Kanner.2013,compilation member,SISAL-LiPD,paleoData,S2LRY3kHx6Mwnk,mineralogy,unitless,515
Huagapocave.Kanner.2013,compilation member,SISAL-LiPD,paleoData,S2LRIFuuGkazKW,correction,unitless,515
Huagapocave.Kanner.2013,compilation member,SISAL-LiPD,paleoData,S2LRfoAQ3xTkpL,uncertainty,unitless,515
Huagapocave.Kanner.2013,compilation member,SISAL-LiPD,paleoData,S2LROyH0h0CEyv,mineralogy,unitless,1166
Huagapocave.Kanner.2013,compilation member,SISAL-LiPD,paleoData,S2LRrudGjZJHd0,correction,unitless,1166
Huagapocave.Kanner.2013,compilation member,SISAL-LiPD,paleoData,S2LR3OxwLH8iln,uncertainty,unitless,1166
Huagapocave.Kanner.2013,compilation member,SISAL-LiPD,paleoData,S2LRnwxRPHLIhV,mineralogy,unitless,1287
Huagapocave.Kanner.2013,compilation member,SISAL-LiPD,paleoData,S2LRwnkgdP2sF0,correction,unitless,1287
Huagapocave.Kanner.2013,compilation member,SISAL-LiPD,paleoData,S2LRkkDBLEZAlx,uncertainty,unitless,1287
Huagapocave.Kanner.2013,compilation member,SISAL-LiPD,paleoData,S2LRWR8HNQiV1Y,d13C,unitless,1287
Imuruk.Colinvaux.1964,compilation member,RapidArcticWarming,paleoData,OLS_RrQhOizPyk3,lakeTrend,unitless,32
JM96_1225_2_GC.Hagen.2002,compilation member,PalMod,paleoData,JM96_1225_2_GC_TS_017,iceRaftedDebris,count,133
Jaragucave.Novello.2017,compilation member,SISAL-LiPD,paleoData,S2LRezlYuUHNY6,mineralogy,unitless,1885
Jaragucave.Novello.2017,compilation member,SISAL-LiPD,paleoData,S2LRK156G6UabS,correction,unitless,1885
Jaragucave.Novello.2017,compilation member,SISAL-LiPD,paleoData,S2LRkcuParqYYB,uncertainty,unitless,1885
Jaragucave.Novello.2017,compilation member,SISAL-LiPD,paleoData,S2LREpGrMwGk3C,hasHiatus,unitless,1885
Jaragucave.Novello.2017,compilation member,SISAL-LiPD,paleoData,S2LRJpBIYoFnQo,mineralogy,unitless,855
Jaragucave.Novello.2017,compilation member,SISAL-LiPD,paleoData,S2LR4UQgAMChD4,correction,unitless,855
Jaragucave.Novello.2017,compilation member,SISAL-LiPD,paleoData,S2LRx9jh8U5Szh,uncertainty,unitless,855
Jaragucave.Novello.2017,compilation member,SISAL-LiPD,paleoData,S2LROUS4J0qAKe,hasHiatus,unitless,855
Jaragucave.Novello.2017,compilation member,SISAL-LiPD,paleoData,S2LRJdOiVESlog,mineralogy,unitless,583
Jaragucave.Novello.2017,compilation member,SISAL-LiPD,paleoData,S2LRdDuC8Ap3wL,correction,unitless,583
Jaragucave.Novello.2017,compilation member,SISAL-LiPD,paleoData,S2LRLa4Wcjj2iw,uncertainty,unitless,583
Jaragucave.Novello.2017,compilation member,SISAL-LiPD,paleoData,S2LRT0U3jIhy22,mineralogy,unitless,238
Jaragucave.Novello.2017,compilation member,SISAL-LiPD,paleoData,S2LRCJONpdqPx9,correction,unitless,238
Jaragucave.Novello.2017,compilation member,SISAL-LiPD,paleoData,S2LRCTkVjzjLIZ,uncertainty,unitless,238
Jaragucave.Novello.2017,compilation member,SISAL-LiPD,paleoData,S2LRPLisIPkmRu,mineralogy,unitless,319
Jaragucave.Novello.2017,compilation member,SISAL-LiPD,paleoData,S2LReoadpL5JRJ,correction,unitless,319
Jaragucave.Novello.2017,compilation member,SISAL-LiPD,paleoData,S2LR4aFwbPiKgs,uncertainty,unitless,319
Jaragucave.Novello.2017,compilation member,SISAL-LiPD,paleoData,S2LRFO6xiLw8Tl,mineralogy,unitless,3388
Jaragucave.Novello.2017,compilation member,SISAL-LiPD,paleoData,S2LRNlL85kWSg6,correction,unitless,3388
Jaragucave.Novello.2017,compilation member,SISAL-LiPD,paleoData,S2LRMO3raRN9bi,uncertainty,unitless,3388
Jaragucave.Novello.2017,compilation member,SISAL-LiPD,paleoData,S2LRqhdotjTbDV,hasGap,unitless,3388
Jeitacave.Cheng.2015,compilation member,SISAL-LiPD,paleoData,S2LRVSH5df0bEM,mineralogy,unitless,1600
Jeitacave.Cheng.2015,compilation member,SISAL-LiPD,paleoData,S2LRCcEcmQyCQ8,correction,unitless,1600
Jeitacave.Cheng.2015,compilation member,SISAL-LiPD,paleoData,S2LR6hqssmOc2k,uncertainty,unitless,1600
Jeitacave.Cheng.2015,compilation member,SISAL-LiPD,paleoData,S2LRW6PrIt8vpl,uncertainty,unitless,1600
Jeitacave.Cheng.2015,compilation member,SISAL-LiPD,paleoData,S2LRDRibQnPEgB,mineralogy,unitless,120
Jeitacave.Cheng.2015,compilation member,SISAL-LiPD,paleoData,S2LR43NkPDTWCr,correction,unitless,120
Jeitacave.Cheng.2015,compilation member,SISAL-LiPD,paleoData,S2LRukFMWPnR31,uncertainty,unitless,120
Jeitacave.Cheng.2015,compilation member,SISAL-LiPD,paleoData,S2LRTSoCJzCNZy,uncertainty,unitless,120
Jeitacave.Cheng.2015,compilation member,SISAL-LiPD,paleoData,S2LR95K33WazNw,mineralogy,unitless,110
Jeitacave.Cheng.2015,compilation member,SISAL-LiPD,paleoData,S2LRkgASXBtNSw,correction,unitless,110
Jeitacave.Cheng.2015,compilation member,SISAL-LiPD,paleoData,S2LR2s32WsOJT3,uncertainty,unitless,110
Jeitacave.Cheng.2015,compilation member,SISAL-LiPD,paleoData,S2LR5It5LRuLZw,uncertainty,unitless,110
Jeitacave.Cheng.2015,compilation member,SISAL-LiPD,paleoData,S2LRN8USyLsWLh,mineralogy,unitless,1830
Jeitacave.Cheng.2015,compilation member,SISAL-LiPD,paleoData,S2LRBZ5A5mg8Hb,correction,unitless,1830
Jeitacave.Cheng.2015,compilation member,SISAL-LiPD,paleoData,S2LRXCNwBCO6rX,uncertainty,unitless,1830
Jeitacave.Cheng.2015,compilation member,SISAL-LiPD,paleoData,S2LR1ZCI0uvavl,d13C,unitless,1830
Jiuxiancave.Cai.2010,compilation member,SISAL-LiPD,paleoData,S2LRyYmaAr44zK,mineralogy,unitless,828
Jiuxiancave.Cai.2010,compilation member,SISAL-LiPD,paleoData,S2LR0RyAMy15r8,correction,unitless,828
Jiuxiancave.Cai.2010,compilation member,SISAL-LiPD,paleoData,S2LRaVrpUx0Qsv,uncertainty,unitless,828
Jiuxiancave.Cai.2010,compilation member,SISAL-LiPD,paleoData,S2LRSQkVeDS6H4,mineralogy,unitless,217
Jiuxiancave.Cai.2010,compilation member,SISAL-LiPD,paleoData,S2LR4XFIUXWmnv,correction,unitless,217
Jiuxiancave.Cai.2010,compilation member,SISAL-LiPD,paleoData,S2LR7O0ZpVHiia,uncertainty,unitless,217
Jiuxiancave.Cai.2010,compilation member,SISAL-LiPD,paleoData,S2LRKxg2zROcJu,hasHiatus,unitless,217
Jiuxiancave.Cai.2010,compilation member,SISAL-LiPD,paleoData,S2LRRCVJwGyQMN,mineralogy,unitless,900
Jiuxiancave.Cai.2010,compilation member,SISAL-LiPD,paleoData,S2LR0hqEGI2C73,correction,unitless,900
Jiuxiancave.Cai.2010,compilation member,SISAL-LiPD,paleoData,S2LRXyBh5L8j0i,uncertainty,unitless,900
KNI-51.Denniston.2013,compilation member,SISAL-LiPD,paleoData,S2LRJ8oRa0LA86,mineralogy,unitless,406
KNI-51.Denniston.2013,compilation member,SISAL-LiPD,paleoData,S2LR2KVvWqcmOv,correction,unitless,406
KNI-51.Denniston.2013,compilation member,SISAL-LiPD,paleoData,S2LRjRvythEopn,uncertainty,unitless,406
KNI-51.Denniston.2013,compilation member,SISAL-LiPD,paleoData,S2LRYXTRu0Yf1S,hasHiatus,unitless,406
KNI-51.Denniston.2013,compilation member,SISAL-LiPD,paleoData,S2LR4aG2Aj0KxH,mineralogy,unitless,33
KNI-51.Denniston.2013,compilation member,SISAL-LiPD,paleoData,S2LRzyKcjj1vLG,correction,unitless,33
KNI-51.Denniston.2013,compilation member,SISAL-LiPD,paleoData,S2LRv99aka0lVc,uncertainty,unitless,33
KNI-51.Denniston.2013,compilation member,SISAL-LiPD,paleoData,S2LRVuUDOy9gRX,hasHiatus,unitless,33
KNI-51.Denniston.2013,compilation member,SISAL-LiPD,paleoData,S2LRWH0aOQlPam,mineralogy,unitless,97
KNI-51.Denniston.2013,compilation member,SISAL-LiPD,paleoData,S2LRKl7ZJz0dRw,correction,unitless,97
KNI-51.Denniston.2013,compilation member,SISAL-LiPD,paleoData,S2LRkPw6k2T4pq,uncertainty,unitless,97
KNI-51.Denniston.2013,compilation member,SISAL-LiPD,paleoData,S2LRbUfbvp7EFV,mineralogy,unitless,223
KNI-51.Denniston.2013,compilation member,SISAL-LiPD,paleoData,S2LRRnxWKEGQpR,correction,unitless,223
KNI-51.Denniston.2013,compilation member,SISAL-LiPD,paleoData,S2LRBg9NeO5yeK,uncertainty,unitless,223
KNI-51.Denniston.2013,compilation member,SISAL-LiPD,paleoData,S2LR2MJTKyvScn,mineralogy,unitless,125
KNI-51.Denniston.2013,compilation member,SISAL-LiPD,paleoData,S2LRA66e2yS7AU,correction,unitless,125
KNI-51.Denniston.2013,compilation member,SISAL-LiPD,paleoData,S2LRdSQL0ZhDPW,uncertainty,unitless,125
KNI-51.Denniston.2013,compilation member,SISAL-LiPD,paleoData,S2LR3reRQujBsZ,mineralogy,unitless,110
KNI-51.Denniston.2013,compilation member,SISAL-LiPD,paleoData,S2LRES3pjGonlN,correction,unitless,110
KNI-51.Denniston.2013,compilation member,SISAL-LiPD,paleoData,S2LRhI2Lvvk6bb,uncertainty,unitless,110
KNI-51.Denniston.2013,compilation member,SISAL-LiPD,paleoData,S2LRhxpTGsi7Ww,hasHiatus,unitless,110
KNI-51.Denniston.2013,compilation member,SISAL-LiPD,paleoData,S2LRPj95ONl4Kp,mineralogy,unitless,38
KNI-51.Denniston.2013,compilation member,SISAL-LiPD,paleoData,S2LRxIR1Uq20Kv,correction,unitless,38
KNI-51.Denniston.2013,compilation member,SISAL-LiPD,paleoData,S2LRFerVk1c1Mc,uncertainty,unitless,38
KNI-51.Denniston.2013,compilation member,SISAL-LiPD,paleoData,S2LR8eyDQBQis5,mineralogy,unitless,31
KNI-51.Denniston.2013,compilation member,SISAL-LiPD,paleoData,S2LRQtsFuz41Kp,correction,unitless,31
KNI-51.Denniston.2013,compilation member,SISAL-LiPD,paleoData,S2LRmY1t953YBv,uncertainty,unitless,31
KNI-51.Denniston.2013,compilation member,SISAL-LiPD,paleoData,S2LR76JxZtSAnQ,mineralogy,unitless,119
KNI-51.Denniston.2013,compilation member,SISAL-LiPD,paleoData,S2LRQUZkuwUM9v,correction,unitless,119
KNI-51.Denniston.2013,compilation member,SISAL-LiPD,paleoData,S2LRpRAezqqzNX,uncertainty,unitless,119
KNI-51.Denniston.2013,compilation member,SISAL-LiPD,paleoData,S2LREMyFyOs8lc,mineralogy,unitless,124
KNI-51.Denniston.2013,compilation member,SISAL-LiPD,paleoData,S2LR2iRs3sbEo0,correction,unitless,124
KNI-51.Denniston.2013,compilation member,SISAL-LiPD,paleoData,S2LRc8kJp1YWI8,uncertainty,unitless,124
KNI-51.Denniston.2013,compilation member,SISAL-LiPD,paleoData,S2LREXfcJBJtJ5,mineralogy,unitless,143
KNI-51.Denniston.2013,compilation member,SISAL-LiPD,paleoData,S2LRLdSlDbX3GU,correction,unitless,143
KNI-51.Denniston.2013,compilation member,SISAL-LiPD,paleoData,S2LRaLiP30zMrk,uncertainty,unitless,143
KNI-51.Denniston.2013,compilation member,SISAL-LiPD,paleoData,S2LR7L1lzN8Vbi,mineralogy,unitless,74
KNI-51.Denniston.2013,compilation member,SISAL-LiPD,paleoData,S2LRhW0L1DnsGu,correction,unitless,74
KNI-51.Denniston.2013,compilation member,SISAL-LiPD,paleoData,S2LReBwM8IN4uS,uncertainty,unitless,74
KNI-51.Denniston.2013,compilation member,SISAL-LiPD,paleoData,S2LRdLsGNLUOqO,mineralogy,unitless,82
KNI-51.Denniston.2013,compilation member,SISAL-LiPD,paleoData,S2LRY6czoBb7Wl,correction,unitless,82
KNI-51.Denniston.2013,compilation member,SISAL-LiPD,paleoData,S2LRRkcUatoUuk,uncertainty,unitless,82
KNI-51.Denniston.2013,compilation member,SISAL-LiPD,paleoData,S2LROXfLRioyVL,mineralogy,unitless,22
KNI-51.Denniston.2013,compilation member,SISAL-LiPD,paleoData,S2LRM4QvrvmS76,correction,unitless,22
KNI-51.Denniston.2013,compilation member,SISAL-LiPD,paleoData,S2LRSN7ZOGj5r1,uncertainty,unitless,22
KNI-51.Denniston.2013,compilation member,SISAL-LiPD,paleoData,S2LRUa94ndbUs2,mineralogy,unitless,43
KNI-51.Denniston.2013,compilation member,SISAL-LiPD,paleoData,S2LRmL833kRMyL,correction,unitless,43
KNI-51.Denniston.2013,compilation member,SISAL-LiPD,paleoData,S2LRxcDlS423cL,uncertainty,unitless,43
KNI-51.Denniston.2013,compilation member,SISAL-LiPD,paleoData,S2LR4XD6ImDx0X,mineralogy,unitless,74
KNI-51.Denniston.2013,compilation member,SISAL-LiPD,paleoData,S2LRtIlD29K0Cd,correction,unitless,74
KNI-51.Denniston.2013,compilation member,SISAL-LiPD,paleoData,S2LRS4vM5BYOiH,uncertainty,unitless,74
KNI-51.Denniston.2013,compilation member,SISAL-LiPD,paleoData,S2LRJQ1ARCv13A,mineralogy,unitless,132
KNI-51.Denniston.2013,compilation member,SISAL-LiPD,paleoData,S2LRWtrNXGhMMm,correction,unitless,132
KNI-51.Denniston.2013,compilation member,SISAL-LiPD,paleoData,S2LRV93njzRnPQ,uncertainty,unitless,132
KNI-51.Denniston.2013,compilation member,SISAL-LiPD,paleoData,S2LRylzIPFomDK,mineralogy,unitless,101
KNI-51.Denniston.2013,compilation member,SISAL-LiPD,paleoData,S2LRN8TZ3ljiyE,correction,unitless,101
KNI-51.Denniston.2013,compilation member,SISAL-LiPD,paleoData,S2LR9eXi3yeC8K,uncertainty,unitless,101
KNI-51.Denniston.2013,compilation member,SISAL-LiPD,paleoData,S2LR2XcHUHfkIu,mineralogy,unitless,74
KNI-51.Denniston.2013,compilation member,SISAL-LiPD,paleoData,S2LRTbexSjkRXS,correction,unitless,74
KNI-51.Denniston.2013,compilation member,SISAL-LiPD,paleoData,S2LRj10u6RNL8i,uncertainty,unitless,74
KNI-51.Denniston.2013,compilation member,SISAL-LiPD,paleoData,S2LRQeFxEHv2mU,uncertainty,unitless,74
KNI-51.Denniston.2013,compilation member,SISAL-LiPD,paleoData,S2LRYQxIzpu7Ob,hasHiatus,unitless,74
KNI-51.Denniston.2013,compilation member,SISAL-LiPD,paleoData,S2LREHsCdzQsG9,mineralogy,unitless,109
KNI-51.Denniston.2013,compilation member,SISAL-LiPD,paleoData,S2LRKNgZ6PJaNN,correction,unitless,109
KNI-51.Denniston.2013,compilation member,SISAL-LiPD,paleoData,S2LRDTZJHJUIZw,uncertainty,unitless,109
KNI-51.Denniston.2013,compilation member,SISAL-LiPD,paleoData,S2LRgJEPlu3XVP,uncertainty,unitless,109
KNI-51.Denniston.2013,compilation member,SISAL-LiPD,paleoData,S2LR4qHJIMpYhK,mineralogy,unitless,2160
KNI-51.Denniston.2013,compilation member,SISAL-LiPD,paleoData,S2LRY55zXfD6T0,correction,unitless,2160
KNI-51.Denniston.2013,compilation member,SISAL-LiPD,paleoData,S2LRQKfl9CNjdo,uncertainty,unitless,2160
KNI-51.Denniston.2013,compilation member,SISAL-LiPD,paleoData,S2LR9TBT2aDHoI,hasHiatus,unitless,2160
KearneyMcKean2.Dillon.2018,compilation member,LegacyClimate-LiPD,paleoData,lcRZmWY9N94bUSkF7KN,temperature,degC,8
Kesangcave.Cheng.2016,compilation member,SISAL-LiPD,paleoData,S2LRWn4zwzhiBW,mineralogy,unitless,134
Kesangcave.Cheng.2016,compilation member,SISAL-LiPD,paleoData,S2LRpy1XURNJzq,correction,unitless,134
Kesangcave.Cheng.2016,compilation member,SISAL-LiPD,paleoData,S2LR7MEqYZF35G,uncertainty,unitless,134
Kesangcave.Cheng.2016,compilation member,SISAL-LiPD,paleoData,S2LR5z711gVsYq,uncertainty,unitless,134
Kesangcave.Cheng.2016,compilation member,SISAL-LiPD,paleoData,S2LRc2FBEO3ggJ,mineralogy,unitless,384
Kesangcave.Cheng.2016,compilation member,SISAL-LiPD,paleoData,S2LRmr5F7KTVhn,correction,unitless,384
Kesangcave.Cheng.2016,compilation member,SISAL-LiPD,paleoData,S2LRizPKphSzmb,uncertainty,unitless,384
Kesangcave.Cheng.2016,compilation member,SISAL-LiPD,paleoData,S2LRXrsurd04xy,uncertainty,unitless,384
Kesangcave.Cheng.2016,compilation member,SISAL-LiPD,paleoData,S2LRiRHGM3Vrpe,hasHiatus,unitless,384
Kesangcave.Cheng.2016,compilation member,SISAL-LiPD,paleoData,S2LR4q5i2nwiQs,mineralogy,unitless,450
Kesangcave.Cheng.2016,compilation member,SISAL-LiPD,paleoData,S2LRgzqFzoBxqU,correction,unitless,450
Kesangcave.Cheng.2016,compilation member,SISAL-LiPD,paleoData,S2LRprvh2EpKms,uncertainty,unitless,450
Kesangcave.Cheng.2016,compilation member,SISAL-LiPD,paleoData,S2LRFjSqyo7tYR,uncertainty,unitless,450
Kesangcave.Cheng.2016,compilation member,SISAL-LiPD,paleoData,S2LRkunbEADCTr,hasHiatus,unitless,450
Kesangcave.Cheng.2016,compilation member,SISAL-LiPD,paleoData,S2LRDkWj1aeAU2,mineralogy,unitless,159
Kesangcave.Cheng.2016,compilation member,SISAL-LiPD,paleoData,S2LRAICErBVdHI,correction,unitless,159
Kesangcave.Cheng.2016,compilation member,SISAL-LiPD,paleoData,S2LRJ1MmsWassA,uncertainty,unitless,159
Kesangcave.Cheng.2016,compilation member,SISAL-LiPD,paleoData,S2LRJDMuY5ViO3,uncertainty,unitless,159
Kesangcave.Cheng.2016,compilation member,SISAL-LiPD,paleoData,S2LR54tFvonsi1,mineralogy,unitless,770
Kesangcave.Cheng.2016,compilation member,SISAL-LiPD,paleoData,S2LRz9KijanFfn,correction,unitless,770
Kesangcave.Cheng.2016,compilation member,SISAL-LiPD,paleoData,S2LRil26coHnGH,uncertainty,unitless,770
Kesangcave.Cheng.2016,compilation member,SISAL-LiPD,paleoData,S2LR3QYU7Ry2wH,uncertainty,unitless,770
Kesangcave.Cheng.2016,compilation member,SISAL-LiPD,paleoData,S2LR8emPdlYOd5,hasHiatus,unitless,770
Kesangcave.Cheng.2016,compilation member,SISAL-LiPD,paleoData,S2LRJD9g3QUaiG,mineralogy,unitless,51
Kesangcave.Cheng.2016,compilation member,SISAL-LiPD,paleoData,S2LRM7sOJXGQ33,correction,unitless,51
Kesangcave.Cheng.2016,compilation member,SISAL-LiPD,paleoData,S2LRfIAnDcBtLq,uncertainty,unitless,51
Kesangcave.Cheng.2016,compilation member,SISAL-LiPD,paleoData,S2LR2KJ89cHv6i,uncertainty,unitless,51
Kesangcave.Cheng.2016,compilation member,SISAL-LiPD,paleoData,S2LRaUOoKI862D,mineralogy,unitless,610
Kesangcave.Cheng.2016,compilation member,SISAL-LiPD,paleoData,S2LRwUhPyetnb0,correction,unitless,610
Kesangcave.Cheng.2016,compilation member,SISAL-LiPD,paleoData,S2LRDiNlnlXvfr,uncertainty,unitless,610
Kesangcave.Cheng.2016,compilation member,SISAL-LiPD,paleoData,S2LR6ReAccYRLb,uncertainty,unitless,610
Kesangcave.Cheng.2016,compilation member,SISAL-LiPD,paleoData,S2LRt3Blw5KN7L,hasHiatus,unitless,610
Kesangcave.Cheng.2016,compilation member,SISAL-LiPD,paleoData,S2LRMR7z6Ykmz9,mineralogy,unitless,89
Kesangcave.Cheng.2016,compilation member,SISAL-LiPD,paleoData,S2LRj0YwAQLXiF,correction,unitless,89
Kesangcave.Cheng.2016,compilation member,SISAL-LiPD,paleoData,S2LRL53TEnl4QU,uncertainty,unitless,89
Kesangcave.Cheng.2016,compilation member,SISAL-LiPD,paleoData,S2LRfJylIKECgZ,uncertainty,unitless,89
Kesangcave.Cheng.2016,compilation member,SISAL-LiPD,paleoData,S2LRQmMGSPaZC2,mineralogy,unitless,46
Kesangcave.Cheng.2016,compilation member,SISAL-LiPD,paleoData,S2LRN5chWZ8nTN,correction,unitless,46
Kesangcave.Cheng.2016,compilation member,SISAL-LiPD,paleoData,S2LRufYaIbgsX8,uncertainty,unitless,46
Kesangcave.Cheng.2016,compilation member,SISAL-LiPD,paleoData,S2LRM7P3PLKZ5H,uncertainty,unitless,46
Kesangcave.Cheng.2016,compilation member,SISAL-LiPD,paleoData,S2LRdN4hCWCdO3,mineralogy,unitless,168
Kesangcave.Cheng.2016,compilation member,SISAL-LiPD,paleoData,S2LR3zLPkjeNeB,correction,unitless,168
Kesangcave.Cheng.2016,compilation member,SISAL-LiPD,paleoData,S2LRKqPfFXAH8S,uncertainty,unitless,168
Kesangcave.Cheng.2016,compilation member,SISAL-LiPD,paleoData,S2LR8YBdPpV6nZ,mineralogy,unitless,325
Kesangcave.Cheng.2016,compilation member,SISAL-LiPD,paleoData,S2LRbvraEWV3yp,correction,unitless,325
Kesangcave.Cheng.2016,compilation member,SISAL-LiPD,paleoData,S2LRDpRFEVRB3Z,uncertainty,unitless,325
Kesangcave.Cheng.2016,compilation member,SISAL-LiPD,paleoData,S2LRenEeiGQBHK,mineralogy,unitless,174
Kesangcave.Cheng.2016,compilation member,SISAL-LiPD,paleoData,S2LRb989S4RpXH,correction,unitless,174
Kesangcave.Cheng.2016,compilation member,SISAL-LiPD,paleoData,S2LRDYsho5PU3Z,uncertainty,unitless,174
Kesangcave.Cheng.2016,compilation member,SISAL-LiPD,paleoData,S2LRCv2gw2W4zA,mineralogy,unitless,497
Kesangcave.Cheng.2016,compilation member,SISAL-LiPD,paleoData,S2LR8VGOTtzq2E,correction,unitless,497
Kesangcave.Cheng.2016,compilation member,SISAL-LiPD,paleoData,S2LRDU4pwd8UUE,uncertainty,unitless,497
Kesangcave.Cheng.2016,compilation member,SISAL-LiPD,paleoData,S2LREOq3cb9b9A,mineralogy,unitless,293
Kesangcave.Cheng.2016,compilation member,SISAL-LiPD,paleoData,S2LRoKY21VQrIm,correction,unitless,293
Kesangcave.Cheng.2016,compilation member,SISAL-LiPD,paleoData,S2LRQleIOHeRcj,uncertainty,unitless,293
Kesangcave.Cheng.2016,compilation member,SISAL-LiPD,paleoData,S2LRWTZMfU9UTK,d13C,unitless,293
Kunteyi.Bowler.1986,compilation member,lipdverseTest,paleoData,OLS_RYtr6Ze6Vew,lakeTrend,unitless,32
LakeAshenge.Marshall.2009,compilation member,lipdverseTest,paleoData,dc_Rhc4UVii00Ha90TPp,sampleID,unitless,26
LakeSokoch.Dirksen.2015,compilation member,LegacyClimate-LiPD,paleoData,lcRDCqVKHvG8XkOQduf,temperature,degC,38
Lapagrandecave.Strikis.2011,compilation member,SISAL-LiPD,paleoData,S2LR6CB94CAl2t,mineralogy,unitless,336
Lapagrandecave.Strikis.2011,compilation member,SISAL-LiPD,paleoData,S2LRqUypeCli5N,correction,unitless,336
Lapagrandecave.Strikis.2011,compilation member,SISAL-LiPD,paleoData,S2LRIJewsqvFVw,uncertainty,unitless,336
Lapagrandecave.Strikis.2011,compilation member,SISAL-LiPD,paleoData,S2LRcKrWfvL1CZ,mineralogy,unitless,423
Lapagrandecave.Strikis.2011,compilation member,SISAL-LiPD,paleoData,S2LRAFSJey84Fx,correction,unitless,423
Lapagrandecave.Strikis.2011,compilation member,SISAL-LiPD,paleoData,S2LRATpRRT8nMP,uncertainty,unitless,423
Lapagrandecave.Strikis.2011,compilation member,SISAL-LiPD,paleoData,S2LRnG8F801yGW,mineralogy,unitless,558
Lapagrandecave.Strikis.2011,compilation member,SISAL-LiPD,paleoData,S2LR9hcnP4ccHT,correction,unitless,558
Lapagrandecave.Strikis.2011,compilation member,SISAL-LiPD,paleoData,S2LRgrPK6p6baf,uncertainty,unitless,558
Lapagrandecave.Strikis.2011,compilation member,SISAL-LiPD,paleoData,S2LRfyAQvhts6X,hasHiatus,unitless,558
Lapagrandecave.Strikis.2011,compilation member,SISAL-LiPD,paleoData,S2LRLEfzebxk30,mineralogy,unitless,718
Lapagrandecave.Strikis.2011,compilation member,SISAL-LiPD,paleoData,S2LRGcuKC2CinB,correction,unitless,718
Lapagrandecave.Strikis.2011,compilation member,SISAL-LiPD,paleoData,S2LRigtZJ8tfVA,uncertainty,unitless,718
Lapagrandecave.Strikis.2011,compilation member,SISAL-LiPD,paleoData,S2LRlV3ob3jw2d,mineralogy,unitless,638
Lapagrandecave.Strikis.2011,compilation member,SISAL-LiPD,paleoData,S2LRm2QMODLccy,correction,unitless,638
Lapagrandecave.Strikis.2011,compilation member,SISAL-LiPD,paleoData,S2LRFpSKH7V8HG,uncertainty,unitless,638
Lapagrandecave.Strikis.2011,compilation member,SISAL-LiPD,paleoData,S2LRfP3eRhQNda,mineralogy,unitless,2673
Lapagrandecave.Strikis.2011,compilation member,SISAL-LiPD,paleoData,S2LRzKdCI2Yt36,correction,unitless,2673
Lapagrandecave.Strikis.2011,compilation member,SISAL-LiPD,paleoData,S2LRq3bCoQ5a8O,uncertainty,unitless,2673
LiangLuar.Griffiths.2016,compilation member,SISAL-LiPD,paleoData,S2LRqFwMcGkdL5,mineralogy,unitless,1242
LiangLuar.Griffiths.2016,compilation member,SISAL-LiPD,paleoData,S2LRNNaSMgQYgd,correction,unitless,1242
LiangLuar.Griffiths.2016,compilation member,SISAL-LiPD,paleoData,S2LR3mHBGcsGZC,uncertainty,unitless,1242
LiangLuar.Griffiths.2016,compilation member,SISAL-LiPD,paleoData,S2LRU2W5MS0mlF,hasHiatus,unitless,1242
LiangLuar.Griffiths.2016,compilation member,SISAL-LiPD,paleoData,S2LRfhQpcEbs0O,mineralogy,unitless,160
LiangLuar.Griffiths.2016,compilation member,SISAL-LiPD,paleoData,S2LRP4Gar6RHTp,correction,unitless,160
LiangLuar.Griffiths.2016,compilation member,SISAL-LiPD,paleoData,S2LRko0FeXIYGA,uncertainty,unitless,160
LiangLuar.Griffiths.2016,compilation member,SISAL-LiPD,paleoData,S2LRy8rmm4naIv,mineralogy,unitless,174
LiangLuar.Griffiths.2016,compilation member,SISAL-LiPD,paleoData,S2LRXQInTZBEq9,correction,unitless,174
LiangLuar.Griffiths.2016,compilation member,SISAL-LiPD,paleoData,S2LRwKQkx9zR3r,uncertainty,unitless,174
LiangLuar.Griffiths.2016,compilation member,SISAL-LiPD,paleoData,S2LR2PdliHBPer,hasHiatus,unitless,174
LiangLuar.Griffiths.2016,compilation member,SISAL-LiPD,paleoData,S2LRC4fnGTTL1B,mineralogy,unitless,13
LiangLuar.Griffiths.2016,compilation member,SISAL-LiPD,paleoData,S2LRpFyZ20MdVF,correction,unitless,13
LiangLuar.Griffiths.2016,compilation member,SISAL-LiPD,paleoData,S2LR6M49kCkRlK,uncertainty,unitless,13
LiangLuar.Griffiths.2016,compilation member,SISAL-LiPD,paleoData,S2LRBSiqMDWYC9,mineralogy,unitless,211
LiangLuar.Griffiths.2016,compilation member,SISAL-LiPD,paleoData,S2LRfvbrEf5lvT,correction,unitless,211
LiangLuar.Griffiths.2016,compilation member,SISAL-LiPD,paleoData,S2LR5WanFIXfiI,uncertainty,unitless,211
LiangLuar.Griffiths.2016,compilation member,SISAL-LiPD,paleoData,S2LRBQbtSy3aJK,mineralogy,unitless,278
LiangLuar.Griffiths.2016,compilation member,SISAL-LiPD,paleoData,S2LR2C4KOXcHGR,correction,unitless,278
LiangLuar.Griffiths.2016,compilation member,SISAL-LiPD,paleoData,S2LRuKW9YB0rFA,uncertainty,unitless,278
LiangLuar.Griffiths.2016,compilation member,SISAL-LiPD,paleoData,S2LRSHBIXc5Cag,uncertainty,unitless,278
LiangLuar.Griffiths.2016,compilation member,SISAL-LiPD,paleoData,S2LR8yOUiBuS88,mineralogy,unitless,396
LiangLuar.Griffiths.2016,compilation member,SISAL-LiPD,paleoData,S2LR69fO3lV3MQ,correction,unitless,396
LiangLuar.Griffiths.2016,compilation member,SISAL-LiPD,paleoData,S2LRDpkw1CNI56,uncertainty,unitless,396
LiangLuar.Griffiths.2016,compilation member,SISAL-LiPD,paleoData,S2LRruOSxM2l8Q,uncertainty,unitless,396
LiangLuar.Griffiths.2016,compilation member,SISAL-LiPD,paleoData,S2LRIzDTlgyNc6,mineralogy,unitless,217
LiangLuar.Griffiths.2016,compilation member,SISAL-LiPD,paleoData,S2LROX7sQhN9Xk,correction,unitless,217
LiangLuar.Griffiths.2016,compilation member,SISAL-LiPD,paleoData,S2LRvZsMLLjXHU,uncertainty,unitless,217
LiangLuar.Griffiths.2016,compilation member,SISAL-LiPD,paleoData,S2LRxfzoa6nohT,uncertainty,unitless,217
LiangLuar.Griffiths.2016,compilation member,SISAL-LiPD,paleoData,S2LRzk8IA39B7P,hasHiatus,unitless,217
LiangLuar.Griffiths.2016,compilation member,SISAL-LiPD,paleoData,S2LRwasqOChbJi,mineralogy,unitless,632
LiangLuar.Griffiths.2016,compilation member,SISAL-LiPD,paleoData,S2LRNnHytSW8OR,correction,unitless,632
LiangLuar.Griffiths.2016,compilation member,SISAL-LiPD,paleoData,S2LRB1cnJijTUW,uncertainty,unitless,632
LiangLuar.Griffiths.2016,compilation member,SISAL-LiPD,paleoData,S2LRH3RPUO6klC,uncertainty,unitless,632
LiangLuar.Griffiths.2016,compilation member,SISAL-LiPD,paleoData,S2LRTadjT8uVso,mineralogy,unitless,530
LiangLuar.Griffiths.2016,compilation member,SISAL-LiPD,paleoData,S2LRAMkQUvNxDx,correction,unitless,530
LiangLuar.Griffiths.2016,compilation member,SISAL-LiPD,paleoData,S2LREF1DOykGqz,uncertainty,unitless,530
LiangLuar.Griffiths.2016,compilation member,SISAL-LiPD,paleoData,S2LRuw5e8QjTJy,uncertainty,unitless,530
LiangLuar.Griffiths.2016,compilation member,SISAL-LiPD,paleoData,S2LR51P1J8SUp7,mineralogy,unitless,169
LiangLuar.Griffiths.2016,compilation member,SISAL-LiPD,paleoData,S2LR8sArKgPgFo,correction,unitless,169
LiangLuar.Griffiths.2016,compilation member,SISAL-LiPD,paleoData,S2LRjgutnhejdF,uncertainty,unitless,169
LiangLuar.Griffiths.2016,compilation member,SISAL-LiPD,paleoData,S2LRi30ME5DBVl,hasHiatus,unitless,169
LiangLuar.Griffiths.2016,compilation member,SISAL-LiPD,paleoData,S2LRHe5QtpgFw4,mineralogy,unitless,64
LiangLuar.Griffiths.2016,compilation member,SISAL-LiPD,paleoData,S2LRNSHhzTC5Gz,correction,unitless,64
LiangLuar.Griffiths.2016,compilation member,SISAL-LiPD,paleoData,S2LRw1iS7Fawvg,uncertainty,unitless,64
LiangLuar.Griffiths.2016,compilation member,SISAL-LiPD,paleoData,S2LRBmvyIyHYEK,mineralogy,unitless,55
LiangLuar.Griffiths.2016,compilation member,SISAL-LiPD,paleoData,S2LRRG5bC4h0dM,correction,unitless,55
LiangLuar.Griffiths.2016,compilation member,SISAL-LiPD,paleoData,S2LRAHvQuuxgnF,uncertainty,unitless,55
LiangLuar.Griffiths.2016,compilation member,SISAL-LiPD,paleoData,S2LRc29CjbiLdp,hasHiatus,unitless,55
LiangLuar.Griffiths.2016,compilation member,SISAL-LiPD,paleoData,S2LRZ0WE8SYDk9,mineralogy,unitless,125
LiangLuar.Griffiths.2016,compilation member,SISAL-LiPD,paleoData,S2LRHzV2Gix8Ky,correction,unitless,125
LiangLuar.Griffiths.2016,compilation member,SISAL-LiPD,paleoData,S2LRnaLwnPvghm,uncertainty,unitless,125
LiangLuar.Griffiths.2016,compilation member,SISAL-LiPD,paleoData,S2LR2qn2dmgbz7,hasHiatus,unitless,125
LiangLuar.Griffiths.2016,compilation member,SISAL-LiPD,paleoData,S2LRdoABKxGmFg,mineralogy,unitless,130
LiangLuar.Griffiths.2016,compilation member,SISAL-LiPD,paleoData,S2LRrQJi1EelPj,correction,unitless,130
LiangLuar.Griffiths.2016,compilation member,SISAL-LiPD,paleoData,S2LRIEIDzL9j8I,uncertainty,unitless,130
LiangLuar.Griffiths.2016,compilation member,SISAL-LiPD,paleoData,S2LRI8xIxsMAqY,hasHiatus,unitless,130
LiangLuar.Griffiths.2016,compilation member,SISAL-LiPD,paleoData,S2LRQVuKkH7xYg,mineralogy,unitless,240
LiangLuar.Griffiths.2016,compilation member,SISAL-LiPD,paleoData,S2LRNmUBqOKSUQ,correction,unitless,240
LiangLuar.Griffiths.2016,compilation member,SISAL-LiPD,paleoData,S2LRMywLymmaBJ,uncertainty,unitless,240
LiangLuar.Griffiths.2016,compilation member,SISAL-LiPD,paleoData,S2LRk26wZC5nfg,mineralogy,unitless,4636
LiangLuar.Griffiths.2016,compilation member,SISAL-LiPD,paleoData,S2LRW0QdOBFyvD,correction,unitless,4636
LiangLuar.Griffiths.2016,compilation member,SISAL-LiPD,paleoData,S2LRGjse0lntgB,uncertainty,unitless,4636
LiangLuar.Griffiths.2016,compilation member,SISAL-LiPD,paleoData,S2LRb0dele0rhl,hasHiatus,unitless,4636
LianhuacaveHunan.Cosford.2008,compilation member,SISAL-LiPD,paleoData,S2LRetOGn5GV9Y,mineralogy,unitless,819
LianhuacaveHunan.Cosford.2008,compilation member,SISAL-LiPD,paleoData,S2LRF2q55O9h2R,correction,unitless,819
LianhuacaveHunan.Cosford.2008,compilation member,SISAL-LiPD,paleoData,S2LRNotYZZeezz,uncertainty,unitless,819
LianhuacaveHunan.Cosford.2008,compilation member,SISAL-LiPD,paleoData,S2LRCUaItjaxVG,uncertainty,unitless,819
LianhuacaveHunan.Cosford.2008,compilation member,SISAL-LiPD,paleoData,S2LR56oKB2dIoZ,mineralogy,unitless,754
LianhuacaveHunan.Cosford.2008,compilation member,SISAL-LiPD,paleoData,S2LRGhV1ZHS0FY,correction,unitless,754
LianhuacaveHunan.Cosford.2008,compilation member,SISAL-LiPD,paleoData,S2LRcZVdPMlpMi,uncertainty,unitless,754
LianhuacaveHunan.Cosford.2008,compilation member,SISAL-LiPD,paleoData,S2LR7b3IIJAUm5,mineralogy,unitless,1573
LianhuacaveHunan.Cosford.2008,compilation member,SISAL-LiPD,paleoData,S2LRBuhpYrRRot,correction,unitless,1573
LianhuacaveHunan.Cosford.2008,compilation member,SISAL-LiPD,paleoData,S2LRSkDK6UJnG2,uncertainty,unitless,1573
LianhuacaveHunan.Cosford.2008,compilation member,SISAL-LiPD,paleoData,S2LRbCCOcV0RJ3,d13C,unitless,1573
LianhuacaveShanxi.Dong.2018,compilation member,SISAL-LiPD,paleoData,S2LRTGhuFaFY4z,mineralogy,unitless,157
LianhuacaveShanxi.Dong.2018,compilation member,SISAL-LiPD,paleoData,S2LRm2WDy2WRNJ,correction,unitless,157
LianhuacaveShanxi.Dong.2018,compilation member,SISAL-LiPD,paleoData,S2LRa1EopBETO0,uncertainty,unitless,157
LianhuacaveShanxi.Dong.2018,compilation member,SISAL-LiPD,paleoData,S2LRZNaufoldj9,mineralogy,unitless,341
LianhuacaveShanxi.Dong.2018,compilation member,SISAL-LiPD,paleoData,S2LRpIq3rtkWJy,correction,unitless,341
LianhuacaveShanxi.Dong.2018,compilation member,SISAL-LiPD,paleoData,S2LRy8oHyGLg91,uncertainty,unitless,341
LianhuacaveShanxi.Dong.2018,compilation member,SISAL-LiPD,paleoData,S2LRCubomy56Lq,hasHiatus,unitless,341
LianhuacaveShanxi.Dong.2018,compilation member,SISAL-LiPD,paleoData,S2LRnmryPNH84g,mineralogy,unitless,352
LianhuacaveShanxi.Dong.2018,compilation member,SISAL-LiPD,paleoData,S2LRjtjuhIPbMP,correction,unitless,352
LianhuacaveShanxi.Dong.2018,compilation member,SISAL-LiPD,paleoData,S2LR5B1NkdXXRG,uncertainty,unitless,352
LianhuacaveShanxi.Dong.2018,compilation member,SISAL-LiPD,paleoData,S2LRC120XDdSNN,hasHiatus,unitless,352
LianhuacaveShanxi.Dong.2018,compilation member,SISAL-LiPD,paleoData,S2LR3amSIgAlSh,mineralogy,unitless,54
LianhuacaveShanxi.Dong.2018,compilation member,SISAL-LiPD,paleoData,S2LRiwhBc3B9LZ,correction,unitless,54
LianhuacaveShanxi.Dong.2018,compilation member,SISAL-LiPD,paleoData,S2LR02XzJ57F85,uncertainty,unitless,54
LianhuacaveShanxi.Dong.2018,compilation member,SISAL-LiPD,paleoData,S2LRSI5TzrGJHS,mineralogy,unitless,114
LianhuacaveShanxi.Dong.2018,compilation member,SISAL-LiPD,paleoData,S2LRcA4kVo8BKo,correction,unitless,114
LianhuacaveShanxi.Dong.2018,compilation member,SISAL-LiPD,paleoData,S2LRGhB0uubxqp,uncertainty,unitless,114
LianhuacaveShanxi.Dong.2018,compilation member,SISAL-LiPD,paleoData,S2LRwWHicCxhwX,mineralogy,unitless,124
LianhuacaveShanxi.Dong.2018,compilation member,SISAL-LiPD,paleoData,S2LRmXW9cAQ9Na,correction,unitless,124
LianhuacaveShanxi.Dong.2018,compilation member,SISAL-LiPD,paleoData,S2LRYfV720UDV8,uncertainty,unitless,124
LianhuacaveShanxi.Dong.2018,compilation member,SISAL-LiPD,paleoData,S2LREX22GwQVyG,hasHiatus,unitless,124
MD84_551,compilation member,lipdverseTest,paleoData,T2L_MD84_551_age_original,age,yr BP,43
MS01HDAS,compilation member,hydroclimate2k,paleoData,MS01HDAS01b,temperature,permil,130
MS01HDAS,compilation member,hydroclimate2k; iso2k,paleoData,MS01HDAS01b2,d18O,permil,130
MS02FLPC,compilation member,iso2k,paleoData,MS02FLPC01b,d18O,permil,158
MS05ESCR,compilation member,iso2k,paleoData,MS05ESCR01b,d18O,permil,114
MS05LKLF,compilation member,iso2k,paleoData,MS05LKLF01b,d18O,permil,47
MS07MMNP,compilation member,hydroclimate2k; iso2k,paleoData,MS07MMNP01b,d18O,permil,58
MacalChasm.Akers.2016,compilation member,SISAL-LiPD,paleoData,S2LRpLFGK9HqWh,mineralogy,unitless,660
MacalChasm.Akers.2016,compilation member,SISAL-LiPD,paleoData,S2LRx5OBxKN1aB,correction,unitless,660
MacalChasm.Akers.2016,compilation member,SISAL-LiPD,paleoData,S2LR1EJaw1fqZ9,uncertainty,unitless,660
MacalChasm.Akers.2016,compilation member,SISAL-LiPD,paleoData,S2LRaZEDsWzhgR,uncertainty,unitless,660
Mawmluhcave.Berkelhammer.2013,compilation member,SISAL-LiPD,paleoData,S2LRjbqHYJdzCi,mineralogy,unitless,1455
Mawmluhcave.Berkelhammer.2013,compilation member,SISAL-LiPD,paleoData,S2LRLUSva81Q80,correction,unitless,1455
Mawmluhcave.Berkelhammer.2013,compilation member,SISAL-LiPD,paleoData,S2LRvymgbjcm3J,uncertainty,unitless,1455
Mawmluhcave.Berkelhammer.2013,compilation member,SISAL-LiPD,paleoData,S2LRy1Wpq0g8tR,mineralogy,unitless,367
Mawmluhcave.Berkelhammer.2013,compilation member,SISAL-LiPD,paleoData,S2LRXRD0PHXv1l,correction,unitless,367
Mawmluhcave.Berkelhammer.2013,compilation member,SISAL-LiPD,paleoData,S2LRmdcYBz0Zym,uncertainty,unitless,367
Mawmluhcave.Berkelhammer.2013,compilation member,SISAL-LiPD,paleoData,S2LRuGDtY4jWMF,mineralogy,unitless,1019
Mawmluhcave.Berkelhammer.2013,compilation member,SISAL-LiPD,paleoData,S2LRYzb8zBVQqa,correction,unitless,1019
Mawmluhcave.Berkelhammer.2013,compilation member,SISAL-LiPD,paleoData,S2LR03uFBcm5vg,uncertainty,unitless,1019
Mawmluhcave.Berkelhammer.2013,compilation member,SISAL-LiPD,paleoData,S2LR6OGkz0bRx7,uncertainty,unitless,1019
Mawmluhcave.Berkelhammer.2013,compilation member,SISAL-LiPD,paleoData,S2LRshVd40wGVF,hasHiatus,unitless,1019
Mawmluhcave.Berkelhammer.2013,compilation member,SISAL-LiPD,paleoData,S2LRVm28GZZz1k,mineralogy,unitless,399
Mawmluhcave.Berkelhammer.2013,compilation member,SISAL-LiPD,paleoData,S2LR1UtwMTQAez,correction,unitless,399
Mawmluhcave.Berkelhammer.2013,compilation member,SISAL-LiPD,paleoData,S2LRFPVpL5zkyG,uncertainty,unitless,399
Mawmluhcave.Berkelhammer.2013,compilation member,SISAL-LiPD,paleoData,S2LRi3N2cbeAYo,mineralogy,unitless,970
Mawmluhcave.Berkelhammer.2013,compilation member,SISAL-LiPD,paleoData,S2LR5TuxbRf9ts,correction,unitless,970
Mawmluhcave.Berkelhammer.2013,compilation member,SISAL-LiPD,paleoData,S2LRp5mup8ypqh,uncertainty,unitless,970
Mawmluhcave.Berkelhammer.2013,compilation member,SISAL-LiPD,paleoData,S2LRsEOsrFoFGp,uncertainty,unitless,970
Mawmluhcave.Berkelhammer.2013,compilation member,SISAL-LiPD,paleoData,S2LRVbYffTYUFP,mineralogy,unitless,237
Mawmluhcave.Berkelhammer.2013,compilation member,SISAL-LiPD,paleoData,S2LRUzlkw0jDLb,correction,unitless,237
Mawmluhcave.Berkelhammer.2013,compilation member,SISAL-LiPD,paleoData,S2LRKR9lIf57jj,uncertainty,unitless,237
Mawmluhcave.Berkelhammer.2013,compilation member,SISAL-LiPD,paleoData,S2LROAl5U0faXI,uncertainty,unitless,237
Mawmluhcave.Berkelhammer.2013,compilation member,SISAL-LiPD,paleoData,S2LRQ9IRWqwi2X,mineralogy,unitless,170
Mawmluhcave.Berkelhammer.2013,compilation member,SISAL-LiPD,paleoData,S2LRas8Tovjzf8,correction,unitless,170
Mawmluhcave.Berkelhammer.2013,compilation member,SISAL-LiPD,paleoData,S2LRePe6IbkBwq,uncertainty,unitless,170
Mawmluhcave.Berkelhammer.2013,compilation member,SISAL-LiPD,paleoData,S2LRLIVO9AeCKU,uncertainty,unitless,170
Mawmluhcave.Berkelhammer.2013,compilation member,SISAL-LiPD,paleoData,S2LRB86YHIP5Fc,mineralogy,unitless,4617
Mawmluhcave.Berkelhammer.2013,compilation member,SISAL-LiPD,paleoData,S2LRUjPYkxmn8E,correction,unitless,4617
Mawmluhcave.Berkelhammer.2013,compilation member,SISAL-LiPD,paleoData,S2LRyaJLXTorPt,uncertainty,unitless,4617
Minnetonkacave.Lundeen.2013,compilation member,SISAL-LiPD,paleoData,S2LR4bOR8RLNZ1,correction,unitless,697
Minnetonkacave.Lundeen.2013,compilation member,SISAL-LiPD,paleoData,S2LRSsXWCSWsKS,uncertainty,unitless,697
Minnetonkacave.Lundeen.2013,compilation member,SISAL-LiPD,paleoData,S2LRRcNeB4LNzb,uncertainty,unitless,697
Minnetonkacave.Lundeen.2013,compilation member,SISAL-LiPD,paleoData,S2LRtJJwmAkYZV,hasHiatus,unitless,697
NaturalBridgecaverns.Wong.2015,compilation member,SISAL-LiPD,paleoData,S2LR7Q7eXVPvLS,mineralogy,unitless,258
NaturalBridgecaverns.Wong.2015,compilation member,SISAL-LiPD,paleoData,S2LRYGrinpmDDJ,correction,unitless,258
NaturalBridgecaverns.Wong.2015,compilation member,SISAL-LiPD,paleoData,S2LRFQbJKP3pnW,uncertainty,unitless,258
NaturalBridgecaverns.Wong.2015,compilation member,SISAL-LiPD,paleoData,S2LR7ZnMTzbrcK,uncertainty,unitless,258
NaturalBridgecaverns.Wong.2015,compilation member,SISAL-LiPD,paleoData,S2LR4LxZM6DSqm,hasHiatus,unitless,258
NefudasSirr.Whitney.1983,compilation member,lipdverseTest,paleoData,OLS_R7MJHgzxaVx,lakeTrend,unitless,32
Oregoncavesnationalmonument.Ersek.2012,compilation member,SISAL-LiPD,paleoData,S2LR1lXJVhUS8Q,correction,unitless,2680
Oregoncavesnationalmonument.Ersek.2012,compilation member,SISAL-LiPD,paleoData,S2LRPiYKGjxJNg,uncertainty,unitless,2680
Oregoncavesnationalmonument.Ersek.2012,compilation member,SISAL-LiPD,paleoData,S2LRDPvOblWffa,uncertainty,unitless,2680
PS2446_4,compilation member,lipdverseTest,paleoData,T2L_PS2446_4_age_original,age,yr BP,35
Paraisocave.Wang.2017,compilation member,SISAL-LiPD,paleoData,S2LRLgyqMtwzba,mineralogy,unitless,449
Paraisocave.Wang.2017,compilation member,SISAL-LiPD,paleoData,S2LR0cyYfhlLuA,correction,unitless,449
Paraisocave.Wang.2017,compilation member,SISAL-LiPD,paleoData,S2LRgcORw2Ezrf,uncertainty,unitless,449
Paraisocave.Wang.2017,compilation member,SISAL-LiPD,paleoData,S2LRGsqn6IKTrZ,uncertainty,unitless,449
Paraisocave.Wang.2017,compilation member,SISAL-LiPD,paleoData,S2LRzPHaVzSXBE,mineralogy,unitless,145
Paraisocave.Wang.2017,compilation member,SISAL-LiPD,paleoData,S2LRVbJg1xa3sb,correction,unitless,145
Paraisocave.Wang.2017,compilation member,SISAL-LiPD,paleoData,S2LRAGlkfpZibB,uncertainty,unitless,145
Paraisocave.Wang.2017,compilation member,SISAL-LiPD,paleoData,S2LRYoPAIGK8Jq,uncertainty,unitless,145
Paraisocave.Wang.2017,compilation member,SISAL-LiPD,paleoData,S2LR4ANP3MNDV1,mineralogy,unitless,111
Paraisocave.Wang.2017,compilation member,SISAL-LiPD,paleoData,S2LRkXpFJf8pdP,correction,unitless,111
Paraisocave.Wang.2017,compilation member,SISAL-LiPD,paleoData,S2LRlihINAZgq8,uncertainty,unitless,111
Paraisocave.Wang.2017,compilation member,SISAL-LiPD,paleoData,S2LRpdRDJ9bW2U,uncertainty,unitless,111
Paraisocave.Wang.2017,compilation member,SISAL-LiPD,paleoData,S2LRrM2gsxGLwV,hasHiatus,unitless,111
Paraisocave.Wang.2017,compilation member,SISAL-LiPD,paleoData,S2LRCgGpBfkE90,mineralogy,unitless,817
Paraisocave.Wang.2017,compilation member,SISAL-LiPD,paleoData,S2LRSpOw5MMozN,correction,unitless,817
Paraisocave.Wang.2017,compilation member,SISAL-LiPD,paleoData,S2LRSQVX6aE3jH,uncertainty,unitless,817
Paraisocave.Wang.2017,compilation member,SISAL-LiPD,paleoData,S2LRsUtHu1cx0M,uncertainty,unitless,817
Paraisocave.Wang.2017,compilation member,SISAL-LiPD,paleoData,S2LRjQ6Q6VVbBr,hasHiatus,unitless,817
Paraisocave.Wang.2017,compilation member,SISAL-LiPD,paleoData,S2LR4f6aArHIU1,mineralogy,unitless,100
Paraisocave.Wang.2017,compilation member,SISAL-LiPD,paleoData,S2LR9GUn4bCgj7,correction,unitless,100
Paraisocave.Wang.2017,compilation member,SISAL-LiPD,paleoData,S2LRtYzvooQp2L,uncertainty,unitless,100
Paraisocave.Wang.2017,compilation member,SISAL-LiPD,paleoData,S2LRMJWOtD6H7x,uncertainty,unitless,100
Paraisocave.Wang.2017,compilation member,SISAL-LiPD,paleoData,S2LRxfWaZP8Tzh,mineralogy,unitless,402
Paraisocave.Wang.2017,compilation member,SISAL-LiPD,paleoData,S2LRd0OHtV8kvT,correction,unitless,402
Paraisocave.Wang.2017,compilation member,SISAL-LiPD,paleoData,S2LRl2dk4jgffq,uncertainty,unitless,402
Paraisocave.Wang.2017,compilation member,SISAL-LiPD,paleoData,S2LRgp4LBOuuZI,uncertainty,unitless,402
Paraisocave.Wang.2017,compilation member,SISAL-LiPD,paleoData,S2LRpRIW2uFof3,hasHiatus,unitless,402
Paraisocave.Wang.2017,compilation member,SISAL-LiPD,paleoData,S2LRFHQEFxO7E4,mineralogy,unitless,168
Paraisocave.Wang.2017,compilation member,SISAL-LiPD,paleoData,S2LRV8wlgvphad,correction,unitless,168
Paraisocave.Wang.2017,compilation member,SISAL-LiPD,paleoData,S2LRuuZa4bB8cO,uncertainty,unitless,168
Paraisocave.Wang.2017,compilation member,SISAL-LiPD,paleoData,S2LRK2sQXor6eW,uncertainty,unitless,168
Paraisocave.Wang.2017,compilation member,SISAL-LiPD,paleoData,S2LRLji6SM9dib,hasHiatus,unitless,168
Paraisocave.Wang.2017,compilation member,SISAL-LiPD,paleoData,S2LRNv369Bwuoz,mineralogy,unitless,2191
Paraisocave.Wang.2017,compilation member,SISAL-LiPD,paleoData,S2LROIqDoXIUM9,correction,unitless,2191
Paraisocave.Wang.2017,compilation member,SISAL-LiPD,paleoData,S2LRt6j8O0OXDH,uncertainty,unitless,2191
Paraisocave.Wang.2017,compilation member,SISAL-LiPD,paleoData,S2LRvlooOthtRw,hasGap,unitless,2191
Paraisocave.Wang.2017,compilation member,SISAL-LiPD,paleoData,S2LRalzIPM0fvQ,mineralogy,unitless,4383
Paraisocave.Wang.2017,compilation member,SISAL-LiPD,paleoData,S2LR45fNQb2jZw,correction,unitless,4383
Paraisocave.Wang.2017,compilation member,SISAL-LiPD,paleoData,S2LRlCOFFJRkR5,uncertainty,unitless,4383
Paraisocave.Wang.2017,compilation member,SISAL-LiPD,paleoData,S2LRmHx54f4OwE,d13C,unitless,4383
PinkPanthercave.Asmerom.2007,compilation member,SISAL-LiPD,paleoData,S2LRNwQZJ9L8rl,mineralogy,unitless,682
PinkPanthercave.Asmerom.2007,compilation member,SISAL-LiPD,paleoData,S2LRe3K4dfUVNM,correction,unitless,682
PinkPanthercave.Asmerom.2007,compilation member,SISAL-LiPD,paleoData,S2LR7CvofcjF02,uncertainty,unitless,682
Pityoulish.Osullivan.1976,compilation member,RapidArcticWarming,paleoData,OLS_RBrvpjKQZDy,lakeTrend,unitless,32
QaratElHoweit.Pachur.1980,compilation member,lipdverseTest,paleoData,OLS_RGywvEiuy3o,lakeTrend,unitless,32
Qunfcave.Fleitmann.2007,compilation member,SISAL-LiPD,paleoData,S2LRT09Jk0neJC,mineralogy,unitless,1412
Qunfcave.Fleitmann.2007,compilation member,SISAL-LiPD,paleoData,S2LRr7p5EFiHHd,correction,unitless,1412
Qunfcave.Fleitmann.2007,compilation member,SISAL-LiPD,paleoData,S2LRpnwDIxIlSG,uncertainty,unitless,1412
RobertsCreekAB51.Baker.1992,compilation member,LegacyClimate-LiPD,paleoData,lcRyKb12JXx4E951UOt,precipitation,mm/yr,2
RockBasin.Smol.1983,compilation member,lipdverseTest; RapidArcticWarming,paleoData,OLS_RPJcWLgwIki,lakeTrend,unitless,32
Sahiyacave.Sinha.2015,compilation member,SISAL-LiPD,paleoData,S2LRNvYx5JPQFG,mineralogy,unitless,1848
Sahiyacave.Sinha.2015,compilation member,SISAL-LiPD,paleoData,S2LRiptM0AYJDU,correction,unitless,1848
Sahiyacave.Sinha.2015,compilation member,SISAL-LiPD,paleoData,S2LRrEAjVuSXAF,uncertainty,unitless,1848
Sahiyacave.Sinha.2015,compilation member,SISAL-LiPD,paleoData,S2LRskZ8ft3o6s,uncertainty,unitless,1848
Sahiyacave.Sinha.2015,compilation member,SISAL-LiPD,paleoData,S2LRx5ivuXi2wz,mineralogy,unitless,1324
Sahiyacave.Sinha.2015,compilation member,SISAL-LiPD,paleoData,S2LR466NTabeAK,correction,unitless,1324
Sahiyacave.Sinha.2015,compilation member,SISAL-LiPD,paleoData,S2LRMKcreLaiut,uncertainty,unitless,1324
Sahiyacave.Sinha.2015,compilation member,SISAL-LiPD,paleoData,S2LR00P8WyCkwM,uncertainty,unitless,1324
Sahiyacave.Sinha.2015,compilation member,SISAL-LiPD,paleoData,S2LRUHeSivC0qX,mineralogy,unitless,148
Sahiyacave.Sinha.2015,compilation member,SISAL-LiPD,paleoData,S2LROW4QpXx4mz,correction,unitless,148
Sahiyacave.Sinha.2015,compilation member,SISAL-LiPD,paleoData,S2LRAwdS0E7DsV,uncertainty,unitless,148
Sahiyacave.Sinha.2015,compilation member,SISAL-LiPD,paleoData,S2LRypY2qZ2jbC,uncertainty,unitless,148
Sahiyacave.Sinha.2015,compilation member,SISAL-LiPD,paleoData,S2LRBWKbvo13wO,mineralogy,unitless,212
Sahiyacave.Sinha.2015,compilation member,SISAL-LiPD,paleoData,S2LR3WTgF1AmF4,correction,unitless,212
Sahiyacave.Sinha.2015,compilation member,SISAL-LiPD,paleoData,S2LRSB7ZxE9IML,uncertainty,unitless,212
Sahiyacave.Sinha.2015,compilation member,SISAL-LiPD,paleoData,S2LR6GAbI2miyd,uncertainty,unitless,212
Sahiyacave.Sinha.2015,compilation member,SISAL-LiPD,paleoData,S2LRazPRENt47p,hasHiatus,unitless,212
SanBartolo.PetitMaire.1977,compilation member,lipdverseTest,paleoData,OLS_RLZL2ukyLyH,lakeTrend,unitless,32
SanJoseChulchaca.Leyden.1996,compilation member,LegacyClimate-LiPD,paleoData,lcRZeAkCfTVXziNHUPB,precipitation,mm/yr,31
Sanbaocave.Dong.2010,compilation member,SISAL-LiPD,paleoData,S2LRe8mvZz5Cs4,mineralogy,unitless,515
Sanbaocave.Dong.2010,compilation member,SISAL-LiPD,paleoData,S2LR6YZLFri6td,correction,unitless,515
Sanbaocave.Dong.2010,compilation member,SISAL-LiPD,paleoData,S2LRuQJWMcbHBk,uncertainty,unitless,515
Sanbaocave.Dong.2010,compilation member,SISAL-LiPD,paleoData,S2LRa9ML5fvEUm,hasHiatus,unitless,515
Sanbaocave.Dong.2010,compilation member,SISAL-LiPD,paleoData,S2LRVPCfddFHmB,age,yr BP,515
Sanbaocave.Dong.2010,compilation member,SISAL-LiPD,paleoData,S2LRNwHPQu1htS,uncertaintyHigh,yr BP,515
Sanbaocave.Dong.2010,compilation member,SISAL-LiPD,paleoData,S2LRL1Ik6re37s,uncertaintyLow,yr BP,515
Sanbaocave.Dong.2010,compilation member,SISAL-LiPD,paleoData,S2LRw9qSGuriUG,age,yr BP,515
Sanbaocave.Dong.2010,compilation member,SISAL-LiPD,paleoData,S2LRe9RwUG9BwI,uncertaintyHigh,yr BP,515
Sanbaocave.Dong.2010,compilation member,SISAL-LiPD,paleoData,S2LRroj1l3F6aU,uncertaintyLow,yr BP,515
SealBeachwetland.Balmaki.2019,compilation member,LegacyClimate-LiPD,paleoData,lcRybReNArwQ5A7lfpj,temperature,degC,16
SealBeachwetland.Balmaki.2019,compilation member,LegacyClimate-LiPD,paleoData,lcROj0BqNYsRUpYSgET,temperature,degC,16
SealBeachwetland.Balmaki.2019,compilation member,LegacyClimate-LiPD,paleoData,lcRCFmYHkde8Wt1IuZK,precipitation,mm/yr,16
Shatucacave.Bustamante.2016,compilation member,SISAL-LiPD,paleoData,S2LRSAwqPitgGF,mineralogy,unitless,1566
Shatucacave.Bustamante.2016,compilation member,SISAL-LiPD,paleoData,S2LR9nGDFIFjSR,correction,unitless,1566
Shatucacave.Bustamante.2016,compilation member,SISAL-LiPD,paleoData,S2LRemzxQa5ruF,uncertainty,unitless,1566
Shatucacave.Bustamante.2016,compilation member,SISAL-LiPD,paleoData,S2LRBKEZAOmUOL,hasHiatus,unitless,1566
Shatucacave.Bustamante.2016,compilation member,SISAL-LiPD,paleoData,S2LRSVSSamRWna,mineralogy,unitless,633
Shatucacave.Bustamante.2016,compilation member,SISAL-LiPD,paleoData,S2LR6S7Byu2fGt,correction,unitless,633
Shatucacave.Bustamante.2016,compilation member,SISAL-LiPD,paleoData,S2LRCPrvKpgiVt,uncertainty,unitless,633
Shatucacave.Bustamante.2016,compilation member,SISAL-LiPD,paleoData,S2LRkNeQBCLkxL,hasHiatus,unitless,633
Shatucacave.Bustamante.2016,compilation member,SISAL-LiPD,paleoData,S2LRqPZBDI5HXq,mineralogy,unitless,1772
Shatucacave.Bustamante.2016,compilation member,SISAL-LiPD,paleoData,S2LRKGQ2XKvaiG,correction,unitless,1772
Shatucacave.Bustamante.2016,compilation member,SISAL-LiPD,paleoData,S2LRwgNfHEqe9F,uncertainty,unitless,1772
Shatucacave.Bustamante.2016,compilation member,SISAL-LiPD,paleoData,S2LRZcDJa4oYa4,hasGap,unitless,1772
Shigaocave.Jiang.2012,compilation member,SISAL-LiPD,paleoData,S2LRgT76TmY8M3,mineralogy,unitless,250
Shigaocave.Jiang.2012,compilation member,SISAL-LiPD,paleoData,S2LRSWyh0TtjW0,correction,unitless,250
Shigaocave.Jiang.2012,compilation member,SISAL-LiPD,paleoData,S2LRNQlufCBzeF,uncertainty,unitless,250
Shigaocave.Jiang.2012,compilation member,SISAL-LiPD,paleoData,S2LRuCdsLHKBPv,mineralogy,unitless,203
Shigaocave.Jiang.2012,compilation member,SISAL-LiPD,paleoData,S2LR4nL6dSZJ5k,correction,unitless,203
Shigaocave.Jiang.2012,compilation member,SISAL-LiPD,paleoData,S2LRh2CFEz1Drr,uncertainty,unitless,203
Shigaocave.Jiang.2012,compilation member,SISAL-LiPD,paleoData,S2LR39xMu6p4hU,mineralogy,unitless,453
Shigaocave.Jiang.2012,compilation member,SISAL-LiPD,paleoData,S2LRlIzM6nnr38,correction,unitless,453
Shigaocave.Jiang.2012,compilation member,SISAL-LiPD,paleoData,S2LRIwoXFWATzJ,uncertainty,unitless,453
ShuangchiMaarLakeSC1.Zheng.2003,compilation member,LegacyClimate-LiPD,paleoData,lcR2WDhA6peJThkxufm,temperature,degC,43
ShuangchiMaarLakeSC1.Zheng.2003,compilation member,LegacyClimate-LiPD,paleoData,lcRkxXhIVhxGgmYgjUm,temperature,degC,43
ShuangchiMaarLakeSC1.Zheng.2003,compilation member,LegacyClimate-LiPD,paleoData,lcRfoOjymVatFo0WU5I,precipitation,mm/yr,43
Sofularcave.Fleitmann.2009,compilation member,SISAL-LiPD,paleoData,S2LR1UGLdSipVJ,mineralogy,unitless,3977
Sofularcave.Fleitmann.2009,compilation member,SISAL-LiPD,paleoData,S2LROFZb9LlYC6,correction,unitless,3977
Sofularcave.Fleitmann.2009,compilation member,SISAL-LiPD,paleoData,S2LR50EQNkGQDU,uncertainty,unitless,3977
Sofularcave.Fleitmann.2009,compilation member,SISAL-LiPD,paleoData,S2LRQmEACrK62D,uncertainty,unitless,3977
Sofularcave.Fleitmann.2009,compilation member,SISAL-LiPD,paleoData,S2LRU2rMBbxHlt,hasHiatus,unitless,3977
Sofularcave.Fleitmann.2009,compilation member,SISAL-LiPD,paleoData,S2LRomsU8WR2xU,mineralogy,unitless,1306
Sofularcave.Fleitmann.2009,compilation member,SISAL-LiPD,paleoData,S2LRgxw0mDqe9d,correction,unitless,1306
Sofularcave.Fleitmann.2009,compilation member,SISAL-LiPD,paleoData,S2LRJi3On4ftIy,uncertainty,unitless,1306
Sofularcave.Fleitmann.2009,compilation member,SISAL-LiPD,paleoData,S2LRahabJUEDwx,mineralogy,unitless,1113
Sofularcave.Fleitmann.2009,compilation member,SISAL-LiPD,paleoData,S2LRgY1D8o7y8k,correction,unitless,1113
Sofularcave.Fleitmann.2009,compilation member,SISAL-LiPD,paleoData,S2LRZpeaUaUK3i,uncertainty,unitless,1113
Sofularcave.Fleitmann.2009,compilation member,SISAL-LiPD,paleoData,S2LRNmIhSqUvqk,hasHiatus,unitless,1113
Sofularcave.Fleitmann.2009,compilation member,SISAL-LiPD,paleoData,S2LRYJmkLAKOmp,mineralogy,unitless,2024
Sofularcave.Fleitmann.2009,compilation member,SISAL-LiPD,paleoData,S2LRaVUG4AxXoD,correction,unitless,2024
Sofularcave.Fleitmann.2009,compilation member,SISAL-LiPD,paleoData,S2LRU9zf14UZAX,uncertainty,unitless,2024
Sofularcave.Fleitmann.2009,compilation member,SISAL-LiPD,paleoData,S2LRe9ZNiRu90b,hasHiatus,unitless,2024
Sofularcave.Fleitmann.2009,compilation member,SISAL-LiPD,paleoData,S2LRddqti8mvF3,mineralogy,unitless,647
Sofularcave.Fleitmann.2009,compilation member,SISAL-LiPD,paleoData,S2LRalbzeGwUGj,correction,unitless,647
Sofularcave.Fleitmann.2009,compilation member,SISAL-LiPD,paleoData,S2LRHnj3x8U1yp,uncertainty,unitless,647
Sofularcave.Fleitmann.2009,compilation member,SISAL-LiPD,paleoData,S2LRQk0wTvAHsw,hasHiatus,unitless,647
Sofularcave.Fleitmann.2009,compilation member,SISAL-LiPD,paleoData,S2LRRjZYKtOTeD,mineralogy,unitless,299
Sofularcave.Fleitmann.2009,compilation member,SISAL-LiPD,paleoData,S2LRgS5bpoRTmm,correction,unitless,299
Sofularcave.Fleitmann.2009,compilation member,SISAL-LiPD,paleoData,S2LR7HQqvEivox,uncertainty,unitless,299
Sofularcave.Fleitmann.2009,compilation member,SISAL-LiPD,paleoData,S2LRy7pADohCh8,hasHiatus,unitless,299
Sofularcave.Fleitmann.2009,compilation member,SISAL-LiPD,paleoData,S2LRbQFbcDjUlN,mineralogy,unitless,9366
Sofularcave.Fleitmann.2009,compilation member,SISAL-LiPD,paleoData,S2LRb4vMhsFNxQ,correction,unitless,9366
Sofularcave.Fleitmann.2009,compilation member,SISAL-LiPD,paleoData,S2LRmCHksWkaJO,uncertainty,unitless,9366
Sofularcave.Fleitmann.2009,compilation member,SISAL-LiPD,paleoData,S2LRYUULzYN2pG,d13C,unitless,9366
Sofularcave.Fleitmann.2009,compilation member,SISAL-LiPD,paleoData,S2LRgKl2TwIZT8,hasHiatus,unitless,9366
Soreqcave.Orland.2009,compilation member,SISAL-LiPD,paleoData,S2LRC49YscqvtZ,mineralogy,unitless,209
Soreqcave.Orland.2009,compilation member,SISAL-LiPD,paleoData,S2LRW3Hw4ciMIU,correction,unitless,209
Soreqcave.Orland.2009,compilation member,SISAL-LiPD,paleoData,S2LRoejzN7YVgb,uncertainty,unitless,209
Soreqcave.Orland.2009,compilation member,SISAL-LiPD,paleoData,S2LRntPKkXFPHi,mineralogy,unitless,1223
Soreqcave.Orland.2009,compilation member,SISAL-LiPD,paleoData,S2LR0NVZlR2X1n,correction,unitless,1223
Soreqcave.Orland.2009,compilation member,SISAL-LiPD,paleoData,S2LRaYaN1pB8Hh,uncertainty,unitless,1223
Soreqcave.Orland.2009,compilation member,SISAL-LiPD,paleoData,S2LR6F43a53SiC,mineralogy,unitless,1245
Soreqcave.Orland.2009,compilation member,SISAL-LiPD,paleoData,S2LRatxkyoa7w6,correction,unitless,1245
Soreqcave.Orland.2009,compilation member,SISAL-LiPD,paleoData,S2LRpYqyjTL4Dp,uncertainty,unitless,1245
Soreqcave.Orland.2009,compilation member,SISAL-LiPD,paleoData,S2LRNpcbBf16P2,uncertainty,unitless,1245
Soreqcave.Orland.2009,compilation member,SISAL-LiPD,paleoData,S2LR3OxfKC5HZw,mineralogy,unitless,1387
Soreqcave.Orland.2009,compilation member,SISAL-LiPD,paleoData,S2LRiFeVLO2gt8,correction,unitless,1387
Soreqcave.Orland.2009,compilation member,SISAL-LiPD,paleoData,S2LRQGKwqzPR0N,uncertainty,unitless,1387
Soreqcave.Orland.2009,compilation member,SISAL-LiPD,paleoData,S2LRohB6E60VPo,uncertainty,unitless,1387
Soreqcave.Orland.2009,compilation member,SISAL-LiPD,paleoData,S2LRfpdKhVE5F7,mineralogy,unitless,4064
Soreqcave.Orland.2009,compilation member,SISAL-LiPD,paleoData,S2LRsuxrLU6gUF,correction,unitless,4064
Soreqcave.Orland.2009,compilation member,SISAL-LiPD,paleoData,S2LRGqU9vTYB6g,uncertainty,unitless,4064
Tamborilcave.Wortham.2017,compilation member,SISAL-LiPD,paleoData,S2LRUbgZuPaf6H,mineralogy,unitless,472
Tamborilcave.Wortham.2017,compilation member,SISAL-LiPD,paleoData,S2LRHzTtPks9hj,correction,unitless,472
Tamborilcave.Wortham.2017,compilation member,SISAL-LiPD,paleoData,S2LRRFEoXgoTyW,uncertainty,unitless,472
Tamborilcave.Wortham.2017,compilation member,SISAL-LiPD,paleoData,S2LR26zZxwDTbh,uncertainty,unitless,472
Tamborilcave.Wortham.2017,compilation member,SISAL-LiPD,paleoData,S2LRRKQ1ZjkDcP,mineralogy,unitless,204
Tamborilcave.Wortham.2017,compilation member,SISAL-LiPD,paleoData,S2LRlx23p3a1V2,correction,unitless,204
Tamborilcave.Wortham.2017,compilation member,SISAL-LiPD,paleoData,S2LRSd3Dr4azlo,uncertainty,unitless,204
Tamborilcave.Wortham.2017,compilation member,SISAL-LiPD,paleoData,S2LRf4z4tNuQUM,uncertainty,unitless,204
Tamborilcave.Wortham.2017,compilation member,SISAL-LiPD,paleoData,S2LReVmMIBkqE2,mineralogy,unitless,193
Tamborilcave.Wortham.2017,compilation member,SISAL-LiPD,paleoData,S2LRBceFD0FzPt,correction,unitless,193
Tamborilcave.Wortham.2017,compilation member,SISAL-LiPD,paleoData,S2LRsm6Jc32jAK,uncertainty,unitless,193
Tamborilcave.Wortham.2017,compilation member,SISAL-LiPD,paleoData,S2LRFaJihZdI1n,uncertainty,unitless,193
Tamborilcave.Wortham.2017,compilation member,SISAL-LiPD,paleoData,S2LReTilNj49gF,hasHiatus,unitless,193
Tamborilcave.Wortham.2017,compilation member,SISAL-LiPD,paleoData,S2LRLw7SqcsVYV,mineralogy,unitless,869
Tamborilcave.Wortham.2017,compilation member,SISAL-LiPD,paleoData,S2LRflQ9iwoQJK,correction,unitless,869
Tamborilcave.Wortham.2017,compilation member,SISAL-LiPD,paleoData,S2LRZQCmIOWWZC,uncertainty,unitless,869
Tamborilcave.Wortham.2017,compilation member,SISAL-LiPD,paleoData,S2LR6cx5PhRJJ6,d13C,unitless,869
TeReingacave.Lorrey.2008,compilation member,SISAL-LiPD,paleoData,S2LRAHe4S4eaFd,mineralogy,unitless,211
TeReingacave.Lorrey.2008,compilation member,SISAL-LiPD,paleoData,S2LRwJNqVztGj4,correction,unitless,211
TeReingacave.Lorrey.2008,compilation member,SISAL-LiPD,paleoData,S2LRuJJurU8AqN,uncertainty,unitless,211
TeReingacave.Lorrey.2008,compilation member,SISAL-LiPD,paleoData,S2LRo0f6Lphppc,uncertainty,unitless,211
TeReingacave.Lorrey.2008,compilation member,SISAL-LiPD,paleoData,S2LR71oO9efZTq,mineralogy,unitless,218
TeReingacave.Lorrey.2008,compilation member,SISAL-LiPD,paleoData,S2LRkkyd4BJ1ym,correction,unitless,218
TeReingacave.Lorrey.2008,compilation member,SISAL-LiPD,paleoData,S2LRWAtY7jHHxR,uncertainty,unitless,218
TeReingacave.Lorrey.2008,compilation member,SISAL-LiPD,paleoData,S2LRwgNlWHzm2k,uncertainty,unitless,218
TeReingacave.Lorrey.2008,compilation member,SISAL-LiPD,paleoData,S2LRcQF4Gs1jNG,mineralogy,unitless,429
TeReingacave.Lorrey.2008,compilation member,SISAL-LiPD,paleoData,S2LRu1s78KeIe7,correction,unitless,429
TeReingacave.Lorrey.2008,compilation member,SISAL-LiPD,paleoData,S2LRFZEn6FUPeA,uncertainty,unitless,429
TeReingacave.Lorrey.2008,compilation member,SISAL-LiPD,paleoData,S2LRY1c0VDEK3s,d13C,unitless,429
Tianmen.Cai.2010,compilation member,SISAL-LiPD,paleoData,S2LRPjrIg9EWI0,mineralogy,unitless,234
Tianmen.Cai.2010,compilation member,SISAL-LiPD,paleoData,S2LR8j7fPZp69R,correction,unitless,234
Tianmen.Cai.2010,compilation member,SISAL-LiPD,paleoData,S2LRHl7VvyuEuL,uncertainty,unitless,234
Tianmen.Cai.2010,compilation member,SISAL-LiPD,paleoData,S2LRz8LMvCbTfA,hasHiatus,unitless,234
Tianmen.Cai.2010,compilation member,SISAL-LiPD,paleoData,S2LRTQAYILGo79,mineralogy,unitless,100
Tianmen.Cai.2010,compilation member,SISAL-LiPD,paleoData,S2LRPvOqtTPuWH,correction,unitless,100
Tianmen.Cai.2010,compilation member,SISAL-LiPD,paleoData,S2LRdK4tuNVq46,uncertainty,unitless,100
Tianmen.Cai.2010,compilation member,SISAL-LiPD,paleoData,S2LRqendijl24n,mineralogy,unitless,1005
Tianmen.Cai.2010,compilation member,SISAL-LiPD,paleoData,S2LRALAnLcpfZh,correction,unitless,1005
Tianmen.Cai.2010,compilation member,SISAL-LiPD,paleoData,S2LRJ631Sk7yCo,uncertainty,unitless,1005
Tianmen.Cai.2010,compilation member,SISAL-LiPD,paleoData,S2LRfkWqbRjPW8,mineralogy,unitless,62
Tianmen.Cai.2010,compilation member,SISAL-LiPD,paleoData,S2LRx36XgjC8A4,correction,unitless,62
Tianmen.Cai.2010,compilation member,SISAL-LiPD,paleoData,S2LRfV9oWEc74q,uncertainty,unitless,62
Tianmen.Cai.2010,compilation member,SISAL-LiPD,paleoData,S2LRe8mvZz5Cs4-dup,mineralogy,unitless,1401
Tianmen.Cai.2010,compilation member,SISAL-LiPD,paleoData,S2LR6YZLFri6td-dup,correction,unitless,1401
Tianmen.Cai.2010,compilation member,SISAL-LiPD,paleoData,S2LRuQJWMcbHBk-dup,uncertainty,unitless,1401
Tianmen.Cai.2010,compilation member,SISAL-LiPD,paleoData,S2LRa9ML5fvEUm-dup,hasHiatus,unitless,1401
Titicaca.Mourguiart.1986,compilation member,lipdverseTest,paleoData,OLS_Re6SBOM82oA,lakeTrend,unitless,32
Tonnelnayacave.Cheng.2016,compilation member,SISAL-LiPD,paleoData,S2LRPXW4Q6yIFb,mineralogy,unitless,3798
Tonnelnayacave.Cheng.2016,compilation member,SISAL-LiPD,paleoData,S2LR0ou3RS8V6j,correction,unitless,3798
Tonnelnayacave.Cheng.2016,compilation member,SISAL-LiPD,paleoData,S2LR3BYoWs5j6h,uncertainty,unitless,3798
Tonnelnayacave.Cheng.2016,compilation member,SISAL-LiPD,paleoData,S2LRPWghRD4h5p,uncertainty,unitless,3798
Tonnelnayacave.Cheng.2016,compilation member,SISAL-LiPD,paleoData,S2LRg9Jgx78qSF,hasHiatus,unitless,3798
Tonnelnayacave.Cheng.2016,compilation member,SISAL-LiPD,paleoData,S2LRhxlrsXgCK3,mineralogy,unitless,2471
Tonnelnayacave.Cheng.2016,compilation member,SISAL-LiPD,paleoData,S2LRDP3sMZFlwu,correction,unitless,2471
Tonnelnayacave.Cheng.2016,compilation member,SISAL-LiPD,paleoData,S2LRW2xVdzpylJ,uncertainty,unitless,2471
Tonnelnayacave.Cheng.2016,compilation member,SISAL-LiPD,paleoData,S2LRNHdrsj8sF3,uncertainty,unitless,2471
Tonnelnayacave.Cheng.2016,compilation member,SISAL-LiPD,paleoData,S2LRgV1ZDDuq2N,hasHiatus,unitless,2471
Tonnelnayacave.Cheng.2016,compilation member,SISAL-LiPD,paleoData,S2LRXfHriOTcyA,mineralogy,unitless,6269
Tonnelnayacave.Cheng.2016,compilation member,SISAL-LiPD,paleoData,S2LRC9Q0ZM5xcW,correction,unitless,6269
Tonnelnayacave.Cheng.2016,compilation member,SISAL-LiPD,paleoData,S2LRJmdVD6el5p,uncertainty,unitless,6269
Tonnelnayacave.Cheng.2016,compilation member,SISAL-LiPD,paleoData,S2LRoYqcpT1zIf,d13C,unitless,6269
Tonnelnayacave.Cheng.2016,compilation member,SISAL-LiPD,paleoData,S2LRFAVapgRYIW,hasHiatus,unitless,6269
Tysons.Bowler.1976,compilation member,lipdverseTest,paleoData,OLS_RW349j9iJOj,lakeTrend,unitless,32
Uluu-Toocave.Wolff.2017,compilation member,SISAL-LiPD,paleoData,S2LRLoJySU31wv,mineralogy,unitless,1808
Uluu-Toocave.Wolff.2017,compilation member,SISAL-LiPD,paleoData,S2LRTZLDgURCCt,correction,unitless,1808
Uluu-Toocave.Wolff.2017,compilation member,SISAL-LiPD,paleoData,S2LRDsD0XlQHqM,uncertainty,unitless,1808
Uluu-Toocave.Wolff.2017,compilation member,SISAL-LiPD,paleoData,S2LRBtJSdBpO1a,uncertainty,unitless,1808
Uluu-Toocave.Wolff.2017,compilation member,SISAL-LiPD,paleoData,S2LRL1dIOo4qJk,hasHiatus,unitless,1808
WielkeGacno.HjelmroosEricsson.1982,compilation member,lipdverseTest,paleoData,OLS_RQHYAY2boD0,lakeTrend,unitless,32
Xianglongcave.Tan.2018,compilation member,SISAL-LiPD,paleoData,S2LRetTSP5ojpk,mineralogy,unitless,392
Xianglongcave.Tan.2018,compilation member,SISAL-LiPD,paleoData,S2LRmGkVRftILX,correction,unitless,392
Xianglongcave.Tan.2018,compilation member,SISAL-LiPD,paleoData,S2LRPv90TPyToR,uncertainty,unitless,392
Xianglongcave.Tan.2018,compilation member,SISAL-LiPD,paleoData,S2LRjdzZSd6j6U,uncertainty,unitless,392
Xianglongcave.Tan.2018,compilation member,SISAL-LiPD,paleoData,S2LR4dd85FRAxK,mineralogy,unitless,218
Xianglongcave.Tan.2018,compilation member,SISAL-LiPD,paleoData,S2LRnnmYmKBc3U,correction,unitless,218
Xianglongcave.Tan.2018,compilation member,SISAL-LiPD,paleoData,S2LRVzmdYHT44b,uncertainty,unitless,218
Xianglongcave.Tan.2018,compilation member,SISAL-LiPD,paleoData,S2LRbtG2iUHgP9,uncertainty,unitless,218
Xianglongcave.Tan.2018,compilation member,SISAL-LiPD,paleoData,S2LRTXxVJmAOKt,mineralogy,unitless,371
Xianglongcave.Tan.2018,compilation member,SISAL-LiPD,paleoData,S2LRYojFw5RY4s,correction,unitless,371
Xianglongcave.Tan.2018,compilation member,SISAL-LiPD,paleoData,S2LRzCJXFCFeEC,uncertainty,unitless,371
Xianglongcave.Tan.2018,compilation member,SISAL-LiPD,paleoData,S2LR5fY19YUuDc,uncertainty,unitless,371
Xianglongcave.Tan.2018,compilation member,SISAL-LiPD,paleoData,S2LRekU3IGcYgF,mineralogy,unitless,667
Xianglongcave.Tan.2018,compilation member,SISAL-LiPD,paleoData,S2LRJytOPlBJ8X,correction,unitless,667
Xianglongcave.Tan.2018,compilation member,SISAL-LiPD,paleoData,S2LRqMjNebXfG3,uncertainty,unitless,667
Xianglongcave.Tan.2018,compilation member,SISAL-LiPD,paleoData,S2LRuQ4sp84LJY,d13C,unitless,667
Xinyacave.TingYong.2007,compilation member,SISAL-LiPD,paleoData,S2LRcQOMJzfBf6,mineralogy,unitless,185
Xinyacave.TingYong.2007,compilation member,SISAL-LiPD,paleoData,S2LRuRXtXb3ir2,correction,unitless,185
Xinyacave.TingYong.2007,compilation member,SISAL-LiPD,paleoData,S2LR9GC8uUOyFF,uncertainty,unitless,185
Xinyacave.TingYong.2007,compilation member,SISAL-LiPD,paleoData,S2LR5ZhThJM00x,mineralogy,unitless,800
Xinyacave.TingYong.2007,compilation member,SISAL-LiPD,paleoData,S2LRmTk6tiv6nC,correction,unitless,800
Xinyacave.TingYong.2007,compilation member,SISAL-LiPD,paleoData,S2LRdCIXMQBd0T,uncertainty,unitless,800
Xinyacave.TingYong.2007,compilation member,SISAL-LiPD,paleoData,S2LRhILDqjkoHI,uncertainty,unitless,800
Xinyacave.TingYong.2007,compilation member,SISAL-LiPD,paleoData,S2LRNIA4UrlM16,mineralogy,unitless,985
Xinyacave.TingYong.2007,compilation member,SISAL-LiPD,paleoData,S2LRPU5sHL5QtX,correction,unitless,985
Xinyacave.TingYong.2007,compilation member,SISAL-LiPD,paleoData,S2LRuvYqw67ZRE,uncertainty,unitless,985
ZabuyeLakeZK2.Wu.1996,compilation member,LegacyClimate-LiPD,paleoData,lcRgRofNDPGwR22vt8X,temperature,degC,40
ZabuyeLakeZK2.Wu.1996,compilation member,LegacyClimate-LiPD,paleoData,lcRWzX5xr0KWdhapiZL,temperature,degC,40
ZabuyeLakeZK2.Wu.1996,compilation member,LegacyClimate-LiPD,paleoData,lcR3Yw9hqC2a8Q8qqbO,precipitation,mm/yr,40
ZsomboSwamp.author.1111,compilation member,LegacyClimate-LiPD,paleoData,lcRqVhG045haMeGXJHl,temperature,degC,54
ZsomboSwamp.author.1111,compilation member,LegacyClimate-LiPD,paleoData,lcRMW79y8dyloNMn8AD,temperature,degC,54
ZsomboSwamp.author.1111,compilation member,LegacyClimate-LiPD,paleoData,lcRco5yZsTszkZB2WDB,precipitation,mm/yr,54
CoorongLagoon.Chamberlayne.2023,empties the dataset,NA,paleoData,WEB-35013-592c-41cf-9248-68793,d13C,permil,8
CoorongLagoon.Chamberlayne.2023,empties the dataset,NA,paleoData,WEB-11c16-0c4c-4eab-949f-f8f9d,d18O,permil,8
LakeMina.StJacques.2008,empties the dataset,NA,paleoData,WEB-25e46-46dd-4a3d-b251-e662d,temperature,degC,8
LakeMina.StJacques.2008,empties the dataset,NA,paleoData,WEB-3c4a0-b1fd-45f5-afa4-f6d23,temperature,degC,8
LakeMina.StJacques.2008,empties the dataset,NA,paleoData,WEB-1e26e-6fa1-4a6c-b8b6-164ad,effectivePrecipitation,cm,8
130_806B.Berger.2006,none,NA,paleoData,130_806B_TS_020,sampleID,NA,1336
130_806B.Berger.2006,none,NA,chronData,PMkawIjSwwlx,dateType,NA,13
130_806B.Berger.2006,none,NA,chronData,PMndo8UgSiPR,notes,NA,13
165_1002C.Herbert.2000,none,NA,chronData,RMMny6Cdlud,notes,unitless,12
1670,none,NA,chronData,T2L_1670_delta_r_1s_error_original,delta_r_1s_error_original,NA,5
1670,none,NA,chronData,T2L_1670_other_date,other_date,NA,5
1670,none,NA,chronData,T2L_1670_other_1s_err,other_1s_err,NA,5
1670,none,NA,chronData,T2L_1670_other_type,other_type,NA,5
18MoraineLake.Engstrom.1985,none,NA,chronData,lc-chRzBIcECogLD3ViPT0,notes,unitless,6
AElbiFlue.EPD,none,NA,chronData,cRn0L5w5EVXvOL4CD2,thickness,cm,23
AElbiFlue.EPD,none,NA,chronData,cRbtmuuCgERc7cSpDH,labID,unitless,23
AKIII.Terwilliger.2013,none,NA,chronData,chron4_0T4EqFg9,fractionModern,unitless,8
AKIII.Terwilliger.2013,none,NA,chronData,chron5_AuP2Yhxc,fractionModernUncertainty,unitless,8
AKIII.Terwilliger.2013,none,NA,chronData,chron6_ipBR1foc,delta13C,permil,8
AKIII.Terwilliger.2013,none,NA,chronData,chron7_ltDLs1si,delta13Cuncertainty,permil,8
AKIII.Terwilliger.2013,none,NA,chronData,chron8_KRloyKzm,thickness,cm,8
AKIII.Terwilliger.2013,none,NA,chronData,chron11_Ed8pOgp3,activity,Bq g-1,8
AKIII.Terwilliger.2013,none,NA,chronData,chron12_mzr6QnxG,activityUncertainty,Bq g-1,8
AKIII.Terwilliger.2013,none,NA,chronData,chron13_VUhTOSta,supportedActivity,unitless,8
AKIII.Terwilliger.2013,none,NA,chronData,chron14_eOI7LRFp,x210PbModel,unitless,8
AKIII.Terwilliger.2013,none,NA,chronData,chron16_e7E8vaGt,SD,yr BP,8
AKIII.Terwilliger.2013,none,NA,chronData,chron17_yM1AsRUB,reservoirAge14C,yr14C BP,8
AKIII.Terwilliger.2013,none,NA,chronData,chron18_pycOIpEU,reservoirAge14CUncertainty,yr14C BP,8
AbaloneRocksMarsh.Cole.1994,none,NA,chronData,lc-chR1tMEzNYES8kFzxdA,notes,unitless,8
AbantGolu.Bottema.1993,none,NA,chronData,lc-chRd3bKbGmjvv9UCguE,notes,unitless,6
Abborrtjarnen.Giesecke.2005,none,NA,chronData,lc-chRb5lYkYmLqSnIVakL,materialDated,unitless,6
Abborrtjarnen.Giesecke.2005,none,NA,chronData,lc-chRUk3Fm6TvigBkAsCO,notes,unitless,6
AbernethyForest.Birks.1978,none,NA,chronData,lc-chRZb0yPVHMu9bseIBP,notes,unitless,7
AbuBallas.Pachur.1980,none,NA,paleoData,OLS_Rgw5dnyZtHX,lakeTrend,unitless,32
AbuTartur.Pachur.1984,none,NA,paleoData,OLS_RLXwREu0UBj,lakeTrend,unitless,32
AchitNur.Tarasov.1994,none,NA,chronData,lc-chRDu1D60nPGGThd1gx,notes,unitless,4
AchitNuur.Sun.2013,none,NA,chronData,lc-chROopEjJx7PqwZWX8D,labID,unitless,10
AchitNuur.Sun.2013,none,NA,chronData,lc-chR75jVnHlHAu81UtCe,thickness,cm,10
AchitNuur.Sun.2013,none,NA,chronData,lc-chRpMGR8ODVFOTWuFq1,notes,unitless,10
AchitNuur.Sun.2013,none,NA,chronData,lc-chRlGn08Mqjc18Rw4sb,depth_top,cm,10
AchitNuur.Sun.2013,none,NA,chronData,lc-chRtwMXsmn0bU8ndrL3,depth_bottom,cm,10
Adange.Kvavadze.1989,none,NA,chronData,lc-chRVVw95e5a6SoYKXDF,materialDated,unitless,4
Adange.Kvavadze.1989,none,NA,chronData,lc-chRVNqeYEGG0Wbpkr6d,notes,unitless,4
AdelineLake.author.1111,none,NA,chronData,lc-chRPSYeEm5u2c4niK4g,labID,unitless,6
AdelineLake.author.1111,none,NA,chronData,lc-chRI60bYF1dORcnkjwP,notes,unitless,6
AdrarBous.Faure.1963,none,NA,paleoData,OLS_RuarvciVpDb,lakeTrend,unitless,32
AdriaticSea108MAY90.Barmawidjaja.1995,none,NA,chronData,lc-chRqFnHwFOImDuZMh8i,labID,unitless,2
AdriaticSea108MAY90.Barmawidjaja.1995,none,NA,chronData,lc-chRjaj3EqfIUKIAAiCP,thickness,cm,2
AdriaticSea108MAY90.Barmawidjaja.1995,none,NA,chronData,lc-chRYu8tswnKeIRtDlMR,notes,unitless,2
AdriaticSea108MAY90.Barmawidjaja.1995,none,NA,chronData,lc-chRLAOpFaPsGNcW5u3h,depth_top,cm,2
AdriaticSea108MAY90.Barmawidjaja.1995,none,NA,chronData,lc-chRmlaLFEzvrIQ4AOpr,depth_bottom,cm,2
AgerodsMosse.Nilsson.1964,none,NA,chronData,lc-chRYKU14nsdqPjV9VMP,notes,unitless,33
Aghnaghak.Lozhkin.2011,none,NA,chronData,lc-chRO0E9Im5XIuPi6k6H,notes,unitless,10
AhlbeckerSeegrund.deKlerk.2005,none,NA,chronData,lc-chR74RLfZNtvWBBTnPc,notes,unitless,6
Ahlenmoor.Behre.1986,none,NA,chronData,lc-chRrjKZqo3pEJ7zr5oY,materialDated,unitless,5
Ahlenmoor.Behre.1986,none,NA,chronData,lc-chRg1xBTpKZegcQdqGj,notes,unitless,5
AhnetMouydir.Conrad.1969,none,NA,paleoData,OLS_RpHgWmMam7A,lakeTrend,unitless,32
Aholammi.Koivula.1987,none,NA,chronData,lc-chRvX93hCCPro9yAcfe,materialDated,unitless,4
Aholammi.Koivula.1987,none,NA,chronData,lc-chRnRig3anNhHN4mRNd,notes,unitless,4
AibiLake.Wang.2013,none,NA,chronData,lc-chRNSZIGto2QQbU0jOP,labID,unitless,10
AibiLake.Wang.2013,none,NA,chronData,lc-chRVeRfqaiUJVbE0ZpO,thickness,cm,10
AibiLake.Wang.2013,none,NA,chronData,lc-chRMqb8fb78d6vOlFIw,notes,unitless,10
AibiLake.Wang.2013,none,NA,chronData,lc-chRP1gn8Iv6fW9KYRHd,depth_top,cm,10
AibiLake.Wang.2013,none,NA,chronData,lc-chRVjF6LKNI7EgsgRxw,depth_bottom,cm,10
AkTerek.Beer.2008,none,NA,chronData,lc-chRfTm2Sg7a6Ahs0kY6,notes,unitless,2
AkgoelAdabag.EPD,none,NA,chronData,cRpxH3wvWZFHztnDIV,thickness,cm,4
AkkolLake.Blyakharchuk.2007,none,NA,chronData,lc-chRxXbzGiUyAtIOq2m3,labID,unitless,8
AkkolLake.Blyakharchuk.2007,none,NA,chronData,lc-chRO7EZj8BWBJduLD5t,thickness,cm,8
AkkolLake.Blyakharchuk.2007,none,NA,chronData,lc-chRHIt6qMbED5qeEgr8,notes,unitless,8
AkkolLake.Blyakharchuk.2007,none,NA,chronData,lc-chRIh3VW8N6s8AZYOJT,depth_top,cm,8
AkkolLake.Blyakharchuk.2007,none,NA,chronData,lc-chR66TexJAg6HRQY6sC,depth_bottom,cm,8
AkulininExposureP1282.Anderson.2002,none,NA,chronData,lc-chRWQSoSjX1cAhTp1an,notes,unitless,4
Akuvaara.Hyvarinen.1975,none,NA,chronData,lc-chReTt325SE7rzLSdII,notes,unitless,5
AlHasa.AlSayari.1978,none,NA,paleoData,OLS_RYYij07msuy,lakeTrend,unitless,32
AlLuhy.AlSayari.1978,none,NA,paleoData,OLS_R4xlhP7Qgzb,lakeTrend,unitless,32
AlanenLaanijarvi.Heinrichs.2005Legacy,none,NA,chronData,lc-chRbfqxqtb3hJFGr5M1,thickness,cm,6
AlanenLaanijarvi.Heinrichs.2005Legacy,none,NA,chronData,lc-chRV68M4A1GSf4pbnEo,notes,unitless,6
AlanenLaanijarvi.Heinrichs.2005Legacy,none,NA,chronData,lc-chRHQ5gagDWFm5C02zV,depth_top,cm,6
AlanenLaanijarvi.Heinrichs.2005Legacy,none,NA,chronData,lc-chRa841glRsdaRwRIZr,depth_bottom,cm,6
Albacutya.Bowler.1970,none,NA,paleoData,OLS_RUpOOOSTZW0,lakeTrend,unitless,32
AlbanyRiverBog.Glaser.2004,none,NA,chronData,lc-chRJ8f0av1A60oSklfr,materialDated,unitless,6
AlbanyRiverBog.Glaser.2004,none,NA,chronData,lc-chR6aL3zn6m3HJKuAwb,notes,unitless,6
AlbercaLake.Wogau.2019,none,NA,chronData,WEBacec0916,rejected,unitless,12
AlbercaLake.Wogau.2019,none,NA,chronData,WEBd01af21e,material,unitless,12
AlbiFlue.Appleby.1998,none,NA,chronData,lc-chRalAcGdaX2NDEMfMB,labID,unitless,22
AlbiFlue.Appleby.1998,none,NA,chronData,lc-chRQgfpfD2r4jP2Zj7f,materialDated,unitless,22
AlbiFlue.Appleby.1998,none,NA,chronData,lc-chRyVeuzKXl6KdbIoWx,notes,unitless,22
AlbuferaAlcudia.Burjachs.1994,none,NA,chronData,lc-chRsG8wUBx34EeWF9tE,materialDated,unitless,4
AlbuferaAlcudia.Burjachs.1994,none,NA,chronData,lc-chRDKua1liS3XmuiDIn,notes,unitless,4
Aletschwald.EPD,none,NA,chronData,cRmpYKcfMhHsuUa7lM,thickness,cm,31
Aletschwald.EPD,none,NA,chronData,cRe1kcBxz50VVuoN0Y,labID,unitless,31
Aletschwald.Welten.1982,none,NA,chronData,lc-chR5xHtxkwDi3Vop8jB,notes,unitless,4
Aletschwald.vanderKnaap.1997,none,NA,chronData,lc-chRe2vz76uSF50tdDNN,thickness,cm,8
Aletschwald.vanderKnaap.1997,none,NA,chronData,lc-chRy1PDDXeMebEoYN8K,notes,unitless,8
Aletschwald.vanderKnaap.1997,none,NA,chronData,lc-chRfAA8JCgwU2vBpd0u,depth_top,cm,8
Aletschwald.vanderKnaap.1997,none,NA,chronData,lc-chRRnhcxo2EkQJvkM62,depth_bottom,cm,8
Aletschwald.vanderKnaap.2000,none,NA,chronData,lc-chRMG92PE3OnDPZkfBv,labID,unitless,31
Aletschwald.vanderKnaap.2000,none,NA,chronData,lc-chR1IJRRs14s9LPBzlK,thickness,cm,31
Aletschwald.vanderKnaap.2000,none,NA,chronData,lc-chRuYWCHyP5X90wxf6V,notes,unitless,31
Aletschwald.vanderKnaap.2000,none,NA,chronData,lc-chR9aWwtyT99kwQDskr,depth_top,cm,31
Aletschwald.vanderKnaap.2000,none,NA,chronData,lc-chRTGib0KmsWarfzUP6,depth_bottom,cm,31
AlexanderLake.Jordan.1975,none,NA,chronData,lc-chRpxjSJj2B5ejAbXrq,notes,unitless,4
AlexisLake.Lamb.1978,none,NA,chronData,lc-chRwtRiemyG7fbEtDcJ,materialDated,unitless,4
AlexisLake.Lamb.1978,none,NA,chronData,lc-chRDPfloUoc0Olfwxzb,notes,unitless,4
Algendar.Yll.1995,none,NA,chronData,lc-chRBPHdk2SUGqCdbnTq,thickness,cm,5
Algendar.Yll.1995,none,NA,chronData,lc-chR80K1moRpexKfFdF3,notes,unitless,5
Algendar.Yll.1995,none,NA,chronData,lc-chRf0nnWEEiQrYFVwFF,depth_top,cm,5
Algendar.Yll.1995,none,NA,chronData,lc-chRFDO4Bp6yvnaNYpwQ,depth_bottom,cm,5
AliukPond.Jordan.1975,none,NA,chronData,lc-chRgJj0WdpwgopMglU2,notes,unitless,2
AlltnaFeitheSheilich.Birks.1975,none,NA,chronData,cRKqbwkacsRftDNxRs,thickness,cm,3
AlltnaFeitheSheilich.Birks.1975Legacy,none,NA,chronData,lc-chRS0G3vMFZHGfkXpww,thickness,cm,3
AlltnaFeitheSheilich.Birks.1975Legacy,none,NA,chronData,lc-chRvSdJmFPQ8Qkpykx7,notes,unitless,3
AlltnaFeitheSheilich.Birks.1975Legacy,none,NA,chronData,lc-chRXBXuepW71aaOXsuP,depth_top,cm,3
AlltnaFeitheSheilich.Birks.1975Legacy,none,NA,chronData,lc-chRdNqF67Vd7qE81PYg,depth_bottom,cm,3
AlmenaradeAdaja.LopezMerino.2009,none,NA,chronData,lc-chR01uosgL2QGKiGq7b,notes,unitless,2
AlpLusgaBelalp1.vanderKnaap.1997,none,NA,chronData,lc-chRBoNfVfl992fiUE1Q,notes,unitless,4
AlpLusgaBelalp2.Welten.1982,none,NA,chronData,lc-chRlkazlv3JnIqF8MyZ,notes,unitless,4
AlpidiRobieiValBavona.Welten.1982,none,NA,chronData,cRibrkrdLX30Gj9jUO,thickness,cm,8
AlpidiRobieiValBavona.vanderKnaap.1997,none,NA,chronData,lc-chRiuz6fvi2IyLrS2Wd,notes,unitless,7
Alsa.Mariscal.1993,none,NA,chronData,cRMJi5b9NW2V3F1DAX,thickness,cm,3
Alsa.Mariscal.1993Legacy,none,NA,chronData,lc-chR1TO99XoNyoNvf4U6,thickness,cm,3
Alsa.Mariscal.1993Legacy,none,NA,chronData,lc-chRkktUwDFCrHX3rNGA,notes,unitless,3
Alsa.Mariscal.1993Legacy,none,NA,chronData,lc-chRWDAIt7vmS8JXmlrt,depth_top,cm,3
Alsa.Mariscal.1993Legacy,none,NA,chronData,lc-chReffhU886lAEln3kB,depth_bottom,cm,3
Alsopahok.Zatyko.2007,none,NA,chronData,cR6vmtBzBNcJCBk1bE,thickness,cm,5
Alsopahok.Zatyko.2007Legacy,none,NA,chronData,lc-chRErzh4mc0VzLez70D,notes,unitless,4
AltarLough.Fossitt.1994,none,NA,chronData,lc-chRu5uqZX7rRbit11fZ,notes,unitless,5
Altenweiher.deValk.1981,none,NA,chronData,lc-chR4F13BS3zfEMLBsgI,notes,unitless,8
AltesMoorWachel.Dorfler.1989,none,NA,chronData,lc-chRh9sBS05oLTJPUCxF,materialDated,unitless,7
AltesMoorWachel.Dorfler.1989,none,NA,chronData,lc-chR7yos7p70zkfZwjD7,notes,unitless,7
AlutLake.Anderson.2002,none,NA,chronData,lc-chRTePHrG6yskZoce9G,notes,unitless,26
AmbaRiverExposure596.Anderson.2002,none,NA,chronData,lc-chRMcMpK0WbUL5b0FwK,notes,unitless,3
AmberLake.UmbanhowarJr.2004,none,NA,chronData,lc-chRT8C5YToETsLEPQRK,notes,unitless,3
AmguemaRiverValleyExposure1.Anderson.2002,none,NA,chronData,lc-chRKdHPu72vC3EqgZs3,notes,unitless,2
AmguemaRiverValleyExposure2.Anderson.2002,none,NA,chronData,lc-chRPEr0v7yNtKvAFcO3,notes,unitless,2
Ampoix.deBeaulieu.1987,none,NA,chronData,lc-chR6qdyYZ52kALw1ylF,notes,unitless,5
Amsoldingersee.author.1111,none,NA,chronData,lc-chRtutQgbXc8mFBzp4j,materialDated,unitless,6
Amsoldingersee.author.1111,none,NA,chronData,lc-chRpKeTTuCk8m2KRq9i,notes,unitless,6
Amtkel.Kvavadze.1989,none,NA,chronData,lc-chRjeW4Tb0mj2lAMHml,materialDated,unitless,3
Amtkel.Kvavadze.1989,none,NA,chronData,lc-chRHY7vR4Yjt3jg6fhw,notes,unitless,3
Amtkel1.Kvavadze.1989,none,NA,chronData,lc-chRf4DnyNsdcuCmEYwt,materialDated,unitless,6
Amtkel1.Kvavadze.1989,none,NA,chronData,lc-chR2mzVKTjiGijhCLVW,notes,unitless,6
Amtkel3.Kvavadze.1989,none,NA,chronData,lc-chRliEXPufpYIYBN9dH,materialDated,unitless,4
Amtkel3.Kvavadze.1989,none,NA,chronData,lc-chRyUgll0Bzu61pEezo,thickness,cm,4
Amtkel3.Kvavadze.1989,none,NA,chronData,lc-chRvf7WFWIYoUdVKBCZ,notes,unitless,4
Amtkel3.Kvavadze.1989,none,NA,chronData,lc-chRDfaPv8ZKsCsaS1zP,depth_top,cm,4
Amtkel3.Kvavadze.1989,none,NA,chronData,lc-chRikmfE0Xo5ikRfiOJ,depth_bottom,cm,4
Ancenis.Cyprien.2001,none,NA,chronData,lc-chRn49sVMLU3WFaTt0p,notes,unitless,6
AndersonLake.WrightJr.1969,none,NA,chronData,lc-chRXBZmSu11K76puNa6,materialDated,unitless,4
AndersonLake.WrightJr.1969,none,NA,chronData,lc-chRUMSGlsCpZ4ZXfgpd,notes,unitless,4
AndersonPond.Delcourt.1979,none,NA,chronData,lc-chRrvoe21WQhj4bau7s,notes,unitless,10
AndersonPond.Liu.2013,none,NA,chronData,lc-chRVUPF7AED9fjp8T42,notes,unitless,15
AndrusLake.Charles.1984,none,NA,chronData,lc-chRCbaHhpbAOQPLAp6u,labID,unitless,26
AndrusLake.Charles.1984,none,NA,chronData,lc-chRdKmPuINqx65LMTLd,materialDated,unitless,26
AndrusLake.Charles.1984,none,NA,chronData,lc-chRVzcLSg7r1oHdr0ov,notes,unitless,26
AndyLake.Szeicz.1995,none,NA,chronData,lc-chR6upRZvN0ntQUEGid,thickness,cm,4
AndyLake.Szeicz.1995,none,NA,chronData,lc-chRJuTDks0BvLMOqDcA,depth_top,cm,4
AndyLake.Szeicz.1995,none,NA,chronData,lc-chR0C9Ueggl8cbEVgTd,depth_bottom,cm,4
Anenskeudoli.Kunes.2007,none,NA,chronData,lc-chRvG1c60IPxRlapjk7,notes,unitless,4
AngalLake.Brubaker.1983,none,NA,chronData,lc-chRQvO3gX0ouirIPvke,notes,unitless,4
AnguliNurLake.Li.1990,none,NA,chronData,lc-chR4yAjqwxwdeXCK7vv,labID,unitless,3
AnguliNurLake.Li.1990,none,NA,chronData,lc-chRiC4kQrU7FgG2E3ne,notes,unitless,3
Anneray.author.1111,none,NA,chronData,lc-chR6mC135H1s2pcr6o5,materialDated,unitless,2
Anneray.author.1111,none,NA,chronData,lc-chROtBX1OirVic6nkZZ,thickness,cm,2
Anneray.author.1111,none,NA,chronData,lc-chRTmsmwljUxjamcaVC,notes,unitless,2
Anneray.author.1111,none,NA,chronData,lc-chRq9PaSdXvoDxEo6qY,depth_top,cm,2
Anneray.author.1111,none,NA,chronData,lc-chRcilfVHhnu8ZJ7k9w,depth_bottom,cm,2
AnseSaintMartin.Lespez.2005,none,NA,chronData,lc-chRqlzZ44qjg5jNw12t,materialDated,unitless,3
AnseSaintMartin.Lespez.2005,none,NA,chronData,lc-chRjIkmR5g281DpIuuH,thickness,cm,3
AnseSaintMartin.Lespez.2005,none,NA,chronData,lc-chR9L5VKfoi0LcG67nY,notes,unitless,3
AnseSaintMartin.Lespez.2005,none,NA,chronData,lc-chRMEg1VjflJRWUE97i,depth_top,cm,3
AnseSaintMartin.Lespez.2005,none,NA,chronData,lc-chRTeUX2W53kAy4tHLl,depth_bottom,cm,3
AnsedeGattemare.Coutard.2003,none,NA,chronData,lc-chRp9OijVs0m8xg8B63,thickness,cm,3
AnsedeGattemare.Coutard.2003,none,NA,chronData,lc-chROUU591LE7xN40iiK,notes,unitless,3
AnsedeGattemare.Coutard.2003,none,NA,chronData,lc-chRK6je2t9AXfmUOlou,depth_top,cm,3
AnsedeGattemare.Coutard.2003,none,NA,chronData,lc-chR5TfJxK4texPyD82v,depth_bottom,cm,3
AnsedelaMare.Coutard.2003,none,NA,chronData,lc-chROgA3dZzeZNSPq59C,thickness,cm,2
AnsedelaMare.Coutard.2003,none,NA,chronData,lc-chR32B9gpD5j3hGYcEx,notes,unitless,2
AnsedelaMare.Coutard.2003,none,NA,chronData,lc-chRZa4uGhPzSWgbeyfR,depth_top,cm,2
AnsedelaMare.Coutard.2003,none,NA,chronData,lc-chRk6usTeJs8HC5YdWh,depth_bottom,cm,2
AnthonyLake.Long.2019,none,NA,chronData,lc-chR1hjg7tBBIU5qzQEX,thickness,cm,5
AnthonyLake.Long.2019,none,NA,chronData,lc-chRTdSl3TDmiObRQaUl,notes,unitless,5
AnthonyLake.Long.2019,none,NA,chronData,lc-chRviqgipLiCYh44GmF,depth_top,cm,5
AnthonyLake.Long.2019,none,NA,chronData,lc-chR1sUN18PkkLSb0Rwt,depth_bottom,cm,5
AntuSinijarv.Saarse.1995,none,NA,chronData,lc-chRIbDkeOE6Z8mVs59S,notes,unitless,8
Aozerkat.Durand.1986,none,NA,paleoData,OLS_RGtC4zDjkOD,lakeTrend,unitless,32
ApplemanLake.Gill.2009,none,NA,chronData,lc-chRWMR8tCcL5PdpufAO,notes,unitless,15
AralLake.Aleshinskaya.1996,none,NA,chronData,lc-chRIEX6KhwRpht99K0o,labID,unitless,5
AralLake.Aleshinskaya.1996,none,NA,chronData,lc-chR4M96M7PMTUzz9uu7,thickness,cm,5
AralLake.Aleshinskaya.1996,none,NA,chronData,lc-chR63adDXCzhFK5mqrj,notes,unitless,5
AralLake.Aleshinskaya.1996,none,NA,chronData,lc-chRxhPsFnU0WEdNjOPF,depth_top,cm,5
AralLake.Aleshinskaya.1996,none,NA,chronData,lc-chR1isM04RTSjpTmHZi,depth_bottom,cm,5
Arch.Coleman.1974,none,NA,paleoData,OLS_R5VS6AVlLHa,lakeTrend,unitless,32
ArdElAkhdar.Pachur.1984,none,NA,paleoData,OLS_R8tPFWR3s1Y,lakeTrend,unitless,32
ArkutinoLake.Bozilova.1992,none,NA,chronData,lc-chRSFGQgB0DkofdaxXJ,materialDated,unitless,4
ArkutinoLake.Bozilova.1992,none,NA,chronData,lc-chRue162hhsVTH01pNr,notes,unitless,4
AronowBog.Beck.2001,none,NA,chronData,lc-chRjVwNpvj1w6GyBlKe,notes,unitless,3
Arrepentimientos.Crausbay.2015,none,NA,paleoData,lcRhTN9rNxU08i9oLqL,uncertainty,degC,50
Arrepentimientos.Crausbay.2015,none,NA,paleoData,lcRDuI5VAXWBxivs9d0,precipitation,mm/yr,50
Arrepentimientos.Crausbay.2015,none,NA,paleoData,lcR3KLCidvXFSFO9hAV,uncertainty,mm/yr,50
Arrepentimientos.Crausbay.2015,none,NA,paleoData,lcRKhe3OFOsXcQQOLw2,uncertainty,degC,50
Arrepentimientos.Crausbay.2015,none,NA,paleoData,lcRKrs0b25tdce289CQ,precipitation,mm/yr,50
Arrepentimientos.Crausbay.2015,none,NA,paleoData,lcRvvpAYhF5TyBVzGSW,uncertainty,mm/yr,50
Arrepentimientos.Crausbay.2015,none,NA,chronData,lc-chRu8ipvvwZZxeuZjxH,notes,unitless,8
ArringtonMarsh.Gruger.1973,none,NA,chronData,lc-chRqtZcRhzenbUlwkiK,notes,unitless,2
ArroyodeNavalacarreta.MoralesMolino.2017,none,NA,chronData,lc-chRqsBuLSYD42fxtkQS,notes,unitless,3
ArroyodeValdeconejos.MoralesMolino.2017,none,NA,chronData,lc-chRMpCdSk27m0uL3vjr,notes,unitless,3
ArroyodelasCarcavas.MoralesMolino.2017,none,NA,chronData,lc-chRMkFxeuPiGk6NGxhD,notes,unitless,4
ArtsLough.Bradshaw.1988,none,NA,chronData,lc-chRRX18WxOnyn1a9Uzv,materialDated,unitless,6
ArtsLough.Bradshaw.1988,none,NA,chronData,lc-chR5nFYoCy41LC8SoRw,notes,unitless,6
Arzon.Visset.2006,none,NA,chronData,lc-chRe1NHlhynCUefPdjn,notes,unitless,8
Asbotorpsjon.author.1111,none,NA,chronData,lc-chR0nRbGU0XEx99AWxV,notes,unitless,9
AsiGonia.Atherden.1999,none,NA,chronData,lc-chRa49oKRiwhg4uQ8Sn,thickness,cm,3
AsiGonia.Atherden.1999,none,NA,chronData,lc-chRiWb72V6cGfhqVpDm,notes,unitless,3
AsiGonia.Atherden.1999,none,NA,chronData,lc-chRs1uFGOZ6E37XzvKv,depth_top,cm,3
AsiGonia.Atherden.1999,none,NA,chronData,lc-chRA38XcQ3LyL9fXDl7,depth_bottom,cm,3
Atemlochermoos.Bortenschlager.1984,none,NA,chronData,lc-chRunWDGDmCcHGxlzxF,notes,unitless,5
Attacave.Niggemann.2003,none,NA,chronData,S2LcRQJCxrsVN12,materialDated,unitless,13
Attacave.Niggemann.2003,none,NA,chronData,S2LcRqvEHdKJVfv,retained,unitless,13
Attacave.Niggemann.2003,none,NA,chronData,S2LcRztm8dlu54L,decayConstant,unitless,13
Attacave.Niggemann.2003,none,NA,chronData,S2LcRojiKZFxBQn,age_type,unitless,13
Atxuri.Penalba.1989,none,NA,chronData,lc-chRU9cABplQY24kfEAk,materialDated,unitless,3
Atxuri.Penalba.1989,none,NA,chronData,lc-chRphOjWOYHJfZdMWou,notes,unitless,3
Aus-MarxUpperSnowy,none,NA,paleoData,Aus_164,sampleID,NA,402
Aveleymarshes.Batchelor.2009,none,NA,chronData,lc-chR6jhpWIhuiFTNFBJH,notes,unitless,8
Avrig.Tantau.2003,none,NA,chronData,lc-chRLtFsS8wZ3v81qX0O,notes,unitless,11
Avstjonna.Birks.2012,none,NA,chronData,lc-chReepjCepVitCVgT4n,notes,unitless,9
Axe.McAndrews.No,none,NA,chronData,M2Lwz7uwg3iC,material,NA,3
Axe.McAndrews.No,none,NA,chronData,M2Lkc12ex9fC,notes,NA,3
AxeLake.author.1111,none,NA,chronData,lc-chRqwNZJm2HYrFv0Lfg,materialDated,unitless,3
AxeLake.author.1111,none,NA,chronData,lc-chRJxv4qoXF6wsYzIt0,notes,unitless,3
AyoodeVidriales.MoralesMolino.2014,none,NA,chronData,lc-chRfhtrY2k9OCO0hwCv,notes,unitless,12
Azawagh.Durand.1986,none,NA,paleoData,OLS_RrJHlv5i66a,lakeTrend,unitless,32
Azefal.Delibrias.1976,none,NA,paleoData,OLS_RKvxORs61hb,lakeTrend,unitless,32
B997_317,none,NA,chronData,T2L_B997_317_other_date,other_date,NA,6
B997_317,none,NA,chronData,T2L_B997_317_other_1s_err,other_1s_err,NA,6
B997_317,none,NA,chronData,T2L_B997_317_other_type,other_type,NA,6
B997_321.Castaneda.2004,none,NA,chronData,T2L_B997_321_other_date,other_date,unitless,4
B997_321.Castaneda.2004,none,NA,chronData,T2L_B997_321_other_1s_err,other_1s_err,unitless,4
B997_321.Castaneda.2004,none,NA,chronData,T2L_B997_321_other_type,other_type,unitless,4
B997_324.Castaneda.2004,none,NA,chronData,T2L_B997_324_other_date,other_date,unitless,12
B997_324.Castaneda.2004,none,NA,chronData,T2L_B997_324_other_1s_err,other_1s_err,unitless,12
B997_324.Castaneda.2004,none,NA,chronData,T2L_B997_324_other_type,other_type,unitless,12
B997_327.Castaneda.2004,none,NA,chronData,T2L_B997_327_other_date,other_date,unitless,4
B997_327.Castaneda.2004,none,NA,chronData,T2L_B997_327_other_1s_err,other_1s_err,unitless,4
B997_327.Castaneda.2004,none,NA,chronData,T2L_B997_327_other_type,other_type,unitless,4
BJ8_03_10GGC.Linsley.2010,none,NA,chronData,T2L_BJ8_03_10GGC_depth_bottom,depth_bottom,cm,4
BJ8_03_10GGC.Linsley.2010,none,NA,chronData,T2L_BJ8_03_10GGC_delta_r_1s_error_original,delta_r_1s_error_original,unitless,4
BJ8_03_10GGC.Linsley.2010,none,NA,chronData,T2L_BJ8_03_10GGC_other_date,other_date,unitless,4
BJ8_03_10GGC.Linsley.2010,none,NA,chronData,T2L_BJ8_03_10GGC_other_1s_err,other_1s_err,unitless,4
BJ8_03_10GGC.Linsley.2010,none,NA,chronData,T2L_BJ8_03_10GGC_other_type,other_type,unitless,4
BJ8_03_13GGC.Linsley.2010,none,NA,chronData,T2L_BJ8_03_13GGC_depth_bottom,depth_bottom,cm,5
BJ8_03_13GGC.Linsley.2010,none,NA,chronData,T2L_BJ8_03_13GGC_delta_r_1s_error_original,delta_r_1s_error_original,unitless,5
BJ8_03_13GGC.Linsley.2010,none,NA,chronData,T2L_BJ8_03_13GGC_other_date,other_date,unitless,5
BJ8_03_13GGC.Linsley.2010,none,NA,chronData,T2L_BJ8_03_13GGC_other_1s_err,other_1s_err,unitless,5
BJ8_03_13GGC.Linsley.2010,none,NA,chronData,T2L_BJ8_03_13GGC_other_type,other_type,unitless,5
BJ8_03_70GGC.Linsley.2010,none,NA,chronData,T2L_BJ8_03_70GGC_depth_bottom,depth_bottom,cm,10
BJ8_03_70GGC.Linsley.2010,none,NA,chronData,T2L_BJ8_03_70GGC_delta_r_1s_error_original,delta_r_1s_error_original,unitless,10
BJ8_03_70GGC.Linsley.2010,none,NA,chronData,T2L_BJ8_03_70GGC_other_date,other_date,unitless,10
BJ8_03_70GGC.Linsley.2010,none,NA,chronData,T2L_BJ8_03_70GGC_other_1s_err,other_1s_err,unitless,10
BJ8_03_70GGC.Linsley.2010,none,NA,chronData,T2L_BJ8_03_70GGC_other_type,other_type,unitless,10
BLTombigbee.author.1111,none,NA,chronData,lc-chR67ADyGLdIcwwEdYP,labID,unitless,5
BLTombigbee.author.1111,none,NA,chronData,lc-chRFZt2hi6H6SUF0PDo,materialDated,unitless,5
BLTombigbee.author.1111,none,NA,chronData,lc-chRr4ExcWN0OfLMNUdE,thickness,cm,5
BLTombigbee.author.1111,none,NA,chronData,lc-chR8ee7qj6mIAQvGHkz,notes,unitless,5
BLTombigbee.author.1111,none,NA,chronData,lc-chRAv0ePOLFO1okQuOT,depth_top,cm,5
BLTombigbee.author.1111,none,NA,chronData,lc-chRXmhsuOpbQiMkLiN0,depth_bottom,cm,5
BS79_33.Cacho.2001,none,NA,chronData,T2L_BS79_33_labcode,labcode,unitless,7
BS79_33.Cacho.2001,none,NA,chronData,T2L_BS79_33_depth_top,depth_top,cm,7
BS79_33.Cacho.2001,none,NA,chronData,T2L_BS79_33_delta_r_original,delta_r_original,unitless,7
BS79_33.Cacho.2001,none,NA,chronData,T2L_BS79_33_delta_r_1s_error_original,delta_r_1s_error_original,unitless,7
BS79_33.Cacho.2001,none,NA,chronData,T2L_BS79_33_other_date,other_date,unitless,7
BS79_33.Cacho.2001,none,NA,chronData,T2L_BS79_33_other_1s_err,other_1s_err,unitless,7
BS79_33.Cacho.2001,none,NA,chronData,T2L_BS79_33_other_type,other_type,unitless,7
BaaharNuurLake.Huang.2009,none,NA,chronData,lc-chRGSKaP6vO3iDeRSel,labID,unitless,5
BaaharNuurLake.Huang.2009,none,NA,chronData,lc-chRQ7eAwta2Xe62IeXR,thickness,cm,5
BaaharNuurLake.Huang.2009,none,NA,chronData,lc-chR7Ikc2Jai0CQluuFO,notes,unitless,5
BaaharNuurLake.Huang.2009,none,NA,chronData,lc-chRw1oRPkim2o0EwCkn,depth_top,cm,5
BaaharNuurLake.Huang.2009,none,NA,chronData,lc-chRUCIV4ooUskRFogvh,depth_bottom,cm,5
Bachalpsee.Lotter.2006,none,NA,chronData,lc-chRZj6ysXfCYnwHfnEt,notes,unitless,8
Badr.Whitney.1983,none,NA,paleoData,OLS_R0j8HhyiDuX,lakeTrend,unitless,32
Baeg-nyongcave.K..2017,none,NA,chronData,S2LcRfIgYIeL2B0,labID,unitless,10
Baeg-nyongcave.K..2017,none,NA,chronData,S2LcRiYehiywni6,materialDated,unitless,10
Baeg-nyongcave.K..2017,none,NA,chronData,S2LcRSTzAI96H0p,retained,unitless,10
Baeg-nyongcave.K..2017,none,NA,chronData,S2LcRH5UC9U6Txm,decayConstant,unitless,10
Baeg-nyongcave.K..2017,none,NA,chronData,S2LcRg71IpRfLZr,age_type,unitless,10
Bahariya.Pachur.1980,none,NA,paleoData,OLS_RkabFWWuCS8,lakeTrend,unitless,32
Baidara.Andreev.1998,none,NA,chronData,lc-chRKOhIlythhHcoCXwJ,notes,unitless,13
BaiedeSeineestuary.Garnaud.2003Legacy,none,NA,chronData,lc-chRi8aFO0FXczGd7wJC,notes,unitless,3
Baihe.Xu.1998,none,NA,chronData,lc-chRf0jtrtrrI0QsWjTw,labID,unitless,4
Baihe.Xu.1998,none,NA,chronData,lc-chRfVB0oCGWF6Knzmhv,thickness,cm,4
Baihe.Xu.1998,none,NA,chronData,lc-chRcoqCXWm9o31pUsuK,notes,unitless,4
Baihe.Xu.1998,none,NA,chronData,lc-chRcHheG8GPjNHdfUO0,depth_top,cm,4
Baihe.Xu.1998,none,NA,chronData,lc-chRVL7RX6jROP11ZIg5,depth_bottom,cm,4
Baika.Sidorchuk.2001,none,NA,chronData,lc-chR9npjJskFfYaijHTj,notes,unitless,13
BaikalLakeCON016053.Demske.2005,none,NA,chronData,lc-chRK6eL4c1q6wDv2VxM,labID,unitless,1
BaikalLakeCON016053.Demske.2005,none,NA,chronData,lc-chRcYDvj03sOrKIGIgy,thickness,cm,1
BaikalLakeCON016053.Demske.2005,none,NA,chronData,lc-chRSrV5iavItVBFkz7C,notes,unitless,1
BaikalLakeCON016053.Demske.2005,none,NA,chronData,lc-chRgg0SqJP9sLII9D2Q,depth_top,cm,1
BaikalLakeCON016053.Demske.2005,none,NA,chronData,lc-chRU0cqcT94E6OXONf8,depth_bottom,cm,1
BairdInletRockBasinLake.Hyvarinen.1985,none,NA,chronData,lc-chRHBK4SYj2KFsluWTQ,notes,unitless,3
Baissescure.deBeaulieu.1969,none,NA,chronData,lc-chRj9HVCqHL3wivIhYh,materialDated,unitless,5
Baissescure.deBeaulieu.1969,none,NA,chronData,lc-chRNkR19lorPvVRKAEx,notes,unitless,5
BaiyangdianLakeGY.Guang.2000,none,NA,chronData,lc-chRQ0Qbm9zu2wbT8O1L,labID,unitless,4
BaiyangdianLakeGY.Guang.2000,none,NA,chronData,lc-chRXHrxfhtCcftHcc50,thickness,cm,4
BaiyangdianLakeGY.Guang.2000,none,NA,chronData,lc-chRgE9ZZmBHygAYDJBD,notes,unitless,4
BaiyangdianLakeGY.Guang.2000,none,NA,chronData,lc-chRA050F52ULrRdA9n3,depth_top,cm,4
BaiyangdianLakeGY.Guang.2000,none,NA,chronData,lc-chRyqpS02bAoA7pw0D8,depth_bottom,cm,4
Bajiaotian.Li.1993,none,NA,chronData,lc-chRnbiwrFvuQwKlYVjl,labID,unitless,6
Bajiaotian.Li.1993,none,NA,chronData,lc-chRGuGFk2Mp3opJDSn7,notes,unitless,6
Bajondillo.LopezSaez.2007,none,NA,chronData,lc-chRjrvTZb5f1vO6zmv6,thickness,cm,28
Bajondillo.LopezSaez.2007,none,NA,chronData,lc-chR69ekBtO36SFZyFso,depth_top,cm,28
Bajondillo.LopezSaez.2007,none,NA,chronData,lc-chRvEHgRGdPQQUvdAeg,depth_bottom,cm,28
Bakaly.Beer.2008,none,NA,chronData,lc-chR0gbLq5mdJ0d5CE2A,notes,unitless,5
BakalyLake.Beer.2008,none,NA,chronData,lc-chRmqCLRcUGdZgZH4OQ,labID,unitless,1
BakalyLake.Beer.2008,none,NA,chronData,lc-chRCjFXy2J8UuEAhEom,notes,unitless,1
BakerLake.BrunelleDaines.2002,none,NA,chronData,lc-chRYtazD7U3qE8wfO58,notes,unitless,15
BaldwinLake.Glover.2020,none,NA,chronData,lc-chRWCXVBnnW0Ky2mAvc,notes,unitless,10
Balladrum.Hofstetter.2006,none,NA,chronData,lc-chRQWiYgx2xscy1aJik,notes,unitless,4
BallinloghigLake.Barnosky.1988,none,NA,chronData,lc-chRPKQLYiO7P9cO3wlm,notes,unitless,12
BallstonLake.Toney.2003,none,NA,chronData,lc-chRaGuHaCx8XpkfOdq6,notes,unitless,6
Ballybetagh.Cwynar.1989,none,NA,chronData,lc-chRfuoa5Yz5n2rFIQBo,thickness,cm,6
Ballybetagh.Cwynar.1989,none,NA,chronData,lc-chR6An6UAvZaCWroUUj,depth_top,cm,6
Ballybetagh.Cwynar.1989,none,NA,chronData,lc-chRAFC3ZCsgNndl33K1,depth_bottom,cm,6
Ballyduff.Stefanini.2008,none,NA,chronData,lc-chRnQJBKjQaS6mOVCEE,notes,unitless,39
Ballynahattybog.Plunkett.2008,none,NA,chronData,lc-chRBr2hk4h8oxQ2GMd3,notes,unitless,7
BalsamLake.Ibe.1982,none,NA,chronData,lc-chR5Ohfmvik47Ss5WBY,labID,unitless,7
Bancannia.Dury.1973,none,NA,paleoData,OLS_R05hX9Uu1IN,lakeTrend,unitless,32
BanksIsland74MS11.Gajewski.2000,none,NA,chronData,M2Lbdddsjg8C,notes,NA,3
BanksIsland74MS11.Gajewski.2000Legacy,none,NA,chronData,lc-chRaV8uFY5ptbonFdHf,notes,unitless,3
BanksIsland74MS12.Gajewski.2000,none,NA,chronData,lc-chRVqvNKIGt68glObj8,notes,unitless,3
BanksIsland74MS15.Gajewski.2000,none,NA,chronData,lc-chRVl3m9A3g3oYycdgi,notes,unitless,4
BarbarinaTumsa.Andreev.2004,none,NA,chronData,lc-chR7FfoMRu9SfXx6aeb,materialDated,unitless,4
BarbarinaTumsa.Andreev.2004,none,NA,chronData,lc-chR9XznJVnyo737wLEv,notes,unitless,4
BarchampeLake.author.1111,none,NA,chronData,lc-chR0g3N6WotqaofGOY0,notes,unitless,2
Baringo.Williams.1976,none,NA,paleoData,OLS_RUlC3PZzjSm,lakeTrend,unitless,32
BaseballBog.author.1111,none,NA,chronData,lc-chReJKZpVOCUJX6b9gO,materialDated,unitless,2
BaseballBog.author.1111,none,NA,chronData,lc-chRrRzcnzwKV3Q0JStM,notes,unitless,2
BassLake.UmbanhowarJr.2004,none,NA,chronData,lc-chRq5vnL8UX4MkPaXl8,notes,unitless,4
BassPond.Bell.2005,none,NA,chronData,lc-chRRqbXY4d28mEQCQXy,notes,unitless,6
BasseVille.Voeltzel.1987,none,NA,chronData,lc-chRhSQObB4SbdNyOQF2,notes,unitless,5
BasswoodRoadLakeSplanPond.Levesque.1993,none,NA,chronData,lc-chRjX7Kv3llDxlIe37I,notes,unitless,6
BatesMarsh.Finkelstein.2005,none,NA,chronData,lc-chRc8dAyBegjm4YS4O7,notes,unitless,5
BattagliaBog.Shane.1975,none,NA,chronData,lc-chRtsWN1tMtyEN63659,notes,unitless,3
BattleGroundLake.Barnosky.1983,none,NA,chronData,lc-chRpRL3csGPlvKv6yzw,notes,unitless,15
BayanchaganLakeBY.Jiang.2006,none,NA,chronData,lc-chRomyyIH1UQ5yhy1Aa,labID,unitless,7
BayanchaganLakeBY.Jiang.2006,none,NA,chronData,lc-chRqRHerJm0pVyfSG2f,notes,unitless,7
BayofBiscay.SanchezGoni.2008,none,NA,chronData,lc-chRvkkuLYja2jowOHFk,thickness,cm,7
BayofBiscay.SanchezGoni.2008,none,NA,chronData,lc-chRxw81Zfyf8wNQ8J1C,depth_top,cm,7
BayofBiscay.SanchezGoni.2008,none,NA,chronData,lc-chRY4D6rjBLw2wqQdll,depth_bottom,cm,7
BazelSluis.Deforce.2014,none,NA,chronData,lc-chRDbHUtMjpROEj9rmc,notes,unitless,4
BearBog.Gordon.1992,none,NA,chronData,lc-chROflcf9BpzGvZ4b60,notes,unitless,3
BearBog.McAndrews.1992,none,NA,chronData,M2Lzlqu2vcxC,notes,NA,2
BearLake.Weng.1999,none,NA,chronData,lc-chRtnkl0B5DUxOU273r,notes,unitless,5
BeautyLake.Spaulding.2019,none,NA,chronData,lc-chRnIn35fWWgEYR9qxJ,labID,unitless,26
BeautyLake.Spaulding.2019,none,NA,chronData,lc-chR6qKaDk4LOtkqfmRe,thickness,cm,26
BeautyLake.Spaulding.2019,none,NA,chronData,lc-chRvjSKc1gdAbpzqzYi,notes,unitless,26
BeautyLake.Spaulding.2019,none,NA,chronData,lc-chRVcFEfnNAmfVZLzK0,depth_top,cm,26
BeautyLake.Spaulding.2019,none,NA,chronData,lc-chRXfhf0xTTiG6Ywa87,depth_bottom,cm,26
BeaverLake.Calcote.2003,none,NA,chronData,lc-chRKasikC9qmEsTLkay,notes,unitless,4
BeaverhouseLake.Ritchie.1976,none,NA,chronData,lc-chRWnGtouksOGXIoLz6,notes,unitless,4
BeaverhouseLake.Rivers.1999,none,NA,chronData,lc-chRusjnwz6RZuPwXsjS,notes,unitless,7
Bebedero.Gonzalez.1983,none,NA,paleoData,OLS_R7BpUWkRicx,lakeTrend,unitless,32
BebrukasLake.Kabailiene.1986,none,NA,chronData,lc-chRQKiC1uZZ1HKkTcHQ,notes,unitless,14
BechanCave.Davis.1990,none,NA,chronData,lc-chRCrgt7iBK7reqfuqP,notes,unitless,4
Beckton.Batchelor.2009,none,NA,chronData,lc-chROW0HEhrtW3P2PHC9,notes,unitless,5
BeefPasture.Petersen.1988,none,NA,chronData,lc-chRJplSk7xZ6RuA2Zi1,materialDated,unitless,10
BeefPasture.Wright.2012,none,NA,chronData,lc-chRyNdhjMrFh2HivGdg,notes,unitless,16
BegbieLake.Brown.2019Legacy,none,NA,chronData,lc-chR5F7wtOLlniGlKc89,labID,unitless,18
BegbieLake.Brown.2019Legacy,none,NA,chronData,lc-chRllJbbb6Y0rdF8jFP,notes,unitless,18
Begour.Hagedorn.1969,none,NA,paleoData,OLS_R31mLkKaucS,lakeTrend,unitless,32
BeharBelama.Pachur.1984,none,NA,paleoData,OLS_RhdRSoAX5OU,lakeTrend,unitless,32
Beidawan.Xia.1988,none,NA,chronData,lc-chRPcYcVJljsUKUtYFH,labID,unitless,3
Beidawan.Xia.1988,none,NA,chronData,lc-chRQYzFKB7qs8nm5pWB,notes,unitless,3
BeihaiGK10.Li.1996,none,NA,chronData,lc-chRKnvLMLYkmqmaJohK,labID,unitless,3
BeihaiGK10.Li.1996,none,NA,chronData,lc-chRAVGPwBMG9a1VVd1X,thickness,cm,3
BeihaiGK10.Li.1996,none,NA,chronData,lc-chRQMUjChymiUvOqD9T,notes,unitless,3
BeihaiGK10.Li.1996,none,NA,chronData,lc-chRTbnma0YoGyylxOrR,depth_top,cm,3
BeihaiGK10.Li.1996,none,NA,chronData,lc-chROkbQwKSDLuOW0PmX,depth_bottom,cm,3
BeilikekuleLake.Huang.1996,none,NA,chronData,lc-chRdzeoN5fGu1secjmi,labID,unitless,2
BeilikekuleLake.Huang.1996,none,NA,chronData,lc-chR6sZ0ENkc2Y6eOawa,notes,unitless,2
BelayaSkalaExposure.Anderson.2002,none,NA,chronData,lc-chRxFluyDTCrIjbjd9I,notes,unitless,3
BelecLakeBog.Glaser.2004,none,NA,chronData,lc-chRyFiFDgMi924bR6zP,materialDated,unitless,7
BelecLakeBog.Glaser.2004,none,NA,chronData,lc-chRPRhRkwJYNovQfGb9,notes,unitless,7
BeliyaKanton.EPD,none,NA,chronData,cRx8CJUrgjK41JBvwZ,thickness,cm,5
BeliyaKanton.Lazarova.2011,none,NA,chronData,lc-chRy1yWLqlklAIa4cpV,notes,unitless,5
BelleLake.Craig.1973,none,NA,chronData,lc-chRlnrD7zT6FP7N4eES,notes,unitless,8
Bellengreville.author.1111,none,NA,chronData,lc-chRz7InYCKgKxoGhl94,labID,unitless,5
Bellengreville.author.1111,none,NA,chronData,lc-chRFOuGLM3M1kpzJIAq,materialDated,unitless,5
Bellengreville.author.1111,none,NA,chronData,lc-chRNPPy7YPa9hETkNDB,notes,unitless,5
BellsLake.Szeicz.1995Legacy,none,NA,chronData,lc-chRwM6IX1q6FS57fD5E,thickness,cm,6
BellsLake.Szeicz.1995Legacy,none,NA,chronData,lc-chR9P82KZSepS0aPQVD,notes,unitless,6
BellsLake.Szeicz.1995Legacy,none,NA,chronData,lc-chRdjGJQHGCOhF2ozTO,depth_top,cm,6
BellsLake.Szeicz.1995Legacy,none,NA,chronData,lc-chR9gqRtMZ4gLTogN02,depth_bottom,cm,6
BelmontBog.Spear.1976,none,NA,chronData,lc-chRe2bgjtLsVZHidCCo,labID,unitless,7
BelmontBog.Spear.1976,none,NA,chronData,lc-chRP7VmiL7lvn8xeWnR,materialDated,unitless,7
BelmontBog.Spear.1976,none,NA,chronData,lc-chRBRny9fk7wYK2q3Pu,thickness,cm,7
BelmontBog.Spear.1976,none,NA,chronData,lc-chR9aZfvzIMvHes9web,notes,unitless,7
BelmontBog.Spear.1976,none,NA,chronData,lc-chRsxAk5O6ZYmIVsc20,depth_top,cm,7
BelmontBog.Spear.1976,none,NA,chronData,lc-chR4YlmhkJiYTPdaoME,depth_bottom,cm,7
BenChora.Conrad.1969,none,NA,paleoData,OLS_RxXi2uDWswJ,lakeTrend,unitless,32
BensonPond.Oswald.2018,none,NA,chronData,lc-chRioXxqquzcscqvwFE,notes,unitless,13
BerelyekhRiver.Anderson.2002,none,NA,chronData,lc-chRYTIHfkYb9GSTn82S,notes,unitless,4
BerendonFen.Clague.1996,none,NA,chronData,lc-chRTxosarDmGkAWpbIT,notes,unitless,6
Bereziuk.Richard.1979,none,NA,chronData,lc-chRvYafQyzDN9Z2yZST,notes,unitless,3
Berezovskoyemire.Novenko.2011,none,NA,chronData,lc-chR7Cbkcp47Vd4Lr2rb,notes,unitless,9
Bergakyllen.Svensson.1989,none,NA,chronData,lc-chRfIo3hjlkMgOHk0is,notes,unitless,7
BerryPond.Oswald.2018,none,NA,chronData,lc-chRaDhzJPEtVJoPlC9H,labID,unitless,10
BerryPond.Oswald.2018,none,NA,chronData,lc-chRyBkj5DS0VLZrSlgD,materialDated,unitless,10
BerryPond.Oswald.2018,none,NA,chronData,lc-chRdhUCrfINj5CS9DJF,notes,unitless,10
BerryPond.Whitehead.1979,none,NA,chronData,lc-chRLR0ojfrZEfwq4S2H,materialDated,unitless,16
BerryPond.Whitehead.1979,none,NA,chronData,lc-chRuvxDjEx1SRJGO4Bz,thickness,cm,16
BerryPond.Whitehead.1979,none,NA,chronData,lc-chRD4xhIgarDV5Y8A85,notes,unitless,16
BerryPond.Whitehead.1979,none,NA,chronData,lc-chRLYWHtFDqR2hcUpSB,depth_top,cm,16
BerryPond.Whitehead.1979,none,NA,chronData,lc-chRGeRbfLzvMZnC0nEG,depth_bottom,cm,16
Besbog.Stefanova.1995,none,NA,chronData,lc-chRrooEwNMZWCCwpR2g,notes,unitless,3
Bezdonnoe.Elina.1981,none,NA,chronData,lc-chRBhHgpTyhTAwQE7FK,notes,unitless,5
BialowiezaForest.Mitchell.1998,none,NA,chronData,lc-chRtLXTcELJjgkh01eV,notes,unitless,4
Bibersee.vanderKnaap.2001,none,NA,chronData,lc-chRBOnRDFuuO2c9vjdB,notes,unitless,28
BigCypressBend.Donders.2005,none,NA,chronData,lc-chRWxPw1IPo8mjxUHuG,notes,unitless,11
BigLake.Bennett.2001,none,NA,chronData,lc-chRh5fHmYXElXKYVuTt,notes,unitless,21
BigMooseLake.Charles.1984,none,NA,chronData,lc-chRcBiEK7HjSbazOE07,labID,unitless,70
BigMooseLake.Charles.1984,none,NA,chronData,lc-chRI5zWCVy49xNgLxad,notes,unitless,70
BigReedPondHollow.Schauffler.1998,none,NA,chronData,lc-chRnFVMEtIBEzzYM1KZ,notes,unitless,7
BigSandyCreek.Albert.2004,none,NA,chronData,lc-chRuwImDTACiN7unKnv,notes,unitless,3
BigholmBurn.Godwin.1964,none,NA,chronData,lc-chRDugNhbIZ0OlCpVTu,materialDated,unitless,5
BigholmBurn.Godwin.1964,none,NA,chronData,lc-chRNYLdh6eC0T7ZNDeJ,notes,unitless,5
BiglandTarn.Barber.2013,none,NA,chronData,R97wSkqvxIL,OriginalDateID,unitless,13
BillingsPark.Nurse.2017,none,NA,chronData,lc-chRuXyXWY6Vcxm82hms,labID,unitless,10
BillingsPark.Nurse.2017,none,NA,chronData,lc-chRc9AyBTP78kfBj97j,materialDated,unitless,10
BillingsPark.Nurse.2017,none,NA,chronData,lc-chRGUXsjhKySruWTOcx,thickness,cm,10
BillingsPark.Nurse.2017,none,NA,chronData,lc-chRWVkzEhP9sjyD9BVt,notes,unitless,10
BillingsPark.Nurse.2017,none,NA,chronData,lc-chRhtY0RhkgpxCQUuLn,depth_top,cm,10
BillingsPark.Nurse.2017,none,NA,chronData,lc-chRv9BmQgiDfCDEcEAA,depth_bottom,cm,10
BillysLake.JacobsonJr.1975,none,NA,chronData,lc-chRRb5kYgTPNjAU8M1Q,notes,unitless,6
BinnewaterPond.Robinson.2005,none,NA,chronData,lc-chRUplmRicVXjtZ9yT4,notes,unitless,6
Biot.NicolPichard.1998,none,NA,chronData,lc-chRfuTdX8atBzN4Jkxz,materialDated,unitless,6
Biot.NicolPichard.1998,none,NA,chronData,lc-chRhmTmD9gGAGnxkIka,thickness,cm,6
Biot.NicolPichard.1998,none,NA,chronData,lc-chRLQMswoJqZLrY5VJz,notes,unitless,6
Biot.NicolPichard.1998,none,NA,chronData,lc-chRoPDVVPSDsd9PYDkJ,depth_top,cm,6
Biot.NicolPichard.1998,none,NA,chronData,lc-chRFIwxluRandA50BAt,depth_bottom,cm,6
BirketRam.Singer.1978,none,NA,paleoData,OLS_R5n33MZfnBp,lakeTrend,unitless,32
BiskupinskieLake.Noryskiewicz.1995,none,NA,chronData,cR3BrrKLfzsdT3ADb2,thickness,cm,11
BiskupinskieLake.Noryskiewicz.1995,none,NA,chronData,cRN1okMaPuXpIyNJ8J,labID,unitless,11
BitschNaters.vanderKnaap.1997,none,NA,chronData,lc-chRk0iDsBzCZe8iSCRH,notes,unitless,7
BivierediGela.Colombaroli.2009,none,NA,chronData,lc-chRwUKcVHm8cB6CkphL,notes,unitless,6
Bjarsjoholmssjon.Goransson.1991,none,NA,chronData,lc-chR4NnnyxtaOZPrX55k,labID,unitless,12
Bjarsjoholmssjon.Goransson.1991,none,NA,chronData,lc-chRhYW1GTm7FLnwje3Q,notes,unitless,12
Bjarsjon.Bjorck.1986,none,NA,chronData,lc-chReLHxev5HUATmD3TL,labID,unitless,7
Bjarsjon.Bjorck.1986,none,NA,chronData,lc-chRx5cLY2BvCNSVlK7I,notes,unitless,7
Bjorksjodamm.Hillden.1979,none,NA,chronData,lc-chRcs7OqXRNBuxD8tAf,notes,unitless,6
Bjornfjelltjorn.Birks.2003,none,NA,chronData,lc-chRBqS4lOpjWCRMZWmB,notes,unitless,8
BlackGumSwamp.Foster.1993,none,NA,chronData,lc-chRft00b8SEuCKfeXhf,notes,unitless,10
BlackGumSwamp.Lindbladh.2007,none,NA,chronData,lc-chRrth6NShrm66C8vb7,notes,unitless,2
BlackLoch.Whittington.1991,none,NA,chronData,lc-chRd0pmYuEPEyy0pLqO,notes,unitless,14
BlackLough.Heery.1998,none,NA,chronData,lc-chRpVIJbdTc9ae6Kw9S,notes,unitless,5
BlackMountainLake.Jodry.1999,none,NA,chronData,lc-chRfBmC6q9MCTFlXPvU,notes,unitless,30
BlackPond.Cridlebaugh.1984,none,NA,chronData,lc-chR9tXfsEymnIxiRmRp,notes,unitless,2
BlackPond.Oswald.2018,none,NA,chronData,lc-chRNAN7DrRYle6WywFB,notes,unitless,13
BlackSeaSouthwest1.Atanassova.1995,none,NA,chronData,lc-chRJVKurElH5GRD0IE0,notes,unitless,3
BlackSeaWest.Atanassova.1995,none,NA,chronData,lc-chRpTujsZAYhLcNtC0s,notes,unitless,2
BlacktailPond.Gennett.1977,none,NA,chronData,lc-chRrmLg9wWov7DE2BDu,notes,unitless,4
BlacktailPond.Krause.2013,none,NA,chronData,lc-chRnDbdZEDJEA9COOmW,thickness,cm,9
BlacktailPond.Krause.2013,none,NA,chronData,lc-chRAqXvwMZr1YIwSKXd,depth_top,cm,9
BlacktailPond.Krause.2013,none,NA,chronData,lc-chRLfYyWu3qemtFRX05,depth_bottom,cm,9
BlackwoodSinkhole.Tamalavage.2018,none,NA,chronData,lc-chRbTGJNfikNX3Mf3ZQ,notes,unitless,19
BlackwoodsHollow.Schauffler.1998,none,NA,chronData,lc-chR7XmHHclGf7obcjPb,notes,unitless,7
BlairLakes.author.1111,none,NA,chronData,lc-chR9CLpdtIMUm0lFVLq,labID,unitless,4
BlairLakes.author.1111,none,NA,chronData,lc-chR45mYPLcYJgmQWsPP,materialDated,unitless,4
BlairLakes.author.1111,none,NA,chronData,lc-chRlZ9RAw9fCL4Pnayr,notes,unitless,4
BlaneysPond.Oswald.2018,none,NA,chronData,lc-chRmVsDskLuOs2IjZGf,notes,unitless,13
Blato.Rybnickova.1974,none,NA,chronData,lc-chRGj9lyMP8x20RLXcV,notes,unitless,3
Blavasstjonn.Ramfjord.1982,none,NA,chronData,lc-chRTJgXmsKkbM8NmdoR,notes,unitless,4
BledowoLake.Binka.1991,none,NA,chronData,lc-chRuU6WONWddmBHWiLs,notes,unitless,4
Blizon.McGhee.1975,none,NA,chronData,lc-chRH27YQnJypjDNgIn1,notes,unitless,2
BloodPond.Oswald.2018,none,NA,chronData,lc-chRZPoBisRCMyIZLWRr,labID,unitless,15
BloodPond.Oswald.2018,none,NA,chronData,lc-chRKcfhI9bi3Yf1ogHL,materialDated,unitless,15
BloodPond.Oswald.2018,none,NA,chronData,lc-chRuSnN1XYI5Jn4QKeJ,notes,unitless,15
BludlivayaRiver.author.1111,none,NA,chronData,lc-chRJrFzn5eOKS5qRnbO,notes,unitless,3
BlueLakeWetlands.Louderback.2009,none,NA,chronData,lc-chRSmbKwB0AG3eQoNRS,notes,unitless,9
BlueLakes.Shriver.2012,none,NA,chronData,lc-chRFWqunaSd9pcjxAlb,notes,unitless,3
BlueMoundsCreek.Davis.1977,none,NA,chronData,M2L5u5if7v6C,material,NA,4
BlueMoundsCreek.Davis.1977,none,NA,chronData,M2Lblyrn0yuC,notes,NA,4
BlueMoundsCreek.Davis.1977Legacy,none,NA,chronData,lc-chRde70gsGPHUMgkdbT,labID,unitless,5
BlueMoundsCreek.Davis.1977Legacy,none,NA,chronData,lc-chRZaoQZ77hHg4s92na,materialDated,unitless,5
BlueMoundsCreek.Davis.1977Legacy,none,NA,chronData,lc-chRnYPjpgnyQBiO0BmA,thickness,cm,5
BlueMoundsCreek.Davis.1977Legacy,none,NA,chronData,lc-chRzUrnyySoMTK2fNgY,notes,unitless,5
BlueMoundsCreek.Davis.1977Legacy,none,NA,chronData,lc-chRT3Dve39duJD4MOLv,depth_top,cm,5
BlueMoundsCreek.Davis.1977Legacy,none,NA,chronData,lc-chRzDqZabCNcs5Xr8Zz,depth_bottom,cm,5
BluffLake.Mohr.2000,none,NA,chronData,lc-chRst5PK2LGQLp8ibSe,notes,unitless,9
Bobrov.Rybnicek.2002,none,NA,chronData,lc-chRJpfNYNdUIV7ZQyif,notes,unitless,14
BoehnigseeGoldmoos.Markgraf.1969Legacy,none,NA,chronData,lc-chRWaNqNiTutcNu6P7A,materialDated,unitless,4
BoehnigseeGoldmoos.Markgraf.1969Legacy,none,NA,chronData,lc-chRAyKfdC27an5u8veH,notes,unitless,4
BogD.McAndrews.1966,none,NA,chronData,M2L8u6c5gv7C,material,NA,4
BogD.McAndrews.1966,none,NA,chronData,M2Lno1615fsC,notes,NA,4
BogDPond.McAndrews.1966,none,NA,chronData,lc-chRqlrGoUJTcJSUsjVm,notes,unitless,6
BoisJesus.Cyprien.2006,none,NA,chronData,lc-chRbcZTVe3x6Q0kG3fs,notes,unitless,5
BolotnyiiStreamExposure117.Anderson.2002,none,NA,chronData,lc-chRljwAbnbK0IDcNC6a,notes,unitless,2
BolshayaKuobakhBagaRiverTerraceSite.Anderson.2002,none,NA,chronData,lc-chRsMqCIq6XE5Zlkn1Q,notes,unitless,6
BolshayaKuropatochyaRiverKUROP7.Anderson.2002,none,NA,chronData,lc-chRwTItKecUE07lKVst,notes,unitless,3
BolshayaKuropatochyaRiverKURPEAT.Anderson.2002,none,NA,chronData,lc-chRGsQC5bW2AUhPAYVU,notes,unitless,4
BolshoeEravnoeLake.Tarasov.1994,none,NA,chronData,lc-chRLaB4rbC7nyKwXbgJ,labID,unitless,3
BolshoiKhomusYuryakhRiver.Anderson.2002,none,NA,paleoData,lcRwoOyKmWOlL8H7SI9,uncertainty,degC,2
BolshoiKhomusYuryakhRiver.Anderson.2002,none,NA,paleoData,lcR6OXowpgT4gG7NDhc,precipitation,mm/yr,2
BolshoiKhomusYuryakhRiver.Anderson.2002,none,NA,paleoData,lcR9fxbibMsy7K6PBB1,uncertainty,mm/yr,2
BolshoiKhomusYuryakhRiver.Anderson.2002,none,NA,chronData,lc-chRMte8YWAKrx9fsaDM,notes,unitless,2
Bondone.Gruger.1968,none,NA,chronData,lc-chRcS2VlehTXy9a0K5W,notes,unitless,5
BoneySpring.King.1973,none,NA,chronData,lc-chRqLk6UKFGo4gELSes,materialDated,unitless,5
BoneySpring.King.1973,none,NA,chronData,lc-chRn5ir4hDxvtfZqqhB,thickness,cm,5
BoneySpring.King.1973,none,NA,chronData,lc-chRfPvpoeTxBUKAZjyU,notes,unitless,5
BoneySpring.King.1973,none,NA,chronData,lc-chR0TbfdLCtsv1pjE4J,depth_top,cm,5
BoneySpring.King.1973,none,NA,chronData,lc-chRmBsxcMSiJzzavMP6,depth_bottom,cm,5
Bonnecombe.deBeaulieu.1985,none,NA,chronData,lc-chRoqulK0dEIiKfnNzN,materialDated,unitless,6
Bonnecombe.deBeaulieu.1985,none,NA,chronData,lc-chRmoXOdYmHEvgvVtac,notes,unitless,6
BonnettLake.Fastovich.2020,none,NA,chronData,lc-chRPeLZc71RdfPqDrcP,notes,unitless,15
BooneLake.White.1986,none,NA,chronData,lc-chRvdEbDiGaBm0zGZDH,notes,unitless,7
BorderBeacon.Lamb.1982,none,NA,chronData,lc-chRqdHFpdvWUV2bKYSO,materialDated,unitless,5
BorderBeacon.Lamb.1982,none,NA,chronData,lc-chRjP1prFLJe9t6wSRm,notes,unitless,5
BorheenLough.author.1111,none,NA,chronData,lc-chRIxFW2wAYJBrIMKWY,materialDated,unitless,8
BorheenLough.author.1111,none,NA,chronData,lc-chRFiuhzJlDAWCzR48I,notes,unitless,8
Borkovickablata.Jankovska.1980,none,NA,chronData,lc-chRk0j98xURbBvfDQJy,labID,unitless,2
Borkovickablata.Jankovska.1980,none,NA,chronData,lc-chRKrLKJp1XkYM2TCuS,materialDated,unitless,2
Borkovickablata.Jankovska.1980,none,NA,chronData,lc-chRV91qpUYYqtJNf3P8,thickness,cm,2
Borkovickablata.Jankovska.1980,none,NA,chronData,lc-chR0VpEI8q8R97jUSxl,depth_top,cm,2
Borkovickablata.Jankovska.1980,none,NA,chronData,lc-chRzBbraHPjHr2P7bNV,depth_bottom,cm,2
BorkumRiffgrund.Wolters.2010,none,NA,chronData,lc-chRTpx3SkMmhBgoXHcG,notes,unitless,3
Bosscherheide.Bohncke.1993,none,NA,chronData,lc-chRxiK2l6dSeS8uhg8B,notes,unitless,4
BostenLake.Xu.1998,none,NA,chronData,lc-chRmsVylBu5LlhrIUEI,labID,unitless,5
BostenLake.Xu.1998,none,NA,chronData,lc-chRPPc5rNvPg69bpqCj,notes,unitless,5
Botuvercave.Bernal.2016,none,NA,chronData,S2LcRi0xhNDOeMc,labID,unitless,12
Botuvercave.Bernal.2016,none,NA,chronData,S2LcRBSElgHFxa9,materialDated,unitless,12
Botuvercave.Bernal.2016,none,NA,chronData,S2LcRmwuZp7PqIy,retained,unitless,12
Botuvercave.Bernal.2016,none,NA,chronData,S2LcRjMoXBvDVMb,decayConstant,unitless,12
Botuvercave.Bernal.2016,none,NA,chronData,S2LcRhZn5RMuNvi,ageType,unitless,12
Botuvercave.Bernal.2016,none,NA,chronData,S2LcRg2RiGJ2tX5,labID,unitless,21
Botuvercave.Bernal.2016,none,NA,chronData,S2LcR6qjSh1yG1L,materialDated,unitless,21
Botuvercave.Bernal.2016,none,NA,chronData,S2LcRE0p0cGKd6R,retained,unitless,21
Botuvercave.Bernal.2016,none,NA,chronData,S2LcRkHyTXIxkVu,decayConstant,unitless,21
Botuvercave.Bernal.2016,none,NA,chronData,S2LcRM2B2J37hov,ageType,unitless,21
BouAli.Conrad.1969,none,NA,paleoData,OLS_R8Uy3tQO7uX,lakeTrend,unitless,32
BouBernous.Conrad.1969,none,NA,paleoData,OLS_RtL8nxnWfuq,lakeTrend,unitless,32
Bougdouma.Gasse.1987,none,NA,paleoData,OLS_RC6e9d3jR40,lakeTrend,unitless,32
BouloumGana.Faure.1963,none,NA,paleoData,OLS_RFBDqKReLMF,lakeTrend,unitless,32
BoundaryLake.Stravers.1981,none,NA,chronData,M2Lj4w7yq82C,material,NA,6
BoundaryLake.Stravers.1981,none,NA,chronData,M2L89bt8w13C,notes,NA,6
BoundaryLake.Stravers.1981Legacy,none,NA,chronData,lc-chRP6wEgGm3P7duAf74,materialDated,unitless,6
BoundaryLake.Stravers.1981Legacy,none,NA,chronData,lc-chR60sUg1IKKuazfW3F,thickness,cm,6
BoundaryLake.Stravers.1981Legacy,none,NA,chronData,lc-chRuy9zON5MsuIRG1H7,notes,unitless,6
BoundaryLake.Stravers.1981Legacy,none,NA,chronData,lc-chR6DKuTc5EeuHVAcHy,depth_top,cm,6
BoundaryLake.Stravers.1981Legacy,none,NA,chronData,lc-chRL2sdTQ9RoR5wzal5,depth_bottom,cm,6
BoundaryPond.Mott.1977Legacy,none,NA,chronData,lc-chR1NSBoclRiZ5MSaeO,materialDated,unitless,6
BoundaryPond.Mott.1977Legacy,none,NA,chronData,lc-chRovvx1VrPdvnopy7Y,thickness,cm,6
BoundaryPond.Mott.1977Legacy,none,NA,chronData,lc-chR022pQZNlX8aed3hE,notes,unitless,6
BoundaryPond.Mott.1977Legacy,none,NA,chronData,lc-chRuVbrrqisSt6Xs61E,depth_top,cm,6
BoundaryPond.Mott.1977Legacy,none,NA,chronData,lc-chRr6TM8Q0Dui9fu6mf,depth_bottom,cm,6
BoyiqiaoZK01.Shu.2007,none,NA,chronData,lc-chRRdFxuxcVwGSNhh7H,labID,unitless,6
BoyiqiaoZK01.Shu.2007,none,NA,chronData,lc-chRVsvthm75LvLYRaqr,thickness,cm,6
BoyiqiaoZK01.Shu.2007,none,NA,chronData,lc-chR0op0eoN4gMLwfxPS,notes,unitless,6
BoyiqiaoZK01.Shu.2007,none,NA,chronData,lc-chREsLiOcvQqxOZTP0x,depth_top,cm,6
BoyiqiaoZK01.Shu.2007,none,NA,chronData,lc-chRMD6pik3a9isMZOjj,depth_bottom,cm,6
BrackloonLough.vonEngelbrechten.2000,none,NA,chronData,lc-chRL1fBCqgVThFJOUUe,notes,unitless,3
BrackloonWood.Little.2001,none,NA,chronData,lc-chRySszICIVYr8HXDnl,notes,unitless,5
BradfielWoods.Waller.2012,none,NA,chronData,lc-chRY6xqSbQjWpMaXV4Y,labID,unitless,15
BradfielWoods.Waller.2012,none,NA,chronData,lc-chRfwQYfc9MPX8ffLFM,materialDated,unitless,15
BradfielWoods.Waller.2012,none,NA,chronData,lc-chRHlWhG7e7CoamKBsk,thickness,cm,15
BradfielWoods.Waller.2012,none,NA,chronData,lc-chRVvO6DQg7od3Pfowr,notes,unitless,15
BradfielWoods.Waller.2012,none,NA,chronData,lc-chROO9ivqOW8UXL7os8,depth_top,cm,15
BradfielWoods.Waller.2012,none,NA,chronData,lc-chRBI7ooblzVYpDFKnY,depth_bottom,cm,15
Brameloup.deBeaulieu.1985,none,NA,chronData,lc-chRP1RNRZOzcPJ4h9Op,materialDated,unitless,12
Brameloup.deBeaulieu.1985,none,NA,chronData,lc-chRDQFSM4Uc5ip0CVM5,notes,unitless,12
Brandreth.Overpeck.1985,none,NA,chronData,M2L1aozxezhC,notes,NA,4
BrandrethBog.Bender.1980,none,NA,chronData,lc-chRCH1OvJ8MFTXDS7fx,notes,unitless,4
BrayaSo.DAndrea.2011,none,NA,chronData,PYTQK2PRAEE,cal_age_range_young,2_s,15
BredeBridge.Waller.1993,none,NA,chronData,lc-chR1ybhtZ1eA3qTQhq2,notes,unitless,2
BreekBeenKolk.Vogel.PERS.COMM.,none,NA,paleoData,OLS_Rb8Z67IWE0D,lakeTrend,unitless,32
Breidfeld.Couteaux.1969,none,NA,chronData,lc-chRmTdOja6ovsS8eFvf,notes,unitless,3
BreitnauNeuhof.Rosch.1989,none,NA,chronData,lc-chRPI1bNMUbjox7c3QY,notes,unitless,14
Brentenlohe.Knipping.1989,none,NA,chronData,lc-chRb9rN0tOriK9IMJhX,materialDated,unitless,3
Brentenlohe.Knipping.1989,none,NA,chronData,lc-chRVzf9F6J8njdlxPC6,notes,unitless,3
Brisay2.Richard.1982,none,NA,chronData,lc-chRchZs3IfRFLuN2vx8,notes,unitless,3
BrophyDitch.Morgan.2000,none,NA,chronData,lc-chRIX9Qk72RFQHW6BXM,notes,unitless,2
BrownLake.Charles.1984,none,NA,chronData,lc-chRTiHazhd4x3VpTiJD,labID,unitless,15
BrownLake.Charles.1984,none,NA,chronData,lc-chRjZPLepbk0cS7j1V1,notes,unitless,15
BrownLake.Sanger.1979,none,NA,chronData,lc-chR63JeQBtSsNSTwgEu,notes,unitless,2
BrownsBayLakeMinnetonka.Murchie.1984,none,NA,chronData,lc-chRfwjsqinJ4KaSpxWF,labID,unitless,12
BrownsBayLakeMinnetonka.Murchie.1984,none,NA,chronData,lc-chRxZ3bg59rGOUsUtPh,notes,unitless,12
BrownsPond.Kneller.1993,none,NA,chronData,lc-chRE7rQa54uGFAI3Lnw,notes,unitless,10
Bruchbergmoor.Beug.1999,none,NA,chronData,lc-chRcQueuIxEZdG981MJ,labID,unitless,13
Bruchbergmoor.Beug.1999,none,NA,chronData,lc-chRFPAGVA07WpSkXUqi,notes,unitless,13
Bruckmisse.Rosch.2009,none,NA,chronData,lc-chRimGyxhC7Zxkf8Jq9,notes,unitless,3
Brurskardtjorni.Bjune.2005,none,NA,chronData,lc-chRL02jDudP6sINTRiy,notes,unitless,7
BruvatnetRovvejavri.Hyvarinen.1975,none,NA,chronData,lc-chR8dADkeJ59mG9b3tT,notes,unitless,6
Brve.Novak.2012,none,NA,chronData,lc-chRjnN5wUvn3BvcWgCy,thickness,cm,3
Brve.Novak.2012,none,NA,chronData,lc-chR9Itpv4U65epuo5P3,notes,unitless,3
Brve.Novak.2012,none,NA,chronData,lc-chRdNhgAYRkhaGDqBE1,depth_top,cm,3
Brve.Novak.2012,none,NA,chronData,lc-chRuhFr3xWg59JUhbMc,depth_bottom,cm,3
BucadellaRenella.Drysdale.2006,none,NA,chronData,S2LcRh2onJ04rep,labID,unitless,13
BucadellaRenella.Drysdale.2006,none,NA,chronData,S2LcRRbyvKqARNu,materialDated,unitless,13
BucadellaRenella.Drysdale.2006,none,NA,chronData,S2LcRBNwUY5lEUZ,retained,unitless,13
BucadellaRenella.Drysdale.2006,none,NA,chronData,S2LcRjFhkp11OYV,decayConstant,unitless,13
BucadellaRenella.Drysdale.2006,none,NA,chronData,S2LcRIGdNZOtSJh,age_type,unitless,13
BucadellaRenella.Drysdale.2006,none,NA,chronData,S2LcRgaTxGfbGCu,labID,unitless,13
BucadellaRenella.Drysdale.2006,none,NA,chronData,S2LcR7uBJcVCuoo,materialDated,unitless,13
BucadellaRenella.Drysdale.2006,none,NA,chronData,S2LcRCq8CyO8jWY,retained,unitless,13
BucadellaRenella.Drysdale.2006,none,NA,chronData,S2LcR9n6pNFuZVI,decayConstant,unitless,13
BucadellaRenella.Drysdale.2006,none,NA,chronData,S2LcRbAgbL4s4Ne,age_type,unitless,13
BucadellaRenella.Drysdale.2006,none,NA,chronData,S2LcR8T00IbNv11,labID,unitless,13
BucadellaRenella.Drysdale.2006,none,NA,chronData,S2LcRw0WJHhEM2J,materialDated,unitless,13
BucadellaRenella.Drysdale.2006,none,NA,chronData,S2LcRtgzmLNzYIh,retained,unitless,13
BucadellaRenella.Drysdale.2006,none,NA,chronData,S2LcRUZiRPSfWN9,decayConstant,unitless,13
BucadellaRenella.Drysdale.2006,none,NA,chronData,S2LcRgRNrksKYpD,age_type,unitless,13
Buckbean.Baker.1976,none,NA,chronData,M2L1wnozul8C,notes,NA,4
BuckbeanBog.Heinrichs.1999,none,NA,chronData,lc-chRDHhb0g7372vysxcm,notes,unitless,6
BuckbeanFen.Baker.1976,none,NA,chronData,lc-chR0JrrxyoTrrwLO4ke,notes,unitless,5
BuckleyPondHollow.Schauffler.1998,none,NA,chronData,lc-chRg25nh4RHtxolKngw,notes,unitless,7
BucyrusBog.Sears.1930,none,NA,chronData,lc-chR9cPBRR0OgvRmOO73,notes,unitless,5
Bugristoe.Blyakharchuk.1989,none,NA,chronData,lc-chRCMqmm0NOgPjjxhYW,notes,unitless,5
BukitAssamcave.Carolin.2013,none,NA,paleoData,S2LRj2K5vcABZT,notes,unitless,4869
BukitAssamcave.Carolin.2013,none,NA,chronData,S2LcRYV8ua1TfGZ,labID,unitless,55
BukitAssamcave.Carolin.2013,none,NA,chronData,S2LcRtC3DQwYbUm,materialDated,unitless,55
BukitAssamcave.Carolin.2013,none,NA,chronData,S2LcRWy8LSOGzQA,retained,unitless,55
BukitAssamcave.Carolin.2013,none,NA,chronData,S2LcRMoPSru3MIY,decayConstant,unitless,55
BukitAssamcave.Carolin.2013,none,NA,chronData,S2LcRvTy9QvwaZP,age_type,unitless,55
BukitAssamcave.Carolin.2013,none,NA,chronData,S2LcRqw9N2bQKwa,materialDated,unitless,36
BukitAssamcave.Carolin.2013,none,NA,chronData,S2LcRxIiHRHI6XW,retained,unitless,36
BukitAssamcave.Carolin.2013,none,NA,chronData,S2LcRZVHaTxtdqy,decayConstant,unitless,36
BukitAssamcave.Carolin.2013,none,NA,chronData,S2LcRKbShZBvtNK,age_type,unitless,36
BukitAssamcave.Carolin.2013,none,NA,chronData,S2LcRb1NQht4Sco,labID,unitless,28
BukitAssamcave.Carolin.2013,none,NA,chronData,S2LcRw6W7pRYJNV,materialDated,unitless,28
BukitAssamcave.Carolin.2013,none,NA,chronData,S2LcRMD6ztsxrOM,retained,unitless,28
BukitAssamcave.Carolin.2013,none,NA,chronData,S2LcR4X4bPERbwR,decayConstant,unitless,28
BukitAssamcave.Carolin.2013,none,NA,chronData,S2LcRewC1nw4BH3,age_type,unitless,28
BukitAssamcave.Carolin.2013,none,NA,chronData,S2LcRUSvgv3DTPL,materialDated,unitless,36
BukitAssamcave.Carolin.2013,none,NA,chronData,S2LcRtYZ4kYmTDz,retained,unitless,36
BukitAssamcave.Carolin.2013,none,NA,chronData,S2LcRtp8fXPvK1S,decayConstant,unitless,36
BukitAssamcave.Carolin.2013,none,NA,chronData,S2LcRRsumiNyKOA,age_type,unitless,36
BulgarianBlackSea.FilipovaMarinova.2014,none,NA,chronData,lc-chRad39tDTCLf6l7ADx,thickness,cm,18
BulgarianBlackSea.FilipovaMarinova.2014,none,NA,chronData,lc-chRHifARLN2sj4k1xT9,notes,unitless,18
BulgarianBlackSea.FilipovaMarinova.2014,none,NA,chronData,lc-chRBoiEa4iPr7mV3OKk,depth_top,cm,18
BulgarianBlackSea.FilipovaMarinova.2014,none,NA,chronData,lc-chRYQ0fgRpSx92b1Tqa,depth_bottom,cm,18
BunkerLake.Edlund.1996,none,NA,chronData,lc-chRTDQ8acfAEJlUZxvS,labID,unitless,4
BunkerLake.Edlund.1996,none,NA,chronData,lc-chR2ONMI0sbqhbQmLMQ,notes,unitless,4
Bunkercave.Fohlmeister.2012,none,NA,paleoData,S2LRlnz1FmlGl0,notes,unitless,6408
Bunkercave.Fohlmeister.2012,none,NA,chronData,S2LcRlSPbig2Rv5,labID,unitless,10
Bunkercave.Fohlmeister.2012,none,NA,chronData,S2LcRSpwfchMj3v,materialDated,unitless,10
Bunkercave.Fohlmeister.2012,none,NA,chronData,S2LcRIhBXpJZQek,retained,unitless,10
Bunkercave.Fohlmeister.2012,none,NA,chronData,S2LcRwMV4EA7Eol,decayConstant,unitless,10
Bunkercave.Fohlmeister.2012,none,NA,chronData,S2LcRiFksD3ehm9,age_type,unitless,10
Bunkercave.Fohlmeister.2012,none,NA,chronData,S2LcRh4tita96Jb,labID,unitless,4
Bunkercave.Fohlmeister.2012,none,NA,chronData,S2LcRw5KexhEXHi,materialDated,unitless,4
Bunkercave.Fohlmeister.2012,none,NA,chronData,S2LcRCxkScdGjmv,retained,unitless,4
Bunkercave.Fohlmeister.2012,none,NA,chronData,S2LcRlZ4pbZ7CkJ,decayConstant,unitless,4
Bunkercave.Fohlmeister.2012,none,NA,chronData,S2LcRjJeGqA9Q3b,age_type,unitless,4
Bunkercave.Fohlmeister.2012,none,NA,chronData,S2LcREThYUifUfM,labID,unitless,12
Bunkercave.Fohlmeister.2012,none,NA,chronData,S2LcR5cQPvMzwOF,materialDated,unitless,12
Bunkercave.Fohlmeister.2012,none,NA,chronData,S2LcREYYworWJaB,retained,unitless,12
Bunkercave.Fohlmeister.2012,none,NA,chronData,S2LcRUnm62hqzVX,decayConstant,unitless,12
Bunkercave.Fohlmeister.2012,none,NA,chronData,S2LcRhGawDi8ZPo,age_type,unitless,12
Bunkercave.Fohlmeister.2012,none,NA,chronData,S2LcRR4zQ3bfeEd,labID,unitless,3
Bunkercave.Fohlmeister.2012,none,NA,chronData,S2LcR1oM4ZCZwiN,materialDated,unitless,3
Bunkercave.Fohlmeister.2012,none,NA,chronData,S2LcRC4SahO2ZlP,retained,unitless,3
Bunkercave.Fohlmeister.2012,none,NA,chronData,S2LcRHrKZuQ2E0e,decayConstant,unitless,3
Bunkercave.Fohlmeister.2012,none,NA,chronData,S2LcRflBTBZDVZk,age_type,unitless,3
Bunkercave.Fohlmeister.2012,none,NA,chronData,S2LcR55ZgdWovL8,labID,unitless,27
Bunkercave.Fohlmeister.2012,none,NA,chronData,S2LcRFC4P6HcetV,materialDated,unitless,27
Bunkercave.Fohlmeister.2012,none,NA,chronData,S2LcRmU4XdwpW4K,retained,unitless,27
Bunkercave.Fohlmeister.2012,none,NA,chronData,S2LcRyJmZKcAene,decayConstant,unitless,27
Bunkercave.Fohlmeister.2012,none,NA,chronData,S2LcRVDoJHhvt1F,age_type,unitless,27
BuntesMoor.Weirich.1980,none,NA,chronData,cRjfY0y6ShJq46CPe2,thickness,cm,7
BuntesMoor.Weirich.1980Legacy,none,NA,chronData,lc-chRLnyct91uy3swvewT,notes,unitless,8
BuracaGloriosa.Denniston.2017,none,NA,paleoData,S2LR6O8zZMhEGK,notes,NA,1409
BuracaGloriosa.Denniston.2017,none,NA,chronData,S2LcRU9B1xmAP9t,materialDated,unitless,5
BuracaGloriosa.Denniston.2017,none,NA,chronData,S2LcRoDSnyyhuls,retained,unitless,5
BuracaGloriosa.Denniston.2017,none,NA,chronData,S2LcRCxjktENKMT,decayConstant,unitless,5
BuracaGloriosa.Denniston.2017,none,NA,chronData,S2LcR6Fmme5ySO9,age_type,unitless,5
BuracaGloriosa.Denniston.2017,none,NA,chronData,S2LcRA5zVHJFmAT,materialDated,unitless,9
BuracaGloriosa.Denniston.2017,none,NA,chronData,S2LcRlUrmML0kL3,retained,unitless,9
BuracaGloriosa.Denniston.2017,none,NA,chronData,S2LcRYvb0ydcg7f,decayConstant,unitless,9
BuracaGloriosa.Denniston.2017,none,NA,chronData,S2LcRo7lWnSGShS,age_type,unitless,9
BuracaGloriosa.Denniston.2017,none,NA,chronData,S2LcRNEuUW6NsrM,materialDated,unitless,5
BuracaGloriosa.Denniston.2017,none,NA,chronData,S2LcR6T9rHiDsk0,retained,unitless,5
BuracaGloriosa.Denniston.2017,none,NA,chronData,S2LcRr7JEwEaSEB,decayConstant,unitless,5
BuracaGloriosa.Denniston.2017,none,NA,chronData,S2LcRuzdyUDa8ns,age_type,unitless,5
BuracaGloriosa.Denniston.2017,none,NA,chronData,S2LcRuNPdLeVohd,materialDated,unitless,7
BuracaGloriosa.Denniston.2017,none,NA,chronData,S2LcRNCL06q8GTg,retained,unitless,7
BuracaGloriosa.Denniston.2017,none,NA,chronData,S2LcRNEZcV0UHZw,decayConstant,unitless,7
BuracaGloriosa.Denniston.2017,none,NA,chronData,S2LcRGA6HflkztO,age_type,unitless,7
BuracaGloriosa.Denniston.2017,none,NA,chronData,S2LcREHu6ksMBIo,materialDated,unitless,46
BuracaGloriosa.Denniston.2017,none,NA,chronData,S2LcRlquYHVsIJL,retained,unitless,46
BuracaGloriosa.Denniston.2017,none,NA,chronData,S2LcRmFUJ7KPlv3,decayConstant,unitless,46
BuracaGloriosa.Denniston.2017,none,NA,chronData,S2LcRxvh9X9ZrG0,age_type,unitless,46
Burden.Webb.1986,none,NA,chronData,M2Lvfum63djC,notes,NA,11
BurdenLake.Gaudreau.1986,none,NA,chronData,lc-chRMI4PAWvfsdJVN08i,notes,unitless,11
Burdur.Roberts.1981,none,NA,paleoData,OLS_RA5P6kfHAni,lakeTrend,unitless,32
Burgaschisee.Rey.2017,none,NA,chronData,lc-chRkt4RN42ysNy64EZJ,notes,unitless,17
Burgaschisee.Rey.2019,none,NA,chronData,lc-chR1cVQuJVUeQXueyWC,notes,unitless,22
Burmarradria.Djamali.2013,none,NA,chronData,lc-chRWznDhdW4LRdwzRFK,thickness,cm,5
Burmarradria.Djamali.2013,none,NA,chronData,lc-chRTyDoEZs39GAqY7pq,notes,unitless,5
Burmarradria.Djamali.2013,none,NA,chronData,lc-chRwaoo0GABeEisx6i8,depth_top,cm,5
Burmarradria.Djamali.2013,none,NA,chronData,lc-chRa4TJraXxRflYTFtk,depth_bottom,cm,5
BurntKnobLake.BrunelleDaines.2002,none,NA,chronData,lc-chRE238zxohBcXPhoHE,notes,unitless,14
BushmansFountain.Butzer.1979,none,NA,paleoData,OLS_RDsyoKRTYvD,lakeTrend,unitless,32
Butovka.Borisova.2005,none,NA,chronData,lc-chRrUzmoj5tYVwpknaP,notes,unitless,3
ButterMountain.Holland.1975,none,NA,chronData,lc-chRT7h6CdPyStx3ry0e,notes,unitless,5
ByllatskoyeExposureByllatRiverIndigirkaBasin.Anderson.2002,none,NA,chronData,lc-chR16nlEi1AVifc42P7,notes,unitless,3
ByronBergenSwampSite1.Miller.2003,none,NA,chronData,lc-chRlaXIehlLBbOmrXUS,notes,unitless,3
ByronBergenSwampSite2.Miller.2003,none,NA,chronData,lc-chRVCM6XhDPbzVStjOJ,notes,unitless,6
CAHUM558PilotRidge.Hildebrandt.1983,none,NA,chronData,lc-chR0sWZ6AEKcMfbqefI,notes,unitless,2
CO04BAFI,none,NA,chronData,cdRKdwYZ90ZbBDy7oz9chron1,depthUTh,mm,8
CO04BAFI,none,NA,chronData,cdRlm8HMnddz6AcXjWschron2,SampleID,NA,8
CO04BAFI,none,NA,chronData,cdRyQjlawXW69bCQNnmchron3,weight,mg,8
CO04BAFI,none,NA,chronData,cdRL7yG5U6D1ps3MZmechron4,U238,ppb,8
CO04BAFI,none,NA,chronData,cdRWHqUfulsKXPOzqH6chron5,U238_error,ppb,8
CO04BAFI,none,NA,chronData,cdRQWsGTtNqSwXc0oizchron6,Th232,ppt,8
CO04BAFI,none,NA,chronData,cdRQgxoHLsvrQsMxZC4chron7,Th232_error,ppt,8
CO04BAFI,none,NA,chronData,cdRmVwiKSzR5iGWSzypchron8,d234U,(ratio),8
CO04BAFI,none,NA,chronData,cdRyozWjiSPwKsoq7b6chron9,d234U_error,NA,8
CO04BAFI,none,NA,chronData,cdRVFJgH0p1rFxuk6jSchron10,Th230_U238activity,activity,8
CO04BAFI,none,NA,chronData,cdRbA4ocUVJ7b1Z7WIdchron11,U_Thactivity_error,NA,8
CO04BAFI,none,NA,chronData,cdR6wrB5p5lOAdHgm10chron12,Th230_Th232ratio,ppm,8
CO04BAFI,none,NA,chronData,cdRDCxLvjKgkNfgWb6Ychron13,Thratio_error,ppm,8
CO04BAFI,none,NA,chronData,cdRSNZ0McbvYoZrw9hUchron14,AgeUncorrected,years ago,8
CO04BAFI,none,NA,chronData,cdRZZPQbN5ezRajy4uQchron15,AgeUncorr_error,yrs,8
CO04BAFI,none,NA,chronData,cdRsDkPUlePWxMlqiCNchron17,AgeCorr_error,yrs,8
CO04BAFI,none,NA,chronData,cdRw3Ka5zTldhc2O4okchron18,dU234initial,(ratio),8
CO04BAFI,none,NA,chronData,cdR3s22NZPFK72Alivnchron19,dU234i_error,NA,8
CO04BAFI,none,NA,chronData,cdRBVqsxmyT9iHa7cTZchron20,depthtopPb,mm,8
CO04BAFI,none,NA,chronData,cdRMy5YjvnVxTBmA8fuchron21,depthbottomPb,mm,8
CO04BAFI,none,NA,chronData,cdReDbN94GqTXeYQ3xEchron22,Pb210excess,dpm/g,8
CO04BAFI,none,NA,chronData,cdRo6uaVO77ajS2kmEuchron23,Pb210_error,dpm/g,8
CO04BAFI,none,NA,chronData,cdR87T0YVYkU1akisgrchron24,depthtopCs,mm,8
CO04BAFI,none,NA,chronData,cdR2UmKAYhtQ5Jh8cTpchron25,depthbottomCs,mm,8
CO04BAFI,none,NA,chronData,cdR6bGdUQC3h6zlzZdjchron26,Cs137gamactivity,Bq/g,8
CO04BAFI,none,NA,chronData,cdRAOKXn6NmuEUjistlchron27,Cs137_error,Bq/g,8
CO04BAFI,none,NA,chronData,cdRFPeViffsW3GobeWTchron28,bandAge,yr CE,8
CO04BAFI,none,NA,chronData,cdRzd0AvVht3Vmeku9Schron29,sampleType,NA,8
CO04BAFI,none,NA,chronData,cdROFIuiWaVNHclK0okchron1,depthUTh,mm,8
CO04BAFI,none,NA,chronData,cdRAgDfyrpgX8BTLkFnchron2,SampleID,NA,8
CO04BAFI,none,NA,chronData,cdRjZTEeFVcYwv5sBObchron3,weight,mg,8
CO04BAFI,none,NA,chronData,cdRTjFdwEXKweb3bnuIchron4,U238,ppb,8
CO04BAFI,none,NA,chronData,cdRQGRb9idX3pObIEvKchron5,U238_error,ppb,8
CO04BAFI,none,NA,chronData,cdRCKPUIp9KdNjW8Pvrchron6,Th232,ppt,8
CO04BAFI,none,NA,chronData,cdRTk2n7Ff0GjEF4jaXchron7,Th232_error,ppt,8
CO04BAFI,none,NA,chronData,cdRwwVTAv0aoJU1SeGuchron8,d234U,(ratio),8
CO04BAFI,none,NA,chronData,cdR2I4aC8PWLfWiQTQCchron9,d234U_error,NA,8
CO04BAFI,none,NA,chronData,cdRT1AOqRhU5QuqulwAchron10,Th230_U238activity,activity,8
CO04BAFI,none,NA,chronData,cdRoZ3QxMBssZBV3lkgchron11,U_Thactivity_error,NA,8
CO04BAFI,none,NA,chronData,cdRXxPS9SCsh0p4hHhxchron12,Th230_Th232ratio,ppm,8
CO04BAFI,none,NA,chronData,cdRs4crfNSlz4TT3hh6chron13,Thratio_error,ppm,8
CO04BAFI,none,NA,chronData,cdRhQKKuD5VNI2Pwhb0chron14,AgeUncorrected,years ago,8
CO04BAFI,none,NA,chronData,cdRWFyX6BDIrafrBR9Cchron15,AgeUncorr_error,yrs,8
CO04BAFI,none,NA,chronData,cdRRCNulHWLNEhwuEWmchron17,AgeCorr_error,yrs,8
CO04BAFI,none,NA,chronData,cdRAh5uUeKWe8fbSVE2chron18,dU234initial,(ratio),8
CO04BAFI,none,NA,chronData,cdR7A9feFVp7gJAUfiDchron19,dU234i_error,NA,8
CO04BAFI,none,NA,chronData,cdR2m4OhJVL1eWN5aIuchron20,depthtopPb,mm,8
CO04BAFI,none,NA,chronData,cdRi4ccAgH7vvNbMXduchron21,depthbottomPb,mm,8
CO04BAFI,none,NA,chronData,cdRi8bKOJtgTTCYoisLchron22,Pb210excess,dpm/g,8
CO04BAFI,none,NA,chronData,cdRfYlbzgBb1I8EFH1fchron23,Pb210_error,dpm/g,8
CO04BAFI,none,NA,chronData,cdRMOx95l515WJySt8Cchron24,depthtopCs,mm,8
CO04BAFI,none,NA,chronData,cdRmbzWbentF9RdQGT2chron25,depthbottomCs,mm,8
CO04BAFI,none,NA,chronData,cdRjv18GZ7ZEZYzkw0Ichron26,Cs137gamactivity,Bq/g,8
CO04BAFI,none,NA,chronData,cdRhTGcCC6m1mRvU8aOchron27,Cs137_error,Bq/g,8
CO04BAFI,none,NA,chronData,cdRUgbkC10ZzvSwcaEYchron28,bandAge,yr CE,8
CO04BAFI,none,NA,chronData,cdRFWTjBnLcSJDepC7Ichron29,sampleType,NA,8
CO04INMI,none,NA,chronData,chron1_fMBXWYOD,depthUTh,mm,8
CO04INMI,none,NA,chronData,chron2_TQj2NrFe,SampleID,NA,8
CO04INMI,none,NA,chronData,chron3_8ao3W9eV,weight,mg,8
CO04INMI,none,NA,chronData,chron4_i3koo9nF,U238,ppb,8
CO04INMI,none,NA,chronData,chron5_DEAxgAIL,U238_error,ppb,8
CO04INMI,none,NA,chronData,chron6_irVWiJWA,Th232,ppt,8
CO04INMI,none,NA,chronData,chron7_oFVmaoGA,Th232_error,ppt,8
CO04INMI,none,NA,chronData,chron8_b44Cvqsk,d234U,(ratio),8
CO04INMI,none,NA,chronData,chron9_6J2xp5Mn,d234U_error,NA,8
CO04INMI,none,NA,chronData,chron10_NU45CVgb,Th230_U238activity,activity,8
CO04INMI,none,NA,chronData,chron11_KWDaEvVG,U_Thactivity_error,NA,8
CO04INMI,none,NA,chronData,chron12_lfTv4sQB,Th230_Th232ratio,ppm,8
CO04INMI,none,NA,chronData,chron13_zU0cNahN,Thratio_error,ppm,8
CO04INMI,none,NA,chronData,chron14_jO4Ns4ZH,AgeUncorrected,years ago,8
CO04INMI,none,NA,chronData,chron15_h14npEuO,AgeUncorr_error,yrs,8
CO04INMI,none,NA,chronData,chron17_stp7fPOM,AgeCorr_error,yrs,8
CO04INMI,none,NA,chronData,chron18_qdbifUAd,dU234initial,(ratio),8
CO04INMI,none,NA,chronData,chron19_FMGfJCfC,dU234i_error,NA,8
CO04INMI,none,NA,chronData,chron20_uadeI00d,depthtopPb,mm,8
CO04INMI,none,NA,chronData,chron21_Gk5BMH5V,depthbottomPb,mm,8
CO04INMI,none,NA,chronData,chron22_xuEiSM5e,Pb210excess,dpm/g,8
CO04INMI,none,NA,chronData,chron23_k2zfENq4,Pb210_error,dpm/g,8
CO04INMI,none,NA,chronData,chron24_2wZDVeqR,depthtopCs,mm,8
CO04INMI,none,NA,chronData,chron25_v2Oxrvsc,depthbottomCs,mm,8
CO04INMI,none,NA,chronData,chron26_Xp7LgaBL,Cs137gamactivity,Bq/g,8
CO04INMI,none,NA,chronData,chron27_3IbiFCaU,Cs137_error,Bq/g,8
CO04INMI,none,NA,chronData,chron28_a5vveJYg,bandAge,yr CE,8
CO04INMI,none,NA,chronData,chron29_Go5tyYCY,sampleType,NA,8
CO04LIRA,none,NA,chronData,cdRBlIKswTN84kexfEUchron1,depthUTh,mm,8
CO04LIRA,none,NA,chronData,cdRITB15DbfjJGWHkgKchron2,SampleID,NA,8
CO04LIRA,none,NA,chronData,cdR5AW3exNwlhMY1X18chron3,weight,mg,8
CO04LIRA,none,NA,chronData,cdRwiAMJ3vQQSHefa0schron4,U238,ppb,8
CO04LIRA,none,NA,chronData,cdRXFnwlLw59CMa67mHchron5,U238_error,ppb,8
CO04LIRA,none,NA,chronData,cdRBBXtINwoDt3Ur5V3chron6,Th232,ppt,8
CO04LIRA,none,NA,chronData,cdRYTZubkyc8174ekASchron7,Th232_error,ppt,8
CO04LIRA,none,NA,chronData,cdRZeop95BniYsaMgcMchron8,d234U,(ratio),8
CO04LIRA,none,NA,chronData,cdRhnatBA17cmMMhI9rchron9,d234U_error,NA,8
CO04LIRA,none,NA,chronData,cdRD57xgAT6v8sgMFn7chron10,Th230_U238activity,activity,8
CO04LIRA,none,NA,chronData,cdR8ZQHWz6ulsKhVUQ8chron11,U_Thactivity_error,NA,8
CO04LIRA,none,NA,chronData,cdRgPnNxxKHco61Ox9xchron12,Th230_Th232ratio,ppm,8
CO04LIRA,none,NA,chronData,cdRtNF1XPCRhw8fWzFlchron13,Thratio_error,ppm,8
CO04LIRA,none,NA,chronData,cdRLYPscMFAOqFWcO4bchron14,AgeUncorrected,years ago,8
CO04LIRA,none,NA,chronData,cdR2qiv4hOxzsvvNyvAchron15,AgeUncorr_error,yrs,8
CO04LIRA,none,NA,chronData,cdRUnk4JkGQI0A682y9chron17,AgeCorr_error,yrs,8
CO04LIRA,none,NA,chronData,cdRtiJbHHf9x5PnUaUochron18,dU234initial,(ratio),8
CO04LIRA,none,NA,chronData,cdRuMZXvDbinvUuk5xRchron19,dU234i_error,NA,8
CO04LIRA,none,NA,chronData,cdRuTB9Q9PO3N3uNaIWchron20,depthtopPb,mm,8
CO04LIRA,none,NA,chronData,cdRg3EQ91RLoVGTpcHUchron21,depthbottomPb,mm,8
CO04LIRA,none,NA,chronData,cdRZmoC3OTj7QNh1WnSchron22,Pb210excess,dpm/g,8
CO04LIRA,none,NA,chronData,cdRiyt3oGa6tXqFHoJHchron23,Pb210_error,dpm/g,8
CO04LIRA,none,NA,chronData,cdRNYzFcm1flUc7rH5cchron24,depthtopCs,mm,8
CO04LIRA,none,NA,chronData,cdR8u9AZK7wHtIWcB5Nchron25,depthbottomCs,mm,8
CO04LIRA,none,NA,chronData,cdRuHop0tf1H52vGlr1chron26,Cs137gamactivity,Bq/g,8
CO04LIRA,none,NA,chronData,cdRZPfTDgILYPeCoiTmchron27,Cs137_error,Bq/g,8
CO04LIRA,none,NA,chronData,cdR5dlKSMNNLvN3dvaSchron28,bandAge,yr CE,8
CO04LIRA,none,NA,chronData,cdRWu136r5Ru9dmtfOgchron29,sampleType,NA,8
CO13CABL,none,NA,chronData,cdRuBCdYnduapnqH5TXchron1,depthUTh,mm,8
CO13CABL,none,NA,chronData,cdRgfN65xt3wGAcKmc9chron2,SampleID,NA,8
CO13CABL,none,NA,chronData,cdRk2iaFIqZTrYKDg8Uchron3,weight,mg,8
CO13CABL,none,NA,chronData,cdRebh8a29rJcYikTAQchron4,U238,ppb,8
CO13CABL,none,NA,chronData,cdRR0EALLWhzC0zzCPUchron5,U238_error,ppb,8
CO13CABL,none,NA,chronData,cdRmF7e76zhkN3aH2yschron6,Th232,ppt,8
CO13CABL,none,NA,chronData,cdRPzbesw3o13qvikeychron7,Th232_error,ppt,8
CO13CABL,none,NA,chronData,cdRK0MnYnOOJfTbxhjrchron8,d234U,(ratio),8
CO13CABL,none,NA,chronData,cdRIUynzWhWEg6BnKwkchron9,d234U_error,NA,8
CO13CABL,none,NA,chronData,cdRiOk2Q8TjzUj6HbnAchron10,Th230_U238activity,activity,8
CO13CABL,none,NA,chronData,cdRcFwj7sOLNbBTCjc5chron11,U_Thactivity_error,NA,8
CO13CABL,none,NA,chronData,cdRs646NW1WkFw8Hyt6chron12,Th230_Th232ratio,ppm,8
CO13CABL,none,NA,chronData,cdRuzuihlFnWi5ImDVdchron13,Thratio_error,ppm,8
CO13CABL,none,NA,chronData,cdRJvS3SubYkD5TpJyTchron14,AgeUncorrected,years ago,8
CO13CABL,none,NA,chronData,cdRwvAc20MR5smdxIFichron15,AgeUncorr_error,yrs,8
CO13CABL,none,NA,chronData,cdR3AgjgJBIIAYHnlsNchron17,AgeCorr_error,yrs,8
CO13CABL,none,NA,chronData,cdRJmD4c1j4QvO38Exhchron18,dU234initial,(ratio),8
CO13CABL,none,NA,chronData,cdREkBYSN5mCBjyXdcCchron19,dU234i_error,NA,8
CO13CABL,none,NA,chronData,cdRLANqT78PU6gJJl7vchron20,depthtopPb,mm,8
CO13CABL,none,NA,chronData,cdRySBOeeyyBhnYxZYMchron21,depthbottomPb,mm,8
CO13CABL,none,NA,chronData,cdR7qYlFEbGc38hhOHYchron22,Pb210excess,dpm/g,8
CO13CABL,none,NA,chronData,cdRekbGHyDQbUyTL9ucchron23,Pb210_error,dpm/g,8
CO13CABL,none,NA,chronData,cdRN5gMfv3pzR10IR7Ochron24,depthtopCs,mm,8
CO13CABL,none,NA,chronData,cdRDJZcJamYOtw4OWLjchron25,depthbottomCs,mm,8
CO13CABL,none,NA,chronData,cdR9cZbb2xCXteXuUgGchron26,Cs137gamactivity,Bq/g,8
CO13CABL,none,NA,chronData,cdRVq6tRTql08jkJ009chron27,Cs137_error,Bq/g,8
CO13CABL,none,NA,chronData,cdR5iIdL0N8kaI6I9Wjchron28,bandAge,yr CE,8
CO13CABL,none,NA,chronData,cdRIxla5PacTkgAexOFchron29,sampleType,NA,8
CO13CAHN,none,NA,chronData,cdR64EpTSRg4pczSomRchron1,depthUTh,mm,8
CO13CAHN,none,NA,chronData,cdR7i8P8xeZAjPPinBkchron2,SampleID,unitless,8
CO13CAHN,none,NA,chronData,cdRguqXHiCycjkdTWl3chron3,weight,mg,8
CO13CAHN,none,NA,chronData,cdR21kE69aQAU5fiSuIchron4,U238,ppb,8
CO13CAHN,none,NA,chronData,cdRjR2UN3AYuFMYqVVDchron5,U238_error,ppb,8
CO13CAHN,none,NA,chronData,cdR4sibKPMBsqVcYDlBchron6,Th232,ppt,8
CO13CAHN,none,NA,chronData,cdR06wVKBrbV1NKHuMHchron7,Th232_error,ppt,8
CO13CAHN,none,NA,chronData,cdRvU6PXSedKCafotYIchron8,d234U,(ratio),8
CO13CAHN,none,NA,chronData,cdRmrBeLnCx7KbiouT2chron9,d234U_error,unitless,8
CO13CAHN,none,NA,chronData,cdRku5NbkJz7YUhliKEchron10,Th230_U238activity,activity,8
CO13CAHN,none,NA,chronData,cdRMnnbAZy0VGmw1ehmchron11,U_Thactivity_error,unitless,8
CO13CAHN,none,NA,chronData,cdRFz1Ozo026TXBAOpAchron12,Th230_Th232ratio,ppm,8
CO13CAHN,none,NA,chronData,cdRB6OvJFmxDIiTQZy8chron13,Thratio_error,ppm,8
CO13CAHN,none,NA,chronData,cdRktP4k9AjVgIENp5Jchron14,AgeUncorrected,years ago,8
CO13CAHN,none,NA,chronData,cdRI3UFxVMdJBQFMIPXchron15,AgeUncorr_error,yrs,8
CO13CAHN,none,NA,chronData,cdRsMdgP5WhFJy6XcPfchron17,AgeCorr_error,yrs,8
CO13CAHN,none,NA,chronData,cdRpePRQztdh8cZP4pwchron18,dU234initial,(ratio),8
CO13CAHN,none,NA,chronData,cdRCrh68fxAvoYkDqZNchron19,dU234i_error,unitless,8
CO13CAHN,none,NA,chronData,cdRILPLBUTWyGaC3l85chron20,depthtopPb,mm,8
CO13CAHN,none,NA,chronData,cdRnxHbm35bpNCeECl5chron21,depthbottomPb,mm,8
CO13CAHN,none,NA,chronData,cdRUwdGeKwMcBxb5Qe4chron22,Pb210excess,dpm/g,8
CO13CAHN,none,NA,chronData,cdRqYVcZmGO0J501pgMchron23,Pb210_error,dpm/g,8
CO13CAHN,none,NA,chronData,cdR3depcOWkDYxlH0GGchron24,depthtopCs,mm,8
CO13CAHN,none,NA,chronData,cdRc5O0fcMpRF96zIpMchron25,depthbottomCs,mm,8
CO13CAHN,none,NA,chronData,cdRJVSav2dmnSyeAOfRchron26,Cs137gamactivity,Bq/g,8
CO13CAHN,none,NA,chronData,cdRAWSouwBaNNogStoSchron27,Cs137_error,Bq/g,8
CO13CAHN,none,NA,chronData,cdRzKKcFL4NHJZLj9kOchron28,bandAge,yr CE,8
CO13CAHN,none,NA,chronData,cdR8euR1abp6oDryUqxchron29,sampleType,unitless,8
CO13CAHN,none,NA,chronData,cdRYQEHbHoFxTxRgFovchron1,depthUTh,mm,8
CO13CAHN,none,NA,chronData,cdRGM2yHtuFQabGGMLYchron2,SampleID,unitless,8
CO13CAHN,none,NA,chronData,cdRU8ixyBm5bayMgSpAchron3,weight,mg,8
CO13CAHN,none,NA,chronData,cdRW1yAcpNsxdDXN0CIchron4,U238,ppb,8
CO13CAHN,none,NA,chronData,cdRPsJTk3c5UXVcF54achron5,U238_error,ppb,8
CO13CAHN,none,NA,chronData,cdRTCb3eyS3LtBcEAEnchron6,Th232,ppt,8
CO13CAHN,none,NA,chronData,cdRQufPl9FJUlvjV3F4chron7,Th232_error,ppt,8
CO13CAHN,none,NA,chronData,cdRX4Yal2mmyNJvPKmKchron8,d234U,(ratio),8
CO13CAHN,none,NA,chronData,cdRbJDiO5EkCevIz4oachron9,d234U_error,unitless,8
CO13CAHN,none,NA,chronData,cdRAuoEqpal4dsEnTTbchron10,Th230_U238activity,activity,8
CO13CAHN,none,NA,chronData,cdRaSxNKMSicqORh19Ochron11,U_Thactivity_error,unitless,8
CO13CAHN,none,NA,chronData,cdRFfi7G3MZTDyFhH9Dchron12,Th230_Th232ratio,ppm,8
CO13CAHN,none,NA,chronData,cdRaT9Wu8eYa9sVyemXchron13,Thratio_error,ppm,8
CO13CAHN,none,NA,chronData,cdRRPxsagwQH0URikInchron14,AgeUncorrected,years ago,8
CO13CAHN,none,NA,chronData,cdRT7mIe6ngsyLplRZqchron15,AgeUncorr_error,yrs,8
CO13CAHN,none,NA,chronData,cdRzd91BDOT363zhcY9chron17,AgeCorr_error,yrs,8
CO13CAHN,none,NA,chronData,cdRvTdgAWLvVSRP5fI1chron18,dU234initial,(ratio),8
CO13CAHN,none,NA,chronData,cdR4wE1hleSQgTDXSipchron19,dU234i_error,unitless,8
CO13CAHN,none,NA,chronData,cdR2mfpEroxNz3Ep5zCchron20,depthtopPb,mm,8
CO13CAHN,none,NA,chronData,cdRGUoXAmOJzW9jNDwzchron21,depthbottomPb,mm,8
CO13CAHN,none,NA,chronData,cdRthYoCv8Cm50dQmXOchron22,Pb210excess,dpm/g,8
CO13CAHN,none,NA,chronData,cdRD1xYVLLpukehQDXUchron23,Pb210_error,dpm/g,8
CO13CAHN,none,NA,chronData,cdRH1gMwnmZ4vi5pHHVchron24,depthtopCs,mm,8
CO13CAHN,none,NA,chronData,cdRWjPeWgyW66cJ0qjdchron25,depthbottomCs,mm,8
CO13CAHN,none,NA,chronData,cdRNWEbV3dVO2KklmGschron26,Cs137gamactivity,Bq/g,8
CO13CAHN,none,NA,chronData,cdRq4BDQZARICWRFgl0chron27,Cs137_error,Bq/g,8
CO13CAHN,none,NA,chronData,cdRG6K596whQCT59nRgchron28,bandAge,yr CE,8
CO13CAHN,none,NA,chronData,cdRbuJfWkhuq1laqPuachron29,sampleType,unitless,8
CO13HENG,none,NA,chronData,cdReTdWC2jvU7pv6mJJchron1,depthUTh,mm,8
CO13HENG,none,NA,chronData,cdRniZnWJeXO9q4ZLGAchron2,SampleID,NA,8
CO13HENG,none,NA,chronData,cdRaZ1Die7dbvabG0Iqchron3,weight,mg,8
CO13HENG,none,NA,chronData,cdRACUzhgxWinMbSsEfchron4,U238,ppb,8
CO13HENG,none,NA,chronData,cdRILYEo0uU9iy3I42ychron5,U238_error,ppb,8
CO13HENG,none,NA,chronData,cdRNmXMa1b8IATDAFGQchron6,Th232,ppt,8
CO13HENG,none,NA,chronData,cdR2ODzPKUcbxUCYezychron7,Th232_error,ppt,8
CO13HENG,none,NA,chronData,cdRn6HEEl7p6iJmsTEZchron8,d234U,(ratio),8
CO13HENG,none,NA,chronData,cdRmMV3Tycx3U8OxoxUchron9,d234U_error,NA,8
CO13HENG,none,NA,chronData,cdRCSXdNjvjoZmGq9Krchron10,Th230_U238activity,activity,8
CO13HENG,none,NA,chronData,cdR37WgvUiCk0nF3KUbchron11,U_Thactivity_error,NA,8
CO13HENG,none,NA,chronData,cdRtHIseS90aAjrcy4Zchron12,Th230_Th232ratio,ppm,8
CO13HENG,none,NA,chronData,cdRmRRLtM2XjBwLrqAxchron13,Thratio_error,ppm,8
CO13HENG,none,NA,chronData,cdR5edruyNkBJw1hbcbchron14,AgeUncorrected,years ago,8
CO13HENG,none,NA,chronData,cdRHd0A5v2OBcScQoudchron15,AgeUncorr_error,yrs,8
CO13HENG,none,NA,chronData,cdRzjyFQgT7PZvwGwaGchron17,AgeCorr_error,yrs,8
CO13HENG,none,NA,chronData,cdRKCiGlROw57bmvus0chron18,dU234initial,(ratio),8
CO13HENG,none,NA,chronData,cdRqe30q28ITuXGSa4Cchron19,dU234i_error,NA,8
CO13HENG,none,NA,chronData,cdRYo9ofOurXAzAkw27chron20,depthtopPb,mm,8
CO13HENG,none,NA,chronData,cdRmQVDGkIfjv2OH34Nchron21,depthbottomPb,mm,8
CO13HENG,none,NA,chronData,cdRLF7BV1uHbblkgEx2chron22,Pb210excess,dpm/g,8
CO13HENG,none,NA,chronData,cdRLOV870eH5VlWMrpGchron23,Pb210_error,dpm/g,8
CO13HENG,none,NA,chronData,cdRUBgNEnshr8neQq2Bchron24,depthtopCs,mm,8
CO13HENG,none,NA,chronData,cdR89asF8LwsEsR0Q4vchron25,depthbottomCs,mm,8
CO13HENG,none,NA,chronData,cdRjJwR5AX43F7gYzKQchron26,Cs137gamactivity,Bq/g,8
CO13HENG,none,NA,chronData,cdR73NQM8ljIZEx5JF2chron27,Cs137_error,Bq/g,8
CO13HENG,none,NA,chronData,cdRJXWc5x7UprEy50Owchron28,bandAge,yr CE,8
CO13HENG,none,NA,chronData,cdRGdeqDtZciZLrUBmPchron29,sampleType,NA,8
CO13HENG,none,NA,chronData,cdRrHRe16EufJQU5maqchron1,depthUTh,mm,8
CO13HENG,none,NA,chronData,cdRVy90WhCMKIm05Q2Kchron2,SampleID,NA,8
CO13HENG,none,NA,chronData,cdREtFNW6cguSHjY5f9chron3,weight,mg,8
CO13HENG,none,NA,chronData,cdR1yhpAtIriMFJoMxechron4,U238,ppb,8
CO13HENG,none,NA,chronData,cdRCO7pQIwKENtOq4HQchron5,U238_error,ppb,8
CO13HENG,none,NA,chronData,cdR2JIlP65IqjCkuGnrchron6,Th232,ppt,8
CO13HENG,none,NA,chronData,cdRqTnSaHCzz3B8c49wchron7,Th232_error,ppt,8
CO13HENG,none,NA,chronData,cdR2jcXHY99pm26o8Irchron8,d234U,(ratio),8
CO13HENG,none,NA,chronData,cdRfQH8XQ6l85QmbO9gchron9,d234U_error,NA,8
CO13HENG,none,NA,chronData,cdRAqZQfaUTteMTpRLdchron10,Th230_U238activity,activity,8
CO13HENG,none,NA,chronData,cdRex1jafxWwaOd16dgchron11,U_Thactivity_error,NA,8
CO13HENG,none,NA,chronData,cdRYoVGg8yIsP8plPMmchron12,Th230_Th232ratio,ppm,8
CO13HENG,none,NA,chronData,cdRFLbTMUfJISZviH8Achron13,Thratio_error,ppm,8
CO13HENG,none,NA,chronData,cdRQavNDVldeI2NUszEchron14,AgeUncorrected,years ago,8
CO13HENG,none,NA,chronData,cdRagFRCSpdpnrzSsFychron15,AgeUncorr_error,yrs,8
CO13HENG,none,NA,chronData,cdRywxkv4o5k5O0SLtrchron17,AgeCorr_error,yrs,8
CO13HENG,none,NA,chronData,cdRXwv9k4B0aQhun3A9chron18,dU234initial,(ratio),8
CO13HENG,none,NA,chronData,cdRJb2AGSP61SlSjokichron19,dU234i_error,NA,8
CO13HENG,none,NA,chronData,cdRSvFw1LQVZBTMeMk4chron20,depthtopPb,mm,8
CO13HENG,none,NA,chronData,cdRd19o5vT6fwx0zQUcchron21,depthbottomPb,mm,8
CO13HENG,none,NA,chronData,cdR7jxSFah1RtS0myCAchron22,Pb210excess,dpm/g,8
CO13HENG,none,NA,chronData,cdRcqRCIhvNktCuAUWpchron23,Pb210_error,dpm/g,8
CO13HENG,none,NA,chronData,cdRho0u659SkJMaO9RAchron24,depthtopCs,mm,8
CO13HENG,none,NA,chronData,cdRto8kdRQtUY6vKuvfchron25,depthbottomCs,mm,8
CO13HENG,none,NA,chronData,cdRLGRaQJkh1EUjUE0mchron26,Cs137gamactivity,Bq/g,8
CO13HENG,none,NA,chronData,cdRhGlyQpx0X5NaS57ychron27,Cs137_error,Bq/g,8
CO13HENG,none,NA,chronData,cdRyE8e3b9t6ilu6jZzchron28,bandAge,yr CE,8
CO13HENG,none,NA,chronData,cdRd0eelQsy80wm4ffQchron29,sampleType,NA,8
CO13HENG,none,NA,chronData,cdR2s4gkm7R7vEKl7Bdchron1,depthUTh,mm,8
CO13HENG,none,NA,chronData,cdRAqYjvPd53OoDSpXKchron2,SampleID,NA,8
CO13HENG,none,NA,chronData,cdRVrIi3d4jW1Y7MzYWchron3,weight,mg,8
CO13HENG,none,NA,chronData,cdR5Xr4y49Fq3UIYtQochron4,U238,ppb,8
CO13HENG,none,NA,chronData,cdRVelnVNHByJoyCGCAchron5,U238_error,ppb,8
CO13HENG,none,NA,chronData,cdRwplfinrBHYeA0Usnchron6,Th232,ppt,8
CO13HENG,none,NA,chronData,cdRWyC9EJ3xd606G5CQchron7,Th232_error,ppt,8
CO13HENG,none,NA,chronData,cdRtfDnzEWSwGeidtZBchron8,d234U,(ratio),8
CO13HENG,none,NA,chronData,cdRVcBfpGoNeGiqg6H7chron9,d234U_error,NA,8
CO13HENG,none,NA,chronData,cdR1sQqTSPc7ItnmBjnchron10,Th230_U238activity,activity,8
CO13HENG,none,NA,chronData,cdRCobHQ84Z5ksgGyLQchron11,U_Thactivity_error,NA,8
CO13HENG,none,NA,chronData,cdRriP2q3XiW3wUj2cOchron12,Th230_Th232ratio,ppm,8
CO13HENG,none,NA,chronData,cdRgM6nRGCE8FSUl3yychron13,Thratio_error,ppm,8
CO13HENG,none,NA,chronData,cdRB7G4wZE7ELLS8o9Nchron14,AgeUncorrected,years ago,8
CO13HENG,none,NA,chronData,cdRu21r40cPNvOLTVdfchron15,AgeUncorr_error,yrs,8
CO13HENG,none,NA,chronData,cdRzYWaZn3kh9QnkRpqchron17,AgeCorr_error,yrs,8
CO13HENG,none,NA,chronData,cdRc3KtniFMFzu8I21tchron18,dU234initial,(ratio),8
CO13HENG,none,NA,chronData,cdRVUOLM2bTu4RnEbWwchron19,dU234i_error,NA,8
CO13HENG,none,NA,chronData,cdRpomNctOOsisY1iEtchron20,depthtopPb,mm,8
CO13HENG,none,NA,chronData,cdR09DZ1sDz5iXQzPCUchron21,depthbottomPb,mm,8
CO13HENG,none,NA,chronData,cdR5KK5SwmKHSThGs12chron22,Pb210excess,dpm/g,8
CO13HENG,none,NA,chronData,cdRZ9SrFAsrNTo5kvp2chron23,Pb210_error,dpm/g,8
CO13HENG,none,NA,chronData,cdRkypXa11jshZCjNawchron24,depthtopCs,mm,8
CO13HENG,none,NA,chronData,cdR2Ft3cvwC9MEL9b6Cchron25,depthbottomCs,mm,8
CO13HENG,none,NA,chronData,cdRz8XaSmc9QofBpHrpchron26,Cs137gamactivity,Bq/g,8
CO13HENG,none,NA,chronData,cdRsTbrT184QWVeTSj6chron27,Cs137_error,Bq/g,8
CO13HENG,none,NA,chronData,cdRipkbvF5ym8yACDWQchron28,bandAge,yr CE,8
CO13HENG,none,NA,chronData,cdROwHgx1756LEUN14schron29,sampleType,NA,8
CO14WUCL,none,NA,chronData,cdRkvkhWtw5Ue2FTF15chron1,depthUTh,mm,8
CO14WUCL,none,NA,chronData,cdRbSCpgAkRP0iREsB4chron2,SampleID,NA,8
CO14WUCL,none,NA,chronData,cdR3xFLoDDi2Hkw96pCchron3,weight,mg,8
CO14WUCL,none,NA,chronData,cdRIqLBjB7gEL7dqsonchron4,U238,ppb,8
CO14WUCL,none,NA,chronData,cdRp4Sw3ajWX0fvk1Bpchron5,U238_error,ppb,8
CO14WUCL,none,NA,chronData,cdRNbSrIjzFLv0kqZwpchron6,Th232,ppt,8
CO14WUCL,none,NA,chronData,cdRGhMEhvuk36Ks4mI2chron7,Th232_error,ppt,8
CO14WUCL,none,NA,chronData,cdRdgbxjUfRFBQY9YUachron8,d234U,(ratio),8
CO14WUCL,none,NA,chronData,cdRumEI3GUkCOZpboPcchron9,d234U_error,NA,8
CO14WUCL,none,NA,chronData,cdRHSSgQCW4h1GPbEcYchron10,Th230_U238activity,activity,8
CO14WUCL,none,NA,chronData,cdRjdA53zYDfsNfdNHPchron11,U_Thactivity_error,NA,8
CO14WUCL,none,NA,chronData,cdRDnA3iVgbsucr0Oyvchron12,Th230_Th232ratio,ppm,8
CO14WUCL,none,NA,chronData,cdR4fFHrOfrU9cYAQzpchron13,Thratio_error,ppm,8
CO14WUCL,none,NA,chronData,cdRTp6ZhoW8NcZsn286chron14,AgeUncorrected,years ago,8
CO14WUCL,none,NA,chronData,cdR7uOLrwIWQO56xxWAchron15,AgeUncorr_error,yrs,8
CO14WUCL,none,NA,chronData,cdRbbVpuoyq1P4ADRFichron17,AgeCorr_error,yrs,8
CO14WUCL,none,NA,chronData,cdRFQg1cAr6Ph4DrvUlchron18,dU234initial,(ratio),8
CO14WUCL,none,NA,chronData,cdRYOUFALzgOhICAKhvchron19,dU234i_error,NA,8
CO14WUCL,none,NA,chronData,cdRQKIo4pSsSUN5NgXkchron20,depthtopPb,mm,8
CO14WUCL,none,NA,chronData,cdRR6QftDhbLxk3hZyichron21,depthbottomPb,mm,8
CO14WUCL,none,NA,chronData,cdRbAG9aMg3Xs1Yqd2mchron22,Pb210excess,dpm/g,8
CO14WUCL,none,NA,chronData,cdRzcbUEPIEMRcpeqK9chron23,Pb210_error,dpm/g,8
CO14WUCL,none,NA,chronData,cdRBfxGSTe9Tthhg9NCchron24,depthtopCs,mm,8
CO14WUCL,none,NA,chronData,cdRs6KnCJCbi4c3dvCLchron25,depthbottomCs,mm,8
CO14WUCL,none,NA,chronData,cdRnX9RdkmuQWTQ4WCichron26,Cs137gamactivity,Bq/g,8
CO14WUCL,none,NA,chronData,cdRV81fJzl46d9tzDCBchron27,Cs137_error,Bq/g,8
CO14WUCL,none,NA,chronData,cdRFAhOpcxRbYq4j5OAchron28,bandAge,yr CE,8
CO14WUCL,none,NA,chronData,cdR1ZeRnQmRDugrWwxpchron29,sampleType,NA,8
CO92SHPU,none,NA,chronData,cdR4yY3ltoX2yq9Lforchron1,depthUTh,mm,8
CO92SHPU,none,NA,chronData,cdRkipf2jXKiThElnDZchron2,SampleID,NA,8
CO92SHPU,none,NA,chronData,cdRbM16JpFsmCBr4VJWchron3,weight,mg,8
CO92SHPU,none,NA,chronData,cdRv4vng1flqAnkNIG9chron4,U238,ppb,8
CO92SHPU,none,NA,chronData,cdRlHypvo4Yo2HDCSKjchron5,U238_error,ppb,8
CO92SHPU,none,NA,chronData,cdRneqc4Nrxl3ZLYfExchron6,Th232,ppt,8
CO92SHPU,none,NA,chronData,cdRjOtQo0kFVSEquXQCchron7,Th232_error,ppt,8
CO92SHPU,none,NA,chronData,cdR3XdafcuwLa0xX1Vtchron8,d234U,(ratio),8
CO92SHPU,none,NA,chronData,cdRDq6j6ra7lWM5KHV7chron9,d234U_error,NA,8
CO92SHPU,none,NA,chronData,cdR1S2okUaKXf2SGZfrchron10,Th230_U238activity,activity,8
CO92SHPU,none,NA,chronData,cdRDHJguwqhO3bCbdHUchron11,U_Thactivity_error,NA,8
CO92SHPU,none,NA,chronData,cdRQ4GhHOH2oq4Buupnchron12,Th230_Th232ratio,ppm,8
CO92SHPU,none,NA,chronData,cdRvwAqM7hk9edv4HF0chron13,Thratio_error,ppm,8
CO92SHPU,none,NA,chronData,cdRi690MrEpMFPrteAWchron14,AgeUncorrected,years ago,8
CO92SHPU,none,NA,chronData,cdRwM0nG7pLTsCMRbAYchron15,AgeUncorr_error,yrs,8
CO92SHPU,none,NA,chronData,cdRroe7eXQYA1UxCallchron17,AgeCorr_error,yrs,8
CO92SHPU,none,NA,chronData,cdRu5o4JYMsHOOkgm2pchron18,dU234initial,(ratio),8
CO92SHPU,none,NA,chronData,cdRuYi0kSkdTMc8202Qchron19,dU234i_error,NA,8
CO92SHPU,none,NA,chronData,cdRWamUdHdPE9z4lhPfchron20,depthtopPb,mm,8
CO92SHPU,none,NA,chronData,cdRYVRjQnRAvPesxvfmchron21,depthbottomPb,mm,8
CO92SHPU,none,NA,chronData,cdRC6bwSgnXHin5TSUzchron22,Pb210excess,dpm/g,8
CO92SHPU,none,NA,chronData,cdRA8pYgL8Y1dFSWUiYchron23,Pb210_error,dpm/g,8
CO92SHPU,none,NA,chronData,cdRL5MKTESxtO6WNjbmchron24,depthtopCs,mm,8
CO92SHPU,none,NA,chronData,cdR5za98rioKup6JDPichron25,depthbottomCs,mm,8
CO92SHPU,none,NA,chronData,cdRuT6GHqkBfHsjJqsEchron26,Cs137gamactivity,Bq/g,8
CO92SHPU,none,NA,chronData,cdReLq7IlPoUjCtGY6ochron27,Cs137_error,Bq/g,8
CO92SHPU,none,NA,chronData,cdRlLNFPJ9Uc3iretyKchron28,bandAge,yr CE,8
CO92SHPU,none,NA,chronData,cdRenDe12QQHKytzJ5lchron29,sampleType,NA,8
CO94HEAQ,none,NA,chronData,cdRDKvP81dlBbICY8ppchron1,depthUTh,mm,8
CO94HEAQ,none,NA,chronData,cdRG4T7wpknW4xN9pX7chron2,SampleID,NA,8
CO94HEAQ,none,NA,chronData,cdRAHUFIu0sA7kQchF6chron3,weight,mg,8
CO94HEAQ,none,NA,chronData,cdR9E2HvGQppEaezb8wchron4,U238,ppb,8
CO94HEAQ,none,NA,chronData,cdRAcU5yNvz0TxBvNsZchron5,U238_error,ppb,8
CO94HEAQ,none,NA,chronData,cdRf6bfP2qjzorm9E5bchron6,Th232,ppt,8
CO94HEAQ,none,NA,chronData,cdRpJjkegpq2Vj05HK0chron7,Th232_error,ppt,8
CO94HEAQ,none,NA,chronData,cdRUWzSDQYdrlGHS0dBchron8,d234U,(ratio),8
CO94HEAQ,none,NA,chronData,cdRYnfPeb6F7UiNWA1jchron9,d234U_error,NA,8
CO94HEAQ,none,NA,chronData,cdRselsXgWGSjOrSny1chron10,Th230_U238activity,activity,8
CO94HEAQ,none,NA,chronData,cdRGgA5KZ5DAbeixk5echron11,U_Thactivity_error,NA,8
CO94HEAQ,none,NA,chronData,cdRyTI9l4Tr2uGwTWJechron12,Th230_Th232ratio,ppm,8
CO94HEAQ,none,NA,chronData,cdR5JweHGx9h8DCn5mnchron13,Thratio_error,ppm,8
CO94HEAQ,none,NA,chronData,cdRK2CmvMt4jMI2utGLchron14,AgeUncorrected,years ago,8
CO94HEAQ,none,NA,chronData,cdR69Sbm5JvHAz8WpEOchron15,AgeUncorr_error,yrs,8
CO94HEAQ,none,NA,chronData,cdRLtwhMJ3v1raCPTkvchron17,AgeCorr_error,yrs,8
CO94HEAQ,none,NA,chronData,cdR4qXAN4fNzbQCd6a2chron18,dU234initial,(ratio),8
CO94HEAQ,none,NA,chronData,cdRCHq1uO4JYNkDgA4Achron19,dU234i_error,NA,8
CO94HEAQ,none,NA,chronData,cdR1gJZsmCuNTax8gBzchron20,depthtopPb,mm,8
CO94HEAQ,none,NA,chronData,cdR22xPnbHvOkKhBKTnchron21,depthbottomPb,mm,8
CO94HEAQ,none,NA,chronData,cdRB2N1YP0R9wOUaVjWchron22,Pb210excess,dpm/g,8
CO94HEAQ,none,NA,chronData,cdR6qXZyc4Sv1MSYhoYchron23,Pb210_error,dpm/g,8
CO94HEAQ,none,NA,chronData,cdRaw04qxrUQEN4LK5Zchron24,depthtopCs,mm,8
CO94HEAQ,none,NA,chronData,cdRNDz9fmWBUYugLHFmchron25,depthbottomCs,mm,8
CO94HEAQ,none,NA,chronData,cdR7FZFCgOJmNyk2fvIchron26,Cs137gamactivity,Bq/g,8
CO94HEAQ,none,NA,chronData,cdRM49KXO0kBTFEWkECchron27,Cs137_error,Bq/g,8
CO94HEAQ,none,NA,chronData,cdR93inGrb3VkdVxiq0chron28,bandAge,yr CE,8
CO94HEAQ,none,NA,chronData,cdReAigmKNvxc22E4Dtchron29,sampleType,NA,8
CO98SWPR,none,NA,chronData,cdRPAvvvHt9nsc862Rychron1,depthUTh,mm,8
CO98SWPR,none,NA,chronData,cdRTtcKCvgy6EDS8Ug5chron2,SampleID,NA,8
CO98SWPR,none,NA,chronData,cdRyF94CgMTEB9kLVTychron3,weight,mg,8
CO98SWPR,none,NA,chronData,cdRXMnxOa0YRkYXxHAIchron4,U238,ppb,8
CO98SWPR,none,NA,chronData,cdRrc1eyMcBPKipwbN3chron5,U238_error,ppb,8
CO98SWPR,none,NA,chronData,cdRhm2YfPpP6RG5RJOXchron6,Th232,ppt,8
CO98SWPR,none,NA,chronData,cdRnOBWw9OI2QhsKvfuchron7,Th232_error,ppt,8
CO98SWPR,none,NA,chronData,cdRBCuyGdpjJIN4Usi5chron8,d234U,(ratio),8
CO98SWPR,none,NA,chronData,cdR1ZA7UVR5kwDxXfrlchron9,d234U_error,NA,8
CO98SWPR,none,NA,chronData,cdRUgsuiak14ZxTRmPcchron10,Th230_U238activity,activity,8
CO98SWPR,none,NA,chronData,cdRZge65v7HorhDjK0nchron11,U_Thactivity_error,NA,8
CO98SWPR,none,NA,chronData,cdRLWRI7T3cWu6JHkyrchron12,Th230_Th232ratio,ppm,8
CO98SWPR,none,NA,chronData,cdRP9k66YfkeuszDAiAchron13,Thratio_error,ppm,8
CO98SWPR,none,NA,chronData,cdRIbfkZ9vMi4dKzYvJchron14,AgeUncorrected,years ago,8
CO98SWPR,none,NA,chronData,cdRqmhQoD90v16eapQMchron15,AgeUncorr_error,yrs,8
CO98SWPR,none,NA,chronData,cdRX2g2NjXilFpemUFGchron17,AgeCorr_error,yrs,8
CO98SWPR,none,NA,chronData,cdR7p4qgeya494pSk3Zchron18,dU234initial,(ratio),8
CO98SWPR,none,NA,chronData,cdRqHVIHCQeOfXa92tmchron19,dU234i_error,NA,8
CO98SWPR,none,NA,chronData,cdRR9nKYCxbXuXbKFEKchron20,depthtopPb,mm,8
CO98SWPR,none,NA,chronData,cdRlkj6YL5AFo7chgsrchron21,depthbottomPb,mm,8
CO98SWPR,none,NA,chronData,cdRkb3BcBUccfMp70BXchron22,Pb210excess,dpm/g,8
CO98SWPR,none,NA,chronData,cdRBqNtqb8i8FeyQpa4chron23,Pb210_error,dpm/g,8
CO98SWPR,none,NA,chronData,cdRroHLYRQs3SzEYMVgchron24,depthtopCs,mm,8
CO98SWPR,none,NA,chronData,cdRCOeAByp2CkHpQxmgchron25,depthbottomCs,mm,8
CO98SWPR,none,NA,chronData,cdRyvn1K0yVx6zvOWhAchron26,Cs137gamactivity,Bq/g,8
CO98SWPR,none,NA,chronData,cdRuaL2sxuMnljYgQqychron27,Cs137_error,Bq/g,8
CO98SWPR,none,NA,chronData,cdRaJHANDbgJluTSGZNchron28,bandAge,yr CE,8
CO98SWPR,none,NA,chronData,cdRZ0QSGqMFzd8Xfr3echron29,sampleType,NA,8
CO99LICL,none,NA,chronData,cdRXxHdNJHaD77xgyVjchron1,depthUTh,mm,8
CO99LICL,none,NA,chronData,cdRn1kehsGDpwICCu54chron2,SampleID,NA,8
CO99LICL,none,NA,chronData,cdR5A6FxaLtdSjfXnCachron3,weight,mg,8
CO99LICL,none,NA,chronData,cdRBrFfP9r48ta9FDQXchron4,U238,ppb,8
CO99LICL,none,NA,chronData,cdRCcSyZDjhAwpNgmfZchron5,U238_error,ppb,8
CO99LICL,none,NA,chronData,cdRtiITmKMGkcVdfgKKchron6,Th232,ppt,8
CO99LICL,none,NA,chronData,cdRvEBOaqEWvh0QP9VGchron7,Th232_error,ppt,8
CO99LICL,none,NA,chronData,cdRuIDVCuGc8449x1COchron8,d234U,(ratio),8
CO99LICL,none,NA,chronData,cdR2OymqSy645v8J4oJchron9,d234U_error,NA,8
CO99LICL,none,NA,chronData,cdRA7ER5Q5d8E4fZ0xvchron10,Th230_U238activity,activity,8
CO99LICL,none,NA,chronData,cdRWW6ec1jZ1anqORWKchron11,U_Thactivity_error,NA,8
CO99LICL,none,NA,chronData,cdRdbPI6L2PsEdASM7Ichron12,Th230_Th232ratio,ppm,8
CO99LICL,none,NA,chronData,cdRWzDzc4ns9tIJP2mkchron13,Thratio_error,ppm,8
CO99LICL,none,NA,chronData,cdRcdKxdGZTGAGY91Jkchron14,AgeUncorrected,years ago,8
CO99LICL,none,NA,chronData,cdR5WEX1Ae1nOWmUdkGchron15,AgeUncorr_error,yrs,8
CO99LICL,none,NA,chronData,cdRQlBme22S0kvoYVO1chron17,AgeCorr_error,yrs,8
CO99LICL,none,NA,chronData,cdRgwQ2CuoCCsVn1UEEchron18,dU234initial,(ratio),8
CO99LICL,none,NA,chronData,cdR83jyhSq2FuhHmzTXchron19,dU234i_error,NA,8
CO99LICL,none,NA,chronData,cdR1f3D85NPgmVMe9NYchron20,depthtopPb,mm,8
CO99LICL,none,NA,chronData,cdR4gurzmg05ZIm6aqechron21,depthbottomPb,mm,8
CO99LICL,none,NA,chronData,cdRlTCAaAT2XXXFLPzVchron22,Pb210excess,dpm/g,8
CO99LICL,none,NA,chronData,cdRHABOGaVCxdaAba4ychron23,Pb210_error,dpm/g,8
CO99LICL,none,NA,chronData,cdRMUGvmLAeV3OYZ1shchron24,depthtopCs,mm,8
CO99LICL,none,NA,chronData,cdRL00HkQHGvHrCvda1chron25,depthbottomCs,mm,8
CO99LICL,none,NA,chronData,cdRAhdVigGNizrxD7UFchron26,Cs137gamactivity,Bq/g,8
CO99LICL,none,NA,chronData,cdRnUfcSIUM1j8nqJq6chron27,Cs137_error,Bq/g,8
CO99LICL,none,NA,chronData,cdRH5FXpmokavX7rG7Nchron28,bandAge,yr CE,8
CO99LICL,none,NA,chronData,cdR4C0D8oUHtT8gxoEjchron29,sampleType,NA,8
CO99LICL,none,NA,chronData,cdRdOoxVNVvnywL5hDqchron1,depthUTh,mm,8
CO99LICL,none,NA,chronData,cdRxSh0GmmEQTBOFoDkchron2,SampleID,NA,8
CO99LICL,none,NA,chronData,cdRxPErNbKKcwOiW5VZchron3,weight,mg,8
CO99LICL,none,NA,chronData,cdRmGbfNRV8G49j3e8Tchron4,U238,ppb,8
CO99LICL,none,NA,chronData,cdRB01gaPLjQBXbm8GCchron5,U238_error,ppb,8
CO99LICL,none,NA,chronData,cdRMuPPfqoQlXMocZqJchron6,Th232,ppt,8
CO99LICL,none,NA,chronData,cdRaST6Z0yqpRZLIHyCchron7,Th232_error,ppt,8
CO99LICL,none,NA,chronData,cdRdavxatqkcZKy9qxnchron8,d234U,(ratio),8
CO99LICL,none,NA,chronData,cdRoAj6asGj0q5wyeY3chron9,d234U_error,NA,8
CO99LICL,none,NA,chronData,cdRIJLcJJPSOZhvh7Iqchron10,Th230_U238activity,activity,8
CO99LICL,none,NA,chronData,cdRPPQptpnHBGrGd8z0chron11,U_Thactivity_error,NA,8
CO99LICL,none,NA,chronData,cdRjMW88qBCJrOa1Z7ochron12,Th230_Th232ratio,ppm,8
CO99LICL,none,NA,chronData,cdRNQEFJLSyNIBtkyndchron13,Thratio_error,ppm,8
CO99LICL,none,NA,chronData,cdRuydNpROfHCVuFbHgchron14,AgeUncorrected,years ago,8
CO99LICL,none,NA,chronData,cdRzwfw7KQxaN43ki0lchron15,AgeUncorr_error,yrs,8
CO99LICL,none,NA,chronData,cdRcqWfYwOmqlznfumHchron17,AgeCorr_error,yrs,8
CO99LICL,none,NA,chronData,cdRyopoPP7c9z9AGDYWchron18,dU234initial,(ratio),8
CO99LICL,none,NA,chronData,cdRzR1xFqpEYnVEROWJchron19,dU234i_error,NA,8
CO99LICL,none,NA,chronData,cdRBYzPPD7BNXGlcHngchron20,depthtopPb,mm,8
CO99LICL,none,NA,chronData,cdRjTS6I5ahPBvj7FXnchron21,depthbottomPb,mm,8
CO99LICL,none,NA,chronData,cdRU5xmCu59a2BXq7X9chron22,Pb210excess,dpm/g,8
CO99LICL,none,NA,chronData,cdRoDYXIXRYvErprRNichron23,Pb210_error,dpm/g,8
CO99LICL,none,NA,chronData,cdRMo1KaLzYOepDz4hbchron24,depthtopCs,mm,8
CO99LICL,none,NA,chronData,cdRGujSSBSwDnTQpgm6chron25,depthbottomCs,mm,8
CO99LICL,none,NA,chronData,cdRobkkaRW9wo2oE0QPchron26,Cs137gamactivity,Bq/g,8
CO99LICL,none,NA,chronData,cdRVfdSXymgac9HLsxUchron27,Cs137_error,Bq/g,8
CO99LICL,none,NA,chronData,cdRFWaxG0OZSVU6ngbOchron28,bandAge,yr CE,8
CO99LICL,none,NA,chronData,cdRXWDR7i9bxhtZ3zT8chron29,sampleType,NA,8
CO99SWFB,none,NA,chronData,cdRNlcjjEgJKEsEJX7Cchron1,depthUTh,mm,8
CO99SWFB,none,NA,chronData,cdR4H8sG4QyTk2jDBcRchron2,SampleID,unitless,8
CO99SWFB,none,NA,chronData,cdRG1GUGsWVjLdpZ97Nchron3,weight,mg,8
CO99SWFB,none,NA,chronData,cdRuMQr01SnZNnLPE46chron4,U238,ppb,8
CO99SWFB,none,NA,chronData,cdRvUSeU7oW5yLnR8uAchron5,U238_error,ppb,8
CO99SWFB,none,NA,chronData,cdRSQCmwCXYQUydyWZpchron6,Th232,ppt,8
CO99SWFB,none,NA,chronData,cdRlMySmBuYmF63CA2Rchron7,Th232_error,ppt,8
CO99SWFB,none,NA,chronData,cdR8FxhaYSNZBHFcAi2chron8,d234U,(ratio),8
CO99SWFB,none,NA,chronData,cdR2utfMcUj6142A6HXchron9,d234U_error,unitless,8
CO99SWFB,none,NA,chronData,cdRN92wcL5idXQqJ2x1chron10,Th230_U238activity,activity,8
CO99SWFB,none,NA,chronData,cdRYZADfYwv0BAktHEqchron11,U_Thactivity_error,unitless,8
CO99SWFB,none,NA,chronData,cdR1dKKohjPAWygfh4zchron12,Th230_Th232ratio,ppm,8
CO99SWFB,none,NA,chronData,cdRy3nwNf7YsF96Hnguchron13,Thratio_error,ppm,8
CO99SWFB,none,NA,chronData,cdRpeEIJrncb1aNZ7OHchron14,AgeUncorrected,years ago,8
CO99SWFB,none,NA,chronData,cdR9w3jxNMcDFXEo5FVchron15,AgeUncorr_error,yrs,8
CO99SWFB,none,NA,chronData,cdRADnEnvYuPzc6zb9Jchron17,AgeCorr_error,yrs,8
CO99SWFB,none,NA,chronData,cdRjB5XhHQDhRYXnOCwchron18,dU234initial,(ratio),8
CO99SWFB,none,NA,chronData,cdRbBRGNiWIPNGr0n6Vchron19,dU234i_error,unitless,8
CO99SWFB,none,NA,chronData,cdRD5XtdnbnpaXwSVFhchron20,depthtopPb,mm,8
CO99SWFB,none,NA,chronData,cdRp7y6YkMLUeiFpWBZchron21,depthbottomPb,mm,8
CO99SWFB,none,NA,chronData,cdRBST6qvrxcLaThKYpchron22,Pb210excess,dpm/g,8
CO99SWFB,none,NA,chronData,cdRg60tAqDUS9LuXYbDchron23,Pb210_error,dpm/g,8
CO99SWFB,none,NA,chronData,cdRbvHShu2Dm7UcAvHYchron24,depthtopCs,mm,8
CO99SWFB,none,NA,chronData,cdRGGybNF0D4IpBxnX3chron25,depthbottomCs,mm,8
CO99SWFB,none,NA,chronData,cdR3ZPKZIdd15YwCAOmchron26,Cs137gamactivity,Bq/g,8
CO99SWFB,none,NA,chronData,cdR1Ii7mLCmzGis7JxMchron27,Cs137_error,Bq/g,8
CO99SWFB,none,NA,chronData,cdRFvFP4TbyOjAowCTDchron28,bandAge,yr CE,8
CO99SWFB,none,NA,chronData,cdRT29KFSaHOiwSTZ8Rchron29,sampleType,unitless,8
Caburn.Waller.2000,none,NA,chronData,lc-chRwJKy7Z2e2eQYgpyD,materialDated,unitless,4
Caburn.Waller.2000,none,NA,chronData,lc-chR8gPwJjmThJBGgwiq,notes,unitless,4
CaddoCreekCore1.Albert.2011,none,NA,chronData,lc-chR53TtEFKZ1zGGfNVd,notes,unitless,5
CaddoCreekCore3.Albert.2011,none,NA,chronData,lc-chRucsQQ9Q5NQ8cXTWk,notes,unitless,5
CahabaPond.Delcourt.1983,none,NA,chronData,lc-chRE1VPAETQrnO1Z9QH,materialDated,unitless,11
CahabaPond.Delcourt.1983,none,NA,chronData,lc-chRIhhARAqtFunhtHBe,thickness,cm,11
CahabaPond.Delcourt.1983,none,NA,chronData,lc-chRe7zWozi18zNLiZmc,notes,unitless,11
CahabaPond.Delcourt.1983,none,NA,chronData,lc-chR7xDpQFxpYM03Iqq4,depth_top,cm,11
CahabaPond.Delcourt.1983,none,NA,chronData,lc-chRLonifjwv3qxvIItH,depth_bottom,cm,11
Cairon.Lespez.2008,none,NA,chronData,lc-chRWXTs00XOx3LC68RR,notes,unitless,4
CalaGaldana.Yll.1995,none,NA,chronData,lc-chR2pikxSWSsPjzyg8T,thickness,cm,5
CalaGaldana.Yll.1995,none,NA,chronData,lc-chRBjVTe9kHKpsPcF9h,notes,unitless,5
CalaGaldana.Yll.1995,none,NA,chronData,lc-chRLCC6VW45J9EEOHqy,depth_top,cm,5
CalaGaldana.Yll.1995,none,NA,chronData,lc-chRARaBcqvnBYWdJT01,depth_bottom,cm,5
CalanPorter.Yll.1997,none,NA,chronData,lc-chRRVb0cKNefEDHFDQx,thickness,cm,5
CalanPorter.Yll.1997,none,NA,chronData,lc-chRqcAfwEhZn5qtk7i6,notes,unitless,5
CalanPorter.Yll.1997,none,NA,chronData,lc-chRUgbFJ4vxqIhdf0Nm,depth_top,cm,5
CalanPorter.Yll.1997,none,NA,chronData,lc-chRt1KiGP3Illf42Mbi,depth_bottom,cm,5
CamLoch.Pennington.1975,none,NA,chronData,lc-chR64OosHMjkT5xd3ad,materialDated,unitless,5
CamelLake.Watts.1992,none,NA,chronData,lc-chR4mFAcxKVqLrpzufS,notes,unitless,9
CamillanWood.Mitchell.1988,none,NA,chronData,lc-chR8sfUmOS2GwC2Xh3u,notes,unitless,3
Camp11Lake.Brubaker.1975,none,NA,chronData,lc-chRXzgt36pAS0vvWawr,labID,unitless,11
Camp11Lake.Brubaker.1975,none,NA,chronData,lc-chRCJ2VJqWqPb0WDWvF,materialDated,unitless,11
Camp11Lake.Brubaker.1975,none,NA,chronData,lc-chRUCTwJvCWRBgu3qr4,thickness,cm,11
Camp11Lake.Brubaker.1975,none,NA,chronData,lc-chRZKW00Bg3Qp9xzyqA,notes,unitless,11
Camp11Lake.Brubaker.1975,none,NA,chronData,lc-chRu6vCJUoW4ltOfwsF,depth_top,cm,11
Camp11Lake.Brubaker.1975,none,NA,chronData,lc-chR759ylIqtw8kfjO4l,depth_bottom,cm,11
Camp12Lake.Charles.1984,none,NA,chronData,lc-chRVetG60a4IagcMacN,labID,unitless,15
Camp12Lake.Charles.1984,none,NA,chronData,lc-chRKE9aVGrQLAthJ2nz,materialDated,unitless,15
Camp12Lake.Charles.1984,none,NA,chronData,lc-chR3iPorT03WFNDNZ0M,notes,unitless,15
CampLake.UmbanhowarJr.2004,none,NA,chronData,lc-chR3hkLqjt74s7Xb71W,notes,unitless,3
Canaleja.CerrilloCuenca.2007,none,NA,chronData,lc-chRPj23h1Sz9Ot0ErAU,thickness,cm,2
Canaleja.CerrilloCuenca.2007,none,NA,chronData,lc-chRXQKjrZAtHIUJu5Jb,depth_top,cm,2
Canaleja.CerrilloCuenca.2007,none,NA,chronData,lc-chREVpXaxnJccYOfbMr,depth_bottom,cm,2
CandelabraLake.Cwynar.1995Legacy,none,NA,chronData,lc-chR5Ryxe5co3OSl8fre,labID,unitless,12
CandelabraLake.Cwynar.1995Legacy,none,NA,chronData,lc-chRGHjxSewOUJVT0xP1,notes,unitless,12
Cangumiao.Xu.2004,none,NA,chronData,lc-chRZ1NJCrMiCCr40YNu,labID,unitless,4
Cangumiao.Xu.2004,none,NA,chronData,lc-chRA7PQm29e9hBkstS2,notes,unitless,4
CanyonLake.Davis.1991,none,NA,chronData,lc-chRzwYGhjOW8FFAsMtT,materialDated,unitless,8
Capatana.Farcas.2003,none,NA,chronData,lc-chRmq096K1RdaGhxzn6,labID,unitless,7
Capatana.Farcas.2003,none,NA,chronData,lc-chRTAHael2FzgBxXn7Q,materialDated,unitless,7
Capatana.Farcas.2003,none,NA,chronData,lc-chRyJUOHDf318q9ad1O,thickness,cm,7
Capatana.Farcas.2003,none,NA,chronData,lc-chRLTp7Lgzv62nb3IzT,notes,unitless,7
Capatana.Farcas.2003,none,NA,chronData,lc-chRGjbfDRvnaw2NywRn,depth_top,cm,7
Capatana.Farcas.2003,none,NA,chronData,lc-chRScWPfF6G6PE0Q8TA,depth_bottom,cm,7
CapeNizmennyiiExposureC3352.Anderson.2002,none,NA,chronData,lc-chRhwrU6WTXtPD9QlRy,notes,unitless,2
CapeShpindler.Andreev.2001,none,NA,chronData,lc-chRMU6rI4CHQlDwfiFZ,thickness,cm,10
CapeShpindler.Andreev.2001,none,NA,chronData,lc-chRjDI9ge0VhnfHQqRd,depth_top,cm,10
CapeShpindler.Andreev.2001,none,NA,chronData,lc-chR7qs9h15wwAO5C2B5,depth_bottom,cm,10
CapitolaLake.Calcote.2003,none,NA,chronData,lc-chRCHN5aDK6GP8RqS17,materialDated,unitless,5
CapitolaLake.Calcote.2003,none,NA,chronData,lc-chRWKGD0H3MwVPJhUhQ,notes,unitless,5
CariLaufquenGrande.Markgraf.1985,none,NA,paleoData,OLS_R9c88ub2QgC,lakeTrend,unitless,32
CaribouBog.Gajewski.1987,none,NA,chronData,lc-chRmYdUMjx7mYlp6mxo,notes,unitless,7
CaribouHill.Lamb.1982,none,NA,chronData,lc-chRfxOBKtl7goJEqEOc,materialDated,unitless,5
CaribouHill.Lamb.1982,none,NA,chronData,lc-chRu4ZQN71gS7Vp9M8A,notes,unitless,5
CaribouLakeMS7415.Wang.1991,none,NA,chronData,lc-chRBeCQz6ytUKrxglev,notes,unitless,3
CarpLake.Barnosky.1983,none,NA,chronData,lc-chR4lVZdb2Y3BVdJ4Mo,notes,unitless,13
Carquefou.Cyprien.2001,none,NA,chronData,lc-chRpqqHwGXuBgi3sokx,notes,unitless,3
Carrivmoragh.Holland.1975,none,NA,chronData,lc-chRZThlbmxPrj1tW95K,notes,unitless,7
CarterSite.Shane.1976,none,NA,chronData,lc-chRG9zcmvaLZZsNVDQ6,notes,unitless,6
CassiopePond.Hebda.1997,none,NA,chronData,lc-chRqtTnYMbBssKgNsim,notes,unitless,3
CastleSuscinio.Visset.2006,none,NA,chronData,lc-chRGpkkpL0F4xGwWIM4,notes,unitless,6
CatahoulaLakecoreCLR3.Tedford.2009,none,NA,chronData,lc-chRKbdvCUNoqsCDLk0q,notes,unitless,4
CavesdAmont.Carcaud.2002,none,NA,chronData,lc-chRafc4PEUdNVwy5i2W,thickness,cm,7
CavesdAmont.Carcaud.2002,none,NA,chronData,lc-chRMg81v7Gp0iuLBuk7,notes,unitless,7
CavesdAmont.Carcaud.2002,none,NA,chronData,lc-chROm0vx1Oo80B2AxX2,depth_top,cm,7
CavesdAmont.Carcaud.2002,none,NA,chronData,lc-chRF7sD7CIuT7ET2Zji,depth_bottom,cm,7
CedarBog.Cushing.1967,none,NA,chronData,lc-chRwKCq3oz209XVCSFR,notes,unitless,3
CedarLake.West.1989,none,NA,chronData,lc-chRxSvfBFzjzkYcQ2mX,notes,unitless,3
CedarTreeNeckBog.Stevens.1996,none,NA,chronData,lc-chR7mdPBbARz73zVQQe,notes,unitless,3
CenoteSanJoseChulchaca.Leyden.1996,none,NA,paleoData,lcRXClGABy1amwYR82c,temperature,degC,27
CenoteSanJoseChulchaca.Leyden.1996,none,NA,paleoData,lcRylFtFJmmJnHOTrok,uncertainty,degC,27
CenoteSanJoseChulchaca.Leyden.1996,none,NA,paleoData,lcRPWoEvtJyUgA3MHC1,temperature,degC,27
CenoteSanJoseChulchaca.Leyden.1996,none,NA,paleoData,lcRHyf6lmunKw7M0pNQ,uncertainty,degC,27
CenoteSanJoseChulchaca.Leyden.1996,none,NA,paleoData,lcRKLcFRJvPRjeYBVsv,uncertainty,mm/yr,27
CenoteSanJoseChulchaca.Leyden.1996,none,NA,chronData,lc-chRGFzxHy1KZux1EPxY,notes,unitless,3
Cernohorskeraseliniste.Speranza.2000,none,NA,chronData,lc-chRyAe7FsrMLGV20Skq,thickness,cm,6
Cernohorskeraseliniste.Speranza.2000,none,NA,chronData,lc-chR0J9vfGNTTb4ORSKF,depth_top,cm,6
Cernohorskeraseliniste.Speranza.2000,none,NA,chronData,lc-chRoWGEHFmX9bOAsrxu,depth_bottom,cm,6
Cernohorskeraseliniste.Svobodova.2002,none,NA,chronData,lc-chRvvOBKtdp8MYJ8fbA,materialDated,unitless,4
Cernohorskeraseliniste.Svobodova.2002,none,NA,chronData,lc-chR1rmKuFDqWyNyc7TN,thickness,cm,4
Cernohorskeraseliniste.Svobodova.2002,none,NA,chronData,lc-chRm6ijucPA7zxUh13k,notes,unitless,4
Cernohorskeraseliniste.Svobodova.2002,none,NA,chronData,lc-chRGlFVR8uONhhZBfcN,depth_top,cm,4
Cernohorskeraseliniste.Svobodova.2002,none,NA,chronData,lc-chRL9lHro44Sul3CpQ2,depth_bottom,cm,4
Cerveneblato.EPD,none,NA,chronData,cRhsasr7RVMuLuYVA8,thickness,cm,3
Cerveneblato.EPD,none,NA,chronData,cR0lxrMjA8Hlsd3aiC,labID,unitless,3
Chaaracave.AitBrahim.2018,none,NA,paleoData,S2LRppiaoO76CN,notes,unitless,2355
Chaaracave.AitBrahim.2018,none,NA,chronData,S2LcRce6D77OF6X,labID,unitless,18
Chaaracave.AitBrahim.2018,none,NA,chronData,S2LcRx0bxtRmq8V,materialDated,unitless,18
Chaaracave.AitBrahim.2018,none,NA,chronData,S2LcR6MpubGKorZ,retained,unitless,18
Chaaracave.AitBrahim.2018,none,NA,chronData,S2LcRuy3LeaKqDf,decayConstant,unitless,18
Chaaracave.AitBrahim.2018,none,NA,chronData,S2LcRxdQzEtr2d9,age_type,unitless,18
Chaaracave.AitBrahim.2018,none,NA,chronData,S2LcRgOVcXK6x2J,labID,unitless,46
Chaaracave.AitBrahim.2018,none,NA,chronData,S2LcRM1InslWxHk,materialDated,unitless,46
Chaaracave.AitBrahim.2018,none,NA,chronData,S2LcR5iurvpLavG,retained,unitless,46
Chaaracave.AitBrahim.2018,none,NA,chronData,S2LcR22JfULFb4a,decayConstant,unitless,46
Chaaracave.AitBrahim.2018,none,NA,chronData,S2LcRo0ApL6uMrM,age_type,unitless,46
Chaaracave.AitBrahim.2018,none,NA,chronData,S2LcRvweREXq8FX,labID,unitless,44
Chaaracave.AitBrahim.2018,none,NA,chronData,S2LcRxxhz2aQxfX,materialDated,unitless,44
Chaaracave.AitBrahim.2018,none,NA,chronData,S2LcRU8eVWKhvoP,retained,unitless,44
Chaaracave.AitBrahim.2018,none,NA,chronData,S2LcRo1pexgQXUE,decayConstant,unitless,44
Chaaracave.AitBrahim.2018,none,NA,chronData,S2LcReThJkML0K2,age_type,unitless,44
ChabadaLake.Andreev.1989,none,NA,chronData,lc-chRKRorYQwQG3Zlxt5o,notes,unitless,5
ChabadaLake.Tarasov.1994,none,NA,chronData,lc-chRRCgCMYfhOhI8ujk9,notes,unitless,4
Chadianpo.Zhang.2007,none,NA,chronData,lc-chRKBkYFyRdbemLGj8q,labID,unitless,4
Chadianpo.Zhang.2007,none,NA,chronData,lc-chRQnQMFRp3dQBeHMKj,thickness,cm,4
Chadianpo.Zhang.2007,none,NA,chronData,lc-chRYSznA4zIwyT8BURA,notes,unitless,4
Chadianpo.Zhang.2007,none,NA,chronData,lc-chRV4TrSNUyjBXV7KfF,depth_top,cm,4
Chadianpo.Zhang.2007,none,NA,chronData,lc-chRw12coVQb70nQbg2e,depth_bottom,cm,4
Chaginskoe.Blyakharchuk.2003,none,NA,chronData,lc-chROrpQxv5zB1zvsgU4,labID,unitless,5
Chaginskoe.Blyakharchuk.2003,none,NA,chronData,lc-chREBpE5T0ZAUNyraai,thickness,cm,5
Chaginskoe.Blyakharchuk.2003,none,NA,chronData,lc-chRvIej1itiQRDtTqz2,notes,unitless,5
Chaginskoe.Blyakharchuk.2003,none,NA,chronData,lc-chRmzbY0a3y6N9SsSFG,depth_top,cm,5
Chaginskoe.Blyakharchuk.2003,none,NA,chronData,lc-chRHzFBJ3w3sG5L3faX,depth_bottom,cm,5
ChaiwopuLakeCKF.Li.1990,none,NA,chronData,lc-chRae2pGNMb32dkhjvL,labID,unitless,2
ChaiwopuLakeCKF.Li.1990,none,NA,chronData,lc-chRBbDl3LtdJP0wS0o0,thickness,cm,2
ChaiwopuLakeCKF.Li.1990,none,NA,chronData,lc-chRnHIV9bt9vfDty8Qk,notes,unitless,2
ChaiwopuLakeCKF.Li.1990,none,NA,chronData,lc-chREjY1lWaUGQjH5vqI,depth_top,cm,2
ChaiwopuLakeCKF.Li.1990,none,NA,chronData,lc-chRMJeo8lJ7to3CQ9t1,depth_bottom,cm,2
ChalcoLake.LozanoGarcia.1994,none,NA,chronData,lc-chRsWx5tuMFnqmorQJv,notes,unitless,9
Chalkneywood.Waller.2012,none,NA,chronData,lc-chRbFOtsLuDU01wOP17,labID,unitless,14
Chalkneywood.Waller.2012,none,NA,chronData,lc-chRT0A2j2O5ycNu4rep,materialDated,unitless,14
Chalkneywood.Waller.2012,none,NA,chronData,lc-chRjXv4odgmVT3zcich,thickness,cm,14
Chalkneywood.Waller.2012,none,NA,chronData,lc-chRBieWffix10ur4Pdu,notes,unitless,14
Chalkneywood.Waller.2012,none,NA,chronData,lc-chRLy4tvEnC2zuAbvpi,depth_top,cm,14
Chalkneywood.Waller.2012,none,NA,chronData,lc-chRVg9XL0qqjSrdlpTI,depth_bottom,cm,14
Challerie.Visset.2010,none,NA,chronData,lc-chRT9LKDh498U7F4CRy,notes,unitless,15
Chalmers.Mott.1982,none,NA,paleoData,OLS_R5o6ChYtxa3,lakeTrend,unitless,32
ChampGazon.JouffroyBapicot.2010,none,NA,chronData,lc-chRwNR0Cimj6wBghD3v,notes,unitless,10
Changeon.Cyprien.2001,none,NA,chronData,lc-chR7Ha9UIp5mUM94eQ9,notes,unitless,2
Changshan.Xu.1987,none,NA,chronData,lc-chRKzzlaEOLD7tWCyfJ,labID,unitless,1
Changshan.Xu.1987,none,NA,chronData,lc-chRijzOvMdT6xpLUxLk,thickness,cm,1
Changshan.Xu.1987,none,NA,chronData,lc-chRGvYsizgWBAo8j3d8,notes,unitless,1
Changshan.Xu.1987,none,NA,chronData,lc-chRGgE4t47771e14KGj,depth_top,cm,1
Changshan.Xu.1987,none,NA,chronData,lc-chRvkavafGD1pN4jEXJ,depth_bottom,cm,1
Chantemerle.Fauquette.1999,none,NA,chronData,lc-chR4u9PMOcnxJYOY2J0,notes,unitless,2
ChaohuLakeCH1.Wu.2008,none,NA,chronData,lc-chR6fD5rZYLVTJx0V8l,labID,unitless,7
ChaohuLakeCH1.Wu.2008,none,NA,chronData,lc-chR9nbfyr7F8XGrs44w,thickness,cm,7
ChaohuLakeCH1.Wu.2008,none,NA,chronData,lc-chR3Wdnp3RmudiQCMfG,notes,unitless,7
ChaohuLakeCH1.Wu.2008,none,NA,chronData,lc-chRVb2tNd0wSEHmgxzn,depth_top,cm,7
ChaohuLakeCH1.Wu.2008,none,NA,chronData,lc-chR9wtpWaoOHkZuV062,depth_bottom,cm,7
Charcenay.Cyprien.2006,none,NA,chronData,lc-chRUdm67sJow1mbrdF8,notes,unitless,5
CharisuMuchangprofile.Li.2003,none,NA,chronData,lc-chRK1h1VS9S22OzujT7,labID,unitless,11
CharisuMuchangprofile.Li.2003,none,NA,chronData,lc-chRbO46a6roHgYrv95e,thickness,cm,11
CharisuMuchangprofile.Li.2003,none,NA,chronData,lc-chRfnlUSIsXHkLj2mnQ,notes,unitless,11
CharisuMuchangprofile.Li.2003,none,NA,chronData,lc-chRDKaJcUN0GsocN5IX,depth_top,cm,11
CharisuMuchangprofile.Li.2003,none,NA,chronData,lc-chRKXkfXiApjBuO4erC,depth_bottom,cm,11
ChasePond.Levesque.1993,none,NA,chronData,lc-chRbawY0xrnLBEIqs59,notes,unitless,7
Chatsworth.King.1981,none,NA,chronData,M2Ldcw0gqyoC,notes,NA,8
ChatsworthBog.King.1981,none,NA,chronData,lc-chROrxq3V4B26urp7i2,notes,unitless,8
ChefduPont.CletPellerin.2006,none,NA,chronData,lc-chRFFT9l892pPGMRUrB,labID,unitless,3
ChefduPont.CletPellerin.2006,none,NA,chronData,lc-chRtBWBN777gvVYmQIO,thickness,cm,3
ChefduPont.CletPellerin.2006,none,NA,chronData,lc-chRnySmqvgw2yiOvGO1,notes,unitless,3
ChefduPont.CletPellerin.2006,none,NA,chronData,lc-chRmCe3ZPfHErLmukwT,depth_top,cm,3
ChefduPont.CletPellerin.2006,none,NA,chronData,lc-chR1qO0RjKOOm0H2wcq,depth_bottom,cm,3
Chenco.Li.1979,none,NA,paleoData,OLS_RItoT82ZZMk,lakeTrend,unitless,32
ChenghaiCH2.Zheng.1990,none,NA,chronData,lc-chRaZnDtCTYiBqWjqaE,labID,unitless,5
ChenghaiCH2.Zheng.1990,none,NA,chronData,lc-chRQSlI6pEqzim5QvPn,thickness,cm,5
ChenghaiCH2.Zheng.1990,none,NA,chronData,lc-chRKRon6HzooDRkHCSv,notes,unitless,5
ChenghaiCH2.Zheng.1990,none,NA,chronData,lc-chRIVQJ45IKqllnLz5N,depth_top,cm,5
ChenghaiCH2.Zheng.1990,none,NA,chronData,lc-chRuKVSdcHfPLFmSZi8,depth_bottom,cm,5
CheremushkaBog.Shichi.2009,none,NA,chronData,lc-chRrPsBLAxqIDuYWmfg,labID,unitless,6
CheremushkaBog.Shichi.2009,none,NA,chronData,lc-chRC5Ryanxg6gU2yF5h,notes,unitless,6
Cherine.McGhee.1975,none,NA,chronData,lc-chRSZikmnOSctEfSlos,notes,unitless,7
Chernikhovo.Zernitskaya.1985,none,NA,chronData,lc-chRZk49BgfE1bn9FXWZ,notes,unitless,4
ChernoeLake.Tarasov.1996,none,NA,chronData,lc-chR6sLVkcM7hOCSQgSY,labID,unitless,4
ChernyYar.author.1111,none,NA,chronData,lc-chRjaRNz7nc2iOE7wlH,notes,unitless,2
ChernyiiYarExposure955.Anderson.2002,none,NA,chronData,lc-chRlYNhT7nqSTBNUxpn,notes,unitless,5
ChesapeakeBayMD992207.Willard.2005,none,NA,chronData,lc-chRsBWNsfDA22WHznbN,notes,unitless,10
ChesapeakeBayMD992208.Willard.2005,none,NA,chronData,lc-chR5bRbUPDlKDjCz8Zw,notes,unitless,7
ChesapeakeBayMD992209.Willard.2005,none,NA,chronData,lc-chR2iURKksrGnSQS4VF,notes,unitless,21
ChesapeakeBayPTMC32.Willard.2005,none,NA,chronData,lc-chRewAAY9XSnULS3MdM,notes,unitless,6
ChesapeakeBayPatuxentRiver2P5.Willard.2003,none,NA,chronData,lc-chRi9XYqmoiJIl5aB1f,notes,unitless,2
ChesapeakeBayPotomacRiver.Willard.2003,none,NA,chronData,lc-chRJsBzksbrolrg2Ok3,notes,unitless,6
ChesapeakeBayRhodeRiver.Baucom.2000,none,NA,chronData,lc-chRHdSptXPUeCrFb6LW,notes,unitless,9
CheshiMweruWantipa.Stager.1984,none,NA,paleoData,OLS_Rlgm8r6Eqtn,lakeTrend,unitless,32
ChesnokPeatIrtyshRiver.Anderson.2002,none,NA,chronData,lc-chRzD9fi2lMrL3N5BXy,notes,unitless,7
ChewBahir.Grove.1975,none,NA,paleoData,OLS_ROJDyT0KOV0,lakeTrend,unitless,32
ChickareeLake.Dunnette.2014,none,NA,chronData,lc-chRyChE92vKYo2zZIH7,notes,unitless,38
ChifengQiguoMt.Xu.2002,none,NA,chronData,lc-chRf0Btk2Sohmu3GHDY,labID,unitless,7
ChifengQiguoMt.Xu.2002,none,NA,chronData,lc-chRDxtoBEULYUGanMZs,notes,unitless,7
Chilwa.Lancaster.1979a,none,NA,paleoData,OLS_RD9WJOyCZJH,lakeTrend,unitless,32
ChinaCamp.Goman.2008,none,NA,chronData,lc-chRhoykSfRLsuvKw66U,notes,unitless,6
Chippewa.Bailey.1981,none,NA,chronData,M2Lhggfde5oC,notes,NA,4
ChippewaBog.Bailey.1981,none,NA,chronData,lc-chRw2pmXd2Lf1aC8i7z,thickness,cm,4
ChippewaBog.Bailey.1981,none,NA,chronData,lc-chR3j12SyOUz788eOAY,notes,unitless,4
ChippewaBog.Bailey.1981,none,NA,chronData,lc-chRy24DNwzdcrryTgqJ,depth_top,cm,4
ChippewaBog.Bailey.1981,none,NA,chronData,lc-chR0huKdtegz9zFsIzZ,depth_bottom,cm,4
Chistic.Surova.1997,none,NA,chronData,lc-chR14Cj3KVU3vq1SVK2,notes,unitless,4
ChitsaiLake.Liew.1994,none,NA,chronData,lc-chRN00U67CwUdX39K0a,labID,unitless,4
ChitsaiLake.Liew.1994,none,NA,chronData,lc-chRz4RreH5qnl6AB9ze,notes,unitless,4
ChiuChiu.Ochsenius.1974,none,NA,paleoData,OLS_RW03RnS8ByY,lakeTrend,unitless,32
ChoquetteLake.Anderson.2019,none,NA,chronData,lc-chRM7syQn9TTD9GgZRw,notes,unitless,12
Chrast.Dreslerova.2004,none,NA,chronData,lc-chRBCH1aka4GgPRNulx,materialDated,unitless,6
Chrast.Dreslerova.2004,none,NA,chronData,lc-chRxal36B69E0aQ7HzD,notes,unitless,6
Chuangye.Xia.1988,none,NA,chronData,lc-chRctJkCBqt3HkhuSL1,labID,unitless,7
Chuangye.Xia.1988,none,NA,chronData,lc-chRIrAw6S1OjBdQLbpK,notes,unitless,7
ChuttiBoltigen.Welten.1952,none,NA,chronData,lc-chRYZxK6nWrlc09kcl2,notes,unitless,4
CienegadeSanBernadino.Blissett.2010,none,NA,chronData,lc-chRSFxGLwGQ1Nkd33Pt,thickness,cm,4
CienegadeSanBernadino.Blissett.2010,none,NA,chronData,lc-chRVM53yyqcvS84OlLE,notes,unitless,4
CienegadeSanBernadino.Blissett.2010,none,NA,chronData,lc-chRWGnnmMv9pgyLaCiL,depth_top,cm,4
CienegadeSanBernadino.Blissett.2010,none,NA,chronData,lc-chRZ8BdJya6o4bCp247,depth_bottom,cm,4
CinqMarslaPile.Carcaud.2002,none,NA,chronData,lc-chRvNlexU85iHhgVNcX,notes,unitless,8
ClamGulch.author.1111,none,NA,chronData,lc-chR5W5MZ9WUgpaCVDSZ,labID,unitless,2
ClamGulch.author.1111,none,NA,chronData,lc-chR0YU20pDdVL8jELyg,materialDated,unitless,2
ClamGulch.author.1111,none,NA,chronData,lc-chRndyNJCujqN9cw6OA,notes,unitless,2
Clapeyret.deBeaulieu.1977,none,NA,chronData,cRKIDvliXxvKxNZIYJ,thickness,cm,5
Clapeyret.deBeaulieu.1977,none,NA,chronData,cREqyFXsEMxJfSnMfV,labID,unitless,5
Clapeyret.deBeaulieu.1977Legacy,none,NA,chronData,lc-chR9I5N8EXtSvV5QZEl,materialDated,unitless,5
Clapeyret.deBeaulieu.1977Legacy,none,NA,chronData,lc-chR97G98azQXNDYKVnW,notes,unitless,5
ClaraBog.Connolly.1999,none,NA,chronData,lc-chReqLol08SFy3PqjUi,notes,unitless,11
Clark.Hubbs.1960,none,NA,paleoData,OLS_RybBoF5CeRH,lakeTrend,unitless,32
ClatteringshawsLoch.Birks.1975,none,NA,chronData,lc-chR4ZvPLdr3gG1YGfgS,thickness,cm,2
ClatteringshawsLoch.Birks.1975,none,NA,chronData,lc-chRNPgI7MYQEVfabuSK,notes,unitless,2
ClatteringshawsLoch.Birks.1975,none,NA,chronData,lc-chRip95R4oWwDnHXSwH,depth_top,cm,2
ClatteringshawsLoch.Birks.1975,none,NA,chronData,lc-chRwoNd3XBqov55XKG6,depth_bottom,cm,2
ClearLake.Bailey.1972,none,NA,chronData,lc-chRGgKDxccC6B7SJbTv,notes,unitless,8
ClearLake.Baker.1992,none,NA,chronData,lc-chR86sYk9JBZCcuN9hZ,notes,unitless,11
Clearwater.Mott.1973,none,NA,chronData,M2Lyo6uzcxyC,material,NA,2
Clearwater.Mott.1973,none,NA,chronData,M2Lo17ye59xC,notes,NA,2
ClearwaterBog.Nichols.1969,none,NA,chronData,lc-chRvbtzQjE4Docp0iVZ,notes,unitless,3
ClearwaterLake.Mott.1973,none,NA,chronData,lc-chR0NI4zlawAX9bTzFm,materialDated,unitless,2
ClearwaterLake.Mott.1973,none,NA,chronData,lc-chRgQ98Qi2MiXmm63py,notes,unitless,2
ClonearlBog.Plunkett.2009,none,NA,chronData,lc-chRu90gXxqptIHwJlom,notes,unitless,7
CobwebSwampSawgrassCore.Jones.1991,none,NA,chronData,lc-chR73UJk8ySFOaDey6j,notes,unitless,6
CodeLake.Higuera.2006,none,NA,chronData,lc-chRDAPbi4WbCr1jAm6T,notes,unitless,7
CoghillLake.King.1986,none,NA,chronData,lc-chRMFPAaWGtbStLiUVG,notes,unitless,5
ColLuitel.Wegmuller.1977,none,NA,chronData,lc-chRMHpX01rbyCMxvD30,materialDated,unitless,4
ColLuitel.Wegmuller.1977,none,NA,chronData,lc-chR6Pvmbaw1qzQIw3A0,thickness,cm,4
ColLuitel.Wegmuller.1977,none,NA,chronData,lc-chRVRbBriVYrDS0YpOv,notes,unitless,4
ColLuitel.Wegmuller.1977,none,NA,chronData,lc-chRDhg3skg1lTPBU1H6,depth_top,cm,4
ColLuitel.Wegmuller.1977,none,NA,chronData,lc-chRe8ROw35DEtFcaaUT,depth_bottom,cm,4
ColdesLauzes.deBeaulieu.1977,none,NA,chronData,lc-chRothwty9qgptlDDuF,materialDated,unitless,8
ColdesLauzes.deBeaulieu.1977,none,NA,chronData,lc-chRtsyViurt6kll62rF,notes,unitless,8
Colfiorito.Brugiapaglia.1995,none,NA,chronData,lc-chRByAvSwfiMcKxYTTu,notes,unitless,5
Colo.Baker.1990,none,NA,chronData,M2Le5dxgf0lC,notes,NA,5
ColoMarsh.Baker.1990,none,NA,chronData,lc-chRGGBwLZdMuCVTI2MR,notes,unitless,6
Comerslade.Fyfe.2012,none,NA,chronData,lc-chRSDCYkDJ4tDF9Qkz6,notes,unitless,5
ComoLake.Jodry.1989,none,NA,chronData,lc-chRzXIjYHOd5kZVE4DB,notes,unitless,5
ConneRiver.Vardy.1991,none,NA,chronData,lc-chR4mIryJls6HwmSJWy,notes,unitless,2
ConroyLake.Doner.1995,none,NA,chronData,lc-chRiiP7xT0b3UU6L9B4,notes,unitless,5
CookBank.Lacourse.2003,none,NA,chronData,lc-chRhuETE3UDjAFAbEe4,notes,unitless,4
CooleyLake.Gavin.2006,none,NA,chronData,lc-chR7CfIzhqx2nnJqOYX,notes,unitless,6
Coolteen.Craig.1973,none,NA,chronData,lc-chR4lU0ZwvjmYYuAas8,notes,unitless,5
CootesParadiseMarsh.Finkelstein.2005,none,NA,chronData,lc-chRq2Da8szcND7SIao3,notes,unitless,3
CopleyLake.Fall.1988,none,NA,chronData,lc-chRW1y2Wj8BgFBfygaG,notes,unitless,6
CoppermineSaddleback.Nichols.1975Legacy,none,NA,chronData,lc-chR3MdTpp7qHxxTvwGW,thickness,cm,4
CoppermineSaddleback.Nichols.1975Legacy,none,NA,chronData,lc-chR1gporBA8xXKW7kwL,notes,unitless,4
CoppermineSaddleback.Nichols.1975Legacy,none,NA,chronData,lc-chRJRs3XjDpn1s4KRK1,depth_top,cm,4
CoppermineSaddleback.Nichols.1975Legacy,none,NA,chronData,lc-chRvWnrS1qZC0Syv6Ka,depth_bottom,cm,4
Corangamite.Gill.1971,none,NA,paleoData,OLS_Rq1vrEECcVC,lakeTrend,unitless,32
Cordemais.Cyprien.2001,none,NA,chronData,lc-chRJbYu7qhVX0Y4qWPG,notes,unitless,7
CornaherLough.Heery.1998,none,NA,chronData,lc-chRtBFiXUuTytY8ZZ2H,notes,unitless,3
CornichedePail.Barbier.1999,none,NA,chronData,lc-chRZ7rlfMkmhaJoGLfn,notes,unitless,2
CottonwoodLake.Barnosky.1987,none,NA,chronData,lc-chRxgW2l8b47StoYO6p,notes,unitless,10
CottonwoodPassPond.Fall.1988,none,NA,chronData,lc-chRCcTpswiZa9ZAXCAX,notes,unitless,3
Couedic.Visset.2001,none,NA,chronData,lc-chRskVaIZNaqigqjfFk,thickness,cm,4
Couedic.Visset.2001,none,NA,chronData,lc-chRyCKg4hulR8l5OR06,notes,unitless,4
Couedic.Visset.2001,none,NA,chronData,lc-chRUXP91kTw3qCTXl5R,depth_top,cm,4
Couedic.Visset.2001,none,NA,chronData,lc-chRApgz3uv0hCkaF7LT,depth_bottom,cm,4
Coulvain.author.1111,none,NA,chronData,lc-chRxL14WpgssjCv5sww,thickness,cm,2
Coulvain.author.1111,none,NA,chronData,lc-chR7PF8vUKfDRt3DO2m,notes,unitless,2
Coulvain.author.1111,none,NA,chronData,lc-chRX6m0CFr2Cn6a8bLc,depth_top,cm,2
Coulvain.author.1111,none,NA,chronData,lc-chR1ZYaRdoZPQtCx5Yb,depth_bottom,cm,2
CowlesBog.Futyma.1984,none,NA,chronData,lc-chR6bNq4Ru2TX0rFV2q,notes,unitless,4
CranberryGlades.Watts.1979,none,NA,chronData,lc-chRIh4qy1yxii8iv81j,materialDated,unitless,4
CranberryGlades.Watts.1979,none,NA,chronData,lc-chR8KUyTEOABR4vCfJb,thickness,cm,4
CranberryGlades.Watts.1979,none,NA,chronData,lc-chR39EH20ckVrIy85Wi,notes,unitless,4
CranberryGlades.Watts.1979,none,NA,chronData,lc-chRRvKixR8LGH2Qs4WS,depth_top,cm,4
CranberryGlades.Watts.1979,none,NA,chronData,lc-chRW7OhqMgHafQvzcb7,depth_bottom,cm,4
CranberryLake.author.1111,none,NA,chronData,lc-chRc825dRQT4gCyVxDA,materialDated,unitless,7
CranberryLake.author.1111,none,NA,chronData,lc-chRI7ualz7li96aB5nj,notes,unitless,7
CraneLake.Shafer.1989,none,NA,chronData,lc-chRUCV39psII52BHH4e,notes,unitless,3
CranesMoor.Grant.2009,none,NA,chronData,lc-chRz8l1B0PdvBeAsdOE,thickness,cm,7
CranesMoor.Grant.2009,none,NA,chronData,lc-chRZfncHaYvxiv5XpEa,notes,unitless,7
CranesMoor.Grant.2009,none,NA,chronData,lc-chRkSkSBF2csZhXVVTB,depth_top,cm,7
CranesMoor.Grant.2009,none,NA,chronData,lc-chRCj7gxoBLVsfubMXx,depth_bottom,cm,7
CraterLake.Heinrichs.2002,none,NA,chronData,lc-chRP1HfGIiEM5NGLlXF,notes,unitless,8
Crates.Liu.NA,none,NA,chronData,M2Lmzdlwb7xC,material,NA,6
Crates.Liu.NA,none,NA,chronData,M2Lqaf0cct1C,notes,NA,6
CratesLake.author.1111,none,NA,chronData,lc-chRmyORMf6E6Sy34rfa,labID,unitless,5
CratesLake.author.1111,none,NA,chronData,lc-chRB19WxtvDO4Yh9Cmd,materialDated,unitless,5
CratesLake.author.1111,none,NA,chronData,lc-chRhKmhN3FP8uSLhRef,thickness,cm,5
CratesLake.author.1111,none,NA,chronData,lc-chRpoJY2D983DH9ZyyA,notes,unitless,5
CratesLake.author.1111,none,NA,chronData,lc-chRfQGhakxUJbmn4t9G,depth_top,cm,5
CratesLake.author.1111,none,NA,chronData,lc-chRM8r52SzemL2MAzMX,depth_bottom,cm,5
CrawfordLake.Yu.1997,none,NA,chronData,lc-chRVL1GQdjpT5viHZNF,notes,unitless,5
Cregganmore.McKeever.1984,none,NA,chronData,lc-chRAXAlFMZx4HOYLVjq,notes,unitless,2
CreichCastle.Cundill.1983,none,NA,chronData,lc-chRIVonRywgZ64f9Jbt,notes,unitless,3
CreuxdeCroue.Begeot.2000,none,NA,chronData,lc-chR40JKhWUNPofcS2bp,notes,unitless,3
CreuxdeCroue.Gfeller.1963,none,NA,chronData,lc-chR0oDwnfJZpfNMJkA2,thickness,cm,4
CreuxdeCroue.Gfeller.1963,none,NA,chronData,lc-chRGjo5sVsQvoaRTUwn,notes,unitless,4
CreuxdeCroue.Gfeller.1963,none,NA,chronData,lc-chR1Zc7Fpk1A0sXGmg0,depth_top,cm,4
CreuxdeCroue.Gfeller.1963,none,NA,chronData,lc-chRV41Mk8nivXzaFjGu,depth_bottom,cm,4
CridersPond.Watts.1979,none,NA,chronData,lc-chRYb2GCjypTjKc8eCZ,materialDated,unitless,3
CridersPond.Watts.1979,none,NA,chronData,lc-chRwdao3WIOlNIiHAEH,thickness,cm,3
CridersPond.Watts.1979,none,NA,chronData,lc-chRq5KuGMBTSfHUjUwo,notes,unitless,3
CridersPond.Watts.1979,none,NA,chronData,lc-chRh9eTz8J0o56tA26Y,depth_top,cm,3
CridersPond.Watts.1979,none,NA,chronData,lc-chRGr5hsflqVwRINndT,depth_bottom,cm,3
CristalLake.Steventon.1983,none,NA,chronData,lc-chRFVUnuDVCsxLXsIu6,notes,unitless,5
CroaghaunEast.Dwyer.1995,none,NA,chronData,lc-chRySHVmxWKRsrLqNlk,materialDated,unitless,4
CroaghaunEast.Dwyer.1995,none,NA,chronData,lc-chROqgGuezvIhJ4hooy,notes,unitless,4
CrockerLake.Gavin.2015,none,NA,chronData,lc-chR10sV58kwar0b36EV,notes,unitless,5
CrookedLake.Brugam.1997,none,NA,chronData,lc-chRuTrcH2kjw3hUIuzx,labID,unitless,5
CrookedLake.Brugam.1997,none,NA,chronData,lc-chRpEbJM8tRzGB4lRji,materialDated,unitless,5
CrookedLake.Brugam.1997,none,NA,chronData,lc-chR0U15Je0SnwFoYvAE,notes,unitless,5
Crowfoot.Reasoner.1996,none,NA,chronData,M2Lfs0jyaf4C,notes,NA,12
CrowfootLake.Osborn.1995,none,NA,chronData,lc-chREyrCpOmM5dHU4DjP,notes,unitless,13
Crown.Lourandos.1970,none,NA,paleoData,OLS_R25XN21E2Cb,lakeTrend,unitless,32
Crowsnest.Anderson.NA,none,NA,chronData,M2L92fu7hotC,notes,NA,4
CrowsnestLake.author.1111,none,NA,chronData,lc-chRKYvvE9OT71R8H8We,notes,unitless,5
CrystalLake.Gonzales.2009,none,NA,chronData,lc-chRyTAvAnDh7kkR3BTX,notes,unitless,35
CrystalLake.UmbanhowarJr.2004,none,NA,chronData,lc-chRIVddA9HcXr44l18E,notes,unitless,3
Csogle.Juhasz.2002,none,NA,chronData,lc-chRagvhhz1aClsig57y,materialDated,unitless,4
Csogle.Juhasz.2002,none,NA,chronData,lc-chRx4UZf6Ciz6PiL2a8,notes,unitless,4
Cub.Rasmussen.1982,none,NA,chronData,M2Lctno5jn7C,material,NA,5
Cub.Rasmussen.1982,none,NA,chronData,M2Ldsxt3ko3C,notes,NA,5
CubLake.Baker.1983,none,NA,chronData,lc-chRvsRcfB7FMAH1w4GH,notes,unitless,2
CubLake.Rasmussen.1982,none,NA,chronData,lc-chRcGZ48JFVIlTMo6eq,materialDated,unitless,5
CubLake.Rasmussen.1982,none,NA,chronData,lc-chRSdruqzAx1SprbGPy,thickness,cm,5
CubLake.Rasmussen.1982,none,NA,chronData,lc-chR4D7FGKVhwyYZ07Um,notes,unitless,5
CubLake.Rasmussen.1982,none,NA,chronData,lc-chRdo586v0ldK46aKwW,depth_top,cm,5
CubLake.Rasmussen.1982,none,NA,chronData,lc-chRhlHbfuH8K1ejxgKU,depth_bottom,cm,5
Cuckoo.Hawthorne.2015,none,NA,chronData,lc-chRMzwYrqNS3JcmgA1e,notes,unitless,8
CuetodelaAvellanosa.MariscalAlvarez.1983,none,NA,chronData,lc-chRvep5idfYv0ZOuWij,thickness,cm,3
CuetodelaAvellanosa.MariscalAlvarez.1983,none,NA,chronData,lc-chRMMztWICeBmj6mGmK,notes,unitless,3
CuetodelaAvellanosa.MariscalAlvarez.1983,none,NA,chronData,lc-chRkIKh68y0wdSuJWJc,depth_top,cm,3
CuetodelaAvellanosa.MariscalAlvarez.1983,none,NA,chronData,lc-chRV2O8ZD9sQpR6Y9KS,depth_bottom,cm,3
CuevadeAsiul.Smith.2016,none,NA,paleoData,S2LRe2cqwFH8IG,notes,unitless,2021
CuevadeAsiul.Smith.2016,none,NA,chronData,S2LcRBuWSFx4rJ4,labID,unitless,11
CuevadeAsiul.Smith.2016,none,NA,chronData,S2LcRnmxlIPnF44,materialDated,unitless,11
CuevadeAsiul.Smith.2016,none,NA,chronData,S2LcRaJisxOcX7z,retained,unitless,11
CuevadeAsiul.Smith.2016,none,NA,chronData,S2LcRllSTfxvCpi,decayConstant,unitless,11
CuevadeAsiul.Smith.2016,none,NA,chronData,S2LcRBjds9vXt7S,age_type,unitless,11
CuevadeAsiul.Smith.2016,none,NA,chronData,S2LcR6g0JDnXR1g,labID,unitless,13
CuevadeAsiul.Smith.2016,none,NA,chronData,S2LcRUS9Tqjhfab,materialDated,unitless,13
CuevadeAsiul.Smith.2016,none,NA,chronData,S2LcRyYj2XUseTZ,retained,unitless,13
CuevadeAsiul.Smith.2016,none,NA,chronData,S2LcRLkz0XIerXR,decayConstant,unitless,13
CuevadeAsiul.Smith.2016,none,NA,chronData,S2LcRTgcWuYBk0I,age_type,unitless,13
CuevadelTigrePerdido.vanBreukelen.2008,none,NA,paleoData,S2LR5x4xXAF7ye,notes,unitless,590
CuevadelTigrePerdido.vanBreukelen.2008,none,NA,chronData,S2LcRzDjoyht04Q,materialDated,unitless,10
CuevadelTigrePerdido.vanBreukelen.2008,none,NA,chronData,S2LcRo3CBIVWDPn,retained,unitless,10
CuevadelTigrePerdido.vanBreukelen.2008,none,NA,chronData,S2LcRP48Qy8n3Th,decayConstant,unitless,10
CuevadelTigrePerdido.vanBreukelen.2008,none,NA,chronData,S2LcRbqRVruWkab,age_type,unitless,10
CuevadelTigrePerdido.vanBreukelen.2008,none,NA,chronData,S2LcRxQSHICDrAj,materialDated,unitless,10
CuevadelTigrePerdido.vanBreukelen.2008,none,NA,chronData,S2LcRrsfkcet5Zl,retained,unitless,10
CuevadelTigrePerdido.vanBreukelen.2008,none,NA,chronData,S2LcRz16K3MV1FE,decayConstant,unitless,10
CuevadelTigrePerdido.vanBreukelen.2008,none,NA,chronData,S2LcRvbshrTMWzj,age_type,unitless,10
Culazon.LopezSaez.2013,none,NA,chronData,lc-chRUFqnXHefRhkf37He,thickness,cm,12
Culazon.LopezSaez.2013,none,NA,chronData,lc-chRdDCDxdJIzuWMmQGR,notes,unitless,12
Culazon.LopezSaez.2013,none,NA,chronData,lc-chRALQxWu04FIGpfKB5,depth_top,cm,12
Culazon.LopezSaez.2013,none,NA,chronData,lc-chRWxdGoORFaLN75AkM,depth_bottom,cm,12
CumbresBog.Johnson.2010,none,NA,chronData,lc-chRiMdDyDI3YrNwVAsb,notes,unitless,7
Cummins.McAndrews.1984,none,NA,chronData,M2Lfil9qh86C,notes,NA,4
CumminsPond.Julig.1984,none,NA,chronData,lc-chRVjiDsfmB6sVusSzA,notes,unitless,6
CupolaPond.Delcourt.1994,none,NA,chronData,lc-chREugj6mFf50a5ISBj,notes,unitless,8
CupolaPond.Jones.2017,none,NA,chronData,lc-chRFOw527rIHTrqreyt,notes,unitless,13
CutHill.Fyfe.2012,none,NA,chronData,lc-chRNyeaURkIxbMVnPq8,notes,unitless,8
CycloidLake.Mott.1973,none,NA,chronData,lc-chRy7UkFI5p7KDZg22X,materialDated,unitless,2
CycloidLake.Mott.1973,none,NA,chronData,lc-chRWu0Q9WHpEOKGMsOY,notes,unitless,2
CygnetLakeFen.Whitlock.1993,none,NA,chronData,lc-chRlj08eU0a3DUFj0zg,notes,unitless,8
D13882.Tierney,none,NA,chronData,T2L_D13882_c14_1s_err,c14_1s_err,NA,4
D13882.Tierney,none,NA,chronData,T2L_D13882_delta_r_1s_error_original,delta_r_1s_error_original,NA,4
D13882.Tierney,none,NA,chronData,T2L_D13882_other_date,other_date,NA,4
D13882.Tierney,none,NA,chronData,T2L_D13882_other_1s_err,other_1s_err,NA,4
D13882.Tierney,none,NA,chronData,T2L_D13882_other_type,other_type,NA,4
DaQaidam.Qi.1981,none,NA,paleoData,OLS_RTvaXm21OFy,lakeTrend,unitless,32
DabaNur.Tarasov.1996,none,NA,chronData,lc-chRNUdfG5vMF19gNaIh,notes,unitless,6
DabsanLakeCK181.Du.1986,none,NA,chronData,lc-chRSJHXs27bAxxsJbvQ,labID,unitless,2
DabsanLakeCK181.Du.1986,none,NA,chronData,lc-chR5GoXYmKzpIvwg7LC,thickness,cm,2
DabsanLakeCK181.Du.1986,none,NA,chronData,lc-chRKu2jbeNe2DmIU6HU,notes,unitless,2
DabsanLakeCK181.Du.1986,none,NA,chronData,lc-chReWEJMXjqQbDpaNdf,depth_top,cm,2
DabsanLakeCK181.Du.1986,none,NA,chronData,lc-chR1VNX5wPYnpGY1Qjd,depth_bottom,cm,2
Dadiwan2007.Tang.2007,none,NA,chronData,lc-chRfHNzGDPu3iY4kXsg,labID,unitless,4
Dadiwan2007.Tang.2007,none,NA,chronData,lc-chRGk4ZrlxLU1pmN1mP,thickness,cm,4
Dadiwan2007.Tang.2007,none,NA,chronData,lc-chR8F7yIHonhnuqcBP4,notes,unitless,4
Dadiwan2007.Tang.2007,none,NA,chronData,lc-chRSr3CAvZmdAh8aWJT,depth_top,cm,4
Dadiwan2007.Tang.2007,none,NA,chronData,lc-chRBHo5yirGLknToZpZ,depth_bottom,cm,4
Dadiwan2008.Sun.2008,none,NA,chronData,lc-chRPY31ABAxPH8otPeo,labID,unitless,4
Dadiwan2008.Sun.2008,none,NA,chronData,lc-chR3dQAW1h4f7nbZddU,thickness,cm,4
Dadiwan2008.Sun.2008,none,NA,chronData,lc-chRPXyZeEo0rAxL0SUn,notes,unitless,4
Dadiwan2008.Sun.2008,none,NA,chronData,lc-chRsqcSkSSwud86oAzr,depth_top,cm,4
Dadiwan2008.Sun.2008,none,NA,chronData,lc-chR0O6LTXN76VG7nxeS,depth_bottom,cm,4
DagsMosse.Goransson.1989,none,NA,chronData,lc-chRW9ELVWYoasuu2SXq,labID,unitless,22
DagsMosse.Goransson.1989,none,NA,chronData,lc-chRdHYPdug326gfOgdo,materialDated,unitless,22
DagsMosse.Goransson.1989,none,NA,chronData,lc-chRqiyoWQbNTo4Rb8OF,notes,unitless,22
DahaiziLake.Li.1988,none,NA,chronData,lc-chRhQ0ooZsB5vlCej3u,labID,unitless,3
DahaiziLake.Li.1988,none,NA,chronData,lc-chRck72CnsH0NRA9jWb,thickness,cm,3
DahaiziLake.Li.1988,none,NA,chronData,lc-chRrrKarHNsVrZxn4Iz,notes,unitless,3
DahaiziLake.Li.1988,none,NA,chronData,lc-chRV8n16Q10HI0isXbI,depth_top,cm,3
DahaiziLake.Li.1988,none,NA,chronData,lc-chRI3BVtSPzwMOXpnmX,depth_bottom,cm,3
DahuLake.Zhou.2004,none,NA,chronData,lc-chRkUoZ1OSVDLYBtNZe,labID,unitless,7
DahuLake.Zhou.2004,none,NA,chronData,lc-chRBRBZHvSDgCVKDY7e,thickness,cm,7
DahuLake.Zhou.2004,none,NA,chronData,lc-chRYs8isvKlegosMm6s,notes,unitless,7
DahuLake.Zhou.2004,none,NA,chronData,lc-chRiHk26qxXfT0xn6nu,depth_top,cm,7
DahuLake.Zhou.2004,none,NA,chronData,lc-chRgz6CUZbRwqN5oDYG,depth_bottom,cm,7
DaietElMelah.Fontes.1985,none,NA,paleoData,OLS_RdBvwS3OIAG,lakeTrend,unitless,32
DaihaiLake99a.Xu.2003,none,NA,chronData,lc-chRCcM77jJHvu9yyFyj,labID,unitless,4
DaihaiLake99a.Xu.2003,none,NA,chronData,lc-chRJQD9vaFAqEsQeV5X,notes,unitless,4
DaihaiLakeDH99B.Sun.2006,none,NA,chronData,lc-chRjCP52sxCiMMDvZZQ,labID,unitless,1
DaihaiLakeDH99B.Sun.2006,none,NA,chronData,lc-chRb54Jj6WFf1OPVcEA,thickness,cm,1
DaihaiLakeDH99B.Sun.2006,none,NA,chronData,lc-chRHJm7cpka72HKnWc5,notes,unitless,1
DaihaiLakeDH99B.Sun.2006,none,NA,chronData,lc-chRNCPjUKkm42oWJRrs,depth_top,cm,1
DaihaiLakeDH99B.Sun.2006,none,NA,chronData,lc-chRC7RlHF1KqHN6bILn,depth_bottom,cm,1
DaileyLake.Krause.2015,none,NA,chronData,lc-chR9sewqoreeUNhMzcm,thickness,cm,16
DaileyLake.Krause.2015,none,NA,chronData,lc-chRu6kSe120uYxrAGRU,depth_top,cm,16
DaileyLake.Krause.2015,none,NA,chronData,lc-chRVCdCLr3aBTTsSP19,depth_bottom,cm,16
Dajiuhu2013.Li.2013,none,NA,chronData,lc-chRQ1K1aoK6fb18pRij,labID,unitless,7
Dajiuhu2013.Li.2013,none,NA,chronData,lc-chROPNeJladUkjqBH6D,thickness,cm,7
Dajiuhu2013.Li.2013,none,NA,chronData,lc-chRYuiYF2nHrNqQndFl,notes,unitless,7
Dajiuhu2013.Li.2013,none,NA,chronData,lc-chRoaNjSOeaQvgRwVs6,depth_top,cm,7
Dajiuhu2013.Li.2013,none,NA,chronData,lc-chRV4Sw7aUbILHoYVfV,depth_bottom,cm,7
DajiuhuLakeC1.Liu.2001,none,NA,chronData,lc-chRsBKrZCD3QxPpixuK,labID,unitless,4
DajiuhuLakeC1.Liu.2001,none,NA,chronData,lc-chR1qvf1qwwC2vndkhK,thickness,cm,4
DajiuhuLakeC1.Liu.2001,none,NA,chronData,lc-chR22x6KMmOfSW28xYv,notes,unitless,4
DajiuhuLakeC1.Liu.2001,none,NA,chronData,lc-chRqokcnTderg47GHBu,depth_top,cm,4
DajiuhuLakeC1.Liu.2001,none,NA,chronData,lc-chR2U5UlMA2gnIWHadn,depth_bottom,cm,4
DalaiNurLakeHaiyan.Li.1990,none,NA,chronData,lc-chRDmPCn3JIIS8F2BLZ,labID,unitless,2
DalaiNurLakeHaiyan.Li.1990,none,NA,chronData,lc-chRrCrTibV3zGpclEDA,thickness,cm,2
DalaiNurLakeHaiyan.Li.1990,none,NA,chronData,lc-chRB1a28Ai4VSYmoMgh,notes,unitless,2
DalaiNurLakeHaiyan.Li.1990,none,NA,chronData,lc-chRm74aorIhDtIgCIl2,depth_top,cm,2
DalaiNurLakeHaiyan.Li.1990,none,NA,chronData,lc-chRBGXNQ675Wx0Zwkx5,depth_bottom,cm,2
Dalane.Birks.2007,none,NA,chronData,lc-chRXdy6dEGqXJVGxkt8,notes,unitless,10
DaliNurHaolukuLake.Liu.2002,none,NA,chronData,lc-chRbwECG0uZracX1LkW,labID,unitless,3
DaliNurHaolukuLake.Liu.2002,none,NA,chronData,lc-chRKRxG3CrwFRoSgqP6,thickness,cm,3
DaliNurHaolukuLake.Liu.2002,none,NA,chronData,lc-chRNTChlah9yGIairLR,notes,unitless,3
DaliNurHaolukuLake.Liu.2002,none,NA,chronData,lc-chRnBDuza1vBvyf9pHQ,depth_top,cm,3
DaliNurHaolukuLake.Liu.2002,none,NA,chronData,lc-chRYzVJC5JacuiSIqtQ,depth_bottom,cm,3
DaliNurLiuzhouwanLake.Wang.2001,none,NA,chronData,lc-chRijPkwp1E7JLuUEbh,labID,unitless,3
DaliNurLiuzhouwanLake.Wang.2001,none,NA,chronData,lc-chRginW7dohNVX6e0d2,notes,unitless,3
Dalmutladdo.Bjune.2004Legacy,none,NA,chronData,lc-chRM0Bms8AxeSsIjX2D,notes,unitless,11
Dantecave.Sletten.2013,none,NA,paleoData,S2LRh8J4x5lS1j,notes,NA,579
Dantecave.Sletten.2013,none,NA,chronData,S2LcREtmaS4khrG,labID,unitless,30
Dantecave.Sletten.2013,none,NA,chronData,S2LcRSMqTCvh4LB,materialDated,unitless,30
Dantecave.Sletten.2013,none,NA,chronData,S2LcRqeT07An7Bk,retained,unitless,30
Dantecave.Sletten.2013,none,NA,chronData,S2LcRZFpPVwlgVz,decayConstant,unitless,30
Dantecave.Sletten.2013,none,NA,chronData,S2LcRKpSoaSCh0s,age_type,unitless,30
Dantecave.Sletten.2013,none,NA,chronData,S2LcRw6LHX9UFQh,labID,unitless,18
Dantecave.Sletten.2013,none,NA,chronData,S2LcRZxfdbhoNK1,materialDated,unitless,18
Dantecave.Sletten.2013,none,NA,chronData,S2LcRKGW696e8uV,retained,unitless,18
Dantecave.Sletten.2013,none,NA,chronData,S2LcRucNKsbLos1,decayConstant,unitless,18
Dantecave.Sletten.2013,none,NA,chronData,S2LcRdOvHPqCp5b,age_type,unitless,18
Darkcave.Jiang.2013,none,NA,paleoData,S2LRDDHXmBauT5,notes,unitless,510
Darkcave.Jiang.2013,none,NA,chronData,S2LcRTdVe1u6jJ4,labID,unitless,19
Darkcave.Jiang.2013,none,NA,chronData,S2LcRdLIBRVew6L,materialDated,unitless,19
Darkcave.Jiang.2013,none,NA,chronData,S2LcRyyVSl74qwF,retained,unitless,19
Darkcave.Jiang.2013,none,NA,chronData,S2LcRf2NFHdlUmG,decayConstant,unitless,19
Darkcave.Jiang.2013,none,NA,chronData,S2LcRyC87RlSgB7,age_type,unitless,19
Darkcave.Jiang.2013,none,NA,chronData,S2LcRH7Bjco6OV0,labID,unitless,9
Darkcave.Jiang.2013,none,NA,chronData,S2LcRxQhKtQK8lh,materialDated,unitless,9
Darkcave.Jiang.2013,none,NA,chronData,S2LcRZjTeEvpfGf,retained,unitless,9
Darkcave.Jiang.2013,none,NA,chronData,S2LcRo9hHrRwhyU,decayConstant,unitless,9
Darkcave.Jiang.2013,none,NA,chronData,S2LcRsOs68GpS8o,age_type,unitless,9
Darko.Rolecek.2020,none,NA,chronData,lc-chRBKaJgGzh4MIfxMGr,notes,unitless,15
DarzlubieForest.Latalowa.1982,none,NA,chronData,lc-chRZD1lyXVgBbjirf5h,notes,unitless,13
Dashuitang.Zhou.1996,none,NA,chronData,lc-chRMAfOjjXMN1PD8WQw,labID,unitless,2
Dashuitang.Zhou.1996,none,NA,chronData,lc-chRDJVzImsrZFznOMFi,thickness,cm,2
Dashuitang.Zhou.1996,none,NA,chronData,lc-chRo9s73I8jCNTdqT7U,notes,unitless,2
Dashuitang.Zhou.1996,none,NA,chronData,lc-chRfkguGo6xGtkmqIvq,depth_top,cm,2
Dashuitang.Zhou.1996,none,NA,chronData,lc-chRf2sHkd8c1EcczBbU,depth_bottom,cm,2
Daumont.Richard.1982,none,NA,chronData,lc-chR5QLqcNQsG2XOS7KK,notes,unitless,5
DavisLake.Barnosky.1981Legacy,none,NA,chronData,lc-chRUV32uK0rDLyczVHR,notes,unitless,17
Daxigou.Zhang.2004,none,NA,chronData,lc-chREeXnOTUM6xjjfp6f,labID,unitless,2
Daxigou.Zhang.2004,none,NA,chronData,lc-chRDV15UdXXGTA6rUO4,notes,unitless,2
DayetAaoua.Perrott.PERS.COMM.,none,NA,paleoData,OLS_RTk8buVlRgh,lakeTrend,unitless,32
Daziying.Li.1985,none,NA,chronData,lc-chRuMFwo1S8h6dzMv8R,labID,unitless,3
Daziying.Li.1985,none,NA,chronData,lc-chR9yaIMmJXDDSfJFsC,thickness,cm,3
Daziying.Li.1985,none,NA,chronData,lc-chR065nGDGehs9q12sE,notes,unitless,3
Daziying.Li.1985,none,NA,chronData,lc-chRbseZ2oNsk3TgBdCZ,depth_top,cm,3
Daziying.Li.1985,none,NA,chronData,lc-chRsT9Zq1XNe0VZBdie,depth_bottom,cm,3
DeAguaSucia.Van.1974,none,NA,paleoData,OLS_RQSj7E0ppGB,lakeTrend,unitless,32
DeSotocaverns.Aharon.2013,none,NA,paleoData,S2LRgyEbZlbtHy,mineralogy,unitless,1468
DeSotocaverns.Aharon.2013,none,NA,paleoData,S2LRe161oaIALG,uncertainty,unitless,1468
DeSotocaverns.Aharon.2013,none,NA,chronData,S2LcRh3L8m1D5SA,retained,unitless,9
DeSotocaverns.Aharon.2013,none,NA,chronData,S2LcR8b7NaUhCxE,age_type,unitless,9
DeadFrogPond.Fuller.1998,none,NA,chronData,lc-chR4DkNERWFVEWtDFI7,labID,unitless,7
DeadSea7.Leroy.2010,none,NA,chronData,lc-chRsJjzNglqEQqHr9od,thickness,cm,4
DeadSea7.Leroy.2010,none,NA,chronData,lc-chRFh4WVwP5igsb4t5F,notes,unitless,4
DeadSea7.Leroy.2010,none,NA,chronData,lc-chRJ0bKywnfuUttanXN,depth_top,cm,4
DeadSea7.Leroy.2010,none,NA,chronData,lc-chRuUSnoygkMSF2BNuD,depth_bottom,cm,4
DeadSpruceLake.Pisaric.2001,none,NA,chronData,lc-chRCwqzntc9GNEmtDPP,notes,unitless,3
DecoyLake.Szeicz.1991,none,NA,chronData,lc-chRpGco0U9kpAqGEKuz,thickness,cm,5
DecoyLake.Szeicz.1991,none,NA,chronData,lc-chRsEHlN2D3yWt6uciJ,notes,unitless,5
DecoyLake.Szeicz.1991,none,NA,chronData,lc-chRPbEKgXHVfrFoQUm4,depth_top,cm,5
DecoyLake.Szeicz.1991,none,NA,chronData,lc-chRO2yXLeGIPeBa7LhV,depth_bottom,cm,5
Deelpan.Butzer.1984b,none,NA,paleoData,OLS_RKYyNNnJe63,lakeTrend,unitless,32
DeepFalmouthPond.Oswald.2018,none,NA,chronData,lc-chRwWnTtHzgRUa7wmD1,labID,unitless,16
DeepFalmouthPond.Oswald.2018,none,NA,chronData,lc-chRFfkjPkt49tSe9ASv,materialDated,unitless,16
DeepFalmouthPond.Oswald.2018,none,NA,chronData,lc-chRsxdDMEgS3NznUasi,notes,unitless,16
DeepLake.Hu.1999,none,NA,chronData,lc-chRw0DPtxpjqRc3AUn0,thickness,cm,7
DeepLake.Hu.1999,none,NA,chronData,lc-chRXh2A94T2Xkf8rhMB,notes,unitless,7
DeepLake.Hu.1999,none,NA,chronData,lc-chR0DtjI4bISXHzx099,depth_top,cm,7
DeepLake.Hu.1999,none,NA,chronData,lc-chRWafRpoanHkaqYh1P,depth_bottom,cm,7
DeepPond.Parshall.2002,none,NA,chronData,lc-chRCa2h9PwvhYBJpDWK,notes,unitless,16
DeepTauntonPond.Oswald.2018,none,NA,chronData,lc-chR4rrzQIaHVU660YAB,notes,unitless,19
DeerLakeBog.Spear.1981,none,NA,chronData,lc-chRcjupsJ0oOONoE51y,notes,unitless,6
Delorme1.Richard.1982,none,NA,chronData,lc-chRiYijQkEfRh5xYwhM,notes,unitless,4
Delorme2.Richard.1982,none,NA,chronData,lc-chRHn4FL6HRNH9eQaFs,notes,unitless,5
DeltadelRioBesos.EPD,none,NA,chronData,cRKBNR6m42MLTU4ugs,thickness,cm,18
DeltadelRioBesos.EPD,none,NA,chronData,cRfjYgC2WA5zJ2UVR4,labID,unitless,18
DeltadelRioBesos.PantaleonCano.1994,none,NA,chronData,lc-chR0wcFubJ2uUfArtD0,materialDated,unitless,19
DeltadelRioBesos.PantaleonCano.1994,none,NA,chronData,lc-chRneDdXoSJikMagqgW,notes,unitless,19
DemontLake.author.1111,none,NA,chronData,lc-chRFxHdkHtC7f7UQTRc,labID,unitless,5
DemontLake.author.1111,none,NA,chronData,lc-chRYsG1MtZcPjbgMUze,materialDated,unitless,5
DemontLake.author.1111,none,NA,chronData,lc-chRJWMVGTBjP1La76D8,thickness,cm,5
DemontLake.author.1111,none,NA,chronData,lc-chRwdcR3TgMJEVueNeH,notes,unitless,5
DemontLake.author.1111,none,NA,chronData,lc-chRd1n2EUJtceR7cMYH,depth_top,cm,5
DemontLake.author.1111,none,NA,chronData,lc-chRXxxrvVKcO9QC07x0,depth_bottom,cm,5
Dengjiacun.Zhang.2007,none,NA,chronData,lc-chRrcFPMK3LdlyybsXB,labID,unitless,10
Dengjiacun.Zhang.2007,none,NA,chronData,lc-chRWx4kHrNOxj2YHzK3,notes,unitless,10
DentonLake.Charles.1984,none,NA,chronData,lc-chRZwpNJRsuCNOCpPgy,labID,unitless,13
DentonLake.Charles.1984,none,NA,chronData,lc-chRzUMDOEB9umPefPaP,materialDated,unitless,13
DentonLake.Charles.1984,none,NA,chronData,lc-chRdDtSXec0LbHVDeiY,notes,unitless,13
Derput.Andreev.1991,none,NA,chronData,lc-chRU9FUkNyXSEeb75zi,notes,unitless,5
DerrycunihyWood.Mitchell.1988,none,NA,chronData,lc-chRA0IkUkwXiUrMoGJZ,notes,unitless,4
DevilsBathtub.Clark.1996,none,NA,chronData,lc-chRv8D7sKaTrXOrGHw4,materialDated,unitless,10
DevilsBathtub.Clark.1996,none,NA,chronData,lc-chRSp2YpyroppGLp8KM,notes,unitless,10
DevilsLakeCreelBay.Jacobson.1989,none,NA,chronData,lc-chRiDs85IEmIU5jkrSP,notes,unitless,28
DevlinsPark.Lego.1980,none,NA,chronData,lc-chRUWgfiRgH5gD6ALAx,notes,unitless,6
DharTichitt.Munson.1968,none,NA,paleoData,OLS_RNOgWBUt5lo,lakeTrend,unitless,32
Diana375.Richard.1981,none,NA,chronData,lc-chRXDhkxoo1KIVrMrBf,notes,unitless,3
Didachara.Connor.2018,none,NA,chronData,lc-chRd7mssRECk14HQqK8,notes,unitless,12
Diheen.author.1111,none,NA,chronData,lc-chRjuo3URdM8hyS9aY5,materialDated,unitless,8
Diheen.author.1111,none,NA,chronData,lc-chR0Kc3OqhzeeaC1rsX,notes,unitless,8
Dingnan.Dodson.2006,none,NA,chronData,lc-chR7KO3EqNA2ccHncGf,labID,unitless,7
Dingnan.Dodson.2006,none,NA,chronData,lc-chRmNaiHCgDpUnzu7VN,thickness,cm,7
Dingnan.Dodson.2006,none,NA,chronData,lc-chRo0LbvkECYnpZjwFZ,notes,unitless,7
Dingnan.Dodson.2006,none,NA,chronData,lc-chRauq2tSPl4Kb3ys0u,depth_top,cm,7
Dingnan.Dodson.2006,none,NA,chronData,lc-chRzsTHmwwwYymxRE2r,depth_bottom,cm,7
Dingxi.Tang.2007,none,NA,chronData,lc-chRCc4FHNjdvkF0yIbS,labID,unitless,5
Dingxi.Tang.2007,none,NA,chronData,lc-chRDSBF8OIM5bVvHYfo,thickness,cm,5
Dingxi.Tang.2007,none,NA,chronData,lc-chRYEX4cienWGjekTNs,notes,unitless,5
Dingxi.Tang.2007,none,NA,chronData,lc-chRLLKUAbIFD8MfB1Ih,depth_top,cm,5
Dingxi.Tang.2007,none,NA,chronData,lc-chRFjvdC6QdKoQSSXYf,depth_bottom,cm,5
DinkeyMeadow.Anderson.1987,none,NA,chronData,lc-chRRuZvL8gNHAgo8ByM,materialDated,unitless,3
DinkeyMeadow.Anderson.1987,none,NA,chronData,lc-chRr90Q2WSE1SZrWAmR,notes,unitless,3
DismalSwamp91.Whitehead.1972,none,NA,chronData,lc-chRDHB4iZ8ttWnzhX8r,materialDated,unitless,2
DismalSwamp91.Whitehead.1972,none,NA,chronData,lc-chRLgcFlyPJCZ4P694Q,thickness,cm,2
DismalSwamp91.Whitehead.1972,none,NA,chronData,lc-chRqzRZHjLqc0qPPFQn,notes,unitless,2
DismalSwamp91.Whitehead.1972,none,NA,chronData,lc-chRnBONFTVT10VWt99l,depth_top,cm,2
DismalSwamp91.Whitehead.1972,none,NA,chronData,lc-chRUd0UvhEqrR4WAQ9L,depth_bottom,cm,2
DisterhaftFarmBog.Baker.1970,none,NA,chronData,lc-chR8scWiibr0T1AeoUi,notes,unitless,6
Dixie.Buckley.1970,none,NA,paleoData,OLS_RhJlFCgNFgD,lakeTrend,unitless,32
DlinnoyeLake.Anderson.2002,none,NA,chronData,lc-chRJRRClYKLpTxC3B2o,notes,unitless,2
Doel.Deforce.2011,none,NA,chronData,lc-chR1gZCoyhhq1wUpSQZ,notes,unitless,8
DogLake.Hallett.2006,none,NA,chronData,lc-chR2ZnupNBVTiM38Hsm,notes,unitless,4
Dolgoe.EPD,none,NA,chronData,cRUrKE7XLfOLNTIje1,thickness,cm,5
Dolgoe.EPD,none,NA,chronData,cRgclvDsxr0CWheLnO,labID,unitless,5
DomeCreekMeadow.Feiler.1997,none,NA,chronData,lc-chRc6chvPtJgDj4GADV,notes,unitless,4
Domsvatnet.Hyvarinen.1976,none,NA,chronData,lc-chRJPmXyCbi104Wzdvl,notes,unitless,6
DongdaohaiziB.Yan.2004,none,NA,chronData,lc-chR7WcCbaZz82LYrPIL,labID,unitless,3
DongdaohaiziB.Yan.2004,none,NA,chronData,lc-chRzHlZITw7ucWMjrG0,notes,unitless,3
Dongganchi.Zhang.1997,none,NA,chronData,lc-chRV1aqOVypRpzaukLG,labID,unitless,10
Dongganchi.Zhang.1997,none,NA,chronData,lc-chRT8Wroh7QjjEboT2N,thickness,cm,10
Dongganchi.Zhang.1997,none,NA,chronData,lc-chR2CmkiAZs4bZO2ciR,notes,unitless,10
Dongganchi.Zhang.1997,none,NA,chronData,lc-chRETcwil0T7nUZfbqK,depth_top,cm,10
Dongganchi.Zhang.1997,none,NA,chronData,lc-chRsHoOWIm3sUgozGBD,depth_bottom,cm,10
Donggecave.Yuan.2004,none,NA,paleoData,S2LRaLaNJG9c3k,notes,NA,3845
Donggecave.Yuan.2004,none,NA,chronData,S2LcRM1ddA5wezD,labID,unitless,22
Donggecave.Yuan.2004,none,NA,chronData,S2LcRbRlEhrGGaF,materialDated,unitless,22
Donggecave.Yuan.2004,none,NA,chronData,S2LcRNoyt25LfzN,retained,unitless,22
Donggecave.Yuan.2004,none,NA,chronData,S2LcRWMMY9LHoWc,decayConstant,unitless,22
Donggecave.Yuan.2004,none,NA,chronData,S2LcROehCJige2e,age_type,unitless,22
Donggecave.Yuan.2004,none,NA,chronData,S2LcRX2LH5PDrS6,labID,unitless,46
Donggecave.Yuan.2004,none,NA,chronData,S2LcRLAO676DSIa,materialDated,unitless,46
Donggecave.Yuan.2004,none,NA,chronData,S2LcRoMnR5XE2mb,retained,unitless,46
Donggecave.Yuan.2004,none,NA,chronData,S2LcRolThwMfwVS,decayConstant,unitless,46
Donggecave.Yuan.2004,none,NA,chronData,S2LcRxksyvwrsZ3,age_type,unitless,46
Donggecave.Yuan.2004,none,NA,chronData,S2LcRM5SbQH8ev0,labID,unitless,9
Donggecave.Yuan.2004,none,NA,chronData,S2LcRoqt4AAHXkx,materialDated,unitless,9
Donggecave.Yuan.2004,none,NA,chronData,S2LcR1vD9XsKSzX,retained,unitless,9
Donggecave.Yuan.2004,none,NA,chronData,S2LcRoXj2ayCUjv,decayConstant,unitless,9
Donggecave.Yuan.2004,none,NA,chronData,S2LcRotwt9u15Ii,age_type,unitless,9
Donggecave.Yuan.2004,none,NA,chronData,S2LcR4wHJEFa577,labID,unitless,49
Donggecave.Yuan.2004,none,NA,chronData,S2LcRdhlVBS1hyl,materialDated,unitless,49
Donggecave.Yuan.2004,none,NA,chronData,S2LcRqRglDAcwCZ,retained,unitless,49
Donggecave.Yuan.2004,none,NA,chronData,S2LcRdyPyMAczFg,decayConstant,unitless,49
Donggecave.Yuan.2004,none,NA,chronData,S2LcRkD6eUCgmpk,age_type,unitless,49
Donggecave.Yuan.2004,none,NA,chronData,S2LcRcmdOPOgsTy,labID,unitless,45
Donggecave.Yuan.2004,none,NA,chronData,S2LcRO77UFRWlim,materialDated,unitless,45
Donggecave.Yuan.2004,none,NA,chronData,S2LcRyJSqjNCikg,retained,unitless,45
Donggecave.Yuan.2004,none,NA,chronData,S2LcRMZMFejkqhp,decayConstant,unitless,45
Donggecave.Yuan.2004,none,NA,chronData,S2LcRhJyg4rUwv6,age_type,unitless,45
Donggecave.Yuan.2004,none,NA,chronData,S2LcRdoDucEECqx,labID,unitless,12
Donggecave.Yuan.2004,none,NA,chronData,S2LcRRRTcjf1ZWd,materialDated,unitless,12
Donggecave.Yuan.2004,none,NA,chronData,S2LcRLBsRnoyiri,retained,unitless,12
Donggecave.Yuan.2004,none,NA,chronData,S2LcRDiOr9OllVd,decayConstant,unitless,12
Donggecave.Yuan.2004,none,NA,chronData,S2LcRirJBfBJuQq,age_type,unitless,12
DongguanPK16.Zhang.1982,none,NA,paleoData,lcR4bkW96JxzYcP5Ucf,uncertainty,degC,8
DongguanPK16.Zhang.1982,none,NA,paleoData,lcRZshtRwM0q53KZDji,precipitation,mm/yr,8
DongguanPK16.Zhang.1982,none,NA,paleoData,lcR3ogMmpkUnYtDdVIP,uncertainty,mm/yr,8
DongguanPK16.Zhang.1982,none,NA,paleoData,lcRt3tgQ6fSOr87EGdw,uncertainty,degC,8
DongguanPK16.Zhang.1982,none,NA,paleoData,lcRa9H8BDQkUBF6EYQG,precipitation,mm/yr,8
DongguanPK16.Zhang.1982,none,NA,paleoData,lcR7b3nJWtmM6ugB8TR,uncertainty,mm/yr,8
DongguanPK16.Zhang.1982,none,NA,paleoData,lcRSCQpy0RaZ1YsFDfK,temperature,degC,8
DongguanPK16.Zhang.1982,none,NA,paleoData,lcRCnXOf4z2c0TXsrKJ,uncertainty,degC,8
DongguanPK16.Zhang.1982,none,NA,paleoData,lcRSQYzjqLOH3L3pt4i,temperature,degC,8
DongguanPK16.Zhang.1982,none,NA,paleoData,lcRKBrPUdkFpEdtl6CV,uncertainty,degC,8
DongguanPK16.Zhang.1982,none,NA,paleoData,lcR0871J1qsFvh2yndU,uncertainty,mm/yr,8
DongguanPK16.Zhang.1982,none,NA,chronData,lc-chRYpLFU0BuWzr98HVs,labID,unitless,3
DongguanPK16.Zhang.1982,none,NA,chronData,lc-chRneKOAfdHSNcEYyRv,thickness,cm,3
DongguanPK16.Zhang.1982,none,NA,chronData,lc-chR1UgDBH2X0MnOmlOl,notes,unitless,3
DongguanPK16.Zhang.1982,none,NA,chronData,lc-chREbSQAiRZWWgjLi9N,depth_top,cm,3
DongguanPK16.Zhang.1982,none,NA,chronData,lc-chRe1mj2wwDtkeqGwpc,depth_bottom,cm,3
Donvold.Nilssen.1983Legacy,none,NA,chronData,lc-chRZcxmoLmTFwvACyiv,materialDated,unitless,6
Donvold.Nilssen.1983Legacy,none,NA,chronData,lc-chRyNT6s4VJVrxNY1lm,notes,unitless,6
DoodNur.Tarasov.1996,none,NA,chronData,lc-chRjQVy8FjsXjoD0qVW,notes,unitless,2
DoodNurLake.Gunin.1999,none,NA,chronData,lc-chR6TBPQmLtFXYjkwcb,labID,unitless,2
DoodNurLake.Gunin.1999,none,NA,chronData,lc-chR87XCafoKVhebjfYL,notes,unitless,2
DoolittleRanchMeadow.Doerner.1994,none,NA,chronData,lc-chRRdUcLfQoG8IKBGJZ,notes,unitless,2
DortmunderHutte.Heuberger.1977,none,NA,chronData,lc-chRjlqV4gfxYQHMXBMm,notes,unitless,6
DosAnascave.Fensterer.2013,none,NA,paleoData,S2LRlyLXQuwPgU,uncertainty,unitless,1153
DosAnascave.Fensterer.2013,none,NA,paleoData,S2LR1IzDAE2zBT,notes,NA,1825
DosAnascave.Fensterer.2013,none,NA,chronData,S2LcR7ri3cgq57T,materialDated,unitless,39
DosAnascave.Fensterer.2013,none,NA,chronData,S2LcRwYAgKAZjxK,retained,unitless,39
DosAnascave.Fensterer.2013,none,NA,chronData,S2LcRafvxcQjc7K,decayConstant,unitless,39
DosAnascave.Fensterer.2013,none,NA,chronData,S2LcRbh9HyqS55p,age_type,unitless,39
DosAnascave.Fensterer.2013,none,NA,chronData,S2LcRclrgHpn2OB,materialDated,unitless,10
DosAnascave.Fensterer.2013,none,NA,chronData,S2LcRbogsgoZ8xK,retained,unitless,10
DosAnascave.Fensterer.2013,none,NA,chronData,S2LcRghAtbgH9ca,decayConstant,unitless,10
DosAnascave.Fensterer.2013,none,NA,chronData,S2LcR7tUMRGqaeY,age_type,unitless,10
DosleCras.Richard.1998,none,NA,chronData,lc-chRpTYoHeFTDUngSV1e,materialDated,unitless,5
DosleCras.Richard.1998,none,NA,chronData,lc-chRNSmIiMHG0ihhsUsA,notes,unitless,5
DossaccioBormio.vanderKnaap.1997,none,NA,chronData,lc-chROY1hTYIOINFOlVh8,notes,unitless,7
DoucoLake.Zhao.2007,none,NA,chronData,lc-chRumcxYd9DQ8W4OUUD,labID,unitless,2
DoucoLake.Zhao.2007,none,NA,chronData,lc-chRXtKMxWmiuubQgsga,thickness,cm,2
DoucoLake.Zhao.2007,none,NA,chronData,lc-chRHi2oZVoWSxZePQ9i,notes,unitless,2
DoucoLake.Zhao.2007,none,NA,chronData,lc-chRsLE5ADr7dqHkjy7M,depth_top,cm,2
DoucoLake.Zhao.2007,none,NA,chronData,lc-chR0mZSX9LWBCeGFyWJ,depth_bottom,cm,2
DovjokSwamp.author.1111,none,NA,chronData,lc-chRMFfCyPtFUR0B2Ceg,notes,unitless,9
DragonflyLake.Edwards.2015,none,NA,chronData,lc-chRy1dskYJTfKL4XlWz,notes,unitless,9
Duartbeg.Moar.1969,none,NA,chronData,lc-chRQzhuGrVP8ai2QrF5,notes,unitless,4
Duartbeg.author.1111,none,NA,chronData,lc-chRqqChsfOT2AFFAu1F,notes,unitless,4
DuckPond.Winkler.1985,none,NA,chronData,lc-chRN2lzyadmzwNbKGKi,materialDated,unitless,8
DuckPond.Winkler.1985,none,NA,chronData,lc-chRpjJFQHhjpzLwEnlJ,thickness,cm,8
DuckPond.Winkler.1985,none,NA,chronData,lc-chRXVM7st2DmeklS4Xj,notes,unitless,8
DuckPond.Winkler.1985,none,NA,chronData,lc-chRRHjbYiypZ1Z0wQa4,depth_top,cm,8
DuckPond.Winkler.1985,none,NA,chronData,lc-chRG8lQEpO28vIyvY37,depth_bottom,cm,8
DugasBayBog.author.1111,none,NA,chronData,lc-chRTTzY7UBnqwLxmui8,notes,unitless,2
Dune.Finney.2012,none,NA,chronData,WEB7bb2103e,ageType,unitless,19
Dune.Finney.2012,none,NA,chronData,WEBf710eaef,core,unitless,19
Dune.Finney.2012,none,NA,chronData,WEB844060b0,material,unitless,19
Dune.Finney.2012,none,NA,chronData,WEB7685eaf5,sampleID,unitless,19
Dune.Finney.2012,none,NA,chronData,WEB455c2e62,notes,unitless,19
DuneLake.Bigelow.1997,none,NA,chronData,lc-chRN0zB6LABN7tI1A26,notes,unitless,16
DunniganLake.Charles.1984,none,NA,chronData,lc-chRyx30Xcwv6SeChXkb,labID,unitless,15
DunniganLake.Charles.1984,none,NA,chronData,lc-chR0Netnix3NPLcNGs2,materialDated,unitless,15
DunniganLake.Charles.1984,none,NA,chronData,lc-chRmgZb8lzeu4wfA2sn,notes,unitless,15
Dura-Moor.Seiwald.1980,none,NA,chronData,cRYPc8QdC1BGdrwp2Z,thickness,cm,9
DuraMoor.Seiwald.1980,none,NA,chronData,lc-chRQ8Y8ooi842w3FUGa,notes,unitless,8
Duranunlak.EPD,none,NA,chronData,cRDfQZPoDA4IJ9Ab27,thickness,cm,4
DurreneckseeMoor.Krisai.1991,none,NA,chronData,lc-chRpYdceQPi85X7PsfX,thickness,cm,4
DurreneckseeMoor.Krisai.1991,none,NA,chronData,lc-chRdUQ3smLFA2asb0fH,notes,unitless,4
DurreneckseeMoor.Krisai.1991,none,NA,chronData,lc-chRq6UuPamBH2EoW8e1,depth_top,cm,4
DurreneckseeMoor.Krisai.1991,none,NA,chronData,lc-chRIVrUdrSHNrCgTtKC,depth_bottom,cm,4
DvurAnsov.Svobodova.1992,none,NA,chronData,lc-chRKOZked6xkwiCsSKz,notes,unitless,7
DyanushkaK7P2.Werner.2010,none,NA,chronData,lc-chROVR7RBcZzbOuwCMS,notes,unitless,13
DyeLowerWaterLakeDyerLake.Miller.2005,none,NA,chronData,lc-chRgXNQYqi2i9EO6Wn5,notes,unitless,3
ELake.Ritchie.1964,none,NA,chronData,lc-chRPjBahjJnUMNBJtS2,notes,unitless,8
EN32_PC6.Flower.2004,none,NA,chronData,T2L_EN32_PC6_delta_r_1s_error_original,delta_r_1s_error_original,unitless,9
EN32_PC6.Flower.2004,none,NA,chronData,T2L_EN32_PC6_other_date,other_date,unitless,9
EN32_PC6.Flower.2004,none,NA,chronData,T2L_EN32_PC6_other_1s_err,other_1s_err,unitless,9
EN32_PC6.Flower.2004,none,NA,chronData,T2L_EN32_PC6_other_type,other_type,unitless,9
ERDC_092BX.Palmer.2003,none,NA,chronData,T2L_ERDC_092BX_labcode,labcode,unitless,17
ERDC_092BX.Palmer.2003,none,NA,chronData,T2L_ERDC_092BX_delta_r_original,delta_r_original,unitless,17
ERDC_092BX.Palmer.2003,none,NA,chronData,T2L_ERDC_092BX_delta_r_1s_error_original,delta_r_1s_error_original,unitless,17
ERDC_092BX.Palmer.2003,none,NA,chronData,T2L_ERDC_092BX_other_date,other_date,unitless,17
ERDC_092BX.Palmer.2003,none,NA,chronData,T2L_ERDC_092BX_other_1s_err,other_1s_err,unitless,17
ERDC_092BX.Palmer.2003,none,NA,chronData,T2L_ERDC_092BX_other_type,other_type,unitless,17
EW0408_26JC,none,NA,chronData,T2L_EW0408_26JC_labcode,labcode,NA,9
EW0408_26JC,none,NA,chronData,T2L_EW0408_26JC_depth_bottom,depth_bottom,cm,9
EW0408_26JC,none,NA,chronData,T2L_EW0408_26JC_other_date,other_date,NA,9
EW0408_26JC,none,NA,chronData,T2L_EW0408_26JC_other_1s_err,other_1s_err,NA,9
EW0408_26JC,none,NA,chronData,T2L_EW0408_26JC_other_type,other_type,NA,9
EW0408_26TC,none,NA,chronData,T2L_EW0408_26TC_labcode,labcode,NA,2
EW0408_26TC,none,NA,chronData,T2L_EW0408_26TC_depth_bottom,depth_bottom,cm,2
EW0408_26TC,none,NA,chronData,T2L_EW0408_26TC_other_date,other_date,NA,2
EW0408_26TC,none,NA,chronData,T2L_EW0408_26TC_other_1s_err,other_1s_err,NA,2
EW0408_26TC,none,NA,chronData,T2L_EW0408_26TC_other_type,other_type,NA,2
EW0408_66JC.Praetorius.2015,none,NA,chronData,T2L_EW0408_66JC_labcode,labcode,unitless,24
EW0408_66JC.Praetorius.2015,none,NA,chronData,T2L_EW0408_66JC_depth_bottom,depth_bottom,cm,24
EW0408_66JC.Praetorius.2015,none,NA,chronData,T2L_EW0408_66JC_other_date,other_date,unitless,24
EW0408_66JC.Praetorius.2015,none,NA,chronData,T2L_EW0408_66JC_other_1s_err,other_1s_err,unitless,24
EW0408_66JC.Praetorius.2015,none,NA,chronData,T2L_EW0408_66JC_other_type,other_type,unitless,24
EW0408_85JC.Praetorius.2015,none,NA,chronData,T2L_EW0408_85JC_labcode,labcode,unitless,38
EW0408_85JC.Praetorius.2015,none,NA,chronData,T2L_EW0408_85JC_depth_bottom,depth_bottom,cm,38
EW0408_85JC.Praetorius.2015,none,NA,chronData,T2L_EW0408_85JC_other_date,other_date,unitless,38
EW0408_85JC.Praetorius.2015,none,NA,chronData,T2L_EW0408_85JC_other_1s_err,other_1s_err,unitless,38
EW0408_85JC.Praetorius.2015,none,NA,chronData,T2L_EW0408_85JC_other_type,other_type,unitless,38
EagleLake.Lamb.1978,none,NA,chronData,lc-chRKUe8hragAL5KRJdd,notes,unitless,5
EagleLake.Lamb.1980,none,NA,chronData,M2Lseyrn9s0C,notes,unitless,5
EagleLake.UmbanhowarJr.2004,none,NA,chronData,lc-chRpo6ZixIeMFJGSlFu,notes,unitless,4
EagleLakeBog.Spear.1981,none,NA,chronData,lc-chRynmlCVnO5YEX12X9,notes,unitless,3
EaglePond.Foster.2002,none,NA,chronData,lc-chRwHvcTcX7oC8FJZ2U,notes,unitless,22
EastSiberianSeaCoast11.Anderson.2002,none,NA,chronData,lc-chRnqbI6rCVMi1gE342,notes,unitless,4
EastSoldierLake.Futyma.1982,none,NA,chronData,lc-chR9ZQsYzcCCWA8YNJ1,labID,unitless,4
EastSoldierLake.Futyma.1982,none,NA,chronData,lc-chRVcuS1boxrZ93eB7w,notes,unitless,4
EastSookeFen.Brown.2002,none,NA,chronData,lc-chRR3qqANXCK9wR7kpB,notes,unitless,5
EastTwinLake.Shane.1989,none,NA,chronData,lc-chRtdngPfUg0tYlqurP,labID,unitless,5
EastTwinLake.Shane.1989,none,NA,chronData,lc-chRXX3VYB1rfpWwoL9Q,materialDated,unitless,5
EastTwinLake.Shane.1989,none,NA,chronData,lc-chRbb26F7uD4Aa8TlU9,thickness,cm,5
EastTwinLake.Shane.1989,none,NA,chronData,lc-chRAjw2oIV341TKY6Xs,notes,unitless,5
EastTwinLake.Shane.1989,none,NA,chronData,lc-chRFXyuY8eO4Wxp0VhS,depth_top,cm,5
EastTwinLake.Shane.1989,none,NA,chronData,lc-chRYoLJZSWhHM1kItZV,depth_bottom,cm,5
EastWhitewaterBay.Kaplan.2003,none,NA,chronData,lc-chRIFszGReXhJET72yR,notes,unitless,5
EchoLake.Doerner.1994,none,NA,chronData,lc-chRI8x4N89xav3rWQtG,notes,unitless,4
Ecours.Joly.2006,none,NA,chronData,lc-chRndHewZhXQxyg5k6g,notes,unitless,9
Edessa.Bottema.1974,none,NA,chronData,lc-chRcWdCFT6gDyYj7jq7,notes,unitless,7
EdwardLake.McAndrews.1981,none,NA,chronData,lc-chRe7ul9hnJYXxVCr7b,labID,unitless,4
EdwardLake.McAndrews.1981,none,NA,chronData,lc-chROf0gXzFxmrr0boYL,materialDated,unitless,4
EdwardLake.McAndrews.1981,none,NA,chronData,lc-chRKtey8tkF6GxVbsES,thickness,cm,4
EdwardLake.McAndrews.1981,none,NA,chronData,lc-chRTg5sadts4I26PjqK,notes,unitless,4
EdwardLake.McAndrews.1981,none,NA,chronData,lc-chRMBwPIoYqrTJZ6MQ0,depth_top,cm,4
EdwardLake.McAndrews.1981,none,NA,chronData,lc-chR9ThCNKgCyzzfhUc8,depth_bottom,cm,4
Efstadalsvatn.Doner.2001,none,NA,chronData,lc-chROOBisj50W1HajsQJ,notes,unitless,4
Egelsee.Wahlmuller.1985,none,NA,chronData,lc-chR3JKHdHJPqVACuHjq,notes,unitless,8
EggenobBlatten.vanderKnaap.1997,none,NA,chronData,lc-chRRCWgnJhD7jsbGKpN,notes,unitless,7
EightmileLake.author.1111,none,NA,chronData,lc-chR0IvL92pPB7Kl4LxC,labID,unitless,4
EightmileLake.author.1111,none,NA,chronData,lc-chRow6M6ynYjQiPHrw8,materialDated,unitless,4
EightmileLake.author.1111,none,NA,chronData,lc-chRyEWWtYCy6oBkWGfB,notes,unitless,4
EinGedi.Litt.2012,none,NA,chronData,lc-chRSvKwbrw1fl5ey5JI,thickness,cm,20
EinGedi.Litt.2012,none,NA,chronData,lc-chRlib29cVd1mXClGW9,notes,unitless,20
EinGedi.Litt.2012,none,NA,chronData,lc-chRSr0MtTxjf6E6q7ZA,depth_top,cm,20
EinGedi.Litt.2012,none,NA,chronData,lc-chRIXkZt4hk8Uo7blIz,depth_bottom,cm,20
ElBakht.Pachur.1984,none,NA,paleoData,OLS_R0nglcf1Phc,lakeTrend,unitless,32
ElJafr.Huckriede.1968,none,NA,paleoData,OLS_RD2yNoHTXBt,lakeTrend,unitless,32
ElMaillomire.MoralesMolino.2013,none,NA,chronData,lc-chRoic0l8ZBf7VQ6g0Y,notes,unitless,9
ElRharsa.Scharpenseel.1979,none,NA,paleoData,OLS_RSq2auYMlvb,lakeTrend,unitless,32
ElatiaRhodopes.Athanasiadis.1993,none,NA,chronData,lc-chR81U2caKORiiySYPU,materialDated,unitless,2
ElatiaRhodopes.Athanasiadis.1993,none,NA,chronData,lc-chRXCnz73XsvTE3lvFN,notes,unitless,2
Elatrun.Pachur.1987,none,NA,paleoData,OLS_RrZSKO39Ui8,lakeTrend,unitless,32
EldoraFen.author.1111,none,NA,chronData,lc-chRTonT4kfo2wqHh7wT,materialDated,unitless,6
EldoraFen.author.1111,none,NA,chronData,lc-chR3tUQOJumRIvLvvUA,notes,unitless,6
EleganteCrater.Damon.1963,none,NA,paleoData,OLS_RNWoPTfItg3,lakeTrend,unitless,32
ElevensesLake.Lynch.2011,none,NA,chronData,lc-chRIE2c5KJ4Bpf6cR1g,notes,unitless,9
ElgennyaLake.Anderson.2002,none,NA,chronData,lc-chRa1RLhvDz8bFT3B8c,notes,unitless,8
ElgygytgynLakeP2.Andreev.2012,none,NA,chronData,lc-chR1Yf75fCQoqJBO7K3,labID,unitless,8
ElgygytgynLakeP2.Andreev.2012,none,NA,chronData,lc-chRA9dRXTHRG9w2KfQs,thickness,cm,8
ElgygytgynLakeP2.Andreev.2012,none,NA,chronData,lc-chR8yOQDT5GLf8ujWgo,notes,unitless,8
ElgygytgynLakeP2.Andreev.2012,none,NA,chronData,lc-chRipaHNoiaDHBJmuNr,depth_top,cm,8
ElgygytgynLakeP2.Andreev.2012,none,NA,chronData,lc-chRbobvkfwHVnKJecgt,depth_bottom,cm,8
ElgygytgynStreamSection.Glushkova.1996,none,NA,chronData,lc-chRBMECIddQWbX9OV8J,notes,unitless,2
Elikchan4Lake.Anderson.2002,none,NA,chronData,lc-chRK2LG2O7Sy2EzN36J,notes,unitless,10
ElkLake.Jaumann.1995,none,NA,chronData,lc-chRomhYONyEqpbw8R4m,notes,unitless,5
ElkhornSlough.Dietz.1988,none,NA,chronData,lc-chRzBKONfipY5KThHNA,notes,unitless,4
Embouchac.Puertas.1997,none,NA,chronData,lc-chRtFqi13e3FVFwBmBP,notes,unitless,5
EmeraldLake.JimenezMoreno.2019Legacy,none,NA,chronData,lc-chRxI2sJAoYGeu8cPob,notes,unitless,10
Emines.Berthel.2012,none,NA,chronData,lc-chROnWC1uFF48pleZFf,notes,unitless,4
EmrickLake.Spigel.2006,none,NA,chronData,lc-chRHK9QzPbEnRmcfDB6,notes,unitless,6
EnNahud.Williams.1980,none,NA,paleoData,OLS_RImjQGoS2Ce,lakeTrend,unitless,32
EndingerBruch.Barthelmes.2012,none,NA,chronData,lc-chRLeMZ9eOynf1zPuCD,notes,unitless,14
EnmynveemRiver.Anderson.2002,none,NA,chronData,lc-chRGitp0CoRDZhKszAK,notes,unitless,5
EnmynveemRivermammothsite.Anderson.2002,none,NA,chronData,lc-chRunvFGH5VU7PMmN7i,notes,unitless,4
EnmyvaamRiver253mterrace.Glushkova.1996,none,NA,chronData,lc-chRmhjmVO5Xo1IbVuDA,notes,unitless,6
EnnadaiLake1972Site.Nichols.1975,none,NA,chronData,lc-chRWIlF2cu9htLBJnG0,materialDated,unitless,5
EnnadaiLake1972Site.Nichols.1975,none,NA,chronData,lc-chRRUdazHpT5xmOseCJ,thickness,cm,5
EnnadaiLake1972Site.Nichols.1975,none,NA,chronData,lc-chRZ1o4pgzYNCPma5rj,notes,unitless,5
EnnadaiLake1972Site.Nichols.1975,none,NA,chronData,lc-chR0dQPsTBxYfxWtgB3,depth_top,cm,5
EnnadaiLake1972Site.Nichols.1975,none,NA,chronData,lc-chR0CPWzQVa46L0oAbo,depth_bottom,cm,5
EnneriYebbigue.Bottcher.1972,none,NA,paleoData,OLS_Rltue9zDIZq,lakeTrend,unitless,32
EntarnoyePeatExposure.Anderson.2002,none,NA,chronData,lc-chRQiy6820fPFOkgR0q,notes,unitless,6
ErgIneSakane.HillaireMarcel.1983,none,NA,paleoData,OLS_RaKFqdS3gaK,lakeTrend,unitless,32
ErgIneSakane4850.HillaireMarcel.1983,none,NA,paleoData,OLS_Ru52N6zG6wu,lakeTrend,unitless,32
ErgIneSakane5719.HillaireMarcel.1983,none,NA,paleoData,OLS_RCqu1nzdGA1,lakeTrend,unitless,32
ErgJmeya.PetitMaire.1983,none,NA,paleoData,OLS_RqTh66aiIxO,lakeTrend,unitless,32
ErhaiLakeES.Zhou.2003,none,NA,chronData,lc-chRvcbFiRYOvuCdKJHg,labID,unitless,7
ErhaiLakeES.Zhou.2003,none,NA,chronData,lc-chRf4dBsru57jrDlQUQ,thickness,cm,7
ErhaiLakeES.Zhou.2003,none,NA,chronData,lc-chRSNx9newgFSR9e5MW,notes,unitless,7
ErhaiLakeES.Zhou.2003,none,NA,chronData,lc-chRvck0FtvAot5wVrol,depth_top,cm,7
ErhaiLakeES.Zhou.2003,none,NA,chronData,lc-chRBBOQuvwCneKSMlRs,depth_bottom,cm,7
ErlongwanMaarLake.Liu.2008,none,NA,chronData,lc-chRTCyEeAohvXufqVAK,labID,unitless,8
ErlongwanMaarLake.Liu.2008,none,NA,chronData,lc-chRV4SOzNC73N9oyRg1,thickness,cm,8
ErlongwanMaarLake.Liu.2008,none,NA,chronData,lc-chRnY97BlSNBWFS0SFr,notes,unitless,8
ErlongwanMaarLake.Liu.2008,none,NA,chronData,lc-chRprQTug6DP7bOcUeQ,depth_top,cm,8
ErlongwanMaarLake.Liu.2008,none,NA,chronData,lc-chR5foiGog33JCcSemP,depth_bottom,cm,8
EsgrynBottom.Fyfe.2007,none,NA,chronData,lc-chRMWTyJGPIQzfWnkrb,notes,unitless,6
EskaLake.author.1111,none,NA,chronData,lc-chRciFjmc7lyUiTUSF3,materialDated,unitless,5
EskaLake.author.1111,none,NA,chronData,lc-chRkwKvbIeg80ribt8p,notes,unitless,5
Estancia.Bachhuber.1971,none,NA,paleoData,OLS_RPJKN6uljj6,lakeTrend,unitless,32
EtangBouquin.JouffroyBapicot.2010,none,NA,chronData,lc-chR8BLCCQH2e0TlhpyX,notes,unitless,4
Etangd'yCorMontana.Welten.1982,none,NA,chronData,cRevtBFZlBf3hqFQEs,thickness,cm,10
EtangdeLuisselBex.Welten.1982,none,NA,chronData,lc-chRI9Ml6N4ScFG3baie,thickness,cm,3
EtangdeLuisselBex.Welten.1982,none,NA,chronData,lc-chRxfJstCUv9L5O0Nga,notes,unitless,3
EtangdeLuisselBex.Welten.1982,none,NA,chronData,lc-chRf0pILnNWS5oyhQz3,depth_top,cm,3
EtangdeLuisselBex.Welten.1982,none,NA,chronData,lc-chR3Wf8pXlCTCVyNqQa,depth_bottom,cm,3
EtangdelaGruere.EPD,none,NA,chronData,cRUSDRDrNC3msHMNBm,thickness,cm,32
EtangdelaGruere.RoosBarraclough.2002,none,NA,chronData,lc-chRsc91PV2zCf32FzPO,notes,unitless,31
EtangdelaGruere.vanderKnaap.2000,none,NA,chronData,lc-chR6nmqa5YIvTBU1ja5,notes,unitless,16
EtangdyCorMontana.vanderKnaap.1997,none,NA,chronData,lc-chR0dn8IuvwxMmoU6vA,thickness,cm,9
EtangdyCorMontana.vanderKnaap.1997,none,NA,chronData,lc-chROUq3nvfuVT7OA0ly,notes,unitless,9
EtangdyCorMontana.vanderKnaap.1997,none,NA,chronData,lc-chRzF3rWd52Sa517tns,depth_top,cm,9
EtangdyCorMontana.vanderKnaap.1997,none,NA,chronData,lc-chRrD180QM6KslwaNZr,depth_bottom,cm,9
Etangpaysan.Lespez.2005,none,NA,chronData,lc-chRYBgANRgIuNcJxsHM,materialDated,unitless,2
Etangpaysan.Lespez.2005,none,NA,chronData,lc-chRkwx2uIecXqrmzWvN,notes,unitless,2
EtivlikLake.author.1111,none,NA,chronData,lc-chRQyqoIuHWtp2uESTV,notes,unitless,3
Etosha.Buch.1992,none,NA,paleoData,dc_RFkKaBmv4Ubfy1OzF,sampleID,unitless,43
Etosha.Heine.1979,none,NA,paleoData,OLS_RgS9i11jJuW,lakeTrend,unitless,32
ExchequerMeadow.Davis.1988,none,NA,chronData,lc-chReac40kk76rHw8AmL,notes,unitless,7
Exebridge.Fyfe.2003,none,NA,chronData,lc-chRWinAcI9MnP5UPnBX,materialDated,unitless,4
Exebridge.Fyfe.2003,none,NA,chronData,lc-chR6KsfOSkrMNm6dvob,notes,unitless,4
Eyasi.Cited.1976,none,NA,paleoData,OLS_RsHoCkhxCph,lakeTrend,unitless,32
Eyre.Bonython.1956,none,NA,paleoData,OLS_R3ncyJrkNu5,lakeTrend,unitless,32
Faddeyevskiy.Andreev.2001,none,NA,chronData,lc-chRS70dOgR44UjEp3C0,notes,unitless,3
Faershesjoen.EPD,none,NA,chronData,cRjGshc377YfkiDDQR,thickness,cm,5
Faershesjoen.EPD,none,NA,chronData,cRHEzwmzas0gx9HoL4,labID,unitless,5
FallisonLake.author.1111,none,NA,chronData,lc-chRnALsmaKBzNk4W6Vl,materialDated,unitless,5
FallisonLake.author.1111,none,NA,chronData,lc-chRYgkUgeBJh3JjDOoq,notes,unitless,5
Fan17,none,NA,chronData,T2L_Fan17_labcode,labcode,NA,12
Fan17,none,NA,chronData,T2L_Fan17_depth_bottom,depth_bottom,cm,12
Fan17,none,NA,chronData,T2L_Fan17_mat_dated,mat_dated,NA,12
Fan17,none,NA,chronData,T2L_Fan17_delta_r_original,delta_r_original,NA,12
Fan17,none,NA,chronData,T2L_Fan17_delta_r_1s_error_original,delta_r_1s_error_original,NA,12
Fan17,none,NA,chronData,T2L_Fan17_other_date,other_date,NA,12
Fan17,none,NA,chronData,T2L_Fan17_other_1s_err,other_1s_err,NA,12
Fan17,none,NA,chronData,T2L_Fan17_other_type,other_type,NA,12
Fangeas.deBeaulieu.2003,none,NA,chronData,lc-chRFOb7UeIPRjLrkOHi,labID,unitless,4
Fangeas.deBeaulieu.2003,none,NA,chronData,lc-chR68Jug6p548DDZPp7,materialDated,unitless,4
Fangeas.deBeaulieu.2003,none,NA,chronData,lc-chRqMUE4Nu1WiY2RjG4,notes,unitless,4
Fanning.Sanchez.2020,none,NA,paleoData,missREcVSzYfjvtV3wT4f,d18O,permil,291
Fanning.Sanchez.2020,none,NA,paleoData,missRtRQXqti10eKobq62,sampleID,NA,291
Fanning.Sanchez.2020,none,NA,paleoData,missRMFK2vE4mxtOeOmR8,sampleID,NA,440
Fanning.Sanchez.2020,none,NA,paleoData,missR7F5hmiHLq5e1w4Nr,d18O,permil,673
Fanning.Sanchez.2020,none,NA,paleoData,missRDQQsA4QBSZMxdL4H,sampleID,NA,673
FarewellLake.Hu.1996,none,NA,chronData,lc-chRu4mNWUMspZ6sZrl0,notes,unitless,6
FawnLakeCAOntario.author.1111,none,NA,chronData,lc-chRLW9vpQxlhHbDRzla,materialDated,unitless,3
FawnLakeCAOntario.author.1111,none,NA,chronData,lc-chRl0eknbI016doKgNe,notes,unitless,3
FderickFortGouraud.Evin.1975,none,NA,paleoData,OLS_RtmxJfqm0AK,lakeTrend,unitless,32
Felchowsee.Jahns.2000,none,NA,chronData,lc-chR2TD0MKAqDUmHY9fw,notes,unitless,7
FeldAlpHolzmatten.Lotter.2006,none,NA,chronData,lc-chRe6LPTkWt1A0cPsyW,notes,unitless,3
Fengning.Xu.2004,none,NA,chronData,lc-chRwb93O2xm8I0I8180,labID,unitless,3
Fengning.Xu.2004,none,NA,chronData,lc-chRZY1am0DQhyHuxn4l,thickness,cm,3
Fengning.Xu.2004,none,NA,chronData,lc-chRf0aJctaprJYNrr3x,notes,unitless,3
Fengning.Xu.2004,none,NA,chronData,lc-chRz6yJSQmk9B5lKXz9,depth_top,cm,3
Fengning.Xu.2004,none,NA,chronData,lc-chRwLgtweQS8YwBi9lD,depth_bottom,cm,3
Fenzhuang.Zhang.1997,none,NA,paleoData,lcRmZij570NzjdsJKuR,uncertainty,degC,53
Fenzhuang.Zhang.1997,none,NA,paleoData,lcRl7k7kfxHGmYUNGGq,precipitation,mm/yr,53
Fenzhuang.Zhang.1997,none,NA,paleoData,lcRs41RsTlWTB1cxEiO,uncertainty,mm/yr,53
Fenzhuang.Zhang.1997,none,NA,paleoData,lcRzdcENnIWZ7NfFAy8,uncertainty,degC,53
Fenzhuang.Zhang.1997,none,NA,paleoData,lcRbbzAPIJe6Pwu0fCQ,precipitation,mm/yr,53
Fenzhuang.Zhang.1997,none,NA,paleoData,lcRgua1dsTBiZUtdA0g,uncertainty,mm/yr,53
Fenzhuang.Zhang.1997,none,NA,paleoData,lcRBijDJxrqNElPtlyA,temperature,degC,53
Fenzhuang.Zhang.1997,none,NA,paleoData,lcRjOvuyN0ESkLDvQGg,uncertainty,degC,53
Fenzhuang.Zhang.1997,none,NA,paleoData,lcRA3lo5VzU6wJyfO94,temperature,degC,53
Fenzhuang.Zhang.1997,none,NA,paleoData,lcRRAdRDEdb2Pv15pHT,uncertainty,degC,53
Fenzhuang.Zhang.1997,none,NA,paleoData,lcRm2p39iX5or7PNWhf,uncertainty,mm/yr,53
Fenzhuang.Zhang.1997,none,NA,chronData,lc-chRYUYHtLzmfnZy3VIY,labID,unitless,5
Fenzhuang.Zhang.1997,none,NA,chronData,lc-chRFtkykiz8C7TfTVhB,notes,unitless,5
FerndaleBog.Albert.1981,none,NA,chronData,lc-chRwl7VztWCxWZRV7Yv,notes,unitless,4
FerryLake.Hotchkiss.2007,none,NA,chronData,lc-chRVmSynpHlz8n5wLEH,notes,unitless,4
FerryLane.Waller.2012,none,NA,chronData,lc-chRaGsC1OKd8XHpYjUD,notes,unitless,4
Fersina.Fuganti.1998,none,NA,chronData,lc-chRQYnpvQFuUPBrzYB0,labID,unitless,6
Fersina.Fuganti.1998,none,NA,chronData,lc-chRXllJ4zzvZDIXKqeD,notes,unitless,6
Feshfesh.Pachur.1987,none,NA,paleoData,OLS_RJ0tDQF3z1E,lakeTrend,unitless,32
Feuenried.Rosch.1985,none,NA,chronData,lc-chRVGDlFQEY6h1waFoC,notes,unitless,31
FiddlersPond.White.1982,none,NA,chronData,M2L739uv9w1C,notes,NA,3
FiddlersPond.White.1982Legacy,none,NA,chronData,lc-chRkYTddjppp9XdW2sQ,labID,unitless,3
FiddlersPond.White.1982Legacy,none,NA,chronData,lc-chRYiRt6r177MGJVA6v,notes,unitless,3
FishLake.Crawford.2012,none,NA,chronData,lc-chRVMOjvDG9NrBMJ4Eq,notes,unitless,33
FishLake.UmbanhowarJr.2004,none,NA,chronData,lc-chRSB3xC3dv1hLn9fV4,notes,unitless,3
FishLakeSc.UmbanhowarJr.2004,none,NA,chronData,lc-chRecqR7PSVpYtHOlG8,notes,unitless,4
Fjallnas.Konigsson.1984,none,NA,chronData,lc-chRg29Q5sUMMOfZkEwn,labID,unitless,14
Fjallnas.Konigsson.1984,none,NA,chronData,lc-chRCjTn2y2GlVwU5xJI,notes,unitless,14
Flaatevatn.Odland.1985,none,NA,chronData,lc-chRBN8xptMocRx7Ry7Q,thickness,cm,4
Flaatevatn.Odland.1985,none,NA,chronData,lc-chRq2rmgYjdvSaaVdqP,depth_top,cm,4
Flaatevatn.Odland.1985,none,NA,chronData,lc-chRqvep4CcvG2IJyMMT,depth_bottom,cm,4
FlajeKiefern.Jankovska.2007,none,NA,chronData,lc-chRIhl2RWIFKUV2ofSL,thickness,cm,4
FlajeKiefern.Jankovska.2007,none,NA,chronData,lc-chRufTTeyPXMhnwAgPr,depth_top,cm,4
FlajeKiefern.Jankovska.2007,none,NA,chronData,lc-chRmepB9vfwcymHQEV3,depth_bottom,cm,4
FlambouroPieriamountains.Gerasimidis.1995,none,NA,chronData,lc-chRjXU9RozQJYfaUGZu,notes,unitless,2
Flarken.Berglund.1966,none,NA,chronData,cR8eTlPgQtf57Uosbj,thickness,cm,14
FloatingIsland.Baker.1976,none,NA,chronData,M2L35udu4l9C,notes,NA,4
FloatingIslandLake.Burkart.1976,none,NA,chronData,lc-chR3ekAeAzmZY1w3cdL,notes,unitless,4
Flogeln.Behre.1986,none,NA,chronData,lc-chRb5JKkxi4NvAPaoCe,materialDated,unitless,9
Flogeln.Behre.1986,none,NA,chronData,lc-chRCV2eStKTrbEmV5TB,notes,unitless,9
FlogelnFischer.Behre.1994,none,NA,chronData,lc-chR7quAzH3Fc2EqDT98,notes,unitless,5
FlorenceLake.Pellatt.2015,none,NA,chronData,lc-chRrvVEWjFuTKFaL4wO,thickness,cm,12
FlorenceLake.Pellatt.2015,none,NA,chronData,lc-chRrn2PXWrH1jnOzFTQ,notes,unitless,12
FlorenceLake.Pellatt.2015,none,NA,chronData,lc-chR0puRE828SIu1MLDT,depth_top,cm,12
FlorenceLake.Pellatt.2015,none,NA,chronData,lc-chR0oWzoYtwnb7Cvfc9,depth_bottom,cm,12
Flotatjonn.Birks.2007,none,NA,chronData,lc-chRJV5XLD4looWWAPaT,notes,unitless,5
FlycatcherBasin.Anderson.2008,none,NA,chronData,lc-chRA0WINL8KfyY7Ban5,notes,unitless,5
FogLake.Frechette.2008,none,NA,chronData,lc-chRjUA3oaiYz2bW9PuG,notes,unitless,15
FontSalesse.deBeaulieu.1969,none,NA,chronData,lc-chRt3EURozHtBp5Z15w,labID,unitless,2
FontSalesse.deBeaulieu.1969,none,NA,chronData,lc-chRfhcmmpjA67dhqw0s,materialDated,unitless,2
FontSalesse.deBeaulieu.1969,none,NA,chronData,lc-chRRogBcXe6ueteA4Vn,thickness,cm,2
FontSalesse.deBeaulieu.1969,none,NA,chronData,lc-chRCs4IBNbNW8oPnaSX,notes,unitless,2
FontSalesse.deBeaulieu.1969,none,NA,chronData,lc-chRlViIDbSSbJYoXxJn,depth_top,cm,2
FontSalesse.deBeaulieu.1969,none,NA,chronData,lc-chReSLZ5q8JIRaY8U7V,depth_bottom,cm,2
FontaineHenry.Lespez.2008Legacy,none,NA,chronData,lc-chRdSPTQ0SEyJTvjgGw,notes,unitless,4
ForestPond2.Lynch.1995,none,NA,chronData,lc-chRVGsciNhhjh6tVGI3,notes,unitless,4
ForestPond2.Lynch.1998,none,NA,chronData,M2L0jskzxfrC,notes,NA,4
FortBraggcorePAW2.Goman.2004,none,NA,chronData,lc-chRMD2LDCRjYr2PdtP3,notes,unitless,4
Fougeres.CletPellerin.1993,none,NA,chronData,lc-chRSGOvwZUL1UqJJzVH,notes,unitless,3
FoundLake.McAndrews.1981,none,NA,chronData,lc-chRpP5saT40FcOS3YUG,labID,unitless,7
FoundLake.McAndrews.1981,none,NA,chronData,lc-chRG5WA58vJzOuuyNRB,materialDated,unitless,7
FoundLake.McAndrews.1981,none,NA,chronData,lc-chRLOeJDFttT3slbdOV,thickness,cm,7
FoundLake.McAndrews.1981,none,NA,chronData,lc-chRUZ3pN6VCx27xpUd3,notes,unitless,7
FoundLake.McAndrews.1981,none,NA,chronData,lc-chROtI6lxoZjW0S7JUe,depth_top,cm,7
FoundLake.McAndrews.1981,none,NA,chronData,lc-chR3cfxfjCSafRUK5l1,depth_bottom,cm,7
FoxLake.Commerford.2016,none,NA,chronData,lc-chRZyq5xdf0tZA6XIOe,notes,unitless,5
FoyLake.Power.2006,none,NA,chronData,lc-chRPB4i9rDyfGDrvi73,notes,unitless,16
Foyechi.Tong.1996,none,NA,chronData,lc-chRSbAQKkC6qCSA59mb,labID,unitless,2
Foyechi.Tong.1996,none,NA,chronData,lc-chRXsScx8sOJL7XPEhc,notes,unitless,2
FracasLake.Weng.1999,none,NA,chronData,lc-chRXwtLUAabnNHKZipi,notes,unitless,6
FrainsLake.Kerfoot.1974,none,NA,chronData,lc-chRGrlkyH3MEWDCsLh8,notes,unitless,10
FranzSenn-Huette.EPD,none,NA,chronData,cRABfwnG4FHIUiSUaw,thickness,cm,4
FranzSennHutte.Weirich.1980,none,NA,chronData,lc-chRC2gPvKzr3EN9QiI6,notes,unitless,3
Frechencourt.vanZeist.1980,none,NA,chronData,lc-chRRoKGaAnw08hbQIiZ,materialDated,unitless,3
Frechencourt.vanZeist.1980,none,NA,chronData,lc-chRvVi9zqU04PRPjtvP,notes,unitless,3
FrenchLake.Grimm.1983,none,NA,chronData,lc-chRkXAITljDKvpAz2mv,notes,unitless,4
Frengstadsetra.Paus.1987,none,NA,chronData,lc-chRB1Xxs3m9sjUs1zp1,notes,unitless,4
FreshPond.Dunwiddie.1990,none,NA,chronData,lc-chRNwU9EH5V85zG8zp0,notes,unitless,5
FreshPond.Parshall.2002,none,NA,chronData,lc-chR1P4WISYixLPuRJpl,notes,unitless,12
FryingPanLake.Shafer.1989,none,NA,chronData,lc-chRUaejZgA9CEXuxO1s,notes,unitless,5
Fuchsschwanzmoos.Krisai.1991,none,NA,chronData,lc-chRNKxt2W1EKlOQ3CFC,thickness,cm,4
Fuchsschwanzmoos.Krisai.1991,none,NA,chronData,lc-chR8a74tSXsVU5OupX6,notes,unitless,4
Fuchsschwanzmoos.Krisai.1991,none,NA,chronData,lc-chRSKJVN3ceOA1rbHD5,depth_top,cm,4
Fuchsschwanzmoos.Krisai.1991,none,NA,chronData,lc-chR4uXLNbsLUrJK3XI6,depth_bottom,cm,4
Fukugaguchicave.Sone.2013,none,NA,chronData,S2LcRjwhEH4xfVr,materialDated,unitless,14
Fukugaguchicave.Sone.2013,none,NA,chronData,S2LcR805tpohs2Y,retained,unitless,14
Fukugaguchicave.Sone.2013,none,NA,chronData,S2LcRn2A3Gi85iS,decayConstant,unitless,14
Fukugaguchicave.Sone.2013,none,NA,chronData,S2LcRbPkKo9iqlf,age_type,unitless,14
FulderaPaluLunga.Stahli.2006,none,NA,chronData,lc-chRCCGlQKVvOjfVzBR2,notes,unitless,3
FullerLake.UmbanhowarJr.2004,none,NA,chronData,lc-chRQLnQoDk2fFmGlmmJ,notes,unitless,3
Furnival.McAndrews.NA,none,NA,chronData,M2L5r8y567rC,material,NA,3
FurnivalLake.author.1111,none,NA,chronData,lc-chR6MnFK2v24f9Lb9Ic,materialDated,unitless,2
FurnivalLake.author.1111,none,NA,chronData,lc-chRLWktBNsh8Jl8Zpyi,notes,unitless,2
Furongcave.T.-Y..2011,none,NA,paleoData,S2LRvbs0SD7yzK,notes,NA,669
Furongcave.T.-Y..2011,none,NA,chronData,S2LcRzcHxFkBqNY,labID,unitless,16
Furongcave.T.-Y..2011,none,NA,chronData,S2LcRPxAdcD8aZ9,materialDated,unitless,16
Furongcave.T.-Y..2011,none,NA,chronData,S2LcRYOgsDjI2VS,retained,unitless,16
Furongcave.T.-Y..2011,none,NA,chronData,S2LcR4eXC1TbadT,decayConstant,unitless,16
Furongcave.T.-Y..2011,none,NA,chronData,S2LcRnEwIHrMukI,age_type,unitless,16
Furongcave.T.-Y..2011,none,NA,chronData,S2LcRuAfeGFGnGT,labID,unitless,5
Furongcave.T.-Y..2011,none,NA,chronData,S2LcRaBcaM9bNpq,materialDated,unitless,5
Furongcave.T.-Y..2011,none,NA,chronData,S2LcRJxygXThCYH,retained,unitless,5
Furongcave.T.-Y..2011,none,NA,chronData,S2LcRglNGdWb8Ns,decayConstant,unitless,5
Furongcave.T.-Y..2011,none,NA,chronData,S2LcRoH7ADmyGFH,age_type,unitless,5
Fuschlsee.Voigt.1996,none,NA,chronData,lc-chRgA49AmhqCkboFLfB,notes,unitless,20
GIK12328_5,none,NA,chronData,T2L_GIK12328_5_labcode,labcode,NA,3
GIK12328_5,none,NA,chronData,T2L_GIK12328_5_delta_r_original,delta_r_original,NA,3
GIK12328_5,none,NA,chronData,T2L_GIK12328_5_delta_r_1s_error_original,delta_r_1s_error_original,NA,3
GIK12328_5,none,NA,chronData,T2L_GIK12328_5_other_date,other_date,NA,3
GIK12328_5,none,NA,chronData,T2L_GIK12328_5_other_1s_err,other_1s_err,NA,3
GIK12328_5,none,NA,chronData,T2L_GIK12328_5_other_type,other_type,NA,3
GIK16396_1,none,NA,chronData,T2L_GIK16396_1_labcode,labcode,NA,6
GIK16396_1,none,NA,chronData,T2L_GIK16396_1_depth_bottom,depth_bottom,cm,6
GIK16396_1,none,NA,chronData,T2L_GIK16396_1_delta_r_original,delta_r_original,NA,6
GIK16396_1,none,NA,chronData,T2L_GIK16396_1_delta_r_1s_error_original,delta_r_1s_error_original,NA,6
GIK16396_1,none,NA,chronData,T2L_GIK16396_1_other_date,other_date,NA,6
GIK16396_1,none,NA,chronData,T2L_GIK16396_1_other_1s_err,other_1s_err,NA,6
GIK16396_1,none,NA,chronData,T2L_GIK16396_1_other_type,other_type,NA,6
GIK16397_2,none,NA,chronData,T2L_GIK16397_2_labcode,labcode,NA,5
GIK16397_2,none,NA,chronData,T2L_GIK16397_2_depth_bottom,depth_bottom,cm,5
GIK16397_2,none,NA,chronData,T2L_GIK16397_2_delta_r_original,delta_r_original,NA,5
GIK16397_2,none,NA,chronData,T2L_GIK16397_2_delta_r_1s_error_original,delta_r_1s_error_original,NA,5
GIK16397_2,none,NA,chronData,T2L_GIK16397_2_other_date,other_date,NA,5
GIK16397_2,none,NA,chronData,T2L_GIK16397_2_other_1s_err,other_1s_err,NA,5
GIK16397_2,none,NA,chronData,T2L_GIK16397_2_other_type,other_type,NA,5
GIK16457_1,none,NA,chronData,T2L_GIK16457_1_labcode,labcode,NA,5
GIK16457_1,none,NA,chronData,T2L_GIK16457_1_delta_r_original,delta_r_original,NA,5
GIK16457_1,none,NA,chronData,T2L_GIK16457_1_delta_r_1s_error_original,delta_r_1s_error_original,NA,5
GIK16457_1,none,NA,chronData,T2L_GIK16457_1_other_date,other_date,NA,5
GIK16457_1,none,NA,chronData,T2L_GIK16457_1_other_1s_err,other_1s_err,NA,5
GIK16457_1,none,NA,chronData,T2L_GIK16457_1_other_type,other_type,NA,5
GIK16458_1,none,NA,chronData,T2L_GIK16458_1_labcode,labcode,NA,4
GIK16458_1,none,NA,chronData,T2L_GIK16458_1_delta_r_original,delta_r_original,NA,4
GIK16458_1,none,NA,chronData,T2L_GIK16458_1_delta_r_1s_error_original,delta_r_1s_error_original,NA,4
GIK16458_1,none,NA,chronData,T2L_GIK16458_1_other_date,other_date,NA,4
GIK16458_1,none,NA,chronData,T2L_GIK16458_1_other_1s_err,other_1s_err,NA,4
GIK16458_1,none,NA,chronData,T2L_GIK16458_1_other_type,other_type,NA,4
GIK17045_3,none,NA,chronData,T2L_GIK17045_3_labcode,labcode,NA,14
GIK17045_3,none,NA,chronData,T2L_GIK17045_3_depth_bottom,depth_bottom,cm,14
GIK17045_3,none,NA,chronData,T2L_GIK17045_3_delta_r_original,delta_r_original,NA,14
GIK17045_3,none,NA,chronData,T2L_GIK17045_3_delta_r_1s_error_original,delta_r_1s_error_original,NA,14
GIK17045_3,none,NA,chronData,T2L_GIK17045_3_other_date,other_date,NA,14
GIK17045_3,none,NA,chronData,T2L_GIK17045_3_other_1s_err,other_1s_err,NA,14
GIK17045_3,none,NA,chronData,T2L_GIK17045_3_other_type,other_type,NA,14
GIK17049_6.Jung.1996,none,NA,chronData,T2L_GIK17049_6_labcode,labcode,NA,10
GIK17049_6.Jung.1996,none,NA,chronData,T2L_GIK17049_6_depth_bottom,depth_bottom,cm,10
GIK17049_6.Jung.1996,none,NA,chronData,T2L_GIK17049_6_delta_r_original,delta_r_original,NA,10
GIK17049_6.Jung.1996,none,NA,chronData,T2L_GIK17049_6_delta_r_1s_error_original,delta_r_1s_error_original,NA,10
GIK17049_6.Jung.1996,none,NA,chronData,T2L_GIK17049_6_other_date,other_date,NA,10
GIK17049_6.Jung.1996,none,NA,chronData,T2L_GIK17049_6_other_1s_err,other_1s_err,NA,10
GIK17049_6.Jung.1996,none,NA,chronData,T2L_GIK17049_6_other_type,other_type,NA,10
GIK17051_3.Jung.1996,none,NA,chronData,T2L_GIK17051_3_labcode,labcode,NA,8
GIK17051_3.Jung.1996,none,NA,chronData,T2L_GIK17051_3_depth_bottom,depth_bottom,cm,8
GIK17051_3.Jung.1996,none,NA,chronData,T2L_GIK17051_3_delta_r_original,delta_r_original,NA,8
GIK17051_3.Jung.1996,none,NA,chronData,T2L_GIK17051_3_delta_r_1s_error_original,delta_r_1s_error_original,NA,8
GIK17051_3.Jung.1996,none,NA,chronData,T2L_GIK17051_3_other_date,other_date,NA,8
GIK17051_3.Jung.1996,none,NA,chronData,T2L_GIK17051_3_other_1s_err,other_1s_err,NA,8
GIK17051_3.Jung.1996,none,NA,chronData,T2L_GIK17051_3_other_type,other_type,NA,8
GIK17940_2.Pelejero.1999,none,NA,chronData,T2L_GIK17940_2_labcode,labcode,NA,40
GIK17940_2.Pelejero.1999,none,NA,chronData,T2L_GIK17940_2_depth_bottom,depth_bottom,cm,40
GIK17940_2.Pelejero.1999,none,NA,chronData,T2L_GIK17940_2_delta_r_1s_error_original,delta_r_1s_error_original,NA,40
GIK17940_2.Pelejero.1999,none,NA,chronData,T2L_GIK17940_2_other_date,other_date,NA,40
GIK17940_2.Pelejero.1999,none,NA,chronData,T2L_GIK17940_2_other_1s_err,other_1s_err,NA,40
GIK17940_2.Pelejero.1999,none,NA,chronData,T2L_GIK17940_2_other_type,other_type,NA,40
GIK17961_2,none,NA,chronData,T2L_GIK17961_2_labcode,labcode,NA,4
GIK17961_2,none,NA,chronData,T2L_GIK17961_2_depth_bottom,depth_bottom,cm,4
GIK17961_2,none,NA,chronData,T2L_GIK17961_2_delta_r_1s_error_original,delta_r_1s_error_original,NA,4
GIK17961_2,none,NA,chronData,T2L_GIK17961_2_other_date,other_date,NA,4
GIK17961_2,none,NA,chronData,T2L_GIK17961_2_other_1s_err,other_1s_err,NA,4
GIK17961_2,none,NA,chronData,T2L_GIK17961_2_other_type,other_type,NA,4
GIK17964_2,none,NA,chronData,T2L_GIK17964_2_labcode,labcode,NA,6
GIK17964_2,none,NA,chronData,T2L_GIK17964_2_depth_bottom,depth_bottom,cm,6
GIK17964_2,none,NA,chronData,T2L_GIK17964_2_delta_r_1s_error_original,delta_r_1s_error_original,NA,6
GIK17964_2,none,NA,chronData,T2L_GIK17964_2_other_date,other_date,NA,6
GIK17964_2,none,NA,chronData,T2L_GIK17964_2_other_1s_err,other_1s_err,NA,6
GIK17964_2,none,NA,chronData,T2L_GIK17964_2_other_type,other_type,NA,6
GIK18252_3,none,NA,chronData,T2L_GIK18252_3_labcode,labcode,NA,4
GIK18252_3,none,NA,chronData,T2L_GIK18252_3_depth_bottom,depth_bottom,cm,4
GIK18252_3,none,NA,chronData,T2L_GIK18252_3_delta_r_1s_error_original,delta_r_1s_error_original,NA,4
GIK18252_3,none,NA,chronData,T2L_GIK18252_3_other_date,other_date,NA,4
GIK18252_3,none,NA,chronData,T2L_GIK18252_3_other_1s_err,other_1s_err,NA,4
GIK18252_3,none,NA,chronData,T2L_GIK18252_3_other_type,other_type,NA,4
GIK18287_3.Kienast.2001,none,NA,chronData,T2L_GIK18287_3_labcode,labcode,NA,6
GIK18287_3.Kienast.2001,none,NA,chronData,T2L_GIK18287_3_depth_bottom,depth_bottom,cm,6
GIK18287_3.Kienast.2001,none,NA,chronData,T2L_GIK18287_3_delta_r_1s_error_original,delta_r_1s_error_original,NA,6
GIK18287_3.Kienast.2001,none,NA,chronData,T2L_GIK18287_3_other_date,other_date,NA,6
GIK18287_3.Kienast.2001,none,NA,chronData,T2L_GIK18287_3_other_1s_err,other_1s_err,NA,6
GIK18287_3.Kienast.2001,none,NA,chronData,T2L_GIK18287_3_other_type,other_type,NA,6
GIK23258_2.Martrat.2003,none,NA,chronData,T2L_GIK23258_2_depth_bottom,depth_bottom,cm,15
GIK23258_2.Martrat.2003,none,NA,chronData,T2L_GIK23258_2_other_date,other_date,NA,15
GIK23258_2.Martrat.2003,none,NA,chronData,T2L_GIK23258_2_other_1s_err,other_1s_err,NA,15
GIK23258_2.Martrat.2003,none,NA,chronData,T2L_GIK23258_2_other_type,other_type,NA,15
GIK23351_1,none,NA,chronData,T2L_GIK23351_1_depth_bottom,depth_bottom,cm,4
GIK23351_1,none,NA,chronData,T2L_GIK23351_1_delta_r_1s_error_original,delta_r_1s_error_original,NA,4
GIK23351_1,none,NA,chronData,T2L_GIK23351_1_other_date,other_date,NA,4
GIK23351_1,none,NA,chronData,T2L_GIK23351_1_other_1s_err,other_1s_err,NA,4
GIK23351_1,none,NA,chronData,T2L_GIK23351_1_other_type,other_type,NA,4
GIK23415_9,none,NA,chronData,T2L_GIK23415_9_labcode,labcode,NA,10
GIK23415_9,none,NA,chronData,T2L_GIK23415_9_depth_bottom,depth_bottom,cm,10
GIK23415_9,none,NA,chronData,T2L_GIK23415_9_delta_r_original,delta_r_original,NA,10
GIK23415_9,none,NA,chronData,T2L_GIK23415_9_delta_r_1s_error_original,delta_r_1s_error_original,NA,10
GIK23415_9,none,NA,chronData,T2L_GIK23415_9_other_date,other_date,NA,10
GIK23415_9,none,NA,chronData,T2L_GIK23415_9_other_1s_err,other_1s_err,NA,10
GIK23415_9,none,NA,chronData,T2L_GIK23415_9_other_type,other_type,NA,10
GIK23519_5,none,NA,chronData,T2L_GIK23519_5_depth_bottom,depth_bottom,cm,5
GIK23519_5,none,NA,chronData,T2L_GIK23519_5_delta_r_original,delta_r_original,unitless,5
GIK23519_5,none,NA,chronData,T2L_GIK23519_5_delta_r_1s_error_original,delta_r_1s_error_original,unitless,5
GIK23519_5,none,NA,chronData,T2L_GIK23519_5_other_date,other_date,unitless,5
GIK23519_5,none,NA,chronData,T2L_GIK23519_5_other_1s_err,other_1s_err,unitless,5
GIK23519_5,none,NA,chronData,T2L_GIK23519_5_other_type,other_type,unitless,5
GS07_150_10_3MC_B,none,NA,chronData,T2L_GS07_150_10_3MC_B_depth_bottom,depth_bottom,cm,6
GS07_150_10_3MC_B,none,NA,chronData,T2L_GS07_150_10_3MC_B_other_date,other_date,NA,6
GS07_150_10_3MC_B,none,NA,chronData,T2L_GS07_150_10_3MC_B_other_1s_err,other_1s_err,NA,6
GS07_150_10_3MC_B,none,NA,chronData,T2L_GS07_150_10_3MC_B_other_type,other_type,NA,6
GS18.Leroy.2014,none,NA,chronData,lc-chRCNAuulKIS83e1tpK,notes,unitless,6
Gagra.Kvavadze.1989,none,NA,chronData,lc-chRrPuFLRwQ4nuEotFK,labID,unitless,4
Gagra.Kvavadze.1989,none,NA,chronData,lc-chRl6imIx1xbuavSy2H,materialDated,unitless,4
Gagra.Kvavadze.1989,none,NA,chronData,lc-chRFRvULgBvf4QcP5ID,thickness,cm,4
Gagra.Kvavadze.1989,none,NA,chronData,lc-chRdwlprGmNptiKgkWw,notes,unitless,4
Gagra.Kvavadze.1989,none,NA,chronData,lc-chRs7Ub27UySilkyfcc,depth_top,cm,4
Gagra.Kvavadze.1989,none,NA,chronData,lc-chRRLUVQ7FgdbqrUBGZ,depth_bottom,cm,4
Gaienhofen.Rosch.1988,none,NA,chronData,lc-chRr4hU4xXUc8YDEjRt,notes,unitless,9
GallanechBeg.Davies.1997,none,NA,chronData,lc-chRyrTFe2H5E1ZTkPQJ,labID,unitless,15
GallanechBeg.Davies.1997,none,NA,chronData,lc-chR2MtiTYGYckcIn1mm,materialDated,unitless,15
GallanechBeg.Davies.1997,none,NA,chronData,lc-chRPMEIDcBaupRnt8Pc,thickness,cm,15
GallanechBeg.Davies.1997,none,NA,chronData,lc-chRrbkJWJzRaCqzbBIL,notes,unitless,15
GallanechBeg.Davies.1997,none,NA,chronData,lc-chRvz8ftMpEPwSKVawT,depth_top,cm,15
GallanechBeg.Davies.1997,none,NA,chronData,lc-chRhx8exwNGMpiiwkcT,depth_bottom,cm,15
Galtsjon.Bjorck.1979,none,NA,chronData,lc-chRLKu6KY2UOnrXKOQp,materialDated,unitless,4
Galtsjon.Bjorck.1979,none,NA,chronData,lc-chRSmMI5xdtvPRqG5na,notes,unitless,4
Gammelheimenvatnet.Bjune.2009,none,NA,chronData,lc-chRbTocmMuInv0qWEhq,notes,unitless,8
Gamperfin.Fah.1986,none,NA,chronData,lc-chRctay3Ke76cGPDtkO,labID,unitless,10
Gamperfin.Fah.1986,none,NA,chronData,lc-chRzWa8qOyFiB7Tvg4C,notes,unitless,10
Ganlanba.Xu.1998,none,NA,chronData,lc-chRzHpAtbv6lpKY3aNC,labID,unitless,2
Ganlanba.Xu.1998,none,NA,chronData,lc-chRu881mAXa7FWGwVUg,thickness,cm,2
Ganlanba.Xu.1998,none,NA,chronData,lc-chRUfFHiJuSMoVj3EdY,notes,unitless,2
Ganlanba.Xu.1998,none,NA,chronData,lc-chRDSK2Ov6JjawUkaTn,depth_top,cm,2
Ganlanba.Xu.1998,none,NA,chronData,lc-chRu9y1n7n7ouBJLkf7,depth_bottom,cm,2
GansemoosSchwarzenburg.vanderKnaap.1997,none,NA,chronData,lc-chRj3pY2Jt6KUMfxm1j,notes,unitless,14
Gantang.Yue.2012,none,NA,chronData,lc-chRFUxZaK5QsgmOw15P,labID,unitless,7
Gantang.Yue.2012,none,NA,chronData,lc-chRN6nrY1Sdgy6BnEAO,thickness,cm,7
Gantang.Yue.2012,none,NA,chronData,lc-chRxf6vHGE328BkVUGz,notes,unitless,7
Gantang.Yue.2012,none,NA,chronData,lc-chRL2Srp8wGNP7mRZ9z,depth_top,cm,7
Gantang.Yue.2012,none,NA,chronData,lc-chRvE00wZ5d3Kx38Cx2,depth_bottom,cm,7
Gaoximage.Li.2003,none,NA,chronData,lc-chRBzpiacWFHEcd2kcw,labID,unitless,4
Gaoximage.Li.2003,none,NA,chronData,lc-chRdXUYWEIyKqr251V8,notes,unitless,4
GassLake.Webb.1983,none,NA,chronData,lc-chRhggVlQGVjiIC2aNy,materialDated,unitless,6
GassLake.Webb.1983,none,NA,chronData,lc-chRnzd402G3XnezQC7K,thickness,cm,6
GassLake.Webb.1983,none,NA,chronData,lc-chR7Tfaq0rh64nQuN3v,notes,unitless,6
GassLake.Webb.1983,none,NA,chronData,lc-chRf1Ey1KQMEeKyHYMo,depth_top,cm,6
GassLake.Webb.1983,none,NA,chronData,lc-chRLRPkR7hCgfjw7Yj5,depth_bottom,cm,6
Gawane.Durand.1986,none,NA,paleoData,OLS_R1evO2ZWFZG,lakeTrend,unitless,32
GekLake.Anderson.2002,none,NA,chronData,lc-chR7HDgN7EqckaaBXCw,notes,unitless,5
Gelmyazevskoye.Artyushenko.1982,none,NA,chronData,lc-chRECJynRz3I5pKSJqF,thickness,cm,7
Gelmyazevskoye.Artyushenko.1982,none,NA,chronData,lc-chRImf1dG4hpdaFSKZa,notes,unitless,7
Gelmyazevskoye.Artyushenko.1982,none,NA,chronData,lc-chR227ZApuR5mdI2eDt,depth_top,cm,7
Gelmyazevskoye.Artyushenko.1982,none,NA,chronData,lc-chRted5RKQww1AvQlfE,depth_bottom,cm,7
GemLake.Calder.2016,none,NA,chronData,lc-chROG12NMncGcbpx68O,notes,unitless,4
Gempabumicave.Krause.2019,none,NA,paleoData,S2LRXNMOicxfaq,notes,NA,1077
Gempabumicave.Krause.2019,none,NA,chronData,S2LcRdJwWGypgGY,materialDated,unitless,36
Gempabumicave.Krause.2019,none,NA,chronData,S2LcRQxVjRDPArm,retained,unitless,36
Gempabumicave.Krause.2019,none,NA,chronData,S2LcRvgnTcLnMPE,decayConstant,unitless,36
Gempabumicave.Krause.2019,none,NA,chronData,S2LcRhttZph3Oky,age_type,unitless,36
Gempabumicave.Krause.2019,none,NA,chronData,S2LcRj6fniu5Ewc,materialDated,unitless,8
Gempabumicave.Krause.2019,none,NA,chronData,S2LcRCA7JtoAP52,retained,unitless,8
Gempabumicave.Krause.2019,none,NA,chronData,S2LcROK6C3FyTcq,decayConstant,unitless,8
Gempabumicave.Krause.2019,none,NA,chronData,S2LcRrEpqhwGmTC,age_type,unitless,8
GeoB10029_4,none,NA,chronData,T2L_GeoB10029_4_depth_bottom,depth_bottom,cm,5
GeoB10029_4,none,NA,chronData,T2L_GeoB10029_4_other_date,other_date,NA,5
GeoB10029_4,none,NA,chronData,T2L_GeoB10029_4_other_1s_err,other_1s_err,NA,5
GeoB10029_4,none,NA,chronData,T2L_GeoB10029_4_other_type,other_type,NA,5
GeoB10038_4,none,NA,chronData,T2L_GeoB10038_4_depth_bottom,depth_bottom,cm,6
GeoB10038_4,none,NA,chronData,T2L_GeoB10038_4_delta_r_1s_error_original,delta_r_1s_error_original,NA,6
GeoB10038_4,none,NA,chronData,T2L_GeoB10038_4_other_date,other_date,NA,6
GeoB10038_4,none,NA,chronData,T2L_GeoB10038_4_other_1s_err,other_1s_err,NA,6
GeoB10038_4,none,NA,chronData,T2L_GeoB10038_4_other_type,other_type,NA,6
GeoB10053_7.Mohtadi.2010,none,NA,chronData,T2L_GeoB10053_7_depth_bottom,depth_bottom,cm,19
GeoB10053_7.Mohtadi.2010,none,NA,chronData,T2L_GeoB10053_7_delta_r_1s_error_original,delta_r_1s_error_original,unitless,19
GeoB10053_7.Mohtadi.2010,none,NA,chronData,T2L_GeoB10053_7_other_date,other_date,unitless,19
GeoB10053_7.Mohtadi.2010,none,NA,chronData,T2L_GeoB10053_7_other_1s_err,other_1s_err,unitless,19
GeoB10053_7.Mohtadi.2010,none,NA,chronData,T2L_GeoB10053_7_other_type,other_type,unitless,19
GeoB10065-7.Steinke.2014,none,NA,chronData,WEB-1ad07-4b11-4ec8-baab-c269f,Sample label,unitless,42
GeoB10065-7.Steinke.2014,none,NA,chronData,WEB-66fe0-bc27-4d7e-adc3-3fe41,Dated material,unitless,42
GeoB10069_3.Gibbons.2014,none,NA,chronData,T2L_GeoB10069_3_labcode,labcode,unitless,18
GeoB10069_3.Gibbons.2014,none,NA,chronData,T2L_GeoB10069_3_depth_bottom,depth_bottom,cm,18
GeoB10069_3.Gibbons.2014,none,NA,chronData,T2L_GeoB10069_3_delta_r_1s_error_original,delta_r_1s_error_original,unitless,18
GeoB10069_3.Gibbons.2014,none,NA,chronData,T2L_GeoB10069_3_other_date,other_date,unitless,18
GeoB10069_3.Gibbons.2014,none,NA,chronData,T2L_GeoB10069_3_other_1s_err,other_1s_err,unitless,18
GeoB10069_3.Gibbons.2014,none,NA,chronData,T2L_GeoB10069_3_other_type,other_type,unitless,18
GeoB1023_5.Kim.2002,none,NA,chronData,T2L_GeoB1023_5_labcode,labcode,unitless,9
GeoB1023_5.Kim.2002,none,NA,chronData,T2L_GeoB1023_5_depth_bottom,depth_bottom,cm,9
GeoB1023_5.Kim.2002,none,NA,chronData,T2L_GeoB1023_5_other_date,other_date,unitless,9
GeoB1023_5.Kim.2002,none,NA,chronData,T2L_GeoB1023_5_other_1s_err,other_1s_err,unitless,9
GeoB1023_5.Kim.2002,none,NA,chronData,T2L_GeoB1023_5_other_type,other_type,unitless,9
GeoB12610_2,none,NA,chronData,T2L_GeoB12610_2_depth_bottom,depth_bottom,cm,8
GeoB12610_2,none,NA,chronData,T2L_GeoB12610_2_other_date,other_date,NA,8
GeoB12610_2,none,NA,chronData,T2L_GeoB12610_2_other_1s_err,other_1s_err,NA,8
GeoB12610_2,none,NA,chronData,T2L_GeoB12610_2_other_type,other_type,NA,8
GeoB12615_4.Romahn.2014,none,NA,chronData,T2L_GeoB12615_4_depth_bottom,depth_bottom,cm,16
GeoB12615_4.Romahn.2014,none,NA,chronData,T2L_GeoB12615_4_other_date,other_date,unitless,16
GeoB12615_4.Romahn.2014,none,NA,chronData,T2L_GeoB12615_4_other_1s_err,other_1s_err,unitless,16
GeoB12615_4.Romahn.2014,none,NA,chronData,T2L_GeoB12615_4_other_type,other_type,unitless,16
GeoB1711_4.Kirst.1999,none,NA,chronData,T2L_GeoB1711_4_depth_bottom,depth_bottom,cm,10
GeoB1711_4.Kirst.1999,none,NA,chronData,T2L_GeoB1711_4_delta_r_1s_error_original,delta_r_1s_error_original,NA,10
GeoB1711_4.Kirst.1999,none,NA,chronData,T2L_GeoB1711_4_other_date,other_date,NA,10
GeoB1711_4.Kirst.1999,none,NA,chronData,T2L_GeoB1711_4_other_1s_err,other_1s_err,NA,10
GeoB1711_4.Kirst.1999,none,NA,chronData,T2L_GeoB1711_4_other_type,other_type,NA,10
GeoB17419_1.Hollstein.2018,none,NA,chronData,T2L_GeoB17419_1_depth_bottom,depth_bottom,cm,30
GeoB17419_1.Hollstein.2018,none,NA,chronData,T2L_GeoB17419_1_other_date,other_date,NA,30
GeoB17419_1.Hollstein.2018,none,NA,chronData,T2L_GeoB17419_1_other_1s_err,other_1s_err,NA,30
GeoB17419_1.Hollstein.2018,none,NA,chronData,T2L_GeoB17419_1_other_type,other_type,NA,30
GeoB3104_1.Arz.1998,none,NA,chronData,T2L_GeoB3104_1_depth_bottom,depth_bottom,cm,12
GeoB3104_1.Arz.1998,none,NA,chronData,T2L_GeoB3104_1_delta_r_1s_error_original,delta_r_1s_error_original,NA,12
GeoB3104_1.Arz.1998,none,NA,chronData,T2L_GeoB3104_1_other_date,other_date,NA,12
GeoB3104_1.Arz.1998,none,NA,chronData,T2L_GeoB3104_1_other_1s_err,other_1s_err,NA,12
GeoB3104_1.Arz.1998,none,NA,chronData,T2L_GeoB3104_1_other_type,other_type,NA,12
GeoB3129_1.Weldeab.2006,none,NA,chronData,T2L_GeoB3129_1_depth_bottom,depth_bottom,cm,13
GeoB3129_1.Weldeab.2006,none,NA,chronData,T2L_GeoB3129_1_delta_r_original,delta_r_original,NA,13
GeoB3129_1.Weldeab.2006,none,NA,chronData,T2L_GeoB3129_1_delta_r_1s_error_original,delta_r_1s_error_original,NA,13
GeoB3129_1.Weldeab.2006,none,NA,chronData,T2L_GeoB3129_1_other_date,other_date,NA,13
GeoB3129_1.Weldeab.2006,none,NA,chronData,T2L_GeoB3129_1_other_1s_err,other_1s_err,NA,13
GeoB3129_1.Weldeab.2006,none,NA,chronData,T2L_GeoB3129_1_other_type,other_type,NA,13
GeoB3202_1,none,NA,chronData,T2L_GeoB3202_1_depth_bottom,depth_bottom,cm,4
GeoB3202_1,none,NA,chronData,T2L_GeoB3202_1_delta_r_1s_error_original,delta_r_1s_error_original,NA,4
GeoB3202_1,none,NA,chronData,T2L_GeoB3202_1_other_date,other_date,NA,4
GeoB3202_1,none,NA,chronData,T2L_GeoB3202_1_other_1s_err,other_1s_err,NA,4
GeoB3202_1,none,NA,chronData,T2L_GeoB3202_1_other_type,other_type,NA,4
GeoB3359_3,none,NA,chronData,T2L_GeoB3359_3_delta_r_1s_error_original,delta_r_1s_error_original,NA,5
GeoB3359_3,none,NA,chronData,T2L_GeoB3359_3_other_date,other_date,NA,5
GeoB3359_3,none,NA,chronData,T2L_GeoB3359_3_other_1s_err,other_1s_err,NA,5
GeoB3359_3,none,NA,chronData,T2L_GeoB3359_3_other_type,other_type,NA,5
GeoB3910_2.Arz.2001,none,NA,chronData,T2L_GeoB3910_2_depth_bottom,depth_bottom,cm,25
GeoB3910_2.Arz.2001,none,NA,chronData,T2L_GeoB3910_2_delta_r_1s_error_original,delta_r_1s_error_original,NA,25
GeoB3910_2.Arz.2001,none,NA,chronData,T2L_GeoB3910_2_other_1s_err,other_1s_err,NA,25
GeoB3911_3,none,NA,chronData,T2L_GeoB3911_3_depth_bottom,depth_bottom,cm,3
GeoB3911_3,none,NA,chronData,T2L_GeoB3911_3_delta_r_original,delta_r_original,NA,3
GeoB3911_3,none,NA,chronData,T2L_GeoB3911_3_delta_r_1s_error_original,delta_r_1s_error_original,NA,3
GeoB3911_3,none,NA,chronData,T2L_GeoB3911_3_other_date,other_date,NA,3
GeoB3911_3,none,NA,chronData,T2L_GeoB3911_3_other_1s_err,other_1s_err,NA,3
GeoB3911_3,none,NA,chronData,T2L_GeoB3911_3_other_type,other_type,NA,3
GeoB4905_4.Weldeab.2005,none,NA,chronData,T2L_GeoB4905_4_depth_bottom,depth_bottom,cm,11
GeoB4905_4.Weldeab.2005,none,NA,chronData,T2L_GeoB4905_4_delta_r_original,delta_r_original,NA,11
GeoB4905_4.Weldeab.2005,none,NA,chronData,T2L_GeoB4905_4_delta_r_1s_error_original,delta_r_1s_error_original,NA,11
GeoB4905_4.Weldeab.2005,none,NA,chronData,T2L_GeoB4905_4_other_date,other_date,NA,11
GeoB4905_4.Weldeab.2005,none,NA,chronData,T2L_GeoB4905_4_other_1s_err,other_1s_err,NA,11
GeoB4905_4.Weldeab.2005,none,NA,chronData,T2L_GeoB4905_4_other_type,other_type,NA,11
GeoB5844_2.Arz.2003,none,NA,chronData,T2L_GeoB5844_2_depth_bottom,depth_bottom,cm,14
GeoB5844_2.Arz.2003,none,NA,chronData,T2L_GeoB5844_2_delta_r_1s_error_original,delta_r_1s_error_original,unitless,14
GeoB5844_2.Arz.2003,none,NA,chronData,T2L_GeoB5844_2_other_date,other_date,unitless,14
GeoB5844_2.Arz.2003,none,NA,chronData,T2L_GeoB5844_2_other_1s_err,other_1s_err,unitless,14
GeoB5844_2.Arz.2003,none,NA,chronData,T2L_GeoB5844_2_other_type,other_type,unitless,14
GeoB5901_2.Kim.2004,none,NA,chronData,T2L_GeoB5901_2_labcode,labcode,unitless,13
GeoB5901_2.Kim.2004,none,NA,chronData,T2L_GeoB5901_2_depth_bottom,depth_bottom,cm,13
GeoB5901_2.Kim.2004,none,NA,chronData,T2L_GeoB5901_2_other_date,other_date,unitless,13
GeoB5901_2.Kim.2004,none,NA,chronData,T2L_GeoB5901_2_other_1s_err,other_1s_err,unitless,13
GeoB5901_2.Kim.2004,none,NA,chronData,T2L_GeoB5901_2_other_type,other_type,unitless,13
GeoB6211_2,none,NA,paleoData,RDvcLhSenhM,d18O,permil,514
GeoB6518.Schefuss.2005,none,NA,chronData,chron4_Phv5o946,fractionModern,unitless,15
GeoB6518.Schefuss.2005,none,NA,chronData,chron5_fLLdHytr,fractionModernUncertainty,unitless,15
GeoB6518.Schefuss.2005,none,NA,chronData,chron6_thUSw00A,delta13C,permil,15
GeoB6518.Schefuss.2005,none,NA,chronData,chron7_QM66G58W,delta13Cuncertainty,permil,15
GeoB6518.Schefuss.2005,none,NA,chronData,chron8_xRDnES0t,thickness,cm,15
GeoB6518.Schefuss.2005,none,NA,chronData,chron11_uNzjhGBx,activity,Bq g1,15
GeoB6518.Schefuss.2005,none,NA,chronData,chron12_GPGC2nQb,activityUncertainty,Bq g1,15
GeoB6518.Schefuss.2005,none,NA,chronData,chron13_gqyTxAcC,supportedActivity,unitless,15
GeoB6518.Schefuss.2005,none,NA,chronData,chron14_Mta6Ngi1,x210PbModel,unitless,15
GeoB6518.Schefuss.2005,none,NA,chronData,chron16_QBvAxUMi,SD,yr BP,15
GeoB6518.Schefuss.2005,none,NA,chronData,chron18_NAvFUKS2,reservoirAge14CUncertainty,yr14C BP,15
GeoB6518.Schefuss.2005,none,NA,chronData,chron19_YU1UOm5K,useInAgeModel,unitless,15
GeoB6518_1.Schefu.2005,none,NA,chronData,T2L_GeoB6518_1_depth_bottom,depth_bottom,cm,15
GeoB6518_1.Schefu.2005,none,NA,chronData,T2L_GeoB6518_1_delta_r_original,delta_r_original,NA,15
GeoB6518_1.Schefu.2005,none,NA,chronData,T2L_GeoB6518_1_delta_r_1s_error_original,delta_r_1s_error_original,NA,15
GeoB6518_1.Schefu.2005,none,NA,chronData,T2L_GeoB6518_1_other_date,other_date,NA,15
GeoB6518_1.Schefu.2005,none,NA,chronData,T2L_GeoB6518_1_other_1s_err,other_1s_err,NA,15
GeoB6518_1.Schefu.2005,none,NA,chronData,T2L_GeoB6518_1_other_type,other_type,NA,15
GeoB7139_2,none,NA,chronData,T2L_GeoB7139_2_labcode,labcode,NA,8
GeoB7139_2,none,NA,chronData,T2L_GeoB7139_2_depth_bottom,depth_bottom,cm,8
GeoB7139_2,none,NA,chronData,T2L_GeoB7139_2_delta_r_1s_error_original,delta_r_1s_error_original,NA,8
GeoB7139_2,none,NA,chronData,T2L_GeoB7139_2_other_date,other_date,NA,8
GeoB7139_2,none,NA,chronData,T2L_GeoB7139_2_other_1s_err,other_1s_err,NA,8
GeoB7139_2,none,NA,chronData,T2L_GeoB7139_2_other_type,other_type,NA,8
GeoB7165_1,none,NA,chronData,T2L_GeoB7165_1_labcode,labcode,NA,5
GeoB7165_1,none,NA,chronData,T2L_GeoB7165_1_depth_bottom,depth_bottom,cm,5
GeoB7165_1,none,NA,chronData,T2L_GeoB7165_1_delta_r_1s_error_original,delta_r_1s_error_original,NA,5
GeoB7165_1,none,NA,chronData,T2L_GeoB7165_1_other_1s_err,other_1s_err,NA,5
GeoB7625-2.Lamy.2006,none,NA,chronData,LPD9494c939,dummy2,unitless,10
GeoB7702_3.Castaneda.2010,none,NA,chronData,T2L_GeoB7702_3_depth_bottom,depth_bottom,cm,15
GeoB7702_3.Castaneda.2010,none,NA,chronData,T2L_GeoB7702_3_delta_r_1s_error_original,delta_r_1s_error_original,NA,15
GeoB7702_3.Castaneda.2010,none,NA,chronData,T2L_GeoB7702_3_other_date,other_date,NA,15
GeoB7702_3.Castaneda.2010,none,NA,chronData,T2L_GeoB7702_3_other_1s_err,other_1s_err,NA,15
GeoB7702_3.Castaneda.2010,none,NA,chronData,T2L_GeoB7702_3_other_type,other_type,NA,15
GeoB7926_2.Kim.2012,none,NA,chronData,T2L_GeoB7926_2_depth_bottom,depth_bottom,cm,14
GeoB7926_2.Kim.2012,none,NA,chronData,T2L_GeoB7926_2_delta_r_1s_error_original,delta_r_1s_error_original,NA,14
GeoB7926_2.Kim.2012,none,NA,chronData,T2L_GeoB7926_2_other_date,other_date,NA,14
GeoB7926_2.Kim.2012,none,NA,chronData,T2L_GeoB7926_2_other_1s_err,other_1s_err,NA,14
GeoB7926_2.Kim.2012,none,NA,chronData,T2L_GeoB7926_2_other_type,other_type,NA,14
GeoB9307_3.Weldeab.2014,none,NA,chronData,T2L_GeoB9307_3_depth_bottom,depth_bottom,cm,19
GeoB9307_3.Weldeab.2014,none,NA,chronData,T2L_GeoB9307_3_other_date,other_date,unitless,19
GeoB9307_3.Weldeab.2014,none,NA,chronData,T2L_GeoB9307_3_other_1s_err,other_1s_err,unitless,19
GeoB9307_3.Weldeab.2014,none,NA,chronData,T2L_GeoB9307_3_other_type,other_type,unitless,19
GeoB9310_4.Weldeab.2014,none,NA,chronData,T2L_GeoB9310_4_depth_bottom,depth_bottom,cm,13
GeoB9310_4.Weldeab.2014,none,NA,chronData,T2L_GeoB9310_4_other_date,other_date,NA,13
GeoB9310_4.Weldeab.2014,none,NA,chronData,T2L_GeoB9310_4_other_1s_err,other_1s_err,NA,13
GeoB9310_4.Weldeab.2014,none,NA,chronData,T2L_GeoB9310_4_other_type,other_type,NA,13
GeorgenfelderHochmoor.Stebich.1997,none,NA,chronData,lc-chR7HnD0897M69ACgOO,notes,unitless,10
Gerlos.Bortenschlager.1984,none,NA,chronData,lc-chRAm2HwNNMLuH89m5T,notes,unitless,12
Gerlos.EPD,none,NA,chronData,cRaIWVTJHC2WUrUkXy,thickness,cm,12
GerryLake.Gavin.2009,none,NA,chronData,lc-chRGft30YC62Pg217Bb,notes,unitless,10
Ghadames.PetitMaire.1979,none,NA,paleoData,OLS_Rqms4B4EcRt,lakeTrend,unitless,32
Giecz.Milecka.1991,none,NA,chronData,lc-chR1mAPO3QMifVi3oTn,thickness,cm,4
Giecz.Milecka.1991,none,NA,chronData,lc-chRFMmCT8LhZRf8L987,depth_top,cm,4
Giecz.Milecka.1991,none,NA,chronData,lc-chRFwUHygna1PuaxTjQ,depth_bottom,cm,4
Giecz.Milecka.2002,none,NA,chronData,cRlC6gq1venAq227Ax,thickness,cm,9
Giering.Bortenschlager.1976,none,NA,chronData,cRyPDqwNiCx72tVTOr,thickness,cm,9
Giles.Russell.1993,none,NA,chronData,lc-chR9lvAKtwwu6yUUAjr,labID,unitless,13
Giles.Russell.1993,none,NA,chronData,lc-chRxx2WP2RIP2y8wAg1,notes,unitless,13
GlaisinnaMarbh.OSullivan.1991,none,NA,chronData,lc-chR55MLxDoRa16Hkd2P,materialDated,unitless,5
GlaisinnaMarbh.OSullivan.1991,none,NA,chronData,lc-chRwPK05B6PCabtPdmd,notes,unitless,5
GlenWest.Plunkett.2009,none,NA,chronData,lc-chRu9JOwronS993szNj,notes,unitless,8
Glenmire.Anderson.2013,none,NA,chronData,lc-chRr3hKqrsWxOkG6pXg,notes,unitless,11
GlimmerglassLake.Brugam.2004,none,NA,chronData,lc-chRdsM87P28nAYqrD4E,notes,unitless,6
GoatLake.Anderson.2017,none,NA,chronData,lc-chRG7e13u2A9I5mYZ53,notes,unitless,12
Gobabeb.Vogel.1981,none,NA,paleoData,OLS_Raa72O1JtMg,lakeTrend,unitless,32
GodziszewskieLake.Miotk.1986,none,NA,chronData,cRL8itx2LXtp2QxdsJ,thickness,cm,7
GodziszewskieLake.Miotk.1986,none,NA,chronData,cRidDKS1QcmhmjJm7V,labID,unitless,7
GoldCreekLake.Calder.2016,none,NA,chronData,lc-chRd6RZWWIv8BsKOJYl,notes,unitless,7
GoluboyeLake.Anderson.2002,none,NA,chronData,lc-chRgNWSCByqRghoMr99,notes,unitless,11
Gomishan.Leroy.2013,none,NA,chronData,lc-chRMUCxSI0KRyrusneR,thickness,cm,10
Gomishan.Leroy.2013,none,NA,chronData,lc-chRLvIDyhbTPWyq2R0a,notes,unitless,10
Gomishan.Leroy.2013,none,NA,chronData,lc-chR9D1V5W0812mUX3Nk,depth_top,cm,10
Gomishan.Leroy.2013,none,NA,chronData,lc-chRUlWfELbRZyAw7Mx8,depth_bottom,cm,10
GondoAlpjen.Welten.1982,none,NA,chronData,cRHMU1J2xQTWfhxkyV,thickness,cm,6
GondoAlpjen.vanderKnaap.1997,none,NA,chronData,lc-chRSSWMrmzpeLz0UXWa,thickness,cm,5
GondoAlpjen.vanderKnaap.1997,none,NA,chronData,lc-chRRkESVE3pZ3NPD11l,notes,unitless,5
GondoAlpjen.vanderKnaap.1997,none,NA,chronData,lc-chRCsACO1neEM77DFRE,depth_top,cm,5
GondoAlpjen.vanderKnaap.1997,none,NA,chronData,lc-chRtB2AykGhedy4NGpC,depth_bottom,cm,5
GooseBayMarsh.Rippke.2010,none,NA,chronData,lc-chR9MLvll0R1TfFrxhp,labID,unitless,10
GooseBayMarsh.Rippke.2010,none,NA,chronData,lc-chRGT1K3CJWyUY7JS0N,age_type,unitless,10
GooseBayMarsh.Rippke.2010,none,NA,chronData,lc-chRwurF5mJQbXSJWbLm,materialDated,unitless,10
GooseBayMarsh.Rippke.2010,none,NA,chronData,lc-chRGGiTgXPeZK60ofMJ,notes,unitless,10
GorgoBasso.Tinner.2009,none,NA,chronData,lc-chRRq4V7vxI2bXjzngv,notes,unitless,10
GorgoLungo.Tinner.2016,none,NA,chronData,lc-chRth6HDnrd9wibG8Hn,notes,unitless,3
GorgoTondo.Tinner.2016,none,NA,chronData,lc-chRX62jKhe6Bo04lfIa,notes,unitless,5
GorsFawrBog.Fyfe.2007,none,NA,chronData,lc-chRRfZ2S3lwGLndIq0n,materialDated,unitless,6
GorsFawrBog.Fyfe.2007,none,NA,chronData,lc-chRMUSILdwoIIw3tnR8,notes,unitless,6
Gosciaz.Welten.1982,none,NA,chronData,cRruPhCMIvyB1lil1U,thickness,cm,277
Gosciaz.Welten.1982,none,NA,chronData,cRqz7Cck1YPBM1snMX,labID,unitless,277
GoshenSprings.Delcourt.1980,none,NA,chronData,lc-chRlCGfRQDBYVla7Gum,materialDated,unitless,6
GoshenSprings.Delcourt.1980,none,NA,chronData,lc-chRIt9xXF5EEYZ6pJTR,thickness,cm,6
GoshenSprings.Delcourt.1980,none,NA,chronData,lc-chRGGDTe5PXGmErVOIQ,notes,unitless,6
GoshenSprings.Delcourt.1980,none,NA,chronData,lc-chRMPshhZbjqcNQASze,depth_top,cm,6
GoshenSprings.Delcourt.1980,none,NA,chronData,lc-chRDGK6SNsqAHaNfTFa,depth_bottom,cm,6
GouilleLoere.Tinner.2003,none,NA,chronData,lc-chRNPz1avKQKx6aaI42,notes,unitless,5
GourteMires.Fyfe.2003,none,NA,chronData,lc-chRkD16gQ05fVbCRpy0,notes,unitless,4
Grace.Bettenay.1962,none,NA,paleoData,OLS_RtXaOWlMzAj,lakeTrend,unitless,32
GrachenSee.Welten.1982,none,NA,chronData,lc-chRQC8PiReyuJ8ILUv7,thickness,cm,5
GrachenSee.Welten.1982,none,NA,chronData,lc-chRHtMyXFGPB1b1cnA9,notes,unitless,5
GrachenSee.Welten.1982,none,NA,chronData,lc-chRvsU7GxHczabHWjku,depth_top,cm,5
GrachenSee.Welten.1982,none,NA,chronData,lc-chRsHP98qwaOtjkmFux,depth_bottom,cm,5
GrachenSee.vanderKnaap.1997,none,NA,chronData,lc-chRCRJZD0nx2uFcsPyM,notes,unitless,9
Gradenmoos.Krisai.2006,none,NA,chronData,lc-chReKmesvKpuQxRTWcK,notes,unitless,3
GraechenSee.Krisai.2006,none,NA,chronData,cRCKiiqgvIdDCRF50R,thickness,cm,12
GrahamLake.Fuller.1995,none,NA,chronData,lc-chRvsjuGmaL2CPgL9ba,materialDated,unitless,6
GrahamLake.Fuller.1995,none,NA,chronData,lc-chROMII7osWxcNFt0yg,notes,unitless,6
GrandMez.McGhee.1975,none,NA,chronData,lc-chRS3DpjQ6tqlm4Ob6s,notes,unitless,2
GrandRapids.Ritchie.1975,none,NA,chronData,M2Lcrooksy3C,notes,NA,3
GrandRapids.Ritchie.1975Legacy,none,NA,chronData,lc-chRxt55EWut8N6FF96Y,notes,unitless,3
GrandRatzlePellet.Clerc.1988,none,NA,chronData,lc-chRuTMTJfCHqfNdcSoW,notes,unitless,6
GrandfatherLake.Hu.1995,none,NA,chronData,lc-chRXVDXFK8rvCWvTg6K,notes,unitless,9
GrantsBog.Lacourse.2019,none,NA,chronData,lc-chRH5jV6SY9KEZ2g6pL,notes,unitless,8
GrassLake.Hakala.2004,none,NA,chronData,lc-chRQirFM8jdZW5x5o7b,notes,unitless,6
GrassyLake.Edlund.1996,none,NA,chronData,lc-chRMAXk2iatrz5SONTw,labID,unitless,5
GrassyLake.Edlund.1996,none,NA,chronData,lc-chRbmYec9nvcA6sWK6t,notes,unitless,5
Grasvatn.Moe.1996,none,NA,chronData,lc-chReFZkxr5hTqHnlG8p,notes,unitless,9
Grauthelleren.Birks.2007,none,NA,chronData,lc-chRjWrRUXGNFQC1tLZo,notes,unitless,9
GravelRidge.Lamb.1982,none,NA,chronData,lc-chRzh6RVbkSIejtIyje,materialDated,unitless,9
GravelRidge.Lamb.1982,none,NA,chronData,lc-chRzfCMv0Q8HYhjGcLf,notes,unitless,9
GraysLake.Beiswenger.1987,none,NA,chronData,lc-chRbg1nQeaW1ld9Pqkk,materialDated,unitless,15
GraysLake.Beiswenger.1987,none,NA,chronData,lc-chRfOsUSMIsHdqzlRdy,notes,unitless,15
GreatSwampHighbushBlueberry.Momsen.2007,none,NA,chronData,lc-chRjhiH2H7bRnp1Rdz0,labID,unitless,2
GreatSwampHighbushBlueberry.Momsen.2007,none,NA,chronData,lc-chRiOFcg4EvboH6HFRh,materialDated,unitless,2
GreatSwampHighbushBlueberry.Momsen.2007,none,NA,chronData,lc-chRznfFBCThYpGHijHo,thickness,cm,2
GreatSwampHighbushBlueberry.Momsen.2007,none,NA,chronData,lc-chRrDCdqWptjXc06Qsd,notes,unitless,2
GreatSwampHighbushBlueberry.Momsen.2007,none,NA,chronData,lc-chRNZ6RNhFzPhj0V5AV,depth_top,cm,2
GreatSwampHighbushBlueberry.Momsen.2007,none,NA,chronData,lc-chR37tHjDTIdWmFW0um,depth_bottom,cm,2
GreenLake.Lawrenz.1975,none,NA,chronData,lc-chRj1zt55QtFIXCShrM,materialDated,unitless,3
GreenLake.Lawrenz.1975,none,NA,chronData,lc-chRNFyZLI1p8gLucL5b,thickness,cm,3
GreenLake.Lawrenz.1975,none,NA,chronData,lc-chRBgEupJaP1FecNwR4,notes,unitless,3
GreenLake.Lawrenz.1975,none,NA,chronData,lc-chRqGqUu1KFHuPWiVHu,depth_top,cm,3
GreenLake.Lawrenz.1975,none,NA,chronData,lc-chRVS9Ga3u7o5LtWjyA,depth_bottom,cm,3
GreenPond.Fuller.1998,none,NA,chronData,lc-chRDRXIQYFRDtAGnR59,labID,unitless,4
GreenPond.Fuller.1998,none,NA,chronData,lc-chR5DAd0ocswxbhVSU0,notes,unitless,4
GreenPond.Oswald.2018,none,NA,chronData,lc-chRxWAtjrYlYgYI0RYO,notes,unitless,7
GreicheralpRiederalp.vanderKnaap.1997,none,NA,chronData,lc-chR3vO2bN7ulzRgFz0g,notes,unitless,5
GreyIslands.Evans.2002,none,NA,chronData,lc-chRmM34KRrpMSrQL39F,notes,unitless,6
Grindjisee.EPD,none,NA,chronData,cRbWCPAw6Vs61Fujd2,thickness,cm,2
Grindjisee.EPD,none,NA,chronData,cRd0O1jPdkVmcuXcOb,labID,unitless,2
GrosserKrebssee.Jahns.1999,none,NA,chronData,lc-chR0Xx3SnRPwLZ0TcmZ,notes,unitless,14
GrosserTreppelsee.EPD,none,NA,chronData,cRicTus8nKbGJVSQJ4,labID,unitless,8
GrosserTreppelsee.Giesecke.2001,none,NA,chronData,lc-chRCABAMWTPGS1IJ26A,notes,unitless,7
GrossesUberlingSchattseitMoor.Krisai.1991,none,NA,chronData,lc-chRYI3fS3p4Gc4lbCQA,thickness,cm,5
GrossesUberlingSchattseitMoor.Krisai.1991,none,NA,chronData,lc-chRHYJ6WUAhD5vp00a6,notes,unitless,5
GrossesUberlingSchattseitMoor.Krisai.1991,none,NA,chronData,lc-chRbmAfZlP0jgtfxQhK,depth_top,cm,5
GrossesUberlingSchattseitMoor.Krisai.1991,none,NA,chronData,lc-chR2qC95cDV9sBEokI6,depth_bottom,cm,5
GrossvillarsAlterSee.Rosch.2005,none,NA,chronData,lc-chRkUfizb2udvbNr61n,notes,unitless,3
GrottedePiste.AitBrahim.2018,none,NA,paleoData,S2LR1pthcXKcrb,notes,unitless,792
GrottedePiste.AitBrahim.2018,none,NA,chronData,S2LcRcy8mkXwp5r,labID,unitless,24
GrottedePiste.AitBrahim.2018,none,NA,chronData,S2LcRou4zKRi08a,materialDated,unitless,24
GrottedePiste.AitBrahim.2018,none,NA,chronData,S2LcR25qJqwNPYY,calibration,unitless,24
GrottedePiste.AitBrahim.2018,none,NA,chronData,S2LcRGXyCazg7le,retained,unitless,24
GrottedePiste.AitBrahim.2018,none,NA,chronData,S2LcRHl1roQamgp,decayConstant,unitless,24
GrottedePiste.AitBrahim.2018,none,NA,chronData,S2LcRT9KYzzGyEC,age_type,unitless,24
GrottedePiste.AitBrahim.2018,none,NA,chronData,S2LcRBVQdYh9M3D,labID,unitless,20
GrottedePiste.AitBrahim.2018,none,NA,chronData,S2LcROYIZNyYmKr,materialDated,unitless,20
GrottedePiste.AitBrahim.2018,none,NA,chronData,S2LcR3VZtKbln6A,retained,unitless,20
GrottedePiste.AitBrahim.2018,none,NA,chronData,S2LcR6VatRMAWY0,decayConstant,unitless,20
GrottedePiste.AitBrahim.2018,none,NA,chronData,S2LcRzdVXk0ooXb,age_type,unitless,20
Grozon.Gauthier.2001,none,NA,chronData,lc-chRx89jfyuIc7PAmHdE,thickness,cm,5
Grozon.Gauthier.2001,none,NA,chronData,lc-chRkDSu9mcybygFTIEZ,notes,unitless,5
Grozon.Gauthier.2001,none,NA,chronData,lc-chRCoFwr2UXfFjFbhyJ,depth_top,cm,5
Grozon.Gauthier.2001,none,NA,chronData,lc-chRPHJfJnijdapJ1fyU,depth_bottom,cm,5
GrunseeReschenscheideck.Welten.1982,none,NA,chronData,lc-chRI8FuezKBN88uhyGV,notes,unitless,4
Guangrunpo1.Zhang.2007,none,NA,chronData,lc-chRzWhSEsv2iY3f56Fl,labID,unitless,5
Guangrunpo1.Zhang.2007,none,NA,chronData,lc-chR2aIvwZSjJ3Th1Ngq,thickness,cm,5
Guangrunpo1.Zhang.2007,none,NA,chronData,lc-chRcKbNmfu40WuzvxQW,notes,unitless,5
Guangrunpo1.Zhang.2007,none,NA,chronData,lc-chRK5dYCfRXxjIIYWTC,depth_top,cm,5
Guangrunpo1.Zhang.2007,none,NA,chronData,lc-chRT7MlXJ0Zdu91hsu7,depth_bottom,cm,5
Guangtangtou.Han.2000,none,NA,chronData,lc-chRwpXIKA1GmlZMnHKc,labID,unitless,2
Guangtangtou.Han.2000,none,NA,chronData,lc-chRWN7eNPJQopmrYfJd,thickness,cm,2
Guangtangtou.Han.2000,none,NA,chronData,lc-chRTNlBz6sy1ZXbs70g,notes,unitless,2
Guangtangtou.Han.2000,none,NA,chronData,lc-chRaa6w6QAL9RETwp8f,depth_top,cm,2
Guangtangtou.Han.2000,none,NA,chronData,lc-chRUvJ4wQrd9GoVfNjP,depth_bottom,cm,2
GuilderPond.Oswald.2018,none,NA,chronData,lc-chReCmtJv8w3GwaRapb,notes,unitless,10
GunNur.Tarasov.1996,none,NA,chronData,lc-chRzWmPxESw9blhODh4,notes,unitless,7
GunNurLake.Gunin.1999,none,NA,chronData,lc-chR0XOEAY1rvo9U6fzq,labID,unitless,7
GunNurLake.Gunin.1999,none,NA,chronData,lc-chRVGdkn2LwFkcsuvPi,notes,unitless,7
Gunung-budacavesnailshellcave.Partin.2007,none,NA,paleoData,WEBb1f73871,notes,unitless,302
Gunung-budacavesnailshellcave.Partin.2007,none,NA,chronData,S2LcRSLxbLmJ31d,labID,unitless,59
Gunung-budacavesnailshellcave.Partin.2007,none,NA,chronData,S2LcRAN8KX3Hlhr,materialDated,unitless,59
Gunung-budacavesnailshellcave.Partin.2007,none,NA,chronData,S2LcRi8J7dpxsor,retained,unitless,59
Gunung-budacavesnailshellcave.Partin.2007,none,NA,chronData,S2LcRp9gwhRRv1T,decayConstant,unitless,59
Gunung-budacavesnailshellcave.Partin.2007,none,NA,chronData,S2LcRJDngSKkJR2,age_type,unitless,59
Gunung-budacavesnailshellcave.Partin.2007,none,NA,chronData,S2LcRUHOfDgEWly,labID,unitless,39
Gunung-budacavesnailshellcave.Partin.2007,none,NA,chronData,S2LcRR01pQk3dt6,materialDated,unitless,39
Gunung-budacavesnailshellcave.Partin.2007,none,NA,chronData,S2LcRAIKDEyJDnz,retained,unitless,39
Gunung-budacavesnailshellcave.Partin.2007,none,NA,chronData,S2LcRH8BZmHRH6M,decayConstant,unitless,39
Gunung-budacavesnailshellcave.Partin.2007,none,NA,chronData,S2LcRn0h4f6O7cg,age_type,unitless,39
Gur.Mokhova.2009,none,NA,chronData,lc-chRn5K40MKlrZSiQ16H,labID,unitless,11
Gur.Mokhova.2009,none,NA,chronData,lc-chRc36NvpSskRDbLC3o,notes,unitless,11
GurskiiPeatSite4381.Anderson.2002,none,NA,chronData,lc-chRjrD87SknbWImKTRD,notes,unitless,7
Guthrie.Reeves.1965,none,NA,paleoData,OLS_Re4XRBIabqz,lakeTrend,unitless,32
GytgykaiLake.Anderson.2002,none,NA,chronData,lc-chRUw2Ck91tmsQXN14d,notes,unitless,5
HLY02_02_51JPC,none,NA,chronData,T2L_HLY02_02_51JPC_depth_bottom,depth_bottom,cm,7
HLY02_02_51JPC,none,NA,chronData,T2L_HLY02_02_51JPC_delta_r_1s_error_original,delta_r_1s_error_original,NA,7
HLY02_02_51JPC,none,NA,chronData,T2L_HLY02_02_51JPC_other_1s_err,other_1s_err,NA,7
HLY03_05GC.Mohtadi.2008,none,NA,chronData,T2L_HLY03_05GC_other_date,other_date,NA,7
HLY03_05GC.Mohtadi.2008,none,NA,chronData,T2L_HLY03_05GC_other_1s_err,other_1s_err,NA,7
HLY03_05GC.Mohtadi.2008,none,NA,chronData,T2L_HLY03_05GC_other_type,other_type,NA,7
HU72_021_3,none,NA,chronData,T2L_HU72_021_3_depth_bottom,depth_bottom,cm,6
HU72_021_3,none,NA,chronData,T2L_HU72_021_3_delta_r_1s_error_original,delta_r_1s_error_original,NA,6
HU72_021_3,none,NA,chronData,T2L_HU72_021_3_other_date,other_date,NA,6
HU72_021_3,none,NA,chronData,T2L_HU72_021_3_other_1s_err,other_1s_err,NA,6
HU72_021_3,none,NA,chronData,T2L_HU72_021_3_other_type,other_type,NA,6
HU73_011_31,none,NA,chronData,T2L_HU73_011_31_depth_bottom,depth_bottom,cm,6
HU73_011_31,none,NA,chronData,T2L_HU73_011_31_delta_r_1s_error_original,delta_r_1s_error_original,NA,6
HU73_011_31,none,NA,chronData,T2L_HU73_011_31_other_date,other_date,NA,6
HU73_011_31,none,NA,chronData,T2L_HU73_011_31_other_1s_err,other_1s_err,NA,6
HU73_011_31,none,NA,chronData,T2L_HU73_011_31_other_type,other_type,NA,6
HU73_031_7.Keigwin.1995,none,NA,chronData,T2L_HU73_031_7_depth_bottom,depth_bottom,cm,8
HU73_031_7.Keigwin.1995,none,NA,chronData,T2L_HU73_031_7_delta_r_1s_error_original,delta_r_1s_error_original,NA,8
HU73_031_7.Keigwin.1995,none,NA,chronData,T2L_HU73_031_7_other_date,other_date,NA,8
HU73_031_7.Keigwin.1995,none,NA,chronData,T2L_HU73_031_7_other_1s_err,other_1s_err,NA,8
HU73_031_7.Keigwin.1995,none,NA,chronData,T2L_HU73_031_7_other_type,other_type,NA,8
HU87033_87017PC.Andrews.1999,none,NA,chronData,T2L_HU87033_87017PC_depth_bottom,depth_bottom,cm,7
HU87033_87017PC.Andrews.1999,none,NA,chronData,T2L_HU87033_87017PC_delta_r_1s_error_original,delta_r_1s_error_original,NA,7
HU87033_87017PC.Andrews.1999,none,NA,chronData,T2L_HU87033_87017PC_other_date,other_date,NA,7
HU87033_87017PC.Andrews.1999,none,NA,chronData,T2L_HU87033_87017PC_other_1s_err,other_1s_err,NA,7
HU87033_87017PC.Andrews.1999,none,NA,chronData,T2L_HU87033_87017PC_other_type,other_type,NA,7
HU87033_87017TWC,none,NA,chronData,T2L_HU87033_87017TWC_depth_bottom,depth_bottom,cm,2
HU87033_87017TWC,none,NA,chronData,T2L_HU87033_87017TWC_delta_r_1s_error_original,delta_r_1s_error_original,NA,2
HU87033_87017TWC,none,NA,chronData,T2L_HU87033_87017TWC_other_date,other_date,NA,2
HU87033_87017TWC,none,NA,chronData,T2L_HU87033_87017TWC_other_1s_err,other_1s_err,NA,2
HU87033_87017TWC,none,NA,chronData,T2L_HU87033_87017TWC_other_type,other_type,NA,2
HU87033_87018PC.Andrews.1999,none,NA,chronData,T2L_HU87033_87018PC_depth_bottom,depth_bottom,cm,7
HU87033_87018PC.Andrews.1999,none,NA,chronData,T2L_HU87033_87018PC_delta_r_1s_error_original,delta_r_1s_error_original,NA,7
HU87033_87018PC.Andrews.1999,none,NA,chronData,T2L_HU87033_87018PC_other_date,other_date,NA,7
HU87033_87018PC.Andrews.1999,none,NA,chronData,T2L_HU87033_87018PC_other_1s_err,other_1s_err,NA,7
HU87033_87018PC.Andrews.1999,none,NA,chronData,T2L_HU87033_87018PC_other_type,other_type,NA,7
HU87033_87018TWC,none,NA,chronData,T2L_HU87033_87018TWC_depth_bottom,depth_bottom,cm,2
HU87033_87018TWC,none,NA,chronData,T2L_HU87033_87018TWC_delta_r_1s_error_original,delta_r_1s_error_original,NA,2
HU87033_87018TWC,none,NA,chronData,T2L_HU87033_87018TWC_other_date,other_date,NA,2
HU87033_87018TWC,none,NA,chronData,T2L_HU87033_87018TWC_other_1s_err,other_1s_err,NA,2
HU87033_87018TWC,none,NA,chronData,T2L_HU87033_87018TWC_other_type,other_type,NA,2
HU90_013_013.Hillaire-Marcel.1994,none,NA,chronData,T2L_HU90_013_013_labcode,labcode,NA,16
HU90_013_013.Hillaire-Marcel.1994,none,NA,chronData,T2L_HU90_013_013_depth_bottom,depth_bottom,cm,16
HU90_013_013.Hillaire-Marcel.1994,none,NA,chronData,T2L_HU90_013_013_mat_dated,mat_dated,NA,16
HU90_013_013.Hillaire-Marcel.1994,none,NA,chronData,T2L_HU90_013_013_delta_r_original,delta_r_original,NA,16
HU90_013_013.Hillaire-Marcel.1994,none,NA,chronData,T2L_HU90_013_013_delta_r_1s_error_original,delta_r_1s_error_original,NA,16
HU90_013_013.Hillaire-Marcel.1994,none,NA,chronData,T2L_HU90_013_013_other_date,other_date,NA,16
HU90_013_013.Hillaire-Marcel.1994,none,NA,chronData,T2L_HU90_013_013_other_1s_err,other_1s_err,NA,16
HU90_013_013.Hillaire-Marcel.1994,none,NA,chronData,T2L_HU90_013_013_other_type,other_type,NA,16
Hachihama.Miyoshi.1994,none,NA,chronData,lc-chR5eVtrqTUMb7WQjZu,notes,unitless,4
HachimanNuma.Morita.1985,none,NA,chronData,lc-chRMW1NxP4rXWxEO86s,notes,unitless,3
HackPond.Stuiver.1969,none,NA,chronData,lc-chRLStysnsKXTL9b8vN,notes,unitless,2
Haengstli.Heeb.1972,none,NA,chronData,cRm9eeCO9185yN0SGv,thickness,cm,4
HafichukSite.deVries.1964,none,NA,chronData,lc-chRAJJq2orXGmKPCX6g,notes,unitless,3
Haijad.PetitMaire.1986,none,NA,paleoData,OLS_RMdPl1NuPYc,lakeTrend,unitless,32
Hailaer.Xia.1993,none,NA,chronData,lc-chRC2rdv8shnW4Ziyph,labID,unitless,3
Hailaer.Xia.1993,none,NA,chronData,lc-chRVksxRasuV3Pu8Twk,notes,unitless,3
HaircutLake.Edwards.2015,none,NA,chronData,lc-chRWRGz5nhjfZ9w0vUs,notes,unitless,6
HakullsMosse.Berglund.1986,none,NA,chronData,lc-chR5gUt3kFNdPhxsxQ8,materialDated,unitless,20
HakullsMosse.Berglund.1986,none,NA,chronData,lc-chRystLBXvOCGropjVV,notes,unitless,20
Halali.Chen.1991,none,NA,chronData,lc-chRHO2s7sEi1YSf1C5e,labID,unitless,4
Halali.Chen.1991,none,NA,chronData,lc-chRwOCIWYft33ZqP1ge,notes,unitless,4
HaliguLake.Song.2012,none,NA,chronData,lc-chRKruIyVtmgAZ6J1aQ,labID,unitless,4
HaliguLake.Song.2012,none,NA,chronData,lc-chRI0XE6BBUGmJo3lVQ,thickness,cm,4
HaliguLake.Song.2012,none,NA,chronData,lc-chRqBbNtyqHCHWFbN6B,notes,unitless,4
HaliguLake.Song.2012,none,NA,chronData,lc-chRGvBGXVu8hQqaBSEn,depth_top,cm,4
HaliguLake.Song.2012,none,NA,chronData,lc-chR8wG5rYETH9DKxWPt,depth_bottom,cm,4
HallsCave.Cooke.2003,none,NA,chronData,lc-chR6hU2D9QE3BKCkkmi,notes,unitless,23
HalosI.Bottema.1988,none,NA,chronData,lc-chRXYVQMNItL9WleLfy,notes,unitless,4
Halsegyl.Bjorck.1987,none,NA,chronData,lc-chROUUUIqOcSf66YD9b,materialDated,unitless,4
Halsegyl.Bjorck.1987,none,NA,chronData,lc-chRKVFhOkBOxogHFkaZ,notes,unitless,4
HalsjonII.Bjorck.1979,none,NA,chronData,lc-chROAjBGEwnQ6PfU4B0,materialDated,unitless,5
HalsjonII.Bjorck.1979,none,NA,chronData,lc-chRdIr1gwpTQUGW5Bop,notes,unitless,5
HamsLake.Bennett.1987,none,NA,chronData,lc-chRnboyscjBaGQz9gPi,notes,unitless,10
Hamundarstadhahals.Caseldine.2006,none,NA,chronData,RqXRq9bJOnM,OriginalDateID,unitless,7
HangingLake.Cwynar.1980,none,NA,chronData,lc-chRHAqQJAl9P4WQNHyj,notes,unitless,23
HangingstoneHill.Fyfe.2012,none,NA,chronData,lc-chRNZh25dcxGu4kNb9E,notes,unitless,7
Hangstli.Heeb.1972,none,NA,chronData,lc-chRJ7kPbQvgKcy7fzIA,notes,unitless,3
HanhaiLakeH1.Shen.1991,none,NA,chronData,lc-chRj9ZNprNuAXKmuiAT,labID,unitless,3
HanhaiLakeH1.Shen.1991,none,NA,chronData,lc-chR3pFrcfnSeeuwv14I,thickness,cm,3
HanhaiLakeH1.Shen.1991,none,NA,chronData,lc-chROIi2gYagapQSP9JY,notes,unitless,3
HanhaiLakeH1.Shen.1991,none,NA,chronData,lc-chRpBtvv6pchBXXI1dC,depth_top,cm,3
HanhaiLakeH1.Shen.1991,none,NA,chronData,lc-chRZa20PgTbddNuX4mp,depth_bottom,cm,3
Harbaling.Xia.1988,none,NA,chronData,lc-chRqN9k03d735u9SE9I,labID,unitless,3
Harbaling.Xia.1988,none,NA,chronData,lc-chRwj4NuEvn77iKNHGZ,notes,unitless,3
HardingLake.Ager.1982,none,NA,chronData,lc-chRESJSK4XjMl7d7wh3,labID,unitless,5
HardingLake.Ager.1982,none,NA,chronData,lc-chRsuG44wSB57q53opZ,notes,unitless,5
HaresDown.Fyfe.2004,none,NA,chronData,lc-chRgiGpF8bsCirrGkPm,materialDated,unitless,7
HaresDown.Fyfe.2004,none,NA,chronData,lc-chRNSMwfJmABp6olMK9,notes,unitless,7
HarrieLake.King.1986,none,NA,chronData,lc-chRCEV9bUyJHBwEsaGT,notes,unitless,6
HarrisLake.Sauchyn.1991,none,NA,chronData,lc-chRTcYdqZFjSwkxmVcl,notes,unitless,5
HasseiGaboun.Commelin.1980,none,NA,paleoData,OLS_RNvCXME8YFO,lakeTrend,unitless,32
HassiCheikh.Fontes.1985,none,NA,paleoData,OLS_RexbqgzoIoN,lakeTrend,unitless,32
HassiElAbiod.Riser.1983,none,NA,paleoData,OLS_R6yB3tXDcy4,lakeTrend,unitless,32
HassiMessouad.Delibrias.1971,none,NA,paleoData,OLS_Rnx5WFYM0g7,lakeTrend,unitless,32
Haugtjernet.Birks.2012,none,NA,chronData,lc-chRJR2SO6PC9j0bsHqY,notes,unitless,8
HavredeCrabec.Coutard.2006,none,NA,chronData,cRk9zd2fNsXqVr0D3x,thickness,cm,3
HavredeCrabec.Coutard.2006,none,NA,chronData,cRJCCTh5Rr6vwhf4h0,labID,unitless,3
HawksTor.Brown.1972,none,NA,chronData,lc-chRQ2kWf63NjQA6qwVV,notes,unitless,6
HayLake.Jacobs.1983,none,NA,chronData,lc-chRnSi2LD6bxtkbj5d3,notes,unitless,7
HayleyWood.Waller.2012,none,NA,chronData,lc-chRfqlP0mbIA7VctfBb,labID,unitless,16
HayleyWood.Waller.2012,none,NA,chronData,lc-chRXoyhQBEOXJzAc9RZ,materialDated,unitless,16
HayleyWood.Waller.2012,none,NA,chronData,lc-chRWko3EMWxMNF9tNzp,thickness,cm,16
HayleyWood.Waller.2012,none,NA,chronData,lc-chR0o2kdjucTDBiSEDu,notes,unitless,16
HayleyWood.Waller.2012,none,NA,chronData,lc-chRLFSBRAIFqXmpFc4h,depth_top,cm,16
HayleyWood.Waller.2012,none,NA,chronData,lc-chRwgOa15nZqqjTZHOY,depth_bottom,cm,16
HeadwatersLake.Brubaker.1983,none,NA,chronData,lc-chRGW6cLoWeXn6UK6iX,notes,unitless,4
HeadwatersOpasnayaRiver.Anderson.2002,none,NA,chronData,lc-chR6NcSk6Jrp7Rm93rT,notes,unitless,11
HeadwatersOpasnayaRivermineshaft.Anderson.2002,none,NA,chronData,lc-chRbA3R5k5iV91s9HQN,notes,unitless,2
HeartLake.Whitehead.1990,none,NA,chronData,lc-chResUqgE3iRVLsjFTg,notes,unitless,11
HebronLake.Lamb.1984,none,NA,chronData,lc-chR8qPWrFqEsiUfEiF7,notes,unitless,3
HellHoleLake.Hotchkiss.2007,none,NA,chronData,lc-chRUqz2xIp2ClKAXoA7,notes,unitless,6
Heming2007.Jia.2007,none,NA,chronData,lc-chRs5KTqhGRNNM8enK1,labID,unitless,4
Heming2007.Jia.2007,none,NA,chronData,lc-chRzkAy5ujiM2cUnBt7,thickness,cm,4
Heming2007.Jia.2007,none,NA,chronData,lc-chRuoQiHHE2W8g0DR13,notes,unitless,4
Heming2007.Jia.2007,none,NA,chronData,lc-chRvETMBzuPu4OHf3T6,depth_top,cm,4
Heming2007.Jia.2007,none,NA,chronData,lc-chRz650Adyj7SIorsA8,depth_bottom,cm,4
HemuduHMD1.Li.2009,none,NA,chronData,lc-chR3yXkqcb6Cv6fcjHj,labID,unitless,5
HemuduHMD1.Li.2009,none,NA,chronData,lc-chR5qDeocwtLCAsYsyn,notes,unitless,5
HenrysForkupperexposure.Munroe.2001,none,NA,chronData,lc-chRw3kAZ32bE2PdeyZQ,thickness,cm,2
HenrysForkupperexposure.Munroe.2001,none,NA,chronData,lc-chRCKmNqTvL6Dp9z8nm,notes,unitless,2
HenrysForkupperexposure.Munroe.2001,none,NA,chronData,lc-chRx0kf3B6Wr9H4jMgu,depth_top,cm,2
HenrysForkupperexposure.Munroe.2001,none,NA,chronData,lc-chRBg7oJaJNvjN34Fx5,depth_bottom,cm,2
HermitLake.Anderson.2018Legacy,none,NA,chronData,lc-chR9d4F7veE4GGqw33M,notes,unitless,20
HerrenwieserSee.Rosch.2009,none,NA,chronData,lc-chRxQYdA8CFwM1PRzX7,notes,unitless,15
HerrenwieserSee.Rosch.2012,none,NA,chronData,lc-chRikZw2ggd7pGWMsvt,notes,unitless,26
Hershop.Larson.1972,none,NA,chronData,M2Lk7ynt1fwC,notes,NA,15
HershopBog.BryantJr.1977,none,NA,chronData,lc-chRJVVneBkCgTRIXz9A,notes,unitless,15
Heshangcave.C..2008,none,NA,paleoData,S2LRZut1uDfvZw,notes,NA,2086
Heshangcave.C..2008,none,NA,chronData,S2LcRGkoeAdopCe,materialDated,unitless,21
Heshangcave.C..2008,none,NA,chronData,S2LcRiGb9fINSPt,retained,unitless,21
Heshangcave.C..2008,none,NA,chronData,S2LcR1B6RGhESF0,decayConstant,unitless,21
Heshangcave.C..2008,none,NA,chronData,S2LcRg8j97rFDy5,age_type,unitless,21
Heshangcave.C..2008,none,NA,chronData,S2LcRgeRuyhaYLC,materialDated,unitless,9
Heshangcave.C..2008,none,NA,chronData,S2LcRM2VJufyTtZ,retained,unitless,9
Heshangcave.C..2008,none,NA,chronData,S2LcRaQELyOf3gq,decayConstant,unitless,9
Heshangcave.C..2008,none,NA,chronData,S2LcRz81nIIIGvh,age_type,unitless,9
HexigtenSanyixiang.Wang.2005,none,NA,chronData,lc-chRW0MkEffxw0sO0GZ3,labID,unitless,5
HexigtenSanyixiang.Wang.2005,none,NA,chronData,lc-chRvgyoTEbtIQvJtnqS,notes,unitless,5
HiddenLake.Ager.1983,none,NA,chronData,lc-chRWdDqVPkP2KzmL3qM,materialDated,unitless,6
HiddenLake.Ager.1983,none,NA,chronData,lc-chRD6pnOWXY2W0u3LL4,notes,unitless,6
HiddenLake.Calder.2016,none,NA,chronData,lc-chR8t8zx9DAIjvha4xq,thickness,cm,3
HiddenLake.Calder.2016,none,NA,chronData,lc-chRilvJeAxSodeLN5BV,notes,unitless,3
HiddenLake.Calder.2016,none,NA,chronData,lc-chRWUVTJ3lB5VUobLTv,depth_top,cm,3
HiddenLake.Calder.2016,none,NA,chronData,lc-chRNpDPA88ukO57sbVg,depth_bottom,cm,3
HiddenLakeHL1.Tang.1999,none,NA,chronData,lc-chRL8IA0Z67vcXgwy6s,labID,unitless,4
HiddenLakeHL1.Tang.1999,none,NA,chronData,lc-chRGEOJCe2FYrbJijFL,notes,unitless,4
HieressurAmby.Clerc.1988,none,NA,chronData,lc-chRgNzdNxN80U3WLO1v,notes,unitless,4
HighLake.Fuller.1995,none,NA,chronData,lc-chRqBL6icvZInPh03Np,materialDated,unitless,9
HighLake.Fuller.1995,none,NA,chronData,lc-chRpT3TvPo03HJzBwki,notes,unitless,9
HinmanLake.Calder.2016,none,NA,chronData,lc-chRJNM7DE4AcjweP1CV,notes,unitless,7
Hinterburgseeli.EPD,none,NA,chronData,cRgYHKb5WpITYNWEg2,thickness,cm,14
Hinterburgseeli.author.1111,none,NA,chronData,lc-chRSNTOcOm5vUsY3V5x,notes,unitless,9
HippaLake.Lacourse.2012,none,NA,chronData,lc-chR2Oe3607jqIcoOvat,notes,unitless,6
Hirafok.Delibrias.1966,none,NA,paleoData,OLS_RCwj46yyymz,lakeTrend,unitless,32
Hirvilampi.Rankama.1988,none,NA,chronData,lc-chR6t1b5WUDNmHtvAHT,notes,unitless,6
HiscockSite.McAndrews.2003,none,NA,chronData,lc-chRtyNzPQJb4CXbxVLG,notes,unitless,32
HockhamMere.Bennett.1983,none,NA,chronData,lc-chRJmbX2hZ2vUv8BZ8A,notes,unitless,23
Holebudalen.Birks.2007,none,NA,chronData,lc-chRUTmPdMbxpqndiwRo,notes,unitless,7
Hollywoodcave.Whittaker.2011,none,NA,paleoData,S2LRTtH8c08y6y,notes,NA,856
Hollywoodcave.Whittaker.2011,none,NA,chronData,S2LcRH0Fb7DFgdB,materialDated,unitless,19
Hollywoodcave.Whittaker.2011,none,NA,chronData,S2LcR9MxQUJS95d,retained,unitless,19
Hollywoodcave.Whittaker.2011,none,NA,chronData,S2LcR3jpwKrDC4J,decayConstant,unitless,19
Hollywoodcave.Whittaker.2011,none,NA,chronData,S2LcRYzMWlBpBjZ,age_type,unitless,19
Hollywoodcave.Whittaker.2011,none,NA,chronData,S2LcRmkzPGDN7zp,materialDated,unitless,5
Hollywoodcave.Whittaker.2011,none,NA,chronData,S2LcRAqoNsyrebh,retained,unitless,5
Hollywoodcave.Whittaker.2011,none,NA,chronData,S2LcR0nYKudHULi,decayConstant,unitless,5
Hollywoodcave.Whittaker.2011,none,NA,chronData,S2LcR0pFFFlZU07,age_type,unitless,5
Holtjarnen.Giesecke.2005,none,NA,chronData,lc-chRj05tK2DAwRGkS4ye,notes,unitless,7
HomerBeach.author.1111,none,NA,chronData,lc-chRu4eBVDAjTSqG2yxO,labID,unitless,3
HomerBeach.author.1111,none,NA,chronData,lc-chRomfySrP0jdeIWFmP,materialDated,unitless,3
HomerBeach.author.1111,none,NA,chronData,lc-chRV91DkvlAgkcVlbxj,notes,unitless,3
Hongsheng.Qiu.1992,none,NA,chronData,lc-chRlyUBboXmnLZnEU1e,labID,unitless,4
Hongsheng.Qiu.1992,none,NA,chronData,lc-chRBHyVnOsgwoejE99g,notes,unitless,4
HongshuiRiver2003.Ma.2003,none,NA,chronData,lc-chRua1AsMTq7z4wpgXR,labID,unitless,9
HongshuiRiver2003.Ma.2003,none,NA,chronData,lc-chRb4gfFtlvxvR7Qcyk,thickness,cm,9
HongshuiRiver2003.Ma.2003,none,NA,chronData,lc-chRYRP9Mo0GnaeOllqP,notes,unitless,9
HongshuiRiver2003.Ma.2003,none,NA,chronData,lc-chRWZSPl5p0Oimk1YzV,depth_top,cm,9
HongshuiRiver2003.Ma.2003,none,NA,chronData,lc-chRzOMfZOPdCkX7MVvw,depth_bottom,cm,9
HongyuanBaihe.Wang.1987,none,NA,chronData,lc-chR10dtlBpxTIH1rlSb,labID,unitless,5
HongyuanBaihe.Wang.1987,none,NA,chronData,lc-chRMMNJbEQ3axNdwvv5,thickness,cm,5
HongyuanBaihe.Wang.1987,none,NA,chronData,lc-chRHqMk9NLX4TWabyvs,notes,unitless,5
HongyuanBaihe.Wang.1987,none,NA,chronData,lc-chRrInqGVeA8rkGrrSG,depth_top,cm,5
HongyuanBaihe.Wang.1987,none,NA,chronData,lc-chRSK4NuGQPKai4YGPm,depth_bottom,cm,5
HoodooLake.BrunelleDaines.2002,none,NA,chronData,lc-chRTbmrLw7q5YRsa5AK,notes,unitless,9
HopefarmWallandmarsh.Waller.1999,none,NA,chronData,lc-chR7rNXcku1pl3EYJmo,materialDated,unitless,4
Hopschensee.Curdy.2010,none,NA,chronData,lc-chRfRwOXQMLn6j7PhDQ,notes,unitless,13
Hopschensee.vanderKnaap.1997,none,NA,chronData,lc-chRCRZ4KjEqOB1qwlul,notes,unitless,17
Hopschensee.vanderKnaap.2000,none,NA,chronData,lc-chROqw8BzBziuqg6CJu,notes,unitless,3
Hoqcave.VanRampelbergh.2013,none,NA,paleoData,S2LRZ59Lzfy3fq,notes,NA,1427
Hoqcave.VanRampelbergh.2013,none,NA,chronData,S2LcRhNVnArKQtw,labID,unitless,9
Hoqcave.VanRampelbergh.2013,none,NA,chronData,S2LcR54lyhyUmFw,materialDated,unitless,9
Hoqcave.VanRampelbergh.2013,none,NA,chronData,S2LcR4a9IdDlKaB,retained,unitless,9
Hoqcave.VanRampelbergh.2013,none,NA,chronData,S2LcR1j1jv5fbmj,decayConstant,unitless,9
Hoqcave.VanRampelbergh.2013,none,NA,chronData,S2LcRtQf9kkImdJ,age_type,unitless,9
Hoqcave.VanRampelbergh.2013,none,NA,chronData,S2LcRfzQqwIOdbH,labID,unitless,13
Hoqcave.VanRampelbergh.2013,none,NA,chronData,S2LcRLzcqcENGp6,materialDated,unitless,13
Hoqcave.VanRampelbergh.2013,none,NA,chronData,S2LcREHtZPRXeKM,retained,unitless,13
Hoqcave.VanRampelbergh.2013,none,NA,chronData,S2LcRCU9bufkG9j,decayConstant,unitless,13
Hoqcave.VanRampelbergh.2013,none,NA,chronData,S2LcR3C2ZgakVDS,age_type,unitless,13
Hoqcave.VanRampelbergh.2013,none,NA,chronData,S2LcRon0sIqqin7,labID,unitless,7
Hoqcave.VanRampelbergh.2013,none,NA,chronData,S2LcRcKIqe6YVoD,materialDated,unitless,7
Hoqcave.VanRampelbergh.2013,none,NA,chronData,S2LcRZf8xVxi6Bg,retained,unitless,7
Hoqcave.VanRampelbergh.2013,none,NA,chronData,S2LcRCGGOjLeruZ,decayConstant,unitless,7
Hoqcave.VanRampelbergh.2013,none,NA,chronData,S2LcRY4603aeXeU,age_type,unitless,7
Hora.Williams.1977,none,NA,paleoData,OLS_RURFqrgMruq,lakeTrend,unitless,32
Hornchurchmarshes.Batchelor.2009,none,NA,chronData,lc-chRcP63ZFiaWOEcvD7c,notes,unitless,6
HorniLomna.Rybnickova.2005,none,NA,chronData,lc-chR9Kks7mHSpEKpUrA3,materialDated,unitless,5
HorniLomna.Rybnickova.2005,none,NA,chronData,lc-chR9n8AYPa1o0RIlPf9,notes,unitless,5
HornstaadHornle.Rosch.1992,none,NA,chronData,lc-chRbu12nx1IGrlkJGGf,notes,unitless,15
HorsemarshSewer.Waller.1999,none,NA,chronData,lc-chRHZeMuX41Rcgk46Tt,materialDated,unitless,7
HorseshoeLake.Munoz.2014,none,NA,chronData,lc-chRSzmQucXmOJAqTmTZ,notes,unitless,9
HorseshoeLake.Ollendorf.1993,none,NA,chronData,lc-chRufF7iejHBQyi7XXp,notes,unitless,4
HortTimoner.EPD,none,NA,chronData,cRWH3ENGk324LqxJUD,thickness,cm,4
HortTimoner.EPD,none,NA,chronData,cRRJVj9lHIBPlbWMR2,labID,unitless,4
HosoikeMoor.Miyoshi.1989,none,NA,chronData,lc-chRQyjG7AmKxRvxinGu,notes,unitless,6
HotonNur.Tarasov.1994,none,NA,chronData,lc-chRrRrKg8QUx1JhPpJd,notes,unitless,6
HotonNur2.Rudaya.2009,none,NA,chronData,lc-chRUZlZk9czmL7jxeum,labID,unitless,3
HotonNur2.Rudaya.2009,none,NA,chronData,lc-chRaGI03oj7V3Xtteka,notes,unitless,3
Howar.Pachur.1987,none,NA,paleoData,OLS_RLTEKaDuWAW,lakeTrend,unitless,32
HowesPrairieMarsh.Cole.1995,none,NA,chronData,lc-chRQfHFwTkrcZ10fsCh,notes,unitless,4
HoyaRincondeParangueo.Park.2005,none,NA,paleoData,lcRsfnvDmVreYdgUNkK,temperature,degC,61
HoyaRincondeParangueo.Park.2005,none,NA,paleoData,lcRPGiDMqIK3ggSgSZU,uncertainty,degC,61
HoyaRincondeParangueo.Park.2005,none,NA,paleoData,lcRbRUCjjPsxu1E2I98,temperature,degC,61
HoyaRincondeParangueo.Park.2005,none,NA,paleoData,lcRdWDh0LGaJKyZgpAB,uncertainty,degC,61
HoyaRincondeParangueo.Park.2005,none,NA,paleoData,lcRhGUylERvRMBMjDq6,uncertainty,mm/yr,61
HoyaRincondeParangueo.Park.2005,none,NA,chronData,lc-chRGGnRtcpYF1ba6gj5,notes,unitless,7
HoyaSanNicolas.Park.2005,none,NA,chronData,lc-chR2FvQ2A6vpld2KmKL,notes,unitless,5
HoyadelCastillo.Davis.2007,none,NA,chronData,lc-chRg01MEobfjNJu9s3R,labID,unitless,3
HoyadelCastillo.Davis.2007,none,NA,chronData,lc-chRq2K9kqpCbcTrL7R5,thickness,cm,3
HoyadelCastillo.Davis.2007,none,NA,chronData,lc-chRx6MvplA9pc4JfI7o,notes,unitless,3
HoyadelCastillo.Davis.2007,none,NA,chronData,lc-chRgPiWJizUe5eK276W,depth_top,cm,3
HoyadelCastillo.Davis.2007,none,NA,chronData,lc-chR9uW4D3IeYJzk5Utw,depth_bottom,cm,3
HoyranGoelue.EPD,none,NA,chronData,cRkjsN1SoX9BYqlilW,thickness,cm,2
Hozelec.Jankovska.1988,none,NA,chronData,lc-chRpUMKK8VRFv32AkfE,notes,unitless,5
Hrabanovskacernava.Petr.2014,none,NA,chronData,lc-chRUCjMe6Zd5TGRo3yf,notes,unitless,5
Huagapocave.Kanner.2013,none,NA,paleoData,S2LROUoW6dumYM,notes,unitless,1287
Huagapocave.Kanner.2013,none,NA,chronData,S2LcRdIo6ENWk0d,materialDated,unitless,21
Huagapocave.Kanner.2013,none,NA,chronData,S2LcRf6sWn1yL2t,retained,unitless,21
Huagapocave.Kanner.2013,none,NA,chronData,S2LcRFXaNUUBKxg,decayConstant,unitless,21
Huagapocave.Kanner.2013,none,NA,chronData,S2LcRsPP0963xxf,age_type,unitless,21
Huagapocave.Kanner.2013,none,NA,chronData,S2LcRIE6Zqhi83S,materialDated,unitless,5
Huagapocave.Kanner.2013,none,NA,chronData,S2LcRcTvOMXxvCX,retained,unitless,5
Huagapocave.Kanner.2013,none,NA,chronData,S2LcR2GfcJGfj0n,decayConstant,unitless,5
Huagapocave.Kanner.2013,none,NA,chronData,S2LcRrJ4Pv5tdD7,age_type,unitless,5
Huagapocave.Kanner.2013,none,NA,chronData,S2LcRoQhwQTta2U,materialDated,unitless,10
Huagapocave.Kanner.2013,none,NA,chronData,S2LcRruYvG241gY,retained,unitless,10
Huagapocave.Kanner.2013,none,NA,chronData,S2LcRuIRUmLoFrk,decayConstant,unitless,10
Huagapocave.Kanner.2013,none,NA,chronData,S2LcREwAbRpQCkZ,age_type,unitless,10
Huagapocave.Kanner.2013,none,NA,chronData,S2LcR4idYczZ640,materialDated,unitless,11
Huagapocave.Kanner.2013,none,NA,chronData,S2LcRiKvzuf2P66,retained,unitless,11
Huagapocave.Kanner.2013,none,NA,chronData,S2LcRuzDYhbZBL4,decayConstant,unitless,11
Huagapocave.Kanner.2013,none,NA,chronData,S2LcRRZmiSIlZSL,age_type,unitless,11
Huagapocave.Kanner.2013,none,NA,chronData,S2LcRlshEqv7YVL,materialDated,unitless,16
Huagapocave.Kanner.2013,none,NA,chronData,S2LcRe20J4YOCtG,retained,unitless,16
Huagapocave.Kanner.2013,none,NA,chronData,S2LcRnng1fgMKKr,decayConstant,unitless,16
Huagapocave.Kanner.2013,none,NA,chronData,S2LcRFlIqsXuDvj,age_type,unitless,16
Huagapocave.Kanner.2013,none,NA,chronData,S2LcRn4H6hOTZRs,materialDated,unitless,37
Huagapocave.Kanner.2013,none,NA,chronData,S2LcREKL4vToiXz,retained,unitless,37
Huagapocave.Kanner.2013,none,NA,chronData,S2LcR56bBvFaTYv,decayConstant,unitless,37
Huagapocave.Kanner.2013,none,NA,chronData,S2LcR3rlnZ4q4Il,age_type,unitless,37
HualCuCuishMeadow.Wahl.2002,none,NA,chronData,lc-chRnpX9TyNBQLIHfXtK,thickness,cm,4
HualCuCuishMeadow.Wahl.2002,none,NA,chronData,lc-chRVFP3E4YpJb3pM331,notes,unitless,4
HualCuCuishMeadow.Wahl.2002,none,NA,chronData,lc-chRJlCcdFaZhjYd4tLy,depth_top,cm,4
HualCuCuishMeadow.Wahl.2002,none,NA,chronData,lc-chRbFlpVtklAAqgIas5,depth_bottom,cm,4
Huangjiapu.Sun.2001,none,NA,chronData,lc-chRPFkXoF793OURLNCL,labID,unitless,3
Huangjiapu.Sun.2001,none,NA,chronData,lc-chRsB9zD8zH9ebAzfve,notes,unitless,3
HuangshaH24.Li.1991,none,NA,chronData,lc-chRplySlSF3ZpiReooA,labID,unitless,5
HuangshaH24.Li.1991,none,NA,chronData,lc-chRZ4M4IkFe6KTVqNo8,thickness,cm,5
HuangshaH24.Li.1991,none,NA,chronData,lc-chRhVStsAn3iQEfy45g,notes,unitless,5
HuangshaH24.Li.1991,none,NA,chronData,lc-chRZDejMyAD2q4e2eJ4,depth_top,cm,5
HuangshaH24.Li.1991,none,NA,chronData,lc-chRp3oESrj0d7E3ktgo,depth_bottom,cm,5
Huashankou.Han.2000,none,NA,chronData,lc-chRs6lHI8hsU3FTucLT,labID,unitless,2
Huashankou.Han.2000,none,NA,chronData,lc-chRuH2wYeulE1hf6mDR,thickness,cm,2
Huashankou.Han.2000,none,NA,chronData,lc-chRIks4jbMsvCnzymfD,notes,unitless,2
Huashankou.Han.2000,none,NA,chronData,lc-chRdhwkq0NGsX9dtCSs,depth_top,cm,2
Huashankou.Han.2000,none,NA,chronData,lc-chRL7oYZmOangRhzkxf,depth_bottom,cm,2
Huashuwozi.Zhang.2006,none,NA,chronData,lc-chR6N1PuCeWgDjq1Vj8,labID,unitless,2
Huashuwozi.Zhang.2006,none,NA,chronData,lc-chRZPaTCHkQ65nt9RQf,notes,unitless,2
Hubsugul.Tarasov.1996,none,NA,chronData,lc-chReqTOAVXC3V5EmpeX,notes,unitless,2
Hudson.Bailey.1972,none,NA,chronData,M2L6edbd4gzC,notes,NA,9
HudsonLake.Bailey.1972,none,NA,chronData,lc-chRaBI3AHbWEDi6g7FW,notes,unitless,6
HuguangyanMaarlake.Mingram.2004,none,NA,chronData,lc-chRs6UADNfCAXxV4zZy,labID,unitless,2
HuguangyanMaarlake.Mingram.2004,none,NA,chronData,lc-chR2Hm8lfphvnOrusTn,materialDated,unitless,2
HuguangyanMaarlake.Mingram.2004,none,NA,chronData,lc-chRGo2i5nzDl9bJkvHv,thickness,cm,2
HuguangyanMaarlake.Mingram.2004,none,NA,chronData,lc-chRaQuxkKAhwIPPQSJ8,notes,unitless,2
HuguangyanMaarlake.Mingram.2004,none,NA,chronData,lc-chRyevaAVD7BcAS4WGs,depth_top,cm,2
HuguangyanMaarlake.Mingram.2004,none,NA,chronData,lc-chRZNqcpCktqTKtHflX,depth_bottom,cm,2
Huleh.Baruch.1991,none,NA,chronData,lc-chRfUcr6OGd1UN2CFdb,materialDated,unitless,4
Huleh.Baruch.1991,none,NA,chronData,lc-chR6p0o1ngDeN86LRw2,notes,unitless,4
HumberPond3.Weninger.1989,none,NA,chronData,lc-chRisSfqors7B7fAQVo,notes,unitless,4
HumberPond5.Weninger.1989,none,NA,chronData,lc-chRPYxR6I96EouX0lV8,notes,unitless,3
HumberPond7.author.1111,none,NA,chronData,lc-chRVelaatMyfegz3RGD,notes,unitless,2
HummingbirdLake.Ager.2019,none,NA,chronData,lc-chRpWPR7Su3TYskIGb0,thickness,cm,10
HummingbirdLake.Ager.2019,none,NA,chronData,lc-chRHJoQ7GMAMNDD9MPo,notes,unitless,10
HummingbirdLake.Ager.2019,none,NA,chronData,lc-chR5h15RnqdQXGghRjl,depth_top,cm,10
HummingbirdLake.Ager.2019,none,NA,chronData,lc-chRrtMnqx2Ar6L7enpr,depth_bottom,cm,10
HuntersLake.Anderson.2008Legacy,none,NA,chronData,lc-chR5XH8gZjQlfdwSeL6,notes,unitless,10
Hureckaslat.Svobodova.2002,none,NA,chronData,lc-chR1MKlwzu2CxO4uigW,notes,unitless,7
HurlegLake.Zhao.2007,none,NA,chronData,lc-chRV4NbgfMrQavajFtR,notes,unitless,8
HustlerLake.Charles.1984,none,NA,chronData,lc-chR8tCpA0zeUtdcWPHM,labID,unitless,11
HustlerLake.Charles.1984,none,NA,chronData,lc-chRNwKVwwCr9V51Wq1C,materialDated,unitless,11
HustlerLake.Charles.1984,none,NA,chronData,lc-chR6eof9MO8AoV4TeKL,notes,unitless,11
HuzenbacherSee.Rosch.2011,none,NA,chronData,lc-chRQ0nvug5daxDrS1Aj,materialDated,unitless,4
HuzenbacherSee.Rosch.2011,none,NA,chronData,lc-chRILBJLar2J3UnLfws,notes,unitless,4
HynesBrookSaltMarsh.Brookes.1985,none,NA,chronData,lc-chR1wOPHtV3I5X398pU,notes,unitless,2
IC02HEWD,none,NA,chronData,chron1_yt3CdDuQ,vrefname,NA,11
IC08VI79,none,NA,chronData,chron3_d5JiFJBe,match point type,NA,17
IC08VIRE,none,NA,chronData,chronIC08VIRE_003,match point type,unitless,73
IC11DILO,none,NA,chronData,chron1_NWTgjXvs,vrefname,NA,1229
IOW225514BAY.Emeis.2003,none,NA,chronData,T2L_IOW225514_depth_bottom,depth_bottom,cm,9
IOW225514BAY.Emeis.2003,none,NA,chronData,T2L_IOW225514_delta_r_original,delta_r_original,NA,9
IOW225514BAY.Emeis.2003,none,NA,chronData,T2L_IOW225514_delta_r_1s_error_original,delta_r_1s_error_original,NA,9
IOW225514BAY.Emeis.2003,none,NA,chronData,T2L_IOW225514_other_date,other_date,NA,9
IOW225514BAY.Emeis.2003,none,NA,chronData,T2L_IOW225514_other_1s_err,other_1s_err,NA,9
IOW225514BAY.Emeis.2003,none,NA,chronData,T2L_IOW225514_other_type,other_type,NA,9
IOW225517BAY.Emeis.2003,none,NA,chronData,T2L_IOW225517_depth_bottom,depth_bottom,cm,7
IOW225517BAY.Emeis.2003,none,NA,chronData,T2L_IOW225517_delta_r_original,delta_r_original,NA,7
IOW225517BAY.Emeis.2003,none,NA,chronData,T2L_IOW225517_delta_r_1s_error_original,delta_r_1s_error_original,NA,7
IOW225517BAY.Emeis.2003,none,NA,chronData,T2L_IOW225517_other_date,other_date,NA,7
IOW225517BAY.Emeis.2003,none,NA,chronData,T2L_IOW225517_other_1s_err,other_1s_err,NA,7
IOW225517BAY.Emeis.2003,none,NA,chronData,T2L_IOW225517_other_type,other_type,NA,7
Iaz.Grindean.2014,none,NA,chronData,lc-chRbnTyd0oKLWf3YBaM,notes,unitless,6
IcehousePond.Parshall.2002,none,NA,chronData,lc-chRWVMCVK23VHgqpRM7,notes,unitless,12
Ichourad.HillaireMarcel.1983,none,NA,paleoData,OLS_R6hLKT4z3cH,lakeTrend,unitless,32
IdavainLake.Brubaker.2001,none,NA,chronData,lc-chR1N8IjhRpvmlpQpby,notes,unitless,13
Iffigsee.Schworer.2015,none,NA,chronData,lc-chRzhISkGTDtEiP9TqZ,notes,unitless,21
IgarkaPeatExposure.Anderson.2002,none,NA,chronData,lc-chREGL32Y0YvD0NsJar,notes,unitless,3
IglutalikLake.author.1111,none,NA,chronData,lc-chRWVrwT82B1DQcJW9J,labID,unitless,5
IglutalikLake.author.1111,none,NA,chronData,lc-chRaEWi67vdVyWMkE6Z,materialDated,unitless,5
IglutalikLake.author.1111,none,NA,chronData,lc-chRDE7rNSdGprNDCw1x,thickness,cm,5
IglutalikLake.author.1111,none,NA,chronData,lc-chRGWaycp9NTeIETvXB,notes,unitless,5
IglutalikLake.author.1111,none,NA,chronData,lc-chRlqpxhic0y1zkAjuW,depth_top,cm,5
IglutalikLake.author.1111,none,NA,chronData,lc-chRhZ6tfMpLrZhxUKEk,depth_bottom,cm,5
IkenokochiMoor.Takahara.1995,none,NA,chronData,lc-chRdteaDULfLlTBSiEW,notes,unitless,4
IlFuorn.Stahli.2006,none,NA,chronData,lc-chRL5yIAOhyoccwv3r1,notes,unitless,6
IlFuorn.Welten.1982,none,NA,chronData,lc-chR7dFZcTAIeUYN0hD9,thickness,cm,3
IlFuorn.Welten.1982,none,NA,chronData,lc-chRlYztbqw3dCvAfMqF,notes,unitless,3
IlFuorn.Welten.1982,none,NA,chronData,lc-chRPZJ0HC8pTjh2OaiX,depth_top,cm,3
IlFuorn.Welten.1982,none,NA,chronData,lc-chRu8dqPggxZz3YMR6v,depth_bottom,cm,3
Ilan.Lin.2004,none,NA,chronData,lc-chRqOeDajIhWGX5Rozb,labID,unitless,4
Ilan.Lin.2004,none,NA,chronData,lc-chRqKo1gVOFGH761FAY,notes,unitless,4
IledErrand.Visset.1988,none,NA,chronData,lc-chRTqJTbwCHSABrBw7W,thickness,cm,7
IledErrand.Visset.1988,none,NA,chronData,lc-chRlk4HiCsTiBNV5NB1,notes,unitless,7
IledErrand.Visset.1988,none,NA,chronData,lc-chRDQsFdtjrGhSElOJV,depth_top,cm,7
IledErrand.Visset.1988,none,NA,chronData,lc-chRXpejGhcewySUkWk7,depth_bottom,cm,7
IlinkaTerrace.Anderson.2002,none,NA,chronData,lc-chRb9qAsZMZIjhTGUMq,notes,unitless,3
IlotSully.Visset.2001,none,NA,chronData,lc-chR5zlVlfJxZvG78KjI,thickness,cm,3
IlotSully.Visset.2001,none,NA,chronData,lc-chR6s90YKmr0xFZ54rE,notes,unitless,3
IlotSully.Visset.2001,none,NA,chronData,lc-chRP1d1S5ehUvUF374v,depth_top,cm,3
IlotSully.Visset.2001,none,NA,chronData,lc-chR31pDuIwrlHCvcnYe,depth_bottom,cm,3
ImatuMire.author.1111,none,NA,chronData,lc-chRxocrUvJgDTlKRzPd,notes,unitless,4
ImnavaitCreek.Eisner.1991,none,NA,chronData,lc-chRlL6XjUzWai2YJZHq,labID,unitless,4
ImnavaitCreek.Eisner.1991,none,NA,chronData,lc-chRqGBPysgPjQvawus8,materialDated,unitless,4
ImnavaitCreek.Eisner.1991,none,NA,chronData,lc-chRsVo64hp3CGzj6Mpw,notes,unitless,4
InAridal.Durand.1986,none,NA,paleoData,OLS_R3vjnlzn6Ij,lakeTrend,unitless,32
IndianLake.Steventon.1983,none,NA,chronData,lc-chRm8bNQJQoytLa3seb,notes,unitless,5
IndianPrairieFen.Sea.1995,none,NA,chronData,lc-chR6gzyEkAFJUU9jmRh,notes,unitless,6
IndianPrairieFen.Whitlock.1995,none,NA,chronData,M2Ljtfmjk14C,notes,unitless,5
InglesbyLake.Fritz.1987,none,NA,chronData,lc-chR0nMx9Ty1X2MU6EAH,notes,unitless,7
Iosipovo.Chernavskaya.1988,none,NA,chronData,lc-chRl2sUmfWEkzdb9zw6,notes,unitless,2
IrvinLake.Alwin.1982,none,NA,chronData,lc-chRzWrNNTKc9Lgc0Wfd,notes,unitless,7
IrwinSmithBog.Booth.2012,none,NA,chronData,lc-chRB0FiG7ZRI0aexLfH,notes,unitless,24
Irzerzou.Delibrias.1966,none,NA,paleoData,OLS_RajuYliWXTg,lakeTrend,unitless,32
Isbenttjonn.Birks.2007,none,NA,chronData,lc-chRGXGRkvxTALu9ESGn,notes,unitless,7
IslandLake.Mott.2004,none,NA,chronData,lc-chRh1hSX3ZlZlnV4V4s,notes,unitless,3
IsleauHautNorthHollow.Schauffler.1998,none,NA,chronData,lc-chRt6pHBQ1b1xHdWSlV,notes,unitless,4
Isokarret.Asplund.1989,none,NA,chronData,lc-chRVsPPEXQTz8MZbnaE,notes,unitless,4
Ispani2.deKlerk.2009,none,NA,chronData,lc-chRzpDiXLS19IDbf6MU,notes,unitless,4
IssykKul.Alesinkaja.1969,none,NA,paleoData,OLS_Rv375tGauf5,lakeTrend,unitless,32
ItascaBisonKillSite.Shay.1971,none,NA,chronData,lc-chRSIybc9oW6Fl9mz8n,notes,unitless,3
IvanovskoyePeatBog.author.1111,none,NA,chronData,lc-chRBSPVqb9ixG2UzlZb,notes,unitless,9
Iwayasite.Takahara.1992,none,NA,chronData,lc-chRdkbjZf8a2gWFcVi6,notes,unitless,9
Iztapa.Larmon.2013,none,NA,chronData,lc-chREhftF7NQGigx1FHp,notes,unitless,5
IzylmetevskayaTerraceExposure3410.Anderson.2002,none,NA,chronData,lc-chRRSTMDLDAADOyIrkS,notes,unitless,5
J11,none,NA,chronData,T2L_J11_delta_r_1s_error_original,delta_r_1s_error_original,NA,12
J11,none,NA,chronData,T2L_J11_other_date,other_date,NA,12
J11,none,NA,chronData,T2L_J11_other_1s_err,other_1s_err,NA,12
J11,none,NA,chronData,T2L_J11_other_type,other_type,NA,12
JR244_GC528.Roberts.2016,none,NA,chronData,T2L_JR244_GC528_depth_bottom,depth_bottom,cm,25
JR244_GC528.Roberts.2016,none,NA,chronData,T2L_JR244_GC528_other_date,other_date,NA,25
JR244_GC528.Roberts.2016,none,NA,chronData,T2L_JR244_GC528_other_1s_err,other_1s_err,NA,25
JR244_GC528.Roberts.2016,none,NA,chronData,T2L_JR244_GC528_other_type,other_type,NA,25
JR51GC_35.Bendle.2007,none,NA,chronData,T2L_JR51GC_35_delta_r_1s_error_original,delta_r_1s_error_original,NA,10
JR51GC_35.Bendle.2007,none,NA,chronData,T2L_JR51GC_35_other_date,other_date,NA,10
JR51GC_35.Bendle.2007,none,NA,chronData,T2L_JR51GC_35_other_1s_err,other_1s_err,NA,10
JR51GC_35.Bendle.2007,none,NA,chronData,T2L_JR51GC_35_other_type,other_type,NA,10
JT96_09,none,NA,chronData,T2L_JT96_09_labcode,labcode,NA,11
JT96_09,none,NA,chronData,T2L_JT96_09_depth_bottom,depth_bottom,cm,11
JT96_09,none,NA,chronData,T2L_JT96_09_delta_r_1s_error_original,delta_r_1s_error_original,NA,11
JT96_09,none,NA,chronData,T2L_JT96_09_other_date,other_date,NA,11
JT96_09,none,NA,chronData,T2L_JT96_09_other_1s_err,other_1s_err,NA,11
JT96_09,none,NA,chronData,T2L_JT96_09_other_type,other_type,NA,11
Jack.Liu.1985,none,NA,chronData,M2LjskkegddC,notes,NA,3
JackLake.Liu.1985,none,NA,chronData,lc-chRwWNs59oTybR2Eek8,notes,unitless,3
JackLondonLake.Anderson.2002,none,NA,chronData,lc-chRM71CNB0UmMz20oFQ,notes,unitless,6
JackLondonLake.Lozhkin.1993,none,NA,chronData,lc-chRs1jSP8Ei9rsNd5YL,notes,unitless,6
JacksonPond.Liu.2013,none,NA,chronData,lc-chR2YFYvnYc5RrDgCLZ,notes,unitless,12
JacksonPond.Wilkins.1985,none,NA,chronData,lc-chRN9XT003GaG8xHEGB,notes,unitless,6
JacobLake.Jacobs.1983,none,NA,chronData,lc-chRc4jRnjpQw5whZW6M,notes,unitless,3
JamesBay.author.1111,none,NA,chronData,lc-chRxokrUujzJhWMY1wt,materialDated,unitless,3
JamesBay.author.1111,none,NA,chronData,lc-chRFqzofQSdJXdEwfGh,notes,unitless,3
JanLake.Carlson.2003,none,NA,chronData,lc-chR5JEJenWI7mliVf8T,notes,unitless,19
JanesCove.Stevens.1996,none,NA,chronData,lc-chR3FOskm9rwBKMVbSK,notes,unitless,3
Jaragucave.Novello.2017,none,NA,chronData,S2LcRtKGcOmT8Wp,materialDated,unitless,44
Jaragucave.Novello.2017,none,NA,chronData,S2LcRzU5YX5oqjW,retained,unitless,44
Jaragucave.Novello.2017,none,NA,chronData,S2LcRMRUSlCrJdr,decayConstant,unitless,44
Jaragucave.Novello.2017,none,NA,chronData,S2LcRKZqXrggysd,age_type,unitless,44
Jaragucave.Novello.2017,none,NA,chronData,S2LcRgmKE7Mm3c9,materialDated,unitless,15
Jaragucave.Novello.2017,none,NA,chronData,S2LcRqsGb4TrQ0w,retained,unitless,15
Jaragucave.Novello.2017,none,NA,chronData,S2LcR6Fhl7vOojR,decayConstant,unitless,15
Jaragucave.Novello.2017,none,NA,chronData,S2LcR5O9TIIZX7r,age_type,unitless,15
Jaragucave.Novello.2017,none,NA,chronData,S2LcRwSdivfMtVU,materialDated,unitless,23
Jaragucave.Novello.2017,none,NA,chronData,S2LcRkyTldKjh9g,retained,unitless,23
Jaragucave.Novello.2017,none,NA,chronData,S2LcRKwbG5eOPa2,decayConstant,unitless,23
Jaragucave.Novello.2017,none,NA,chronData,S2LcRsk3SHnRjRS,age_type,unitless,23
Jaragucave.Novello.2017,none,NA,chronData,S2LcRPd6vJBxYYd,labID,unitless,22
Jaragucave.Novello.2017,none,NA,chronData,S2LcR1WFzmuNbeU,materialDated,unitless,22
Jaragucave.Novello.2017,none,NA,chronData,S2LcRD0OdStCRuO,retained,unitless,22
Jaragucave.Novello.2017,none,NA,chronData,S2LcRLGm8lLeiwd,decayConstant,unitless,22
Jaragucave.Novello.2017,none,NA,chronData,S2LcRN1R9TTCLT3,age_type,unitless,22
Jaragucave.Novello.2017,none,NA,chronData,S2LcRpO5y082GVG,labID,unitless,15
Jaragucave.Novello.2017,none,NA,chronData,S2LcR38PDFplwh1,materialDated,unitless,15
Jaragucave.Novello.2017,none,NA,chronData,S2LcRKN8NValgCm,retained,unitless,15
Jaragucave.Novello.2017,none,NA,chronData,S2LcRSkfLxWXfzg,decayConstant,unitless,15
Jaragucave.Novello.2017,none,NA,chronData,S2LcRp0SpCisMGj,age_type,unitless,15
Jasiel.Szczepanek.1987,none,NA,chronData,lc-chRMW5xw8y3Tw73xFms,notes,unitless,6
Jaunay.Joly.2006,none,NA,chronData,lc-chRtmAMxR7GsWIrt29M,notes,unitless,7
JayLake.Ewing.2000,none,NA,chronData,lc-chRCYWPADcgwSYF4K6k,notes,unitless,7
JebelAulia.Williams.1974,none,NA,paleoData,OLS_R7s5reRXone,lakeTrend,unitless,32
JebelQuoquin.Pachur.1975,none,NA,paleoData,OLS_RiOF1fKiyXl,lakeTrend,unitless,32
Jeitacave.Cheng.2015,none,NA,paleoData,S2LRNeo9ZehJY4,notes,NA,1830
Jeitacave.Cheng.2015,none,NA,chronData,S2LcRzHgEwOqq9b,labID,unitless,63
Jeitacave.Cheng.2015,none,NA,chronData,S2LcR7eeW0pXtN5,materialDated,unitless,63
Jeitacave.Cheng.2015,none,NA,chronData,S2LcRKR3xRB82Jk,retained,unitless,63
Jeitacave.Cheng.2015,none,NA,chronData,S2LcRd5Xf0JGIsX,decayConstant,unitless,63
Jeitacave.Cheng.2015,none,NA,chronData,S2LcRQzBH2dgaLT,age_type,unitless,63
Jeitacave.Cheng.2015,none,NA,chronData,S2LcRGdXdAJANXY,labID,unitless,7
Jeitacave.Cheng.2015,none,NA,chronData,S2LcRDzaBx6jI5v,materialDated,unitless,7
Jeitacave.Cheng.2015,none,NA,chronData,S2LcRvHi4zR6NfX,retained,unitless,7
Jeitacave.Cheng.2015,none,NA,chronData,S2LcReEi8JRSbHH,decayConstant,unitless,7
Jeitacave.Cheng.2015,none,NA,chronData,S2LcRXbW89yWqZT,age_type,unitless,7
Jeitacave.Cheng.2015,none,NA,chronData,S2LcRGhf3Mkwb6W,labID,unitless,6
Jeitacave.Cheng.2015,none,NA,chronData,S2LcRuJdvBa0uYr,materialDated,unitless,6
Jeitacave.Cheng.2015,none,NA,chronData,S2LcRtItudDbfa4,retained,unitless,6
Jeitacave.Cheng.2015,none,NA,chronData,S2LcRO7s9YjMCos,decayConstant,unitless,6
Jeitacave.Cheng.2015,none,NA,chronData,S2LcRgjJoZLvmZr,age_type,unitless,6
Jelenilouze.Pokorny.2008,none,NA,chronData,lc-chRlB7zcZ1P4ZELKV5W,thickness,cm,5
Jelenilouze.Pokorny.2008,none,NA,chronData,lc-chRiy3ABBg2FvA1NVFh,notes,unitless,5
Jelenilouze.Pokorny.2008,none,NA,chronData,lc-chRMRPDTFwIvzALhRwU,depth_top,cm,5
Jelenilouze.Pokorny.2008,none,NA,chronData,lc-chRZ4NIjXLkWWXMol9U,depth_bottom,cm,5
JemimaPond.Parshall.2002,none,NA,chronData,lc-chRFsBnCo7Z9dTwIuyh,notes,unitless,17
Jewell.Baker.1986,none,NA,chronData,M2L2gkitwuwC,notes,NA,7
JewellSite.Kim.1986,none,NA,chronData,lc-chRd4PBcQjougddwh1H,notes,unitless,7
Jiangling.Xie.2008,none,NA,chronData,lc-chRfiNLwprZTt1XV9e4,labID,unitless,8
Jiangling.Xie.2008,none,NA,chronData,lc-chRXHkiLqksTSbPRwOK,thickness,cm,8
Jiangling.Xie.2008,none,NA,chronData,lc-chReI9o14B56wQBP12j,notes,unitless,8
Jiangling.Xie.2008,none,NA,chronData,lc-chRGPXtjkWeqR7QdiHg,depth_top,cm,8
Jiangling.Xie.2008,none,NA,chronData,lc-chRFph8fAs7tL8uJuu4,depth_bottom,cm,8
JingboLake.Li.2011,none,NA,chronData,lc-chRrmK0SiugeSG5JlTw,labID,unitless,7
JingboLake.Li.2011,none,NA,chronData,lc-chRaDmj85UvFSx1NeBL,thickness,cm,7
JingboLake.Li.2011,none,NA,chronData,lc-chRodSMWaGO8cqUxxC3,notes,unitless,7
JingboLake.Li.2011,none,NA,chronData,lc-chRyO9BVRpguU2ocBqK,depth_top,cm,7
JingboLake.Li.2011,none,NA,chronData,lc-chRQyBetJzMAFhxr6VZ,depth_bottom,cm,7
Jiuxiancave.Cai.2010,none,NA,paleoData,S2LRPA3KbpbSBZ,notes,unitless,900
Jiuxiancave.Cai.2010,none,NA,paleoData,WEB445acfda,hasHiatus,unitless,900
Jiuxiancave.Cai.2010,none,NA,chronData,S2LcRnnmoJcHss9,labID,unitless,24
Jiuxiancave.Cai.2010,none,NA,chronData,S2LcRDcUAPjAOUi,materialDated,unitless,24
Jiuxiancave.Cai.2010,none,NA,chronData,S2LcR4YfuwQJqgl,retained,unitless,24
Jiuxiancave.Cai.2010,none,NA,chronData,S2LcRYPumneYGly,decayConstant,unitless,24
Jiuxiancave.Cai.2010,none,NA,chronData,S2LcREhsW4vhZNW,age_type,unitless,24
Jiuxiancave.Cai.2010,none,NA,chronData,S2LcR7o0ZNcYWyb,labID,unitless,18
Jiuxiancave.Cai.2010,none,NA,chronData,S2LcRm3wnbtKZHH,materialDated,unitless,18
Jiuxiancave.Cai.2010,none,NA,chronData,S2LcRVAQoCJeqt9,retained,unitless,18
Jiuxiancave.Cai.2010,none,NA,chronData,S2LcRQGj8FJLEBP,decayConstant,unitless,18
Jiuxiancave.Cai.2010,none,NA,chronData,S2LcRG0DrKG4gFp,age_type,unitless,18
JoeLake.Anderson.1988,none,NA,chronData,lc-chRoTSQ74XCFYDRHDiL,notes,unitless,19
JoesPond.Anderson.1992,none,NA,chronData,lc-chRqn1baPeXQXxDhBma,materialDated,unitless,3
JonesLake.Teed.2009,none,NA,chronData,lc-chRakC5oF75Nkvmd8hr,notes,unitless,27
JonesLakeGlenborosite.Ritchie.1968,none,NA,chronData,lc-chR43q2mgXbWBRtyFis,materialDated,unitless,5
JonesLakeGlenborosite.Ritchie.1968,none,NA,chronData,lc-chRgLXvxqTKxC02Qcjy,thickness,cm,5
JonesLakeGlenborosite.Ritchie.1968,none,NA,chronData,lc-chRFRv2NFIv8Ce0CZLC,notes,unitless,5
JonesLakeGlenborosite.Ritchie.1968,none,NA,chronData,lc-chRIkq8v8uKiEFbfl12,depth_top,cm,5
JonesLakeGlenborosite.Ritchie.1968,none,NA,chronData,lc-chRqsUdwVYD0NKxp0IJ,depth_bottom,cm,5
JufPlan.Welten.1982,none,NA,chronData,lc-chRAgiP2YGAKTgV7ImS,thickness,cm,2
JufPlan.Welten.1982,none,NA,chronData,lc-chR0Yt99g1RzrLJE9r6,notes,unitless,2
JufPlan.Welten.1982,none,NA,chronData,lc-chRGl6sXnrpB1fLDOXn,depth_top,cm,2
JufPlan.Welten.1982,none,NA,chronData,lc-chR5ITFz68TMfbW8M4L,depth_bottom,cm,2
KH_79_3_L3,none,NA,chronData,T2L_KH_79_3_L3_delta_r_1s_error_original,delta_r_1s_error_original,NA,8
KH_79_3_L3,none,NA,chronData,T2L_KH_79_3_L3_other_1s_err,other_1s_err,NA,8
KNI-51.Denniston.2013,none,NA,paleoData,S2LR5y4Dda3rO6,notes,unitless,2160
KNI-51.Denniston.2013,none,NA,chronData,S2LcRMXyhGA2yj3,materialDated,unitless,15
KNI-51.Denniston.2013,none,NA,chronData,S2LcROVqJvmQI74,retained,unitless,15
KNI-51.Denniston.2013,none,NA,chronData,S2LcRAJXIMGuNb8,decayConstant,unitless,15
KNI-51.Denniston.2013,none,NA,chronData,S2LcRQpHQl9hitU,age_type,unitless,15
KNI-51.Denniston.2013,none,NA,chronData,S2LcReLQpv2BFCD,materialDated,unitless,4
KNI-51.Denniston.2013,none,NA,chronData,S2LcR1jFilu9tVg,retained,unitless,4
KNI-51.Denniston.2013,none,NA,chronData,S2LcREXH1U5mrf1,decayConstant,unitless,4
KNI-51.Denniston.2013,none,NA,chronData,S2LcR84EiOptjBi,age_type,unitless,4
KNI-51.Denniston.2013,none,NA,chronData,S2LcRqD8ow6hRMk,materialDated,unitless,5
KNI-51.Denniston.2013,none,NA,chronData,S2LcRi9qAdozpva,retained,unitless,5
KNI-51.Denniston.2013,none,NA,chronData,S2LcRbWcmgWtyfj,decayConstant,unitless,5
KNI-51.Denniston.2013,none,NA,chronData,S2LcROlB1Rk4A9R,age_type,unitless,5
KNI-51.Denniston.2013,none,NA,chronData,S2LcRUKlhiDABUi,materialDated,unitless,3
KNI-51.Denniston.2013,none,NA,chronData,S2LcRgXeSUBfg97,retained,unitless,3
KNI-51.Denniston.2013,none,NA,chronData,S2LcRBW12tYpsbd,decayConstant,unitless,3
KNI-51.Denniston.2013,none,NA,chronData,S2LcRQmw4VgxiN4,age_type,unitless,3
KNI-51.Denniston.2013,none,NA,chronData,S2LcROFa3CmYRbR,materialDated,unitless,5
KNI-51.Denniston.2013,none,NA,chronData,S2LcRwDa3zalhUG,retained,unitless,5
KNI-51.Denniston.2013,none,NA,chronData,S2LcRANdlyjbN1k,decayConstant,unitless,5
KNI-51.Denniston.2013,none,NA,chronData,S2LcR9HgsjPf2gY,age_type,unitless,5
KNI-51.Denniston.2013,none,NA,chronData,S2LcRiNWHY7Pfau,materialDated,unitless,22
KNI-51.Denniston.2013,none,NA,chronData,S2LcRMevVpF4HL1,retained,unitless,22
KNI-51.Denniston.2013,none,NA,chronData,S2LcRRN4jZvzv8Z,decayConstant,unitless,22
KNI-51.Denniston.2013,none,NA,chronData,S2LcRDv7sKUIFPM,age_type,unitless,22
KNI-51.Denniston.2013,none,NA,chronData,S2LcRUE2z6i10Wu,materialDated,unitless,2
KNI-51.Denniston.2013,none,NA,chronData,S2LcRBWpubdD1rP,retained,unitless,2
KNI-51.Denniston.2013,none,NA,chronData,S2LcRdR29kRantZ,decayConstant,unitless,2
KNI-51.Denniston.2013,none,NA,chronData,S2LcR1RE7iByHKG,age_type,unitless,2
KNI-51.Denniston.2013,none,NA,chronData,S2LcRJQPEGxvtuP,materialDated,unitless,2
KNI-51.Denniston.2013,none,NA,chronData,S2LcRIxPMXtxbyC,retained,unitless,2
KNI-51.Denniston.2013,none,NA,chronData,S2LcR2BxymK73tu,decayConstant,unitless,2
KNI-51.Denniston.2013,none,NA,chronData,S2LcR0FxhQuOsrH,age_type,unitless,2
KNI-51.Denniston.2013,none,NA,chronData,S2LcRrThcr8JG6k,materialDated,unitless,3
KNI-51.Denniston.2013,none,NA,chronData,S2LcReGUVRLc775,retained,unitless,3
KNI-51.Denniston.2013,none,NA,chronData,S2LcR99xEzSGeIn,decayConstant,unitless,3
KNI-51.Denniston.2013,none,NA,chronData,S2LcRNOComPVGn2,age_type,unitless,3
KNI-51.Denniston.2013,none,NA,chronData,S2LcR97OCdtWSiz,materialDated,unitless,6
KNI-51.Denniston.2013,none,NA,chronData,S2LcRS5YoK9cjFC,retained,unitless,6
KNI-51.Denniston.2013,none,NA,chronData,S2LcRdlFF4CJfu3,decayConstant,unitless,6
KNI-51.Denniston.2013,none,NA,chronData,S2LcRitcgvGiW3j,age_type,unitless,6
KNI-51.Denniston.2013,none,NA,chronData,S2LcRfVO0n5cPyT,materialDated,unitless,7
KNI-51.Denniston.2013,none,NA,chronData,S2LcRS5oxOYcuEY,retained,unitless,7
KNI-51.Denniston.2013,none,NA,chronData,S2LcRVdkpBl7yuS,decayConstant,unitless,7
KNI-51.Denniston.2013,none,NA,chronData,S2LcRT9ShfebNln,age_type,unitless,7
KNI-51.Denniston.2013,none,NA,chronData,S2LcRNWbvrY3BOg,materialDated,unitless,9
KNI-51.Denniston.2013,none,NA,chronData,S2LcR8Tm43syGjm,retained,unitless,9
KNI-51.Denniston.2013,none,NA,chronData,S2LcRmYWRc9i3w8,decayConstant,unitless,9
KNI-51.Denniston.2013,none,NA,chronData,S2LcRWcfMTgnCpL,age_type,unitless,9
KNI-51.Denniston.2013,none,NA,chronData,S2LcRWaeuSroEv1,materialDated,unitless,3
KNI-51.Denniston.2013,none,NA,chronData,S2LcRc7M6v7YqZQ,retained,unitless,3
KNI-51.Denniston.2013,none,NA,chronData,S2LcRdclcVGgCCR,decayConstant,unitless,3
KNI-51.Denniston.2013,none,NA,chronData,S2LcRRyfuolcLbO,age_type,unitless,3
KNI-51.Denniston.2013,none,NA,chronData,S2LcROyUR3mAvK6,materialDated,unitless,2
KNI-51.Denniston.2013,none,NA,chronData,S2LcRBZquhKdueA,retained,unitless,2
KNI-51.Denniston.2013,none,NA,chronData,S2LcRx1bRcaiBEM,decayConstant,unitless,2
KNI-51.Denniston.2013,none,NA,chronData,S2LcRRI30BgT78F,age_type,unitless,2
KNI-51.Denniston.2013,none,NA,chronData,S2LcR2ezwHDttlU,materialDated,unitless,3
KNI-51.Denniston.2013,none,NA,chronData,S2LcRkbSXMbbblK,retained,unitless,3
KNI-51.Denniston.2013,none,NA,chronData,S2LcR7URY5plATS,decayConstant,unitless,3
KNI-51.Denniston.2013,none,NA,chronData,S2LcRpnRNujh4PG,age_type,unitless,3
KNI-51.Denniston.2013,none,NA,chronData,S2LcRymJLhbvYFp,materialDated,unitless,3
KNI-51.Denniston.2013,none,NA,chronData,S2LcRfLqaC2tcTQ,retained,unitless,3
KNI-51.Denniston.2013,none,NA,chronData,S2LcRsomjwXiSfF,decayConstant,unitless,3
KNI-51.Denniston.2013,none,NA,chronData,S2LcRASOjKhmaBJ,age_type,unitless,3
KNI-51.Denniston.2013,none,NA,chronData,S2LcRsvuFQJ0knU,materialDated,unitless,3
KNI-51.Denniston.2013,none,NA,chronData,S2LcRxlNX5DA0HX,retained,unitless,3
KNI-51.Denniston.2013,none,NA,chronData,S2LcRWVhRgGth2o,decayConstant,unitless,3
KNI-51.Denniston.2013,none,NA,chronData,S2LcRL4frjxztCy,age_type,unitless,3
KNI-51.Denniston.2013,none,NA,chronData,S2LcR0T21W3bkS7,materialDated,unitless,5
KNI-51.Denniston.2013,none,NA,chronData,S2LcRoGUq3Fq6xF,retained,unitless,5
KNI-51.Denniston.2013,none,NA,chronData,S2LcRlAtYxFzg6E,decayConstant,unitless,5
KNI-51.Denniston.2013,none,NA,chronData,S2LcR5bTAEfAOAh,age_type,unitless,5
KNI-51.Denniston.2013,none,NA,chronData,S2LcR4lrnUs9koD,materialDated,unitless,14
KNI-51.Denniston.2013,none,NA,chronData,S2LcRHz2vZcXsWg,retained,unitless,14
KNI-51.Denniston.2013,none,NA,chronData,S2LcRAIYFluDoaU,decayConstant,unitless,14
KNI-51.Denniston.2013,none,NA,chronData,S2LcRdQPahbRd9N,age_type,unitless,14
KNI-51.Denniston.2013,none,NA,chronData,S2LcR8jCEHVo06t,materialDated,unitless,11
KNI-51.Denniston.2013,none,NA,chronData,S2LcRRJaxGdK2RW,retained,unitless,11
KNI-51.Denniston.2013,none,NA,chronData,S2LcRGWf3Fjcpoo,decayConstant,unitless,11
KNI-51.Denniston.2013,none,NA,chronData,S2LcRDezbxf9ZLx,age_type,unitless,11
KNR140_51GGC,none,NA,chronData,T2L_KNR140_51GGC_labcode,labcode,NA,13
KNR140_51GGC,none,NA,chronData,T2L_KNR140_51GGC_depth_bottom,depth_bottom,cm,13
KNR140_51GGC,none,NA,chronData,T2L_KNR140_51GGC_delta_r_1s_error_original,delta_r_1s_error_original,NA,13
KNR140_51GGC,none,NA,chronData,T2L_KNR140_51GGC_other_date,other_date,NA,13
KNR140_51GGC,none,NA,chronData,T2L_KNR140_51GGC_other_1s_err,other_1s_err,NA,13
KNR140_51GGC,none,NA,chronData,T2L_KNR140_51GGC_other_type,other_type,NA,13
KNR159_5_36GGC.Carlson.2008,none,NA,chronData,T2L_KNR159_5_36GGC_labcode,labcode,NA,15
KNR159_5_36GGC.Carlson.2008,none,NA,chronData,T2L_KNR159_5_36GGC_depth_bottom,depth_bottom,cm,15
KNR159_5_36GGC.Carlson.2008,none,NA,chronData,T2L_KNR159_5_36GGC_delta_r_1s_error_original,delta_r_1s_error_original,NA,15
KNR159_5_36GGC.Carlson.2008,none,NA,chronData,T2L_KNR159_5_36GGC_other_date,other_date,NA,15
KNR159_5_36GGC.Carlson.2008,none,NA,chronData,T2L_KNR159_5_36GGC_other_1s_err,other_1s_err,NA,15
KNR159_5_36GGC.Carlson.2008,none,NA,chronData,T2L_KNR159_5_36GGC_other_type,other_type,NA,15
KNR159_JPC26.Antonarakou.2015,none,NA,chronData,T2L_KNR159_JPC26_delta_r_1s_error_original,delta_r_1s_error_original,NA,10
KNR159_JPC26.Antonarakou.2015,none,NA,chronData,T2L_KNR159_JPC26_other_date,other_date,NA,10
KNR159_JPC26.Antonarakou.2015,none,NA,chronData,T2L_KNR159_JPC26_other_1s_err,other_1s_err,NA,10
KNR159_JPC26.Antonarakou.2015,none,NA,chronData,T2L_KNR159_JPC26_other_type,other_type,NA,10
KNR166_14_11JPC.Elmore.2015,none,NA,chronData,T2L_KNR166_14_11JPC_labcode,labcode,NA,15
KNR166_14_11JPC.Elmore.2015,none,NA,chronData,T2L_KNR166_14_11JPC_depth_bottom,depth_bottom,cm,15
KNR166_14_11JPC.Elmore.2015,none,NA,chronData,T2L_KNR166_14_11JPC_delta_r_1s_error_original,delta_r_1s_error_original,NA,15
KNR166_14_11JPC.Elmore.2015,none,NA,chronData,T2L_KNR166_14_11JPC_other_date,other_date,NA,15
KNR166_14_11JPC.Elmore.2015,none,NA,chronData,T2L_KNR166_14_11JPC_other_1s_err,other_1s_err,NA,15
KNR166_14_11JPC.Elmore.2015,none,NA,chronData,T2L_KNR166_14_11JPC_other_type,other_type,NA,15
KNR166_JPC26.Schmidt.2011,none,NA,chronData,T2L_KNR166_JPC26_labcode,labcode,NA,29
KNR166_JPC26.Schmidt.2011,none,NA,chronData,T2L_KNR166_JPC26_depth_bottom,depth_bottom,cm,29
KNR166_JPC26.Schmidt.2011,none,NA,chronData,T2L_KNR166_JPC26_delta_r_1s_error_original,delta_r_1s_error_original,NA,29
KNR166_JPC26.Schmidt.2011,none,NA,chronData,T2L_KNR166_JPC26_other_date,other_date,NA,29
KNR166_JPC26.Schmidt.2011,none,NA,chronData,T2L_KNR166_JPC26_other_1s_err,other_1s_err,NA,29
KNR166_JPC26.Schmidt.2011,none,NA,chronData,T2L_KNR166_JPC26_other_type,other_type,NA,29
KNR166_JPC51.Schmidt.2012,none,NA,chronData,T2L_KNR166_JPC51_depth_bottom,depth_bottom,cm,7
KNR166_JPC51.Schmidt.2012,none,NA,chronData,T2L_KNR166_JPC51_mat_dated,mat_dated,NA,7
KNR166_JPC51.Schmidt.2012,none,NA,chronData,T2L_KNR166_JPC51_delta_r_1s_error_original,delta_r_1s_error_original,NA,7
KNR166_JPC51.Schmidt.2012,none,NA,chronData,T2L_KNR166_JPC51_other_date,other_date,NA,7
KNR166_JPC51.Schmidt.2012,none,NA,chronData,T2L_KNR166_JPC51_other_1s_err,other_1s_err,NA,7
KNR166_JPC51.Schmidt.2012,none,NA,chronData,T2L_KNR166_JPC51_other_type,other_type,NA,7
KNR195_5_CDH23.Bova.2015,none,NA,chronData,T2L_KNR195_5_CDH23_delta_r_1s_error_original,delta_r_1s_error_original,NA,24
KNR195_5_CDH23.Bova.2015,none,NA,chronData,T2L_KNR195_5_CDH23_other_date,other_date,NA,24
KNR195_5_CDH23.Bova.2015,none,NA,chronData,T2L_KNR195_5_CDH23_other_1s_err,other_1s_err,NA,24
KNR195_5_CDH23.Bova.2015,none,NA,chronData,T2L_KNR195_5_CDH23_other_type,other_type,NA,24
KNR195_5_CDH26.Bova.2015,none,NA,chronData,T2L_KNR195_5_CDH26_delta_r_1s_error_original,delta_r_1s_error_original,NA,27
KNR195_5_CDH26.Bova.2015,none,NA,chronData,T2L_KNR195_5_CDH26_other_date,other_date,NA,27
KNR195_5_CDH26.Bova.2015,none,NA,chronData,T2L_KNR195_5_CDH26_other_1s_err,other_1s_err,NA,27
KNR195_5_CDH26.Bova.2015,none,NA,chronData,T2L_KNR195_5_CDH26_other_type,other_type,NA,27
KT92_17_St14,none,NA,chronData,T2L_KT92_17_St14_labcode,labcode,NA,5
KT92_17_St14,none,NA,chronData,T2L_KT92_17_St14_delta_r_1s_error_original,delta_r_1s_error_original,NA,5
KT92_17_St14,none,NA,chronData,T2L_KT92_17_St14_other_date,other_date,NA,5
KT92_17_St14,none,NA,chronData,T2L_KT92_17_St14_other_1s_err,other_1s_err,NA,5
KY07_04_PC1.Kubota.2010,none,NA,chronData,T2L_KY07_04_PC1_labcode,labcode,NA,18
KY07_04_PC1.Kubota.2010,none,NA,chronData,T2L_KY07_04_PC1_depth_bottom,depth_bottom,cm,18
KY07_04_PC1.Kubota.2010,none,NA,chronData,T2L_KY07_04_PC1_delta_r_1s_error_original,delta_r_1s_error_original,NA,18
KY07_04_PC1.Kubota.2010,none,NA,chronData,T2L_KY07_04_PC1_other_date,other_date,NA,18
KY07_04_PC1.Kubota.2010,none,NA,chronData,T2L_KY07_04_PC1_other_1s_err,other_1s_err,NA,18
KY07_04_PC1.Kubota.2010,none,NA,chronData,T2L_KY07_04_PC1_other_type,other_type,NA,18
Kaarkotinlampi.Vuorela.1981,none,NA,chronData,lc-chRNcejXN8EzwBhuGnc,notes,unitless,7
Kaartlamminsuo.Rankama.1988Legacy,none,NA,chronData,lc-chRrjsFTMoKM3TxndRx,notes,unitless,4
Kadda.Conrad.1969,none,NA,paleoData,OLS_R6N0wsVfQ9i,lakeTrend,unitless,32
KaiyakLake.Anderson.1985,none,NA,chronData,lc-chREDdHw1F9N6gYxKvH,notes,unitless,7
KakituMountain.Beug.1987,none,NA,chronData,lc-chRhdic1qjsXzpOkugY,notes,unitless,2
KalistratikhaExposure.Anderson.2002,none,NA,chronData,lc-chRg4ReqVLm2YFX5Hiq,notes,unitless,4
Kalven.Bjorck.1987,none,NA,chronData,lc-chRjt4tZntcrEK5pTxq,materialDated,unitless,2
Kalven.Bjorck.1987,none,NA,chronData,lc-chRF12Lcnpj6gbYJKXw,notes,unitless,2
Kamenicky.Rybnickova.1979,none,NA,chronData,lc-chRsh4ZYxyK4JQQRTGl,notes,unitless,8
Kanaaupscow.Richard.1979,none,NA,chronData,lc-chRXTxIItWrcm9sVjYh,notes,unitless,2
KanasLake.Huang.2018,none,NA,chronData,lc-chRT9F0MUucjgmm0rNB,notes,unitless,10
Kandahar.Pias.1972,none,NA,paleoData,OLS_RUloETtZ0jE,lakeTrend,unitless,32
Kangerjoki.Hicks.1975,none,NA,chronData,lc-chRqzW257EUGEmdV11U,notes,unitless,7
KaraBogazGol.Leroy.2006,none,NA,chronData,lc-chRBkLxMJ3pRDsfuNqR,labID,unitless,15
KaraBogazGol.Leroy.2006,none,NA,chronData,lc-chRk7rlLUjai3rDxNIs,materialDated,unitless,15
KaraBogazGol.Leroy.2006,none,NA,chronData,lc-chRYQ370ZYmx74buBc7,notes,unitless,15
Karakol.Beer.2008,none,NA,chronData,lc-chR4nOYUdQGigWpBDT7,notes,unitless,6
KararmikBatakligi.vanZeist.1975,none,NA,chronData,lc-chRbv3rwZRTRauVoOSb,notes,unitless,2
KaraseLake.Tarasov.1995,none,NA,chronData,lc-chRfiG7KsOSjUMIMtye,labID,unitless,6
KaraseLake.Tarasov.1995,none,NA,chronData,lc-chRm2KWpvQ8UGvcWliP,notes,unitless,6
Karasieozerskoe.Panova.1997,none,NA,chronData,lc-chRzUdBnbVhld5H0iEU,notes,unitless,3
KarasyeLake.Tarasov.1994,none,NA,chronData,lc-chRzaMEQFsX525620Rc,notes,unitless,7
KardashinskiSwamp.Kremenetski.1995Legacy,none,NA,chronData,lc-chRQ4ba8EdELvNL9Fcb,notes,unitless,13
KardashinskiSwamp.author.1111,none,NA,chronData,lc-chRInKnyHmxg0PNcNs1,notes,unitless,14
KargopolovoExposure.Anderson.2002,none,NA,chronData,lc-chReZ8lkczZGuODLUM5,notes,unitless,4
KathuPan.Beaumont.1984,none,NA,paleoData,dc_RdM4usx0jaZ14rmXT,sampleID,unitless,16
Katwe.Morton.1976,none,NA,paleoData,OLS_ROep9ipS4f3,lakeTrend,unitless,32
Katzenloch.Wahlmuller.1985,none,NA,chronData,lc-chR9CQVunFUOBwwy8av,notes,unitless,6
KayakskoyeZaimitschye.Anderson.2002,none,NA,chronData,lc-chRhZ2TXipc0YVSupZS,notes,unitless,5
KazGolu.Bottema.1993,none,NA,chronData,lc-chRAxoDfS9H1wYkrIVs,materialDated,unitless,2
KazGolu.Bottema.1993,none,NA,chronData,lc-chRpGcYLurVCJSrnosT,notes,unitless,2
KearneyMcKean2.Dillon.2018,none,NA,paleoData,lcRsBEcCh5rSeBNA7zg,uncertainty,degC,8
KearneyMcKean2.Dillon.2018,none,NA,paleoData,lcRVCRpCFQm3ph6Qz4j,precipitation,mm/yr,8
KearneyMcKean2.Dillon.2018,none,NA,paleoData,lcRNpznaNKMtXstC5H1,uncertainty,mm/yr,8
KearneyMcKean2.Dillon.2018,none,NA,chronData,lc-chRu8F8zS9UTxAWOPoP,notes,unitless,2
KeeleLake.Szeicz.1995,none,NA,chronData,lc-chRp0Fx9Fq9FsVyRgrA,thickness,cm,7
KeeleLake.Szeicz.1995,none,NA,chronData,lc-chRHMZLEXd5Fobvzkxf,notes,unitless,7
KeeleLake.Szeicz.1995,none,NA,chronData,lc-chRZqjquXhPHAi4FTJd,depth_top,cm,7
KeeleLake.Szeicz.1995,none,NA,chronData,lc-chRcsvdOfy0e0AxRPqI,depth_bottom,cm,7
KellnersLake.Bender.1978,none,NA,chronData,lc-chRFHBbbzdxLXz7TsLK,notes,unitless,4
KellyDudleyLake.UmbanhowarJr.2004,none,NA,chronData,lc-chR5PaatRcCtAUOe7bQ,notes,unitless,3
KellysHollow.Bender.1981,none,NA,chronData,lc-chR6dh1r9Pwxncm9Oe1,notes,unitless,4
KellysHollow.Bender.1982,none,NA,chronData,lc-chRnoHyS3x6uikk3v0c,notes,unitless,5
KellysLough.Leira.2007,none,NA,chronData,lc-chRn7VAPZ4wBRmIjmqR,notes,unitless,17
KendegelukolLake.Blyakharchuk.2004,none,NA,chronData,lc-chRsndNKF77iFlYHIkI,labID,unitless,7
KendegelukolLake.Blyakharchuk.2004,none,NA,chronData,lc-chRIkYzyxnh4gTG1KUB,notes,unitless,7
Kennys.Macpherson.1983,none,NA,chronData,M2Ldmc4q7k3C,notes,NA,3
KennysPond.BlakeJr.1987,none,NA,chronData,lc-chRu9UIJYVs8nfLaNha,notes,unitless,3
Kepskoe.Elina.1981,none,NA,chronData,lc-chRgnkBdPzJoP4PeDND,notes,unitless,2
Kerminihybeach.Visset.2006,none,NA,chronData,lc-chRnYmT3S8YakGfGQCy,notes,unitless,6
Kesangcave.Cheng.2016,none,NA,paleoData,S2LRXjCBgCiSwE,notes,unitless,293
Kesangcave.Cheng.2016,none,NA,chronData,S2LcRdpd0GDO9N1,labID,unitless,7
Kesangcave.Cheng.2016,none,NA,chronData,S2LcRgrnQkdqoas,materialDated,unitless,7
Kesangcave.Cheng.2016,none,NA,chronData,S2LcRtHpWvraBvP,retained,unitless,7
Kesangcave.Cheng.2016,none,NA,chronData,S2LcRQ0iKDbWutk,decayConstant,unitless,7
Kesangcave.Cheng.2016,none,NA,chronData,S2LcR5auF3dTRnM,age_type,unitless,7
Kesangcave.Cheng.2016,none,NA,chronData,S2LcRkas9oHlqjO,labID,unitless,39
Kesangcave.Cheng.2016,none,NA,chronData,S2LcR2bPHJZZgNr,materialDated,unitless,39
Kesangcave.Cheng.2016,none,NA,chronData,S2LcRrKGlohxJuf,retained,unitless,39
Kesangcave.Cheng.2016,none,NA,chronData,S2LcRomNGGdPOp8,decayConstant,unitless,39
Kesangcave.Cheng.2016,none,NA,chronData,S2LcRj8T9FS0j6u,age_type,unitless,39
Kesangcave.Cheng.2016,none,NA,chronData,S2LcRCkaFCUWi3V,labID,unitless,24
Kesangcave.Cheng.2016,none,NA,chronData,S2LcRJG5Y21OEK8,materialDated,unitless,24
Kesangcave.Cheng.2016,none,NA,chronData,S2LcRN8NT0tSI36,retained,unitless,24
Kesangcave.Cheng.2016,none,NA,chronData,S2LcRr1ECDt17NT,decayConstant,unitless,24
Kesangcave.Cheng.2016,none,NA,chronData,S2LcRS902hy8Yf0,age_type,unitless,24
Kesangcave.Cheng.2016,none,NA,chronData,S2LcRmycFbEiY0l,labID,unitless,4
Kesangcave.Cheng.2016,none,NA,chronData,S2LcR2Yn4d0gbYh,materialDated,unitless,4
Kesangcave.Cheng.2016,none,NA,chronData,S2LcR40Qxw4dAww,retained,unitless,4
Kesangcave.Cheng.2016,none,NA,chronData,S2LcRreDRINPRXb,decayConstant,unitless,4
Kesangcave.Cheng.2016,none,NA,chronData,S2LcRyXauDWy9nm,age_type,unitless,4
Kesangcave.Cheng.2016,none,NA,chronData,S2LcROEbFVQwVvd,labID,unitless,48
Kesangcave.Cheng.2016,none,NA,chronData,S2LcRG6Xs84X8dW,materialDated,unitless,48
Kesangcave.Cheng.2016,none,NA,chronData,S2LcRqch1rsUMqG,retained,unitless,48
Kesangcave.Cheng.2016,none,NA,chronData,S2LcRbbeMna3Cv0,decayConstant,unitless,48
Kesangcave.Cheng.2016,none,NA,chronData,S2LcRqVOejIuWl3,age_type,unitless,48
Kesangcave.Cheng.2016,none,NA,chronData,S2LcRFgivfn5tuY,labID,unitless,7
Kesangcave.Cheng.2016,none,NA,chronData,S2LcRTHsNpW9xOR,materialDated,unitless,7
Kesangcave.Cheng.2016,none,NA,chronData,S2LcRR9n5KXtvnp,retained,unitless,7
Kesangcave.Cheng.2016,none,NA,chronData,S2LcReX68sTE1Ur,decayConstant,unitless,7
Kesangcave.Cheng.2016,none,NA,chronData,S2LcRsRN9G8HWkT,age_type,unitless,7
Kesangcave.Cheng.2016,none,NA,chronData,S2LcR8hGK3wVM8J,labID,unitless,29
Kesangcave.Cheng.2016,none,NA,chronData,S2LcRKcLnZP4Pst,materialDated,unitless,29
Kesangcave.Cheng.2016,none,NA,chronData,S2LcRb06y3VMl9S,retained,unitless,29
Kesangcave.Cheng.2016,none,NA,chronData,S2LcRXMi3kIIuAY,decayConstant,unitless,29
Kesangcave.Cheng.2016,none,NA,chronData,S2LcROYzjEdM4oc,age_type,unitless,29
Kesangcave.Cheng.2016,none,NA,chronData,S2LcR2aPjtsQAnx,labID,unitless,2
Kesangcave.Cheng.2016,none,NA,chronData,S2LcRJHJGE75Ck7,materialDated,unitless,2
Kesangcave.Cheng.2016,none,NA,chronData,S2LcRL85hvyJR7m,retained,unitless,2
Kesangcave.Cheng.2016,none,NA,chronData,S2LcRu9b5Q2jKCY,decayConstant,unitless,2
Kesangcave.Cheng.2016,none,NA,chronData,S2LcRQpefiIUO6g,age_type,unitless,2
Kesangcave.Cheng.2016,none,NA,chronData,S2LcRmU5o86ZaTx,labID,unitless,4
Kesangcave.Cheng.2016,none,NA,chronData,S2LcRB3h89O0EJc,materialDated,unitless,4
Kesangcave.Cheng.2016,none,NA,chronData,S2LcRL4g7LluHGe,retained,unitless,4
Kesangcave.Cheng.2016,none,NA,chronData,S2LcR314sB2nfA2,decayConstant,unitless,4
Kesangcave.Cheng.2016,none,NA,chronData,S2LcRxVDC1PnQ9Q,age_type,unitless,4
Kesangcave.Cheng.2016,none,NA,chronData,S2LcREw1SstQGxF,materialDated,unitless,5
Kesangcave.Cheng.2016,none,NA,chronData,S2LcRulklWHS9sG,retained,unitless,5
Kesangcave.Cheng.2016,none,NA,chronData,S2LcRcjfZB9r8Vh,decayConstant,unitless,5
Kesangcave.Cheng.2016,none,NA,chronData,S2LcRde3oJUmgAT,age_type,unitless,5
Kesangcave.Cheng.2016,none,NA,chronData,S2LcRsHPLGt72Jj,materialDated,unitless,8
Kesangcave.Cheng.2016,none,NA,chronData,S2LcRhJvT6pZd4r,retained,unitless,8
Kesangcave.Cheng.2016,none,NA,chronData,S2LcRcXYiqWp31E,decayConstant,unitless,8
Kesangcave.Cheng.2016,none,NA,chronData,S2LcRpr6mu5327x,age_type,unitless,8
Kesangcave.Cheng.2016,none,NA,chronData,S2LcRqUzNisk0dl,materialDated,unitless,9
Kesangcave.Cheng.2016,none,NA,chronData,S2LcRltau9CwADY,retained,unitless,9
Kesangcave.Cheng.2016,none,NA,chronData,S2LcRd44DKUKIVv,decayConstant,unitless,9
Kesangcave.Cheng.2016,none,NA,chronData,S2LcRe2C3CuEac8,age_type,unitless,9
Kesangcave.Cheng.2016,none,NA,chronData,S2LcRqiYzWVDBXf,materialDated,unitless,9
Kesangcave.Cheng.2016,none,NA,chronData,S2LcRWkbAV4Oxly,retained,unitless,9
Kesangcave.Cheng.2016,none,NA,chronData,S2LcR0DvmpasW9s,decayConstant,unitless,9
Kesangcave.Cheng.2016,none,NA,chronData,S2LcR1hrjPNh1D2,age_type,unitless,9
KeyholdPond.Whittmire.2001,none,NA,chronData,lc-chRd87iHahopj1wsTLW,notes,unitless,2
KeystoneIronFen.Fall.1988,none,NA,chronData,lc-chRHkMEOnfyJKt2L2jF,notes,unitless,5
Khanda.Bezrukova.2011,none,NA,chronData,lc-chRuvAKi1IkPugZFiQU,labID,unitless,6
Khanda.Bezrukova.2011,none,NA,chronData,lc-chRxFzDtrAoebsLAYqb,notes,unitless,6
Khanda1.Bezrukova.2011,none,NA,chronData,lc-chRYzzATbm2pprvq1ee,labID,unitless,3
Khanda1.Bezrukova.2011,none,NA,chronData,lc-chRa4II0XkGpOzkfU29,thickness,cm,3
Khanda1.Bezrukova.2011,none,NA,chronData,lc-chRXITgmLRy8Au6QeNS,notes,unitless,3
Khanda1.Bezrukova.2011,none,NA,chronData,lc-chRpUwRaTnYMXJc5IBC,depth_top,cm,3
Khanda1.Bezrukova.2011,none,NA,chronData,lc-chR0u69s4IepQCoi1eR,depth_bottom,cm,3
Kharga.Wendorf.1980,none,NA,paleoData,OLS_RPN4jdudQhX,lakeTrend,unitless,32
KhominMokh.Chernavskaya.1988,none,NA,chronData,lc-chRPSY5JOrmD3mZy5HS,notes,unitless,4
KhoninNugaRiverTerrace.Schlutz.2008,none,NA,chronData,lc-chR8UBbHebr5kQOuAQg,labID,unitless,2
KhoninNugaRiverTerrace.Schlutz.2008,none,NA,chronData,lc-chRq1rBxOVzgyUIu723,thickness,cm,2
KhoninNugaRiverTerrace.Schlutz.2008,none,NA,chronData,lc-chR6YRMBKaBQiYePBMN,notes,unitless,2
KhoninNugaRiverTerrace.Schlutz.2008,none,NA,chronData,lc-chRnek0AdW124GWZ7oz,depth_top,cm,2
KhoninNugaRiverTerrace.Schlutz.2008,none,NA,chronData,lc-chRcDOtOrwiiIEWGfXV,depth_bottom,cm,2
Khorpyia.Antipina.2014,none,NA,chronData,lc-chRnngor0yCgOCeqOSL,notes,unitless,7
Khota.Servant.1978,none,NA,paleoData,OLS_RbjGnTfs7EZ,lakeTrend,unitless,32
KhuisiinLake.Tian.2013,none,NA,chronData,lc-chR5yUNYv9SOfH4nnS1,labID,unitless,6
KhuisiinLake.Tian.2013,none,NA,chronData,lc-chRSaRn2MqISDyx5zmg,thickness,cm,6
KhuisiinLake.Tian.2013,none,NA,chronData,lc-chRR9QVWhHZDeXgepSH,notes,unitless,6
KhuisiinLake.Tian.2013,none,NA,chronData,lc-chRiwxdPoL2pT2TFNkI,depth_top,cm,6
KhuisiinLake.Tian.2013,none,NA,chronData,lc-chRKdBWRiY7wqWcKgbX,depth_bottom,cm,6
Kichikol.Beer.2007,none,NA,chronData,lc-chRMxn3zazyL3Jov18a,notes,unitless,3
KichikolLake.Beer.2007,none,NA,chronData,lc-chRgAp0u8gbobg9TzDQ,labID,unitless,3
KichikolLake.Beer.2007,none,NA,chronData,lc-chRgXGYEKWXeMeEdEB6,notes,unitless,3
KilcurleyWood.OCarroll.2012,none,NA,chronData,lc-chR9h10OVzUwZif6DNV,notes,unitless,4
KillebrewLakeFen.Leopold.2016,none,NA,chronData,lc-chRtWx9Kr4Fch2990li,notes,unitless,6
King.Bowler.1976a,none,NA,paleoData,OLS_Ro0OboBTPbA,lakeTrend,unitless,32
KingsPool.Bartley.1990,none,NA,chronData,lc-chRnPkU0VHtEtkpgDeH,notes,unitless,12
KingstonMeadow.Mensing.2008,none,NA,chronData,lc-chRFlQsnOT8F5gtua6S,notes,unitless,9
Kinnshaugen.Birks.2012,none,NA,chronData,lc-chRVwpef0Ler01GWNkB,notes,unitless,8
Kirchbichl.Wahlmuller.1985,none,NA,chronData,lc-chRqbUhIdp0MWjVP5eN,notes,unitless,7
Kirchner.Wright.1963,none,NA,chronData,M2L57k5at4bC,notes,NA,8
KirchnerMarsh.WrightJr.1963,none,NA,chronData,lc-chRSibrXMQ3DD5zpRQk,notes,unitless,5
KirgirlakhStreamBerelyekhRiverBasin.Anderson.2002,none,NA,chronData,lc-chRPu9J8Us42PjqOcxH,notes,unitless,2
Kirikumae.Saarse.1997,none,NA,chronData,lc-chRro0kNkudv5mL2YjU,notes,unitless,12
KirkLake.Cwynar.1987,none,NA,chronData,lc-chR31HdrWVzFwhCP6b2,notes,unitless,9
Kirkkosaari.Rankama.1988,none,NA,chronData,lc-chRbgP8Ktj3sOEkFUsE,notes,unitless,4
KisMohosTo.Willis.1997,none,NA,chronData,lc-chRzcfhETs8xweS5X9j,notes,unitless,13
KitchnerLake.Woods.1989,none,NA,chronData,lc-chRtq3wbKny2bKw2uFx,notes,unitless,4
Kiya.Bazarova.2008,none,NA,chronData,lc-chRYBicNmTKIr6ZXZa1,labID,unitless,4
Kiya.Bazarova.2008,none,NA,chronData,lc-chRJgX3o0pQBcG5TuX7,notes,unitless,4
KleinAwas.Heine.1982,none,NA,paleoData,OLS_RtpTYu1qDwd,lakeTrend,unitless,32
KleinenMochowsee.Jahns.1999,none,NA,chronData,lc-chRoQZae88vcVtOgn6p,thickness,cm,4
KleinenMochowsee.Jahns.1999,none,NA,chronData,lc-chRjTgb5uwms7AJAvF4,notes,unitless,4
KleinenMochowsee.Jahns.1999,none,NA,chronData,lc-chRiokLQ8fegPhvCpQW,depth_top,cm,4
KleinenMochowsee.Jahns.1999,none,NA,chronData,lc-chRUOLD0qsyz4LLe9CD,depth_bottom,cm,4
Klotjarnen.Giesecke.2005,none,NA,chronData,lc-chRIC9I3AK3MQkXGfzn,notes,unitless,6
Kluki.Tobolski.1987,none,NA,chronData,lc-chRSiXcYcwbxM950KIE,notes,unitless,20
Klukvapeatland.Novenko.2015,none,NA,chronData,lc-chRMvsmacAlg8HAmtWI,notes,unitless,7
KnobHillPond.Oswald.2018,none,NA,chronData,lc-chRXwUVTcbQ3mMNUesN,materialDated,unitless,14
KnobHillPond.Oswald.2018,none,NA,chronData,lc-chRqE1zBbgOGu8al6g4,notes,unitless,14
Koichab.Lancaster.1979a,none,NA,paleoData,OLS_RfW9lBPXUAQ,lakeTrend,unitless,32
Kollioksak.Anderson.NA,none,NA,chronData,M2Li5wn2klhC,notes,NA,4
Kollioksak.author.1111,none,NA,chronData,lc-chR3cTZxE9BzshHl4IC,notes,unitless,5
KomaritsaPeatExposure.Anderson.2002,none,NA,chronData,lc-chRAMmjkt89lDsWQNSp,notes,unitless,10
Komoranskejezero.Jankovska.1983,none,NA,chronData,lc-chRrDpiv88bG1H7soxJ,materialDated,unitless,4
Komoranskejezero.Jankovska.1983,none,NA,chronData,lc-chRFzUyLhUCsHhmUffP,notes,unitless,4
Kotyrkol.Tarasov.1995,none,NA,chronData,lc-chR4crZWopBG3JMIabA,labID,unitless,5
Kotyrkol.Tarasov.1995,none,NA,chronData,lc-chRcE6Pm1lduf0WjpXg,notes,unitless,5
KotyrkolPeatBog.Tarasov.1992,none,NA,chronData,lc-chR3cm8kVKIKHMaqGCk,notes,unitless,8
KouchaLake.Herzschuh.2009,none,NA,chronData,lc-chRxsVdJzXabVPF5TeI,labID,unitless,5
KouchaLake.Herzschuh.2009,none,NA,chronData,lc-chR4FKNgalqDpXU65pa,thickness,cm,5
KouchaLake.Herzschuh.2009,none,NA,chronData,lc-chR7Eh7U61qgXHWXTHd,notes,unitless,5
KouchaLake.Herzschuh.2009,none,NA,chronData,lc-chRIm4IjHu2IzUvXQFE,depth_top,cm,5
KouchaLake.Herzschuh.2009,none,NA,chronData,lc-chRly68rg9r7yLk4G48,depth_bottom,cm,5
Kozli.Pokorny.2009,none,NA,chronData,lc-chRYhzOpFK45wvhvDaw,thickness,cm,2
Kozli.Pokorny.2009,none,NA,chronData,lc-chREMDxfaoN5WrOPatY,notes,unitless,2
Kozli.Pokorny.2009,none,NA,chronData,lc-chRgegxoiwv8mqLDph0,depth_top,cm,2
Kozli.Pokorny.2009,none,NA,chronData,lc-chRP0zzVnicXE6JfzFi,depth_bottom,cm,2
Krageholmssjon.Regnell.1989,none,NA,chronData,lc-chRJyOindzkcyEviCdE,labID,unitless,20
Krageholmssjon.Regnell.1989,none,NA,chronData,lc-chRoUx3Z3r5p2CMoXbL,materialDated,unitless,20
Krageholmssjon.Regnell.1989,none,NA,chronData,lc-chRjtGlCD4weDOsFeIz,thickness,cm,20
Krageholmssjon.Regnell.1989,none,NA,chronData,lc-chRCvCreTDbnnzFNl33,depth_top,cm,20
Krageholmssjon.Regnell.1989,none,NA,chronData,lc-chRltpPSuWBlwiQitLx,depth_bottom,cm,20
Kralovec.Rybnickova.2005,none,NA,chronData,lc-chR2ewlv8UcxTmLcBuK,materialDated,unitless,4
Kralovec.Rybnickova.2005,none,NA,chronData,lc-chRID2ZxbKLyCR5BdHC,thickness,cm,4
Kralovec.Rybnickova.2005,none,NA,chronData,lc-chRZipKspvh8gHShX68,notes,unitless,4
Kralovec.Rybnickova.2005,none,NA,chronData,lc-chRAeaGz3bX4mANa8bV,depth_top,cm,4
Kralovec.Rybnickova.2005,none,NA,chronData,lc-chRQALVhv9z6MxXxLEF,depth_bottom,cm,4
KrestaGulfExposure.Anderson.2002,none,NA,chronData,lc-chRq35YLlPkIjO5mvDL,notes,unitless,2
Kroksjon.Bjorck.1979,none,NA,chronData,lc-chRsikFiYACRtXzkv7k,materialDated,unitless,5
Kroksjon.Bjorck.1979,none,NA,chronData,lc-chRIfj7B9qRPAqs0LPA,notes,unitless,5
Krotenweiher.Bortenschlager.1984,none,NA,chronData,lc-chRPYozMcAndcLelh1b,notes,unitless,4
Krumpa.Litt.1994,none,NA,chronData,lc-chRHhxxiZwlOBHRptJI,thickness,cm,17
Krumpa.Litt.1994,none,NA,chronData,lc-chRH6PlOABXd9Z0pnUk,depth_top,cm,17
Krumpa.Litt.1994,none,NA,chronData,lc-chRzrpY1qpOdmx8AIWU,depth_bottom,cm,17
Kruzlova.Wacnik.2001,none,NA,chronData,lc-chRXBd41G2lQo8xMbo4,notes,unitless,4
Kuahuqiao2.Zong.2007,none,NA,chronData,lc-chRuBMLc1OTC4KKC5PN,labID,unitless,11
Kuahuqiao2.Zong.2007,none,NA,chronData,lc-chRLV9CDZkm3cw5lbED,thickness,cm,11
Kuahuqiao2.Zong.2007,none,NA,chronData,lc-chRqCj3CjQMygyEclEe,notes,unitless,11
Kuahuqiao2.Zong.2007,none,NA,chronData,lc-chRUw6ZvkZt9HnHz1tM,depth_top,cm,11
Kuahuqiao2.Zong.2007,none,NA,chronData,lc-chRogC6KgzGyirGmLJI,depth_bottom,cm,11
KucukAkgol.Bottema.1993,none,NA,chronData,lc-chRUrFBcsmE6QxyM5Ls,materialDated,unitless,2
KucukAkgol.Bottema.1993,none,NA,chronData,lc-chRzfoE8HIQ3RRcconF,notes,unitless,2
Kugelstattmoos.Nelle.2002,none,NA,chronData,lc-chRvR8vty6ijDEwurx2,thickness,cm,10
Kugelstattmoos.Nelle.2002,none,NA,chronData,lc-chRPFnMfSQ4RX4YgUOu,notes,unitless,10
Kugelstattmoos.Nelle.2002,none,NA,chronData,lc-chRpBap4YJcUnGCPBWu,depth_top,cm,10
Kugelstattmoos.Nelle.2002,none,NA,chronData,lc-chREbDEmPY1LETDcIJq,depth_bottom,cm,10
Kuivajarvi.author.1111,none,NA,chronData,lc-chRB7WnaxOD4UPC8LQX,notes,unitless,4
KulzerMoos.Knipping.1989,none,NA,chronData,lc-chRyMK84dGVobPFMFrn,materialDated,unitless,13
KulzerMoos.Knipping.1989,none,NA,chronData,lc-chRVtEXwiZcXswBgesv,notes,unitless,13
Kumata.Tonkov.2016,none,NA,chronData,lc-chREiYesAH79pVRsR3u,notes,unitless,3
Kunyok.Kremenetski.1997,none,NA,chronData,lc-chRpTEcdiK8FHRNpThW,notes,unitless,11
Kupena.Huttunen.1992,none,NA,chronData,lc-chRN8bAjpvpZvsLAmWs,materialDated,unitless,6
Kupena.Huttunen.1992,none,NA,chronData,lc-chRfoaHK75FYyQw2V8o,notes,unitless,6
Kupena.Tonkov.2013,none,NA,chronData,lc-chRFPHegst6qvKmLmwe,notes,unitless,9
KylenLake.Birks.1981,none,NA,chronData,lc-chRhvm6JpJEjjnFmTwl,labID,unitless,9
KylenLake.Birks.1981,none,NA,chronData,lc-chR7ecpUIaIbZO7OHpn,materialDated,unitless,9
KylenLake.Birks.1981,none,NA,chronData,lc-chRDvWlBl6KEby0Pjpy,thickness,cm,9
KylenLake.Birks.1981,none,NA,chronData,lc-chRmRUHiVAqaEVGpxe8,notes,unitless,9
KylenLake.Birks.1981,none,NA,chronData,lc-chREAV8F6eU3iOWTdL6,depth_top,cm,9
KylenLake.Birks.1981,none,NA,chronData,lc-chR2aOYPB5mf1JEdqR3,depth_bottom,cm,9
KyurbeYuryakh2.Anderson.2002,none,NA,chronData,lc-chRZTa3xR00xI8SJdyh,notes,unitless,4
LAB295.Andreev.2002,none,NA,chronData,lc-chRapwLyeT5pIHvnpkC,labID,unitless,6
LAB295.Andreev.2002,none,NA,chronData,lc-chRHdkpN0YVVa8SWO7H,thickness,cm,6
LAB295.Andreev.2002,none,NA,chronData,lc-chRad1k9AIVrZK1DsYZ,notes,unitless,6
LAB295.Andreev.2002,none,NA,chronData,lc-chRkuNo771abLyRZM8Y,depth_top,cm,6
LAB295.Andreev.2002,none,NA,chronData,lc-chRaRN8lLsFMXhn9aY5,depth_bottom,cm,6
LAO1394.Andreev.2002,none,NA,chronData,lc-chRLlqmmBeJZ8j9qZWC,labID,unitless,4
LAO1394.Andreev.2002,none,NA,chronData,lc-chRqh9tlCNGU1f0pg04,notes,unitless,4
LAO696.Andreev.2002,none,NA,chronData,lc-chR7KF9dmbvvfQo5u1S,labID,unitless,5
LAO696.Andreev.2002,none,NA,chronData,lc-chR7GSWMellvPGhPEHK,notes,unitless,5
LAnseauxMeadowsRoadCutBog.Davis.1980,none,NA,chronData,lc-chRkRF4HA9AUx9x1y8q,notes,unitless,2
LAnseauxMeadowsSite.Davis.1988,none,NA,chronData,lc-chRy8FO164S795Nzywa,materialDated,unitless,4
LAnseauxMeadowsSite.Davis.1988,none,NA,chronData,lc-chRCaLDojb0NX96qQHX,notes,unitless,4
LDLake.Mott.1976,none,NA,chronData,lc-chRWs28dTxeCyBM1GT7,materialDated,unitless,2
LDLake.Mott.1976,none,NA,chronData,lc-chRTm62BWxuVY8l3igM,thickness,cm,2
LDLake.Mott.1976,none,NA,chronData,lc-chRioYrPjpiiivwfC2e,notes,unitless,2
LDLake.Mott.1976,none,NA,chronData,lc-chRgrtuvptE0FWr2pbR,depth_top,cm,2
LDLake.Mott.1976,none,NA,chronData,lc-chRUdLdgxd6Vwc2azmF,depth_bottom,cm,2
LS00SEJU,none,NA,chronData,cdRV3ODyrQei1esyw6tchron4,fractionModern,NA,11
LS00SEJU,none,NA,chronData,cdRtBuku714m7SYHEpWchron5,fractionModernUncertainty,NA,11
LS00SEJU,none,NA,chronData,cdRR7TlqJexj8YGhVTPchron7,delta13Cuncertainty,permil,11
LS00SEJU,none,NA,chronData,cdRJ5eyLyAr8e4pfvpPchron8,thickness,cm,11
LS00SEJU,none,NA,chronData,cdRr0nltieJ8lajwiNPchron11,activity,Bq g-1,8
LS00SEJU,none,NA,chronData,cdRbAaMYtywpgKQmIddchron12,activityUncertainty,Bq g-1,8
LS00SEJU,none,NA,chronData,cdRVYkDuxH4HsEIiaCvchron13,supportedActivity,NA,8
LS00SEJU,none,NA,chronData,cdRHRRlObnBzaeRBhSGchron14,x210PbModel,NA,8
LS00SEJU,none,NA,chronData,cdR022zTZHuONTDb4qSchron16,SD,yr BP,8
LS00SEJU,none,NA,chronData,cdRxtKEUqACsuuPQiJVchron17,reservoirAge14C,yr14C BP,8
LS00SEJU,none,NA,chronData,cdRT9OHK8jdsUjQcz1hchron18,reservoirAge14CUncertainty,yr14C BP,8
LS00SEJU,none,NA,chronData,cdRHlIfsSXQIRPjUs2tchron19,useInAgeModel,NA,8
LS01HOCH,none,NA,chronData,cdRk18LMTwITiAJJgskchron9,labID,NA,12
LS01HOCH,none,NA,chronData,cdRGhdu7EoXBB5CCUI7chron10,materialDated,NA,12
LS01HUFA,none,NA,chronData,cdRPimMGQO6Nb79DZ5Cchron4,fractionModern,NA,15
LS01HUFA,none,NA,chronData,cdRUtIvdIfffoOePp0Uchron5,fractionModernUncertainty,NA,15
LS01HUFA,none,NA,chronData,cdREaudczfo9SQA2ePuchron6,delta13C,permil,15
LS01HUFA,none,NA,chronData,cdR1lZ0dsbMdB2lmvy5chron7,delta13Cuncertainty,permil,15
LS01HUFA,none,NA,chronData,cdR1YygJ4qQXQKobP9fchron8,thickness,cm,15
LS01HUFA,none,NA,chronData,cdRWzBKmEIropYh9vTOchron9,labID,NA,15
LS01HUFA,none,NA,chronData,cdRAGRZtVg4MtjQ3Fsxchron10,materialDated,NA,15
LS01HUFA,none,NA,chronData,cdRQhPJxTsl1dYrKiNqchron11,activity,Bq g-1,15
LS01HUFA,none,NA,chronData,cdRyPx5jVYf4yfl81VJchron12,activityUncertainty,Bq g-1,15
LS01HUFA,none,NA,chronData,cdROqjoroQ2J02tHitEchron13,supportedActivity,NA,15
LS01HUFA,none,NA,chronData,cdR4FX69wRXKSGqQSVLchron14,x210PbModel,NA,15
LS01HUFA,none,NA,chronData,cdRGA7FP0WHNIR3UkP5chron16,SD,yr BP,15
LS01HUFA,none,NA,chronData,cdRC29IbbltyDgLkWvFchron17,reservoirAge14C,yr14C BP,15
LS01HUFA,none,NA,chronData,cdRyzgAiK0oPttv5a7Bchron18,reservoirAge14CUncertainty,yr14C BP,15
LS01HUFA,none,NA,chronData,cdRE1ULt8wMr9olvDWychron19,useInAgeModel,NA,15
LS02BEPY,none,NA,chronData,chron2_GcCzotAG,age14C,yr14C BP,17
LS02BEPY,none,NA,chronData,chron3_GSocfJfT,SD,yr14C BP,17
LS02BEPY,none,NA,chronData,chron4_De55E4QC,fractionModern,unitless,17
LS02BEPY,none,NA,chronData,chron5_6BPJwCeX,fractionModernUncertainty,unitless,17
LS02BEPY,none,NA,chronData,chron6_zmlrkwJj,delta13C,permil,17
LS02BEPY,none,NA,chronData,chron7_SeKlYDjF,delta13Cuncertainty,permil,17
LS02BEPY,none,NA,chronData,chron8_w8O6hdiC,thickness,cm,17
LS02BEPY,none,NA,chronData,chron9_cKYQbh43,labID,unitless,17
LS02BEPY,none,NA,chronData,chron10_IWv6gVS4,materialDated,unitless,17
LS02BEPY,none,NA,chronData,chron11_MWRc4dF2,activity,Bq g-1,17
LS02BEPY,none,NA,chronData,chron12_eWotAJIf,activityUncertainty,Bq g-1,17
LS02BEPY,none,NA,chronData,chron13_NvdjVSxW,supportedActivity,unitless,17
LS02BEPY,none,NA,chronData,chron14_9hGIewta,x210PbModel,unitless,17
LS02BEPY,none,NA,chronData,chron17_plj71Swe,reservoirAge14C,yr14C BP,17
LS02BEPY,none,NA,chronData,chron18_sqQFjuM5,reservoirAge14CUncertainty,yr14C BP,17
LS02BEPY,none,NA,chronData,chron19_NAZhf5yw,useInAgeModel,unitless,17
LS02ROSA,none,NA,chronData,cdRpEYLr3QWAUCaqf0Ichron4,fractionModern,NA,17
LS02ROSA,none,NA,chronData,cdRfmlOUVXwTtpI1Jmkchron5,fractionModernUncertainty,NA,17
LS02ROSA,none,NA,chronData,cdRRuRtxNS4kQIR3jBGchron6,delta13C,permil,17
LS02ROSA,none,NA,chronData,cdRJRyQtiXQ0AEKvP30chron7,delta13Cuncertainty,permil,17
LS02ROSA,none,NA,chronData,cdRGgdCY3OPB3AJkFRechron8,thickness,cm,17
LS02ROSA,none,NA,chronData,cdRO1luWcOdq7PKAbPnchron9,labID,NA,17
LS02ROSA,none,NA,chronData,cdRRkfRW4WVZhgGYAgLchron10,materialDated,NA,17
LS02ROSA,none,NA,chronData,cdRuox3gQFNp3Md7mAvchron11,activity,Bq g-1,17
LS02ROSA,none,NA,chronData,cdRMa4BisTyrAtrV6g9chron12,activityUncertainty,Bq g-1,17
LS02ROSA,none,NA,chronData,cdRuYJNXhRZFUvAWIACchron13,supportedActivity,NA,17
LS02ROSA,none,NA,chronData,cdRTryoC8rS9XPqoyjschron14,x210PbModel,NA,17
LS02ROSA,none,NA,chronData,cdRbBs3clVlA0d7xDWgchron16,ageUncertainty,yr BP,17
LS02ROSA,none,NA,chronData,cdRMLDkKVn1Lyw8954Dchron17,reservoirAge14C,yr14C BP,17
LS02ROSA,none,NA,chronData,cdR2PzNJwmHMODfyeyvchron18,reservoirAge14CUncertainty,yr14C BP,17
LS02ROSA,none,NA,chronData,cdRCUVrIPqu99VWoH01chron19,useInAgeModel,NA,17
LS03RUED,none,NA,chronData,cdRyzpaw3Moqhwk5Hanchron9,labID,NA,6
LS03RUED,none,NA,chronData,cdRCp4xYRbTRYKw3ou2chron10,materialDated,NA,6
LS03RUED,none,NA,chronData,cdRVYl9nWFGDL5QRSeGchron19,useInAgeModel,NA,6
LS03RUED,none,NA,chronData,cdRB5vUyPnccai3ER8Nchron20,coreInfo,NA,6
LS05ANJE,none,NA,chronData,cdRAQCCuVThaVuUARYtchron4,fractionModern,NA,9
LS05ANJE,none,NA,chronData,cdRuhPI0jqX4R7GziwLchron5,fractionModernUncertainty,NA,9
LS05ANJE,none,NA,chronData,cdRDXWuf1dBsQW0R0JLchron6,delta13C,permil,9
LS05ANJE,none,NA,chronData,cdRhRzHdb1aUtx0b2bxchron7,delta13Cuncertainty,permil,9
LS05ANJE,none,NA,chronData,cdRV9uerSp74hVh8NKOchron8,thickness,cm,9
LS05ANJE,none,NA,chronData,cdRT9dXNwMab5pa2pXYchron9,labID,NA,9
LS05ANJE,none,NA,chronData,cdR7eRDquYSAmkPvOX4chron10,materialDated,NA,9
LS05ANJE,none,NA,chronData,cdRnyKLMyMDpfwKp4qDchron11,activity,Bq g-1,9
LS05ANJE,none,NA,chronData,cdRod0rNnGtcnUC2L5rchron12,activityUncertainty,Bq g-1,9
LS05ANJE,none,NA,chronData,cdR4bAoWB5Y4RWZiZ7qchron13,supportedActivity,NA,9
LS05ANJE,none,NA,chronData,cdRW3YNSVPJ4dOQBSyTchron14,x210PbModel,NA,9
LS05ANJE,none,NA,chronData,cdRJySZGJaXbOoolT4Tchron17,reservoirAge14C,yr14C BP,9
LS05ANJE,none,NA,chronData,cdRqryEHzCct24M0ITschron18,reservoirAge14CUncertainty,yr14C BP,9
LS05ANJE,none,NA,chronData,cdREnIM04DYG1xtlNqQchron19,useInAgeModel,NA,9
LS05ANJE,none,NA,chronData,cdReP1eiMArGX8z50pgchron20,notes,NA,9
LS05HOAG,none,NA,chronData,cdRyUO7xAv8IXTTbv2Nchron9,labID,NA,10
LS05HOAG,none,NA,chronData,cdRZ1MsZ6Rgo6Xpwz9Lchron10,materialDated,NA,10
LS05HOAG,none,NA,chronData,cdRPAGQ2mmHzVbjhEpDchron9,labID,NA,10
LS05HOAG,none,NA,chronData,cdRwfoyLjy6X5GHlcGDchron10,materialDated,NA,10
LS06JONA,none,NA,chronData,chron2_dIom8UkU,age14C,yr14C BP,8
LS06JONA,none,NA,chronData,chron3_wuNlj3gE,SD,yr14C BP,8
LS06JONA,none,NA,chronData,chron4_2cPyrc5S,fractionModern,NA,8
LS06JONA,none,NA,chronData,chron5_qB703DvJ,fractionModernUncertainty,NA,8
LS06JONA,none,NA,chronData,chron6_Yp0NUf14,delta13C,permil,8
LS06JONA,none,NA,chronData,chron7_Bejtcz2c,delta13Cuncertainty,permil,8
LS06JONA,none,NA,chronData,chron8_W5S6L4z3,thickness,cm,8
LS06JONA,none,NA,chronData,chron9_5jPX1Xgv,labID,NA,8
LS06JONA,none,NA,chronData,chron10_TgqflRMY,materialDated,NA,8
LS06JONA,none,NA,chronData,chron11_lbnMI4xq,activity,Bq g-1,8
LS06JONA,none,NA,chronData,chron12_KRh7BElU,activityUncertainty,Bq g-1,8
LS06JONA,none,NA,chronData,chron13_wriDCATs,supportedActivity,NA,8
LS06JONA,none,NA,chronData,chron14_s16ai76f,x210PbModel,NA,8
LS06JONA,none,NA,chronData,chron16_I8jeOL9J,SD,yr BP,8
LS06JONA,none,NA,chronData,chron17_AcBEAu77,reservoirAge14C,yr14C BP,8
LS06JONA,none,NA,chronData,chron18_d06G8AjY,reservoirAge14CUncertainty,yr14C BP,8
LS06JONA,none,NA,chronData,chron19_4u5zH6WN,useInAgeModel,NA,8
LS06POVE,none,NA,chronData,cdRDiItS8u654ZkPxHHchron5,fractionModernUncertainty,NA,8
LS06POVE,none,NA,chronData,cdRF5bf4zcTC34dgan4chron7,delta13Cuncertainty,permil,8
LS06POVE,none,NA,chronData,cdRAsaxF8vAGkhzJfZqchron11,activity,Bq g-1,8
LS06POVE,none,NA,chronData,cdReRWOsZkLw2qETjThchron12,activityUncertainty,Bq g-1,8
LS06POVE,none,NA,chronData,cdRPZngTEYxcALyOaCLchron13,supportedActivity,NA,8
LS06POVE,none,NA,chronData,cdRpip77rVxsVQjz8g5chron14,x210PbModel,NA,8
LS06POVE,none,NA,chronData,cdR0JDdbw4VeeIV6ZDPchron17,reservoirAge14C,yr14C BP,8
LS06POVE,none,NA,chronData,cdRpn4SAp6r3s20pjMEchron18,reservoirAge14CUncertainty,yr14C BP,8
LS06STFO,none,NA,chronData,cdRKuaTISqQYjxH95ewchron4,fractionModern,NA,10
LS06STFO,none,NA,chronData,cdRLnMsUdc4dK1f9yeRchron5,fractionModernUncertainty,NA,10
LS06STFO,none,NA,chronData,cdRCgxQEAZEh3BXZhTGchron6,delta13C,permil,10
LS06STFO,none,NA,chronData,cdR8toMTI1bVQp43zXpchron7,delta13Cuncertainty,permil,10
LS06STFO,none,NA,chronData,cdR5EC6c94PuvRixPBCchron8,thickness,cm,10
LS06STFO,none,NA,chronData,cdRaytKuXprpbR7g7F5chron9,labID,NA,10
LS06STFO,none,NA,chronData,cdRo28NdjYj8Fbx2N9ichron10,materialDated,NA,10
LS06STFO,none,NA,chronData,cdR8Y2352231QkeygQDchron11,activity,Bq g-1,10
LS06STFO,none,NA,chronData,cdRghypnNGsS4xYtK4uchron12,activityUncertainty,Bq g-1,10
LS06STFO,none,NA,chronData,cdRdezoY672zAEqgGSRchron13,supportedActivity,NA,10
LS06STFO,none,NA,chronData,cdRLAZmYyigb3cj5qqLchron14,x210PbModel,NA,10
LS06STFO,none,NA,chronData,cdR2OMhTO9ni7wXNrabchron17,reservoirAge14C,yr14C BP,10
LS06STFO,none,NA,chronData,cdRuRIjh3Iz9eW2aVnIchron18,reservoirAge14CUncertainty,yr14C BP,10
LS06STFO,none,NA,chronData,cdRAEHsa9iDTXxXHsOMchron19,useInAgeModel,NA,10
LS07ANMA,none,NA,chronData,cdRzpUSokxN8ZEx18Ecchron4,fractionModern,NA,6
LS07ANMA,none,NA,chronData,cdRXaCnAVZ00HtZYvDlchron5,fractionModernUncertainty,NA,6
LS07ANMA,none,NA,chronData,cdRJFI0AXzg6UMmNzYlchron6,delta13C,permil,6
LS07ANMA,none,NA,chronData,cdRV33gr7FUT7sFoxwHchron7,delta13Cuncertainty,permil,6
LS07ANMA,none,NA,chronData,cdRo2r7Sixat4KW9utJchron8,thickness,cm,6
LS07ANMA,none,NA,chronData,cdRyDhn33IFXELmxXNLchron9,labID,NA,6
LS07ANMA,none,NA,chronData,cdRReivu38zDpA1Tpohchron10,materialDated,NA,6
LS07ANMA,none,NA,chronData,cdRJGqaaHOXDKLrXfv9chron11,activity,Bq g-1,6
LS07ANMA,none,NA,chronData,cdRB5qCTL1P7gz5GFIbchron12,activityUncertainty,Bq g-1,6
LS07ANMA,none,NA,chronData,cdR5vg5XoyupgL2OTZOchron13,supportedActivity,NA,6
LS07ANMA,none,NA,chronData,cdRSacmF21O4NKpoSGnchron14,x210PbModel,NA,6
LS07ANMA,none,NA,chronData,cdRQD13Hq0BqYd5Wj5lchron17,reservoirAge14C,yr14C BP,6
LS07ANMA,none,NA,chronData,cdRNCU2DdhrEDnhUYKIchron18,reservoirAge14CUncertainty,yr14C BP,6
LS07ANMA,none,NA,chronData,cdRkabrIjkhVRoFPYYpchron19,useInAgeModel,NA,6
LS07LAHA,none,NA,chronData,cdRbTnKNvDJZmxjjcyachron4,fractionModern,NA,13
LS07LAHA,none,NA,chronData,cdRTkFtSU0hALw0lYlechron5,fractionModernUncertainty,NA,13
LS07LAHA,none,NA,chronData,cdRWeTZ2BQiT3CRllqcchron7,delta13Cuncertainty,permil,13
LS07LAHA,none,NA,chronData,cdR3YThMcOOEqIcd8rrchron9,labID,NA,13
LS07LAHA,none,NA,chronData,cdRHpdVYLpizOykKjp6chron10,materialDated,NA,13
LS07LAHA,none,NA,chronData,cdRGYY5RGmSxXkgzeTlchron11,activity,Bq g1,13
LS07LAHA,none,NA,chronData,cdR8GpuEJfocgeh6uJJchron12,activityUncertainty,Bq g1,13
LS07LAHA,none,NA,chronData,cdRChRtjHksAbJ0x8jlchron13,supportedActivity,NA,13
LS07LAHA,none,NA,chronData,cdRLeaSO1KtHmep3Uxnchron14,x210PbModel,NA,13
LS07LAHA,none,NA,chronData,cdRJmZiKiEjVzXjdjudchron17,reservoirAge14C,yr14C BP,13
LS07LAHA,none,NA,chronData,cdR19UjAJ6UiaGdSlSAchron18,reservoirAge14CUncertainty,yr14C BP,13
LS07LAHA,none,NA,chronData,cdRu5EFGqDze5mjQKl7chron19,useInAgeModel,NA,13
LS07ROTI,none,NA,chronData,cdRLs3I1o17WGlZsEZvchron4,fractionModern,NA,4
LS07ROTI,none,NA,chronData,cdRAc48Lhe1qfMMqk4zchron5,fractionModernUncertainty,NA,4
LS07ROTI,none,NA,chronData,cdRfPiOBECQuqCbDyzbchron6,delta13C,permil,4
LS07ROTI,none,NA,chronData,cdRJrJAwIzjiuQLaFtAchron7,delta13Cuncertainty,permil,4
LS07ROTI,none,NA,chronData,cdR8MPJnVM39e2r0OCVchron8,thickness,cm,4
LS07ROTI,none,NA,chronData,cdRxLOKuIq1SEvqzRhzchron9,labID,NA,4
LS07ROTI,none,NA,chronData,cdRGFXwXakFsOYQ3LtMchron10,materialDated,NA,4
LS07ROTI,none,NA,chronData,cdRhItL6LbeMx1ptXgnchron11,activity,Bq g-1,4
LS07ROTI,none,NA,chronData,cdRb9daEnWuj8HAYdhnchron12,activityUncertainty,Bq g-1,4
LS07ROTI,none,NA,chronData,cdRVYjl5fZZaq1LKCXlchron13,supportedActivity,NA,4
LS07ROTI,none,NA,chronData,cdROJrwxRZr5W1r3Lxfchron14,x210PbModel,NA,4
LS07ROTI,none,NA,chronData,cdR13rm9YgDNZGfoN1Wchron17,reservoirAge14C,yr14C BP,4
LS07ROTI,none,NA,chronData,cdR0OjgyIwBPMc7lH7Xchron18,reservoirAge14CUncertainty,yr14C BP,4
LS07ROTI,none,NA,chronData,cdRpHZNzq1PbOO9dBg9chron19,useInAgeModel,NA,4
LS08LICA,none,NA,chronData,chron4_hYnfsy8C,fractionModern,NA,16
LS08LICA,none,NA,chronData,chron5_liGVwfjl,fractionModernUncertainty,NA,16
LS08LICA,none,NA,chronData,chron6_PDQkWix0,delta13C,permil,16
LS08LICA,none,NA,chronData,chron7_QmArXXOl,delta13Cuncertainty,permil,16
LS08LICA,none,NA,chronData,chron11_sx7QWdmq,activity,Bq g-1,16
LS08LICA,none,NA,chronData,chron12_shyzssX7,activityUncertainty,Bq g-1,16
LS08LICA,none,NA,chronData,chron13_lmVgImm3,supportedActivity,NA,16
LS08LICA,none,NA,chronData,chron14_oSYT265Q,210PbModel,NA,16
LS08LICA,none,NA,chronData,chron16_uLt6DM2i,SD,yr BP,16
LS08LICA,none,NA,chronData,chron17_0tKDWC4B,reservoirAge14C,yr14C BP,16
LS08LICA,none,NA,chronData,chron18_prZAfYWg,reservoirAge14CUncertainty,yr14C BP,16
LS08LICA,none,NA,chronData,chron19_kPs0oagD,useInAgeModel,NA,16
LS08STCR,none,NA,chronData,cdRNKylTr1w4AB5ON6bWEB919a4371,labID,NA,13
LS08STCR,none,NA,chronData,cdR7TBaUeuPmCC6NzKbWEBc7c2bba9,MaterialDated,NA,13
LS09LACA,none,NA,chronData,cdRdG7VoelSHUiI8WQachron4,fractionModern,NA,8
LS09LACA,none,NA,chronData,cdRuT1R89sJvX7Q1H2Wchron5,fractionModernUncertainty,NA,8
LS09LACA,none,NA,chronData,cdRXdC3LDVFWfnNqO7Ichron6,delta13C,permil,8
LS09LACA,none,NA,chronData,cdRQWrMQj4j5B7xMyI2chron7,delta13Cuncertainty,permil,8
LS09LACA,none,NA,chronData,cdRY5ULE1GONTyR4wukchron8,thickness,cm,8
LS09LACA,none,NA,chronData,cdRNlUOTP5kmOllO7Zschron9,labID,NA,8
LS09LACA,none,NA,chronData,cdRTPqvuuniGxfCq6Tmchron10,materialDated,NA,8
LS09LACA,none,NA,chronData,cdRBfQZ1vaRz9ya3WyDchron11,activity,Bq g-1,8
LS09LACA,none,NA,chronData,cdRWbhmHVtrYR5nrIrmchron12,activityUncertainty,Bq g-1,8
LS09LACA,none,NA,chronData,cdRUWksyEFquneSxp0cchron13,supportedActivity,NA,8
LS09LACA,none,NA,chronData,cdR2MyBtbvFMiaMzlRschron14,210PbModel,NA,8
LS09LACA,none,NA,chronData,cdRPwF1bkMEsWNPLNyPchron17,reservoirAge14C,yr14C BP,8
LS09LACA,none,NA,chronData,cdRa2mivhYhdsRzmKmUchron18,reservoirAge14CUncertainty,yr14C BP,8
LS09LACA,none,NA,chronData,cdRpMIE8TFbvPLgn7bhchron19,useInAgeModel,NA,8
LS09MAAS,none,NA,chronData,cdRhSus4uSZTSDQWZiUchron6,delta13C,permil,11
LS09MAAS,none,NA,chronData,cdRJkImS1OBQZEe7a2Qchron9,labID,NA,11
LS09MAAS,none,NA,chronData,cdRtZHrflwU2MbFrzvSchron10,materialDated,NA,11
LS09SAJU,none,NA,chronData,chron4_qzRLHygr,fractionModern,NA,21
LS09SAJU,none,NA,chronData,chron5_wdeXTEW2,fractionModernUncertainty,NA,21
LS09SAJU,none,NA,chronData,chron7_yCOlcArr,delta13Cuncertainty,permil,21
LS09SAJU,none,NA,chronData,chron8_uSh3xeZA,thickness,cm,21
LS09SAJU,none,NA,chronData,chron9_Q96j8Hmb,labID,NA,21
LS09SAJU,none,NA,chronData,chron10_bvkkgzC6,materialDated,NA,21
LS09SAJU,none,NA,chronData,chron13_QY44vehJ,supportedActivity,NA,21
LS09SAJU,none,NA,chronData,chron14_DpNgTtJF,x210PbModel,NA,21
LS09SAJU,none,NA,chronData,chron17_xhmbzvfD,reservoirAge14C,yr14C BP,21
LS09SAJU,none,NA,chronData,chron18_ocu4kEb7,reservoirAge14CUncertainty,yr14C BP,21
LS09SAJU,none,NA,chronData,chron19_drZ2nXHS,useInAgeModel,NA,21
LS09SASP,none,NA,chronData,cdRwrkYvtzxg1sBQQOLchron4,fractionModern,NA,11
LS09SASP,none,NA,chronData,cdRerS4g9siwrkouXbfchron5,fractionModernUncertainty,NA,11
LS09SASP,none,NA,chronData,cdRInyvpXZaNN3mEcmnchron6,delta13C,permil,11
LS09SASP,none,NA,chronData,cdR5PhtJpKijXGmq16mchron7,delta13Cuncertainty,permil,11
LS09SASP,none,NA,chronData,cdRWWbKqDe4f1QZDbH8chron8,thickness,cm,11
LS09SASP,none,NA,chronData,cdRGMZTSPxO7HF7rcOrchron9,labID,NA,11
LS09SASP,none,NA,chronData,cdRZHxNJWNrXPp8DDfVchron10,materialDated,NA,11
LS09SASP,none,NA,chronData,cdR7HuK3Amz4bKdEMl3chron13,supportedActivity,NA,11
LS09SASP,none,NA,chronData,cdRpvc9BHpxfnHJ1lEQchron14,x210PbModel,NA,11
LS09SASP,none,NA,chronData,cdRBsJBZ4LUoPfCQCvgchron17,reservoirAge14C,yr14C BP,11
LS09SASP,none,NA,chronData,cdRVdMdPN0SHGMgjXymchron18,reservoirAge14CUncertainty,yr14C BP,11
LS09SAWA,none,NA,chronData,cdRBohOEvdw82suV5PVchron8,thickness,cm,12
LS09SAWA,none,NA,chronData,cdRpCe2lakwCxKCxWhdchron11,activity,Bq g-1,12
LS09SAWA,none,NA,chronData,cdRQb4oCpyBbqeY9o6Vchron12,activityUncertainty,Bq g-1,12
LS09SAWA,none,NA,chronData,cdR0Tmd76lHI5vAtHDMchron13,supportedActivity,NA,12
LS09SAWA,none,NA,chronData,cdRJZo09UAchW4B6edRchron14,x210PbModel,NA,12
LS10ANBL,none,NA,chronData,chron2_2aH63rAD,age14C,yr14C BP,8
LS10ANBL,none,NA,chronData,chron3_cEWcpEyg,SD,yr14C BP,8
LS10ANBL,none,NA,chronData,chron4_d6RrwiUM,fractionModern,NA,8
LS10ANBL,none,NA,chronData,chron5_lzo0piVD,fractionModernUncertainty,NA,8
LS10ANBL,none,NA,chronData,chron6_jFs3I85T,delta13C,permil,8
LS10ANBL,none,NA,chronData,chron7_t2GJ521Y,delta13Cuncertainty,permil,8
LS10ANBL,none,NA,chronData,chron8_taweOGu6,thickness,cm,8
LS10ANBL,none,NA,chronData,chron9_F4Z2yH2x,labID,NA,8
LS10ANBL,none,NA,chronData,chron10_r1XtPh5H,materialDated,NA,8
LS10ANBL,none,NA,chronData,chron11_TzSN6Tel,activity,Bq g-1,8
LS10ANBL,none,NA,chronData,chron12_tYf6nDq7,activityUncertainty,Bq g-1,8
LS10ANBL,none,NA,chronData,chron13_ToMFwkIW,supportedActivity,NA,8
LS10ANBL,none,NA,chronData,chron14_8ev3ENmN,x210PbModel,NA,8
LS10ANBL,none,NA,chronData,chron16_OgODbWR0,SD,yr BP,8
LS10ANBL,none,NA,chronData,chron17_C1giQILo,reservoirAge14C,yr14C BP,8
LS10ANBL,none,NA,chronData,chron18_tQaesbUN,reservoirAge14CUncertainty,yr14C BP,8
LS10ANBL,none,NA,chronData,chron19_jNCad2A9,useInAgeModel,NA,8
LS10CLTA,none,NA,chronData,cdR8fQP7seG26X7IRw9chron4,fractionModern,NA,17
LS10CLTA,none,NA,chronData,cdRhYn6I9OhSvMgqRZUchron5,fractionModernUncertainty,NA,17
LS10CLTA,none,NA,chronData,cdRsjXlILDLrQXMoHaRchron6,delta13C,permil,17
LS10CLTA,none,NA,chronData,cdROwSnJTUUPa3jyNA7chron7,delta13Cuncertainty,permil,17
LS10CLTA,none,NA,chronData,cdRl0xYLj1R5kEyQPgrchron8,thickness,cm,17
LS10CLTA,none,NA,chronData,cdRZJBxr6JGxTpZ5WBEchron9,labID,NA,17
LS10CLTA,none,NA,chronData,cdRA2HSNqF6OqOqSU8gchron10,materialDated,NA,17
LS10CLTA,none,NA,chronData,cdRhXXk7P9gcLLpuzllchron11,activity,Bq g1,17
LS10CLTA,none,NA,chronData,cdRfhvhQ6INUsXRfKtGchron12,activityUncertainty,Bq g1,17
LS10CLTA,none,NA,chronData,cdRkGwTjfoUIBdTBunnchron13,supportedActivity,NA,17
LS10CLTA,none,NA,chronData,cdRzXOgwBw8iUos95Yzchron14,x210PbModel,NA,17
LS10CLTA,none,NA,chronData,cdRM1FUGhBJH2R30bIfchron17,reservoirAge14C,yr14C BP,17
LS10CLTA,none,NA,chronData,cdRSdguIQdzsZQ5lAaRchron18,reservoirAge14CUncertainty,yr14C BP,17
LS10CLTA,none,NA,chronData,cdRe158nRfyoTOjdg0Ochron19,useInAgeModel,NA,17
LS10GOBL,none,NA,chronData,cdR2lFz8bZnVS0MS8mcchron4,fractionModern,NA,17
LS10GOBL,none,NA,chronData,cdRf8Ss9ZUSZKl02rUuchron5,fractionModernUncertainty,NA,17
LS10GOBL,none,NA,chronData,cdRoPIBGWwcHph17bCcchron6,delta13C,permil,17
LS10GOBL,none,NA,chronData,cdRnuOU7kNjIDaFSS0Ochron7,delta13Cuncertainty,permil,17
LS10GOBL,none,NA,chronData,cdR4Xjq94Ka4bTFhjqrchron8,thickness,cm,17
LS10GOBL,none,NA,chronData,cdRmQ6x23UzluszVJCRchron11,activity,Bq g-1,17
LS10GOBL,none,NA,chronData,cdRuWIfM3vCCdcxRYU2chron12,activityUncertainty,Bq g-1,17
LS10GOBL,none,NA,chronData,cdRi6Ftj3BJSwqP3xrCchron13,supportedActivity,NA,17
LS10GOBL,none,NA,chronData,cdRP7Ks6sTk8GxNp7JQchron14,x210PbModel,NA,17
LS10GOBL,none,NA,chronData,cdRuis4ZbTDB1JTL4VIchron16,SD,yr BP,17
LS10GOBL,none,NA,chronData,cdRCXtvki919HVAAMKKchron17,reservoirAge14C,yr14C BP,17
LS10GOBL,none,NA,chronData,cdRd06pd6qlOJPSiOqHchron18,reservoirAge14CUncertainty,yr14C BP,17
LS10HEQI,none,NA,chronData,cdRtOmVvOCb1i780KOgchron4,fractionModern,NA,14
LS10HEQI,none,NA,chronData,cdR2NrRhi93FRPCVC0lchron5,fractionModernUncertainty,NA,14
LS10HEQI,none,NA,chronData,cdRMf8HRp7mH6nsgE0achron6,delta13C,permil,14
LS10HEQI,none,NA,chronData,cdRMEYazNkIrkAx24Hrchron7,delta13Cuncertainty,permil,14
LS10HEQI,none,NA,chronData,cdRU2Kl80fjC1dSQpVVchron8,thickness,cm,14
LS10HEQI,none,NA,chronData,cdRicERCnC56s7fBVvtchron9,labID,NA,14
LS10HEQI,none,NA,chronData,cdR7oD2iewSAtAB5T44chron10,materialDated,NA,14
LS10HEQI,none,NA,chronData,cdRDz8PTmEpSFAgTjjCchron11,activity,Bq g1,14
LS10HEQI,none,NA,chronData,cdRPoJNmbksMXvnvfZOchron12,activityUncertainty,Bq g1,14
LS10HEQI,none,NA,chronData,cdRakLMcETyQlcNXFxvchron13,supportedActivity,NA,14
LS10HEQI,none,NA,chronData,cdR6fxDngZ2pKnMsdkmchron14,x210PbModel,NA,14
LS10HEQI,none,NA,chronData,cdRTfBM4RA3hiocc0UOchron17,reservoirAge14C,yr14C BP,14
LS10HEQI,none,NA,chronData,cdR37HaXKHThgTiJ0svchron19,useInAgeModel,NA,14
LS10STSP,none,NA,chronData,cdRTcq3FzWCF3HFz9Bkchron4,fractionModern,NA,9
LS10STSP,none,NA,chronData,cdR64tLsgMAm5MeteHXchron5,fractionModernUncertainty,NA,9
LS10STSP,none,NA,chronData,cdROmL7zxB9yZNHzFp0chron6,delta13C,permil,9
LS10STSP,none,NA,chronData,cdR1s9KdoQXCFlDFXrPchron7,delta13Cuncertainty,permil,9
LS10STSP,none,NA,chronData,cdRY18VJf37UIwv21SJchron11,activity,Bq g-1,9
LS10STSP,none,NA,chronData,cdR4cZahJbfLh5Wrnnkchron12,activityUncertainty,Bq g-1,9
LS10STSP,none,NA,chronData,cdR18f3aQKhZy5eedCYchron13,supportedActivity,NA,9
LS10STSP,none,NA,chronData,cdRaNbqpTGx2yp7cljQchron14,x210PbModel,NA,9
LS10STSP,none,NA,chronData,cdRP3WIBQ1FYyBWGRYdchron17,reservoirAge14C,yr14C BP,9
LS10STSP,none,NA,chronData,cdRFHpqMPi41HEwgHmJchron18,reservoirAge14CUncertainty,yr14C BP,9
LS10STSP,none,NA,chronData,cdR3TlPqdD6ZHfLZYhFchron19,useInAgeModel,NA,9
LS10WRNA,none,NA,chronData,chron2_mYSgkoR1,age14C,yr14C BP,8
LS10WRNA,none,NA,chronData,chron3_LXNzpkxN,SD,yr14C BP,8
LS10WRNA,none,NA,chronData,chron4_S5ZUIG5z,fractionModern,NA,8
LS10WRNA,none,NA,chronData,chron5_OY8dHsAR,fractionModernUncertainty,NA,8
LS10WRNA,none,NA,chronData,chron6_TUTNMaaA,delta13C,permil,8
LS10WRNA,none,NA,chronData,chron7_Q83l9rO7,delta13Cuncertainty,permil,8
LS10WRNA,none,NA,chronData,chron8_Iqo9eTHe,thickness,cm,8
LS10WRNA,none,NA,chronData,chron9_POvk3Rhf,labID,NA,8
LS10WRNA,none,NA,chronData,chron10_J0N0JHoG,materialDated,NA,8
LS10WRNA,none,NA,chronData,chron11_mZW19x78,activity,Bq g-1,8
LS10WRNA,none,NA,chronData,chron12_y4z3XA2Z,activityUncertainty,Bq g-1,8
LS10WRNA,none,NA,chronData,chron13_mlI12hPt,supportedActivity,NA,8
LS10WRNA,none,NA,chronData,chron14_glELqxJt,x210PbModel,NA,8
LS10WRNA,none,NA,chronData,chron16_Lzy0jyo7,SD,yr BP,8
LS10WRNA,none,NA,chronData,chron17_rEOQUfvr,reservoirAge14C,yr14C BP,8
LS10WRNA,none,NA,chronData,chron18_BZSWmQNV,reservoirAge14CUncertainty,yr14C BP,8
LS10WRNA,none,NA,chronData,chron19_QqG73v6q,useInAgeModel,NA,8
LS10ZHHU,none,NA,chronData,cdRyu8RkHbmNadG7GZdchron4,fractionModern,NA,7
LS10ZHHU,none,NA,chronData,cdR8UbGiYjkXj61fRqtchron5,fractionModernUncertainty,NA,7
LS10ZHHU,none,NA,chronData,cdRL9mRjNywtA0Hm9A6chron7,delta13Cuncertainty,permil,7
LS10ZHHU,none,NA,chronData,cdRCkOX5KbTz3mBJJcochron11,activity,Bq g-1,7
LS10ZHHU,none,NA,chronData,cdR41SJAQyhvjjN88RQchron12,activityUncertainty,Bq g-1,7
LS10ZHHU,none,NA,chronData,cdRWEQ4bsqKGmL5esbvchron13,supportedActivity,NA,7
LS10ZHHU,none,NA,chronData,cdRFTmTQ4jIxyAGpZMkchron14,x210PbModel,NA,7
LS11BIPU,none,NA,chronData,cdREu9HJHNNBSLrlKT8chron10,materialDated,NA,18
LS11KOMA,none,NA,chronData,cdR0qeZhT9UmHAHPeI0chron4,fractionModern,NA,28
LS11KOMA,none,NA,chronData,cdRnQc8VEiE88WNW4mcchron5,fractionModernUncertainty,NA,28
LS11KOMA,none,NA,chronData,cdRPD7czstpmvacG8JKchron7,delta13Cuncertainty,permil,28
LS11KOMA,none,NA,chronData,cdRUFdGGHFLHVVii7lqchron11,activity,Bq g-1,28
LS11KOMA,none,NA,chronData,cdRKS82Al0sbp3Z9JmBchron12,activityUncertainty,Bq g-1,28
LS11KOMA,none,NA,chronData,cdRdDT5wBSK1LhyIzjKchron13,supportedActivity,NA,28
LS11KOMA,none,NA,chronData,cdRmNgntiIIVrQLxYVQchron14,x210PbModel,NA,28
LS11KOMA,none,NA,chronData,cdRVgmYZHxpMGPzSklAchron18,reservoirAge14CUncertainty,yr14C BP,28
LS11NECA,none,NA,chronData,cdRQwWFgRwqMPfMzaI1chron4,fractionModern,NA,17
LS11NECA,none,NA,chronData,cdRC1QHc3PcBdg2bg7ichron5,fractionModernUncertainty,NA,17
LS11NECA,none,NA,chronData,cdRijS3bElGYhHAQg1Bchron6,delta13C,permil,17
LS11NECA,none,NA,chronData,cdRGbjypVli8mzjQy0Nchron7,delta13Cuncertainty,permil,17
LS11NECA,none,NA,chronData,cdRsoPokU9pnV1SNTqYchron8,thickness,cm,17
LS11NECA,none,NA,chronData,cdRtg35sOQWuPHkBFeuchron9,labID,NA,17
LS11NECA,none,NA,chronData,cdRvdBqf5ELQ7iUkMp5chron10,materialDated,NA,17
LS11NECA,none,NA,chronData,cdRHeug7ZB8ttlZllnuchron11,activity,Bq g-1,17
LS11NECA,none,NA,chronData,cdRAsdr4unECGSc5Rlmchron12,activityUncertainty,Bq g-1,17
LS11NECA,none,NA,chronData,cdRbfoooShfBZatPPXCchron13,supportedActivity,NA,17
LS11NECA,none,NA,chronData,cdR48XBO2OEKSv2JkEochron14,x210PbModel,NA,17
LS11NECA,none,NA,chronData,cdRCNZtKN2zUk0s2dHschron16,SD,yr BP,17
LS11NECA,none,NA,chronData,cdRODKUrXYKYrFOh6Q0chron17,reservoirAge14C,yr14C BP,17
LS11NECA,none,NA,chronData,cdRm9QIoEnyeadhiNuJchron18,reservoirAge14CUncertainty,yr14C BP,17
LS11NECA,none,NA,chronData,cdR79svH4glozw76t3Hchron19,useInAgeModel,NA,17
LS11RYKA,none,NA,chronData,cdR0hEEw33YbEIeKBQ9chron4,fractionModern,NA,3
LS11RYKA,none,NA,chronData,cdRgQ1EFyeWUJcEbitRchron5,fractionModernUncertainty,NA,3
LS11RYKA,none,NA,chronData,cdRCNPn3wYxsNJyqbwechron7,delta13Cuncertainty,permil,3
LS11RYKA,none,NA,chronData,cdRYII6d9HGgkU7g68echron11,activity,Bq g-1,3
LS11RYKA,none,NA,chronData,cdRZdCISUr5yOiAxFbUchron12,activityUncertainty,Bq g-1,3
LS11RYKA,none,NA,chronData,cdRT4PAC5CMV33URumhchron13,supportedActivity,NA,3
LS11RYKA,none,NA,chronData,cdRAOpmMCUJNrOkbvIMchron14,x210PbModel,NA,3
LS11RYKA,none,NA,chronData,cdR0PahB0O4XtgZ3J1lchron16,SD,yr BP,3
LS11RYKA,none,NA,chronData,cdReL2o0fjp6FRanjR4chron17,reservoirAge14C,yr14C BP,3
LS11RYKA,none,NA,chronData,cdRMwCOQWPHWAwKtSlRchron18,reservoirAge14CUncertainty,yr14C BP,3
LS11RYKA,none,NA,chronData,cdRGKkRPyV3ZrrcTpukchron19,useInAgeModel,NA,3
LS11TICH,none,NA,chronData,chron2_mRawYIdD,age14C,yr14C BP,8
LS11TICH,none,NA,chronData,chron3_dF9FnEvG,SD,yr14C BP,8
LS11TICH,none,NA,chronData,chron4_Nyt1iaIv,fractionModern,NA,8
LS11TICH,none,NA,chronData,chron5_BlTczKqF,fractionModernUncertainty,NA,8
LS11TICH,none,NA,chronData,chron6_Kh98hFuG,delta13C,permil,8
LS11TICH,none,NA,chronData,chron7_XVAOv8BX,delta13Cuncertainty,permil,8
LS11TICH,none,NA,chronData,chron8_i3lHm3PW,thickness,cm,8
LS11TICH,none,NA,chronData,chron9_Mbid5tHo,labID,NA,8
LS11TICH,none,NA,chronData,chron10_ogYRO1GX,materialDated,NA,8
LS11TICH,none,NA,chronData,chron11_txE0Ds0U,activity,Bq g-1,8
LS11TICH,none,NA,chronData,chron12_x8RHxBQf,activityUncertainty,Bq g-1,8
LS11TICH,none,NA,chronData,chron13_FzUNLou6,supportedActivity,NA,8
LS11TICH,none,NA,chronData,chron14_vkel6j4X,x210PbModel,NA,8
LS11TICH,none,NA,chronData,chron16_WFaf7PQg,SD,yr BP,8
LS11TICH,none,NA,chronData,chron17_S9g4yDdD,reservoirAge14C,yr14C BP,8
LS11TICH,none,NA,chronData,chron18_jMq3vFgZ,reservoirAge14CUncertainty,yr14C BP,8
LS11TICH,none,NA,chronData,chron19_hSx7Zt6u,useInAgeModel,NA,8
LS12ANBI,none,NA,chronData,cdRcsRkSbQjg8uuXtrZchron4,fractionModern,NA,10
LS12ANBI,none,NA,chronData,cdRYZUKRxSjzBZRgrthchron5,fractionModernUncertainty,NA,10
LS12ANBI,none,NA,chronData,cdRQHJHQOrCnYuovXZIchron6,delta13C,permil,10
LS12ANBI,none,NA,chronData,cdRYyAsq1gdmCDHryBcchron7,delta13Cuncertainty,permil,10
LS12ANBI,none,NA,chronData,cdRjAyG4lTgtjoLKl3Ochron8,thickness,cm,10
LS12ANBI,none,NA,chronData,cdRY9724ryCC0pwkF8achron9,labID,NA,10
LS12ANBI,none,NA,chronData,cdRwAZsIhoXANdQg0kichron10,materialDated,NA,10
LS12ANBI,none,NA,chronData,cdRIBRAx16WDtDysh9pchron11,activity,Bq g-1,10
LS12ANBI,none,NA,chronData,cdR77iMGGL6AhNKh6Qrchron12,activityUncertainty,Bq g-1,10
LS12ANBI,none,NA,chronData,cdR4Jft39kH5ZWoNDAZchron13,supportedActivity,NA,10
LS12ANBI,none,NA,chronData,cdRgS6z5ibVLImPwxkjchron14,x210PbModel,NA,10
LS12ANBI,none,NA,chronData,cdRPjx6NmtlnhBBlt6dchron16,SD,yr BP,10
LS12ANBI,none,NA,chronData,cdR6svz3q6Gy8NmyNgwchron17,reservoirAge14C,yr14C BP,10
LS12ANBI,none,NA,chronData,cdRlOfWrkByCdmUd2G5chron18,reservoirAge14CUncertainty,yr14C BP,10
LS12ANBI,none,NA,chronData,cdRPSmjjJLtkheVPEpZchron19,useInAgeModel,NA,10
LS12ANYE,none,NA,chronData,cdRizvw3PieQudhxxuUchron4,fractionModern,NA,10
LS12ANYE,none,NA,chronData,cdRIK913ORyvMheucSbchron5,fractionModernUncertainty,NA,10
LS12ANYE,none,NA,chronData,cdRzUsbjqBWIUCQsjOwchron6,delta13C,permil,10
LS12ANYE,none,NA,chronData,cdRaWiew8uIn5gzlZqTchron7,delta13Cuncertainty,permil,10
LS12ANYE,none,NA,chronData,cdRHfmniO3Da1BFqdPachron8,thickness,cm,10
LS12ANYE,none,NA,chronData,cdRPzpYBerTVBSo9jSUchron9,labID,NA,10
LS12ANYE,none,NA,chronData,cdRrMlyhj1LqT6TzTQQchron10,materialDated,NA,10
LS12ANYE,none,NA,chronData,cdR3Tn4JN9tzoOVUt8vchron11,activity,Bq g-1,10
LS12ANYE,none,NA,chronData,cdRdsiVGGJZgNrgb8Xuchron12,activityUncertainty,Bq g-1,10
LS12ANYE,none,NA,chronData,cdRwFq1YXsOzivtHq5Dchron13,supportedActivity,NA,10
LS12ANYE,none,NA,chronData,cdRxJ6uOSJ0lBruq0jUchron14,x210PbModel,NA,10
LS12ANYE,none,NA,chronData,cdRodYT8NXu8wXZzbSvchron16,SD,yr BP,10
LS12ANYE,none,NA,chronData,cdR2hK07Fge1NxBTFaAchron17,reservoirAge14C,yr14C BP,10
LS12ANYE,none,NA,chronData,cdRkpfOma39NAqi178cchron18,reservoirAge14CUncertainty,yr14C BP,10
LS12ANYE,none,NA,chronData,cdRclfO2jOg2njSQXgPchron19,useInAgeModel,NA,10
LS12STLI,none,NA,chronData,chron4_3LThnyY3,fractionModern,NA,7
LS12STLI,none,NA,chronData,chron5_SqXwEdkn,fractionModernUncertainty,NA,7
LS12STLI,none,NA,chronData,chron6_m0Fyt6wW,delta13C,permil,7
LS12STLI,none,NA,chronData,chron7_WBajKt9q,delta13Cuncertainty,permil,7
LS12STLI,none,NA,chronData,chron8_uxJPUS53,thickness,cm,7
LS12STLI,none,NA,chronData,chron9_E2OhZSdn,labID,NA,7
LS12STLI,none,NA,chronData,chron11_afbemNbe,activity,Bq g-1,7
LS12STLI,none,NA,chronData,chron12_W5IzMPb2,activityUncertainty,Bq g-1,7
LS12STLI,none,NA,chronData,chron13_kquxBljb,supportedActivity,NA,7
LS12STLI,none,NA,chronData,chron14_lv4b6ybc,x210PbModel,NA,7
LS12STLI,none,NA,chronData,chron16_nUshQrol,SD,yr BP,7
LS12STLI,none,NA,chronData,chron17_v4ROiqiQ,reservoirAge14C,yr14C BP,7
LS12STLI,none,NA,chronData,chron18_JMgkLV6y,reservoirAge14CUncertainty,yr14C BP,7
LS12STLI,none,NA,chronData,chron19_Oo6Aj6GY,useInAgeModel,NA,7
LS12STRE,none,NA,chronData,chron4_VtZ1pp6d,fractionModern,NA,8
LS12STRE,none,NA,chronData,chron5_YrESDFwA,fractionModernUncertainty,NA,8
LS12STRE,none,NA,chronData,chron6_vzWZtUtn,delta13C,permil,8
LS12STRE,none,NA,chronData,chron7_foi2Bpuq,delta13Cuncertainty,permil,8
LS12STRE,none,NA,chronData,chron8_CqFc8gVq,thickness,cm,8
LS12STRE,none,NA,chronData,chron9_22pORXp8,labID,NA,8
LS12STRE,none,NA,chronData,chron11_2SphegEy,activity,Bq g-1,8
LS12STRE,none,NA,chronData,chron12_mqlR4Rzm,activityUncertainty,Bq g-1,8
LS12STRE,none,NA,chronData,chron13_BP0bt3U4,supportedActivity,NA,8
LS12STRE,none,NA,chronData,chron14_wXCRhvJP,x210PbModel,NA,8
LS12STRE,none,NA,chronData,chron17_xMhtXcF3,reservoirAge14C,yr14C BP,8
LS12STRE,none,NA,chronData,chron18_So0sEbi6,reservoirAge14CUncertainty,yr14C BP,8
LS12STRE,none,NA,chronData,chron19_sSsbAccI,useInAgeModel,NA,8
LS12WOQU,none,NA,chronData,chron2_DQT3ZoID,age14C,yr14C BP,14
LS12WOQU,none,NA,chronData,chron3_k5gImbGw,SD,yr14C BP,14
LS12WOQU,none,NA,chronData,chron4_HFEirNbG,fractionModern,NA,14
LS12WOQU,none,NA,chronData,chron5_7AqW1vgR,fractionModernUncertainty,NA,14
LS12WOQU,none,NA,chronData,chron6_OIcqeF2C,delta13C,permil,14
LS12WOQU,none,NA,chronData,chron7_mf6XPzTt,delta13Cuncertainty,permil,14
LS12WOQU,none,NA,chronData,chron8_e7x97KJr,thickness,cm,14
LS12WOQU,none,NA,chronData,chron9_FLT8H0ES,labID,NA,14
LS12WOQU,none,NA,chronData,chron11_rDDmwBXE,activity,Bq g-1,14
LS12WOQU,none,NA,chronData,chron12_IMHjp9m3,activityUncertainty,Bq g-1,14
LS12WOQU,none,NA,chronData,chron13_bEJVNhOR,supportedActivity,NA,14
LS12WOQU,none,NA,chronData,chron14_WfLL6INo,x210PbModel,NA,14
LS12WOQU,none,NA,chronData,chron17_7Q0iw7X3,reservoirAge14C,yr14C BP,14
LS12WOQU,none,NA,chronData,chron18_9lHQ5x2m,reservoirAge14CUncertainty,yr14C BP,14
LS12WOQU,none,NA,chronData,chron19_BBRobE0U,useInAgeModel,NA,14
LS13BAFL,none,NA,chronData,cdRBVUrb5TSlSFjS1WHchron4,fractionModern,NA,12
LS13BAFL,none,NA,chronData,cdRgagmvh2KjIS6iNhbchron5,fractionModernUncertainty,NA,12
LS13BAFL,none,NA,chronData,cdReanwEsuXL31rGUuVchron6,delta13C,permil,12
LS13BAFL,none,NA,chronData,cdRJxDp3zIOgcwCBx60chron7,delta13Cuncertainty,permil,12
LS13BAFL,none,NA,chronData,cdRwo1fOdp9wKQ6Vrvichron8,thickness,cm,12
LS13BAFL,none,NA,chronData,cdRAjetowuF3NBbhLHmchron11,activity,Bq g1,12
LS13BAFL,none,NA,chronData,cdRR8TEeSWjga9t0wz3chron12,activityUncertainty,Bq g1,12
LS13BAFL,none,NA,chronData,cdROVWMQgRZkwKFPaNQchron13,supportedActivity,NA,12
LS13BAFL,none,NA,chronData,cdRp2CoM0Ukf2F9uKN4chron14,x210PbModel,NA,12
LS13BAFL,none,NA,chronData,cdRBo3xGc52zwZoBNK6chron17,reservoirAge14C,yr14C BP,12
LS13BAFL,none,NA,chronData,cdRZjKA3f4akUXh0Rp0chron18,reservoirAge14CUncertainty,yr14C BP,12
LS13KOLA,none,NA,chronData,cdRBI0FW4paG61RZhXXchron4,fractionModern,NA,15
LS13KOLA,none,NA,chronData,cdR1hBEVnZrse4PmHjgchron5,fractionModernUncertainty,NA,15
LS13KOLA,none,NA,chronData,cdRRCtznT0TG8hDlYBrchron6,delta13C,permil,15
LS13KOLA,none,NA,chronData,cdRXWN5XvEhReZbcNUWchron7,delta13Cuncertainty,permil,15
LS13KOLA,none,NA,chronData,cdR0weYGUEqc25kRLG9chron8,thickness,cm,15
LS13KOLA,none,NA,chronData,cdRFzM6Z0mrATFefHNychron9,labID,NA,15
LS13KOLA,none,NA,chronData,cdRqgffGS04NvN44Slvchron10,materialDated,NA,15
LS13KOLA,none,NA,chronData,cdRSJ83vxom0Yli2vClchron11,activity,Bq g-1,15
LS13KOLA,none,NA,chronData,cdRGPHNsvYyBP3Embtdchron12,activityUncertainty,Bq g-1,15
LS13KOLA,none,NA,chronData,cdR3CAtUX6SKoxiGC6Zchron13,supportedActivity,NA,15
LS13KOLA,none,NA,chronData,cdRkKAUZFEtyjJmFdsQchron14,x210PbModel,NA,15
LS13KOLA,none,NA,chronData,cdRYl0JkBjb2aVYJ7oYchron17,reservoirAge14C,yr14C BP,15
LS13KOLA,none,NA,chronData,cdRdjWnrWoDIuOiyFPqchron18,reservoirAge14CUncertainty,yr14C BP,15
LS13KOLA,none,NA,chronData,cdRzRgEzJK7rNBLoDzLchron19,useInAgeModel,NA,15
LS13STEL,none,NA,chronData,cdRDO6KSbQPVbR6fOischron4,fractionModern,NA,7
LS13STEL,none,NA,chronData,cdRd6dBB0S0FVLG57oRchron5,fractionModernUncertainty,NA,7
LS13STEL,none,NA,chronData,cdR8Lnwi0nHjwG6tI6Ichron6,delta13C,permil,7
LS13STEL,none,NA,chronData,cdRwMriLSPCqX4UvO8ochron7,delta13Cuncertainty,permil,7
LS13STEL,none,NA,chronData,cdRhbtTaHeswfr9Facechron8,thickness,cm,7
LS13STEL,none,NA,chronData,cdReyvjrAlq4H5bx0Jvchron9,labID,NA,7
LS13STEL,none,NA,chronData,cdRZ7b37Q8B6PXax0Tlchron10,materialDated,NA,7
LS13STEL,none,NA,chronData,cdR9iwQpdjDTgo2YdqXchron11,activity,Bq g-1,7
LS13STEL,none,NA,chronData,cdRkDzv8Gvynrr4OlRrchron12,activityUncertainty,Bq g-1,7
LS13STEL,none,NA,chronData,cdRT0oBWW7mZWIg5IwPchron13,supportedActivity,NA,7
LS13STEL,none,NA,chronData,cdRuAofhzZ11Sdq6Y3Ychron14,x210PbModel,NA,7
LS13STEL,none,NA,chronData,cdR6PLLOnSYVunm5NbLchron17,reservoirAge14C,yr14C BP,7
LS13STEL,none,NA,chronData,cdROydkjzWfuBPAwj9Fchron18,reservoirAge14CUncertainty,yr14C BP,7
LS13WASU,none,NA,chronData,cdRXsTrMRwiXlh5eeUBchron4,fractionModern,NA,8
LS13WASU,none,NA,chronData,cdRuQ7NNTm6SYHZUmjEchron5,fractionModernUncertainty,NA,8
LS13WASU,none,NA,chronData,cdRc4QgUXZHsUArDWGQchron6,delta13C,permil,8
LS13WASU,none,NA,chronData,cdRGLu8lfamsLeYYJxdchron7,delta13Cuncertainty,permil,8
LS13WASU,none,NA,chronData,cdRifCVZbAWMoRi1vJjchron8,thickness,cm,8
LS13WASU,none,NA,chronData,cdRCCAY8oeb1dxBucxgchron9,labID,NA,8
LS13WASU,none,NA,chronData,cdRhEhmKKvXIqONSjwrchron10,materialDated,NA,8
LS13WASU,none,NA,chronData,cdR7llOpf9YgB7b3MW6chron11,activity,Bq g-1,8
LS13WASU,none,NA,chronData,cdR5sceCTA8kNlX3xcIchron12,activityUncertainty,Bq g-1,8
LS13WASU,none,NA,chronData,cdRm2GM7U1Q0FTkJNFdchron13,supportedActivity,NA,8
LS13WASU,none,NA,chronData,cdRcfhGWiO9eWTnda9Tchron17,reservoirAge14C,yr14C BP,8
LS13WASU,none,NA,chronData,cdR8StIG3IthoZUgKTGchron18,reservoirAge14CUncertainty,yr14C BP,8
LS13WASU,none,NA,chronData,cdRz1X2PgBzaeazQXJNchron19,useInAgeModel,NA,8
LS14ATJU,none,NA,chronData,cdRf96M67EnCoHe8Q6fchron7,delta13Cuncertainty,permil,36
LS14ATJU,none,NA,chronData,cdRwaEHGt5p6rMfKdlschron8,thickness,cm,36
LS14ATJU,none,NA,chronData,cdR00Tr54QvRAFu4Kdechron9,labID,NA,36
LS14ATJU,none,NA,chronData,cdRLTnuHK4viFrHhIFlchron10,materialDated,NA,36
LS14ATJU,none,NA,chronData,cdRrFJdl4ynnYjLZDfzchron13,supportedActivity,NA,36
LS14ATJU,none,NA,chronData,cdRe4JMSevKGNh34hmrchron14,x210PbModel,NA,36
LS14ATJU,none,NA,chronData,cdRgR1FBIywI6lpN5iCchron17,reservoirAge14C,yr14C BP,36
LS14ATJU,none,NA,chronData,cdR4I4meAsnrXAIrdgAchron18,reservoirAge14CUncertainty,yr14C BP,36
LS14ATJU,none,NA,chronData,cdRnOXl2MlIutGxdwyMchron19,useInAgeModel,NA,36
LS14FEZA,none,NA,chronData,cdRL0uJygI6tj1sZenOchron4,fractionModern,NA,15
LS14FEZA,none,NA,chronData,cdRAw8G2WGVFWl1R2Qechron5,fractionModernUncertainty,NA,15
LS14FEZA,none,NA,chronData,cdRjm7RO9I07Q6wqxtschron7,delta13Cuncertainty,permil,15
LS14FEZA,none,NA,chronData,cdRyzGrj23T9N2y5OCuchron8,thickness,cm,15
LS14FEZA,none,NA,chronData,cdRMZ54SjUeK3LoHfeVchron9,labID,NA,15
LS14FEZA,none,NA,chronData,cdRJzS9RNbeoSUN1Zc0chron10,materialDated,NA,15
LS14FEZA,none,NA,chronData,cdRRxb76wJ847dHRlVXchron11,activity,Bq g-1,15
LS14FEZA,none,NA,chronData,cdRlPHwoEJsRPYUSMlIchron12,activityUncertainty,Bq g-1,15
LS14FEZA,none,NA,chronData,cdRsHMUrz1uuGEOoC28chron13,supportedActivity,NA,15
LS14FEZA,none,NA,chronData,cdRlvAkeX1HisLaiGsrchron14,x210PbModel,NA,15
LS14FEZA,none,NA,chronData,cdR8SSLAul9jXvRlNlEchron17,reservoirAge14C,yr14C BP,15
LS14FEZA,none,NA,chronData,cdRMEyJkB8zhBeZesB5chron18,reservoirAge14CUncertainty,yr14C BP,15
LS14FEZA,none,NA,chronData,cdRhEb8J2fxPWKCsMBmchron19,useInAgeModel,NA,15
LS14KOSA,none,NA,chronData,cdRVjI03J3f6x8jsx5Rchron7,delta13Cuncertainty,permil,9
LS14KOSA,none,NA,chronData,cdR6Q7zaTE5THuss0Lychron9,labID,NA,9
LS14KOSA,none,NA,chronData,cdRpib1YoToUJD8yQsvchron10,materialDated,NA,9
LS14KOSA,none,NA,chronData,cdRX0tcJ8ZJSlVTZeODchron11,activity,Bq g-1,9
LS14KOSA,none,NA,chronData,cdRZfx7HbAkynC3Zpldchron12,activityUncertainty,Bq g-1,9
LS14KOSA,none,NA,chronData,cdRKN2MzTmDWQzzUWzichron13,supportedActivity,NA,9
LS14KOSA,none,NA,chronData,cdRzhFlSlPiFpXqllOtchron14,x210PbModel,NA,9
LS14KOSA,none,NA,chronData,cdR89soy2Roj9Es6POJchron17,reservoirAge14C,yr14C BP,9
LS14KOSA,none,NA,chronData,cdRyjVYwiPi76l34Ot4chron18,reservoirAge14CUncertainty,yr14C BP,9
LS14KOSA,none,NA,chronData,cdRKm6IMMQEDbXyDUDhchron19,useInAgeModel,NA,9
LS14LESA,none,NA,chronData,cdRr6HWuWaW9FuXKr9Gchron4,fractionModern,NA,8
LS14LESA,none,NA,chronData,cdRO6FIVBvr51Lf8MMtchron5,fractionModernUncertainty,NA,8
LS14LESA,none,NA,chronData,cdRA1V8DLaOiXsLTkWEchron6,delta13C,permil,8
LS14LESA,none,NA,chronData,cdRYJOUGioLz8rX6yKpchron7,delta13Cuncertainty,permil,8
LS14LESA,none,NA,chronData,cdRJa7DULtm6vD1xjKTchron8,thickness,cm,8
LS14LESA,none,NA,chronData,cdRXqf8z0h38KAAsrQvchron10,materialDated,NA,8
LS14LESA,none,NA,chronData,cdRuewJRVIbBGYYFw3achron11,activity,Bq g-1,8
LS14LESA,none,NA,chronData,cdR06jQgbn8YJ2xgso8chron12,activityUncertainty,Bq g-1,8
LS14LESA,none,NA,chronData,cdRzZP0dYgKSX1AMdq8chron13,supportedActivity,NA,8
LS14LESA,none,NA,chronData,cdRndYRTJWLBGAJNEZzchron14,x210PbModel,NA,8
LS14LESA,none,NA,chronData,cdRh2S8KdxQQWYd6ilRchron16,SD,yr BP,8
LS14LESA,none,NA,chronData,cdRGj9xHQuuajDUV8oKchron19,useInAgeModel,NA,8
LS14PRLO,none,NA,chronData,cdRqtIMF53ogdyIEDNcchron6,delta13C,permil,29
LS14PRLO,none,NA,chronData,cdRPIyD3ExPDNlfwHkJchron7,delta13Cuncertainty,permil,29
LS14PRLO,none,NA,chronData,cdRUIa8LJuRpi4nUEKwchron8,thickness,cm,29
LS14PRLO,none,NA,chronData,cdRc6LGcNjYRadHZqV7chron9,labID,NA,29
LS14PRLO,none,NA,chronData,cdR195HjjERbqlKo12Echron10,materialDated,NA,29
LS14PRLO,none,NA,chronData,cdR48mfPPjKtRaQQy3jchron11,activity,Bq g-1,29
LS14PRLO,none,NA,chronData,cdRhBaEKHrDMG09EBA3chron12,activityUncertainty,Bq g-1,29
LS14PRLO,none,NA,chronData,cdRr5YvhrOrslnOmg3xchron13,supportedActivity,NA,29
LS14PRLO,none,NA,chronData,cdR4NmhryKSLZd3GR5zchron14,x210PbModel,NA,29
LS14PRLO,none,NA,chronData,cdRiKpzZpc6q12IfIF9chron16,ageUncertainty,yr BP,29
LS14PRLO,none,NA,chronData,cdRme067q36ziTpdDt7chron17,reservoirAge14C,yr14C BP,29
LS14PRLO,none,NA,chronData,cdRFXbND48vZ7RTx8iuchron18,reservoirAge14CUncertainty,yr14C BP,29
LS14YAHA,none,NA,chronData,cdRLiXlemg19gENAyrUchron4,fractionModern,NA,7
LS14YAHA,none,NA,chronData,cdRJK05pg2BIQueS7IPchron5,fractionModernUncertainty,NA,7
LS14YAHA,none,NA,chronData,cdRcbFIO8rLIgsShZEachron6,delta13C,permil,7
LS14YAHA,none,NA,chronData,cdR02v0cOSaFBNdSrVGchron7,delta13Cuncertainty,permil,7
LS14YAHA,none,NA,chronData,cdRhk8Ygb6K2PuSI1gSchron9,labID,NA,7
LS14YAHA,none,NA,chronData,cdRAQmYo7V07GL4LwOUchron10,materialDated,NA,7
LS14YAHA,none,NA,chronData,cdRJ7kq2ZwkMNgDEJkpchron11,activity,Bq g-1,7
LS14YAHA,none,NA,chronData,cdRSGiSNeYLc9AhJv0ychron12,activityUncertainty,Bq g-1,7
LS14YAHA,none,NA,chronData,cdRuukoHrACe5zsHXDTchron13,supportedActivity,NA,7
LS14YAHA,none,NA,chronData,cdROjdQwZ53cTR1rTtEchron14,x210PbModel,NA,7
LS14YAHA,none,NA,chronData,cdRW3FqrdfrT9trPzCGchron16,ageUncertainty,yr BP,7
LS14YAHA,none,NA,chronData,cdRTnYKd51X9VNzPIB8chron18,reservoirAge14CUncertainty,yr14C BP,7
LS14YAHA,none,NA,chronData,cdR9aqPAAAskUf3giQDchron19,useInAgeModel,NA,7
LS14YAHA,none,NA,chronData,cdRSr9BCrcZYDc20BZnchron4,fractionModern,NA,7
LS14YAHA,none,NA,chronData,cdRQ7dDOhJCCArHlhbNchron5,fractionModernUncertainty,NA,7
LS14YAHA,none,NA,chronData,cdRJVMe3qhGIIIwuArpchron6,delta13C,permil,7
LS14YAHA,none,NA,chronData,cdRlvxWDeolrZOnPTRhchron7,delta13Cuncertainty,permil,7
LS14YAHA,none,NA,chronData,cdR88if5zHGJrbAHTgkchron9,labID,NA,7
LS14YAHA,none,NA,chronData,cdRFVKaHgK3bwQefBDrchron10,materialDated,NA,7
LS14YAHA,none,NA,chronData,cdRuUxC6Dx5GeCdQPFDchron11,activity,Bq g-1,7
LS14YAHA,none,NA,chronData,cdRMvUwmEIDRiAcPnq7chron12,activityUncertainty,Bq g-1,7
LS14YAHA,none,NA,chronData,cdRitng20TedWKgfyqvchron13,supportedActivity,NA,7
LS14YAHA,none,NA,chronData,cdRcGEL57vGsF1rkKuWchron14,x210PbModel,NA,7
LS14YAHA,none,NA,chronData,cdRoLWJE2551850gBjkchron16,ageUncertainty,yr BP,7
LS14YAHA,none,NA,chronData,cdRB2ml6FYeaXH0385Gchron17,reservoirAge14C,yr14C BP,7
LS14YAHA,none,NA,chronData,cdRttSEaZOHhSXJbGj9chron18,reservoirAge14CUncertainty,yr14C BP,7
LS14YAHA,none,NA,chronData,cdRYCGdNNGm6zXzgmvwchron19,useInAgeModel,NA,7
LS15ABSH,none,NA,chronData,cdRlPK2kz0TrD3rkX4cchron4,fractionModern,NA,7
LS15ABSH,none,NA,chronData,cdRcWx95LNzsamaYXyRchron5,fractionModernUncertainty,NA,7
LS15ABSH,none,NA,chronData,cdRlBmVkNaA6tkApB87chron6,delta13C,permil,7
LS15ABSH,none,NA,chronData,cdRvADJhfkfwq27KXK5chron7,delta13Cuncertainty,permil,7
LS15ABSH,none,NA,chronData,cdRhAebdNKcjbBE8f0Cchron11,activity,Bq g-1,7
LS15ABSH,none,NA,chronData,cdRB0uGw9HYVIjJBE2Dchron12,activityUncertainty,Bq g-1,7
LS15ABSH,none,NA,chronData,cdR1C8nflMlLUjF6oKAchron13,supportedActivity,NA,7
LS15ABSH,none,NA,chronData,cdRW1Sw9eVFV6BnmF6Bchron14,x210PbModel,NA,7
LS15ABSH,none,NA,chronData,cdR7XogIUhkb0vuFktqchron19,useInAgeModel,NA,7
LS15AIKA,none,NA,chronData,cdRp8dQIk0u0Ug6BBEFchron9,labID,NA,17
LS15AIKA,none,NA,chronData,cdRBtE4RpSdaAPMwS76chron19,useInAgeModel,NA,17
LS15BHAL,none,NA,chronData,cdRHlmcmDGkn4eq21FBR3ctvLShhQeOYPGor,labID,NA,16
LS15BHAL,none,NA,chronData,cdRtz0bZNlHQmY0F7vFchron4,fractionModern,NA,8
LS15BHAL,none,NA,chronData,cdR78UZ4Kwz9VDdJDT9chron5,fractionModernUncertainty,NA,8
LS15BHAL,none,NA,chronData,cdRqDlsxLmhFtFz8d6ichron6,delta13C,permil,8
LS15BHAL,none,NA,chronData,cdRo82htGQ875JvWhiwchron7,delta13Cuncertainty,permil,8
LS15BHAL,none,NA,chronData,cdR733CnHmYz3rHLU4cchron8,thickness,cm,8
LS15BHAL,none,NA,chronData,cdRJSdzrbf3CTJrXgFQchron10,materialDated,NA,8
LS15BHAL,none,NA,chronData,cdRfFx9bryOW3PaXuqCchron11,activity,Bq g-1,8
LS15BHAL,none,NA,chronData,cdR1RW58knBk1I0DtDdchron12,activityUncertainty,Bq g-1,8
LS15BHAL,none,NA,chronData,cdRXaMiCvDW7RrX4jwTchron13,supportedActivity,NA,8
LS15BHAL,none,NA,chronData,cdRP68GWewyGjkuTanHchron14,x210PbModel,NA,8
LS15BHAL,none,NA,chronData,cdRgNgJsI5aHTDGmAAhchron16,SD,yr BP,8
LS15BHAL,none,NA,chronData,cdRkwfhPTFqgITAA380chron17,reservoirAge14C,yr14C BP,8
LS15BHAL,none,NA,chronData,cdR7XKcybpA7x3UNVJDchron18,reservoirAge14CUncertainty,yr14C BP,8
LS15BHAL,none,NA,chronData,cdRMuo5IKJlRfCBDbjcchron19,useInAgeModel,NA,8
LS15DENA,none,NA,chronData,chron2_vNif4X6Z,SampleID,NA,2
LS15DENA,none,NA,chronData,chron3_kiGfMfm9,weight,mg,2
LS15DENA,none,NA,chronData,chron4_rRgod04c,U238,ppb,2
LS15DENA,none,NA,chronData,chron5_HkiQ449r,U238_error,ppb,2
LS15DENA,none,NA,chronData,chron6_kUgQdH4t,Th232,ppt,2
LS15DENA,none,NA,chronData,chron7_3An7M8s7,Th232_error,ppt,2
LS15DENA,none,NA,chronData,chron8_fmgFHKJj,d234U,(ratio),2
LS15DENA,none,NA,chronData,chron9_AvzLrGMy,d234U_error,NA,2
LS15DENA,none,NA,chronData,chron10_TOne33wC,Th230_U238activity,activity,2
LS15DENA,none,NA,chronData,chron11_5HSkpDD6,U_Thactivity_error,NA,2
LS15DENA,none,NA,chronData,chron12_blInLe3V,Th230_Th232ratio,ppm,2
LS15DENA,none,NA,chronData,chron13_0dJKtLVS,Thratio_error,ppm,2
LS15DENA,none,NA,chronData,chron14_gYyTgFez,AgeUncorrected,years ago,2
LS15DENA,none,NA,chronData,chron15_7ZZPCrLs,AgeUncorr_error,yrs,2
LS15DENA,none,NA,chronData,chron18_dBJaOYVf,dU234initial,(ratio),2
LS15DENA,none,NA,chronData,chron19_4vkJ90J5,dU234i_error,NA,2
LS15DENA,none,NA,chronData,chron20_mWsPEJpX,depthtopPb,mm,2
LS15DENA,none,NA,chronData,chron21_JvtzcLJS,depthbottomPb,mm,2
LS15DENA,none,NA,chronData,chron22_hkzhAAIa,Pb210excess,dpm/g,2
LS15DENA,none,NA,chronData,chron23_xfvwTw0t,Pb210_error,dpm/g,2
LS15DENA,none,NA,chronData,chron24_t8spAGSl,depthtopCs,mm,2
LS15DENA,none,NA,chronData,chron25_XHEghe98,depthbottomCs,mm,2
LS15DENA,none,NA,chronData,chron26_aL3KU8jN,Cs137gamactivity,Bq/g,2
LS15DENA,none,NA,chronData,chron27_yuinIv2F,Cs137_error,Bq/g,2
LS15DOCH,none,NA,chronData,chron4,fractionModern,unitless,11
LS15DOCH,none,NA,chronData,chron5,fractionModernUncertainty,unitless,11
LS15DOCH,none,NA,chronData,chron7,delta13Cuncertainty,permil,11
LS15DOCH,none,NA,chronData,chron11,activity,Bq/g,11
LS15DOCH,none,NA,chronData,chron12,activityUncertainty,Bq/g,11
LS15DOCH,none,NA,chronData,chron13,supportedActivity,unitless,11
LS15DOCH,none,NA,chronData,chron14,x210PbModel,unitless,11
LS15DOCH,none,NA,chronData,chron16,uncertainty1s,yr BP,11
LS15DOCH,none,NA,chronData,chron17,reservoirAge14C,yr 14C BP,11
LS15DOCH,none,NA,chronData,chron18,reservoirAge14CUncertainty,yr 14C BP,11
LS15DOSA,none,NA,chronData,Rzukian0V50qcd3nQ,fractionModern,unitless,8
LS15DOSA,none,NA,chronData,RJyIf9bpAODT6t59i,fractionModernUncertainty,unitless,8
LS15DOSA,none,NA,chronData,RYFB90sQUG5noJWFw,delta13Cuncertainty,permil,8
LS15DOSA,none,NA,chronData,RQXyvuYdcxrPBHkph,activity,Bq/g,8
LS15DOSA,none,NA,chronData,RloKluf64SSdogt4N,activityUncertainty,Bq/g,8
LS15DOSA,none,NA,chronData,RsAcm7JLV82U2UAHf,supportedActivity,unitless,8
LS15DOSA,none,NA,chronData,RuJNfeAwdPOL3qu6K,x210PbModel,unitless,8
LS15DOSA,none,NA,chronData,RyNQJOI4Ot0wqCFEM,uncertainty1s,yr BP,8
LS15DOSA,none,NA,chronData,RAqpcHm2fS1e9bCYR,reservoirAge14C,yr 14C BP,8
LS15DOSA,none,NA,chronData,RJNnkVOBDKi4YtqmT,reservoirAge14CUncertainty,yr 14C BP,8
LS15JOPA,none,NA,chronData,cdR0FsYcwLE3rHzcIh8chron4,fractionModern,NA,4
LS15JOPA,none,NA,chronData,cdR82x7sPQE9QLnbH2zchron5,fractionModernUncertainty,NA,4
LS15JOPA,none,NA,chronData,cdRkI1tRKsqrfTaTLKwchron6,delta13C,permil,4
LS15JOPA,none,NA,chronData,cdRURUzd5fraY1xx4ZOchron7,delta13Cuncertainty,permil,4
LS15JOPA,none,NA,chronData,cdRZoN0qGyEsJjhHzV3chron11,activity,Bq g-1,4
LS15JOPA,none,NA,chronData,cdR9P32m3dGvZA8HmNdchron12,activityUncertainty,Bq g-1,4
LS15JOPA,none,NA,chronData,cdR828rpxA3PMj29EBFchron13,supportedActivity,NA,4
LS15JOPA,none,NA,chronData,cdR2Wv26lEz5DRQLGrvchron14,x210PbModel,NA,4
LS15JOPA,none,NA,chronData,cdRb9rTmc81w6UqPkR5chron18,reservoirAge14CUncertainty,yr14C BP,4
LS15JOPA,none,NA,chronData,cdRFgCbue5b4TBCL8Hfchron19,useInAgeModel,NA,4
LS15LAOH,none,NA,chronData,chron2_odjferlq,age14C,yr14C BP,12
LS15LAOH,none,NA,chronData,chron3_OtgsTifz,SD,yr14C BP,12
LS15LAOH,none,NA,chronData,chron4_hzhgXvmH,fractionModern,NA,12
LS15LAOH,none,NA,chronData,chron5_WwDSmsER,fractionModernUncertainty,NA,12
LS15LAOH,none,NA,chronData,chron6_rqoEEmC0,delta13C,permil,12
LS15LAOH,none,NA,chronData,chron7_2ASM1tig,delta13Cuncertainty,permil,12
LS15LAOH,none,NA,chronData,chron8_EKhqNlqy,thickness,cm,12
LS15LAOH,none,NA,chronData,chron9_xUSAFK1a,labID,NA,12
LS15LAOH,none,NA,chronData,chron11_mguYJTbP,activity,Bq g-1,12
LS15LAOH,none,NA,chronData,chron12_oCOt7oqQ,activityUncertainty,Bq g-1,12
LS15LAOH,none,NA,chronData,chron13_Gnnb4FLn,supportedActivity,NA,12
LS15LAOH,none,NA,chronData,chron14_phOIwBar,x210PbModel,NA,12
LS15LAOH,none,NA,chronData,chron17_h4cEzQzk,reservoirAge14C,yr14C BP,12
LS15LAOH,none,NA,chronData,chron18_9d1uwLuv,reservoirAge14CUncertainty,yr14C BP,12
LS15LAOH,none,NA,chronData,chron19_JRpcbujG,useInAgeModel,NA,12
LS15OEPO,none,NA,chronData,chron2_9VekLXHI,age14C,yr14C BP,8
LS15OEPO,none,NA,chronData,chron3_guROhp9C,SD,yr14C BP,8
LS15OEPO,none,NA,chronData,chron4_qKYbTrIn,fractionModern,NA,8
LS15OEPO,none,NA,chronData,chron5_5vsYg6uW,fractionModernUncertainty,NA,8
LS15OEPO,none,NA,chronData,chron6_flMiFPvZ,delta13C,permil,8
LS15OEPO,none,NA,chronData,chron7_fLmbiteD,delta13Cuncertainty,permil,8
LS15OEPO,none,NA,chronData,chron8_JbivgdUc,thickness,cm,8
LS15OEPO,none,NA,chronData,chron9_zB0rrXQM,labID,NA,8
LS15OEPO,none,NA,chronData,chron10_OJ9Tr7Qa,materialDated,NA,8
LS15OEPO,none,NA,chronData,chron11_YoilF7bm,activity,Bq g-1,8
LS15OEPO,none,NA,chronData,chron12_qQ2eb523,activityUncertainty,Bq g-1,8
LS15OEPO,none,NA,chronData,chron13_dQ2RHRyp,supportedActivity,NA,8
LS15OEPO,none,NA,chronData,chron14_YqhbzfgY,x210PbModel,NA,8
LS15OEPO,none,NA,chronData,chron16_SgQkxtB1,SD,yr BP,8
LS15OEPO,none,NA,chronData,chron17_MP8NLIAG,reservoirAge14C,yr14C BP,8
LS15OEPO,none,NA,chronData,chron18_woH0BJZU,reservoirAge14CUncertainty,yr14C BP,8
LS15OEPO,none,NA,chronData,chron19_rBxAhoxr,useInAgeModel,NA,8
LS15SHNE,none,NA,chronData,cdR6PbFdAF9pBHW8xHychron4,fractionModern,NA,19
LS15SHNE,none,NA,chronData,cdRm0iuadEnnV7jxLfFchron5,fractionModernUncertainty,NA,19
LS15SHNE,none,NA,chronData,cdRatRS3FvDmoM2Sodpchron6,delta13C,permil,19
LS15SHNE,none,NA,chronData,cdRcwpDbtqP7814bKfSchron7,delta13Cuncertainty,permil,19
LS15SHNE,none,NA,chronData,cdRzpzhmc3d87LT58ESchron8,thickness,cm,19
LS15SHNE,none,NA,chronData,cdRdFKFncf5Y6ntCOazchron9,labID,NA,19
LS15SHNE,none,NA,chronData,cdRE3DYswpquh7uexIhchron10,materialDated,NA,19
LS15SHNE,none,NA,chronData,cdR2NNC7ynaHDa3TDVYchron11,activity,Bq g1,19
LS15SHNE,none,NA,chronData,cdRhBEQLf3AM81a8okgchron12,activityUncertainty,Bq g1,19
LS15SHNE,none,NA,chronData,cdRmfP7VD0l7Etlwh44chron13,supportedActivity,NA,19
LS15SHNE,none,NA,chronData,cdRU5AVC2ebo6ATN6NRchron14,210PbModel,NA,19
LS15SHNE,none,NA,chronData,cdRTLOIp0aTqRCJAUVlchron17,reservoirAge14C,yr14C BP,19
LS15SHNE,none,NA,chronData,cdRGC5znHNCZs0x3Il8chron18,reservoirAge14CUncertainty,yr14C BP,19
LS15SHNE,none,NA,chronData,cdR2ghedl666tNp79CNchron19,useInAgeModel,NA,19
LS16WIGH,none,NA,chronData,LPD8ef57581,dummy2,NA,8
LS16WIGH,none,NA,chronData,LPD46c26e4b,dummy3,NA,8
LS16WIGH,none,NA,chronData,LPD58aa706d,dummy4,NA,8
LS16WIGH,none,NA,chronData,LPDe7d6de96,dummy5,NA,8
LS16WIGH,none,NA,chronData,LPD4f9bd748,dummy6,NA,8
LS16WIGH,none,NA,chronData,LPD0376bd77,dummy7,NA,8
LS16WIGH,none,NA,chronData,LPD9785cc43,dummy8,NA,8
LS16WIGH,none,NA,chronData,LPD43785d16,dummy9,NA,8
LS16WIGH,none,NA,chronData,LPDed33ea42,dummy10,NA,8
LS17STNU01,none,NA,chronData,cdR78qX9Bxk65IBcQ0nWEB721af65d,Measured Material,unitless,11
LS17STNU01,none,NA,chronData,cdRFNmovQxlh2R9d5XpWEB96dac4d1,Lab code,unitless,11
LS17STNU01,none,NA,chronData,cdR3ZcSaI3vjYBu23stWEBebfbd58e,Used in Age Model,unitless,11
LS91BEWA,none,NA,chronData,chron2_bjY1WLn5,age14C,yr14C BP,8
LS91BEWA,none,NA,chronData,chron3_O1wOG7zl,SD,yr14C BP,8
LS91BEWA,none,NA,chronData,chron4_niexMtYX,fractionModern,NA,8
LS91BEWA,none,NA,chronData,chron5_8TpQrvXM,fractionModernUncertainty,NA,8
LS91BEWA,none,NA,chronData,chron6_Mxxr5f6U,delta13C,permil,8
LS91BEWA,none,NA,chronData,chron7_ojj3cGuR,delta13Cuncertainty,permil,8
LS91BEWA,none,NA,chronData,chron8_7buToAKb,thickness,cm,8
LS91BEWA,none,NA,chronData,chron9_nY595Ht7,labID,NA,8
LS91BEWA,none,NA,chronData,chron10_5qt1FCbx,materialDated,NA,8
LS91BEWA,none,NA,chronData,chron11_9KP7uDGD,activity,Bq g-1,8
LS91BEWA,none,NA,chronData,chron12_F4KRGM5g,activityUncertainty,Bq g-1,8
LS91BEWA,none,NA,chronData,chron13_l9Bldoq3,supportedActivity,NA,8
LS91BEWA,none,NA,chronData,chron14_Sv71sdWh,x210PbModel,NA,8
LS91BEWA,none,NA,chronData,chron16_vySEEJoN,SD,yr BP,8
LS91BEWA,none,NA,chronData,chron17_UuDFElGS,reservoirAge14C,yr14C BP,8
LS91BEWA,none,NA,chronData,chron18_gbRkayBr,reservoirAge14CUncertainty,yr14C BP,8
LS91BEWA,none,NA,chronData,chron19_kWY5Gopg,useInAgeModel,NA,8
LS91HOMI,none,NA,chronData,cdRCC9lT6ntRVwcBLFPchron4,fractionModern,NA,12
LS91HOMI,none,NA,chronData,cdR33MVbIKU5xjECaJachron5,fractionModernUncertainty,NA,12
LS91HOMI,none,NA,chronData,cdRdsD73OSuf2ZIVYOVchron6,delta13C,permil,12
LS91HOMI,none,NA,chronData,cdR6orcTsp9luveMWN1chron7,delta13Cuncertainty,permil,12
LS91HOMI,none,NA,chronData,cdRi4ehQtQunbA03qudchron8,thickness,cm,12
LS91HOMI,none,NA,chronData,cdRF4d7QZZ03G1wfdP1chron9,labID,NA,12
LS91HOMI,none,NA,chronData,cdRYIx2S0aUmDo78QpCchron10,materialDated,NA,12
LS91HOMI,none,NA,chronData,cdRHEJIfdo4yGp2G6URchron11,activity,Bq g1,12
LS91HOMI,none,NA,chronData,cdRM89hUaUfsWsgbqkmchron12,activityUncertainty,Bq g1,12
LS91HOMI,none,NA,chronData,cdRtYAPyGJklDjxGyDuchron13,supportedActivity,NA,12
LS91HOMI,none,NA,chronData,cdRKdoHdGDF0uwC88lwchron14,210PbModel,NA,12
LS91HOMI,none,NA,chronData,cdR0BpnTYjKFoxSEw5Lchron16,SD,yr BP,12
LS91HOMI,none,NA,chronData,cdRnnE4DXDhqeeNAsqRchron18,reservoirAge14CUncertainty,yr14C BP,12
LS91HOMI,none,NA,chronData,cdRVHe9mX3C2GZl6Sg7chron19,useInAgeModel,NA,12
LS96CUPU,none,NA,chronData,cdRIp6wy6ZryUpONDhJchron9,labID,NA,5
LS96CUPU,none,NA,chronData,cdROdzREbLjmZ0GTmvfchron10,materialDated,NA,5
LS97HOKA,none,NA,chronData,cdRYYrD4JNxiFPEZZd5chron9,labID,NA,6
LS97HOKA,none,NA,chronData,cdRjYWSSUF4zsF7nI0Schron10,materialDated,NA,6
LS98CUPE,none,NA,chronData,cdRyPibiwUxk3eJXUgMchron9,labID,NA,8
LS98CUPE,none,NA,chronData,cdRnSmtkJDpGKTH5FJMchron10,materialDated,NA,8
LS99CUVA,none,NA,chronData,cdRXFz5bgZe3WMaxwaOchron9,labID,NA,13
LS99CUVA,none,NA,chronData,cdRD2kW87GGvoOUTez0chron10,materialDated,NA,13
LV29_114_3.Riethdorf.2013,none,NA,chronData,T2L_LV29_114_3_depth_bottom,depth_bottom,cm,9
LV29_114_3.Riethdorf.2013,none,NA,chronData,T2L_LV29_114_3_delta_r_1s_error_original,delta_r_1s_error_original,NA,9
LV29_114_3.Riethdorf.2013,none,NA,chronData,T2L_LV29_114_3_other_date,other_date,NA,9
LV29_114_3.Riethdorf.2013,none,NA,chronData,T2L_LV29_114_3_other_1s_err,other_1s_err,NA,9
LV29_114_3.Riethdorf.2013,none,NA,chronData,T2L_LV29_114_3_other_type,other_type,NA,9
LaBergerieenCharron.Visset.1987,none,NA,chronData,lc-chR4nY5nuMrf0GCicwa,thickness,cm,3
LaBergerieenCharron.Visset.1987,none,NA,chronData,lc-chRKC4KA9aCJ14K2pPZ,notes,unitless,3
LaBergerieenCharron.Visset.1987,none,NA,chronData,lc-chRhzOGrdlxSY7cMo2m,depth_top,cm,3
LaBergerieenCharron.Visset.1987,none,NA,chronData,lc-chRDt62fLilCJSobjmF,depth_bottom,cm,3
LaBorie.Miras.2013,none,NA,chronData,lc-chRI37QMjJ22H4ZhCVz,notes,unitless,6
LaCaudelais.Voeltzel.1987,none,NA,chronData,lc-chR1Lm8MdyhTVhZvLUd,notes,unitless,4
LaChaumette.deBeaulieu.1985,none,NA,chronData,lc-chRIxgLFeF8zc76k1mw,materialDated,unitless,9
LaChaumette.deBeaulieu.1985,none,NA,chronData,lc-chRelCSlEs6NqhxZMiy,notes,unitless,9
LaGrandeBasse.Kalis.2006,none,NA,chronData,lc-chR6u2WdSchJ0r2kOT8,notes,unitless,4
LaGrandeBrousse.Cyprien.2004,none,NA,chronData,lc-chRqHULvTlv2GEMeMDE,notes,unitless,5
LaGrange.Joly.2006,none,NA,chronData,lc-chRv6YCA3jOSYZGUVJY,notes,unitless,6
LaGueriviere.Visset.2003,none,NA,chronData,lc-chRw2ZHzsyCUetGlzST,materialDated,unitless,5
LaGueriviere.Visset.2003,none,NA,chronData,lc-chR89o8VXPkGedPZctZ,thickness,cm,5
LaGueriviere.Visset.2003,none,NA,chronData,lc-chRxUBJXFR8q0RTDjH9,notes,unitless,5
LaGueriviere.Visset.2003,none,NA,chronData,lc-chRtRSDikbnuIoDL4Dt,depth_top,cm,5
LaGueriviere.Visset.2003,none,NA,chronData,lc-chRQsQBQz2cPDaAza3F,depth_bottom,cm,5
LaMolinamire.LopezMerino.2011,none,NA,chronData,lc-chR3NuV0JOrbmbTkmOD,thickness,cm,6
LaMolinamire.LopezMerino.2011,none,NA,chronData,lc-chRkbMEIjarxJdOkNGU,notes,unitless,6
LaMolinamire.LopezMerino.2011,none,NA,chronData,lc-chRI2iCRdX1uzE1bkHT,depth_top,cm,6
LaMolinamire.LopezMerino.2011,none,NA,chronData,lc-chRPsXs8n1QToOTAVEM,depth_bottom,cm,6
LaPrairieduCassoir.Visset.1999,none,NA,chronData,lc-chRivfHJGcjbFMXDx76,materialDated,unitless,4
LaPrairieduCassoir.Visset.1999,none,NA,chronData,lc-chRolrcUmQuiDRyQpBX,thickness,cm,4
LaPrairieduCassoir.Visset.1999,none,NA,chronData,lc-chRH0abln5pvOkvyGDw,notes,unitless,4
LaPrairieduCassoir.Visset.1999,none,NA,chronData,lc-chRZlkRBH0xfPjz429k,depth_top,cm,4
LaPrairieduCassoir.Visset.1999,none,NA,chronData,lc-chRcSr4tOFvtEgxhXbM,depth_bottom,cm,4
LaVerderie.Barbier.1999,none,NA,chronData,lc-chR1HDUfqM5wURusfZ2,notes,unitless,3
LaVie.Barbier.1999,none,NA,chronData,lc-chRNwpmEbS3U3FMfTFV,notes,unitless,7
LaboireTorse.Joly.2011,none,NA,chronData,lc-chR7cDrtfffZSr30mFt,notes,unitless,8
Labradillosmire.RoblesLopez.2017,none,NA,chronData,lc-chRKYGj1jFgennjvGPi,notes,unitless,5
Labskydul.Engel.2010,none,NA,chronData,lc-chRJkvSBtPT7Hhp5cew,notes,unitless,17
LacBastien.Bennett.1987,none,NA,chronData,lc-chR7u1dIupj3yRg0BIh,notes,unitless,5
LacBoucane.Lortie.1986,none,NA,chronData,lc-chRKZsUI5Kg6mEpgRyA,notes,unitless,3
LacBrule.LafontaineBoyer.2014,none,NA,chronData,lc-chRIGlMIp1kHDMF0Aj9,materialDated,unitless,4
LacBrule.LafontaineBoyer.2014,none,NA,chronData,lc-chRe9OrQ8blU6a3TElA,notes,unitless,4
LacCaribou.Jette.1992,none,NA,chronData,lc-chRGL47flhk3IpEa9os,notes,unitless,6
LacCastor.author.1111,none,NA,chronData,lc-chRnyOHFEESY4WPEJkI,notes,unitless,6
LacCielBlanc.MacDonald.1985,none,NA,chronData,lc-chRAzzBLNWjoJ1Xk6tO,notes,unitless,6
LacColin.Mott.1977Legacy,none,NA,chronData,lc-chR3P03UzDxM5XwDBeB,materialDated,unitless,8
LacColin.Mott.1977Legacy,none,NA,chronData,lc-chRRqciGVhDEXlnA7FJ,thickness,cm,8
LacColin.Mott.1977Legacy,none,NA,chronData,lc-chRtG1bpCW64lDWOLWg,notes,unitless,8
LacColin.Mott.1977Legacy,none,NA,chronData,lc-chRjhtptf5s6u3r0Tea,depth_top,cm,8
LacColin.Mott.1977Legacy,none,NA,chronData,lc-chRMK79sa6RUo2qxKX2,depth_bottom,cm,8
LacDemain.MacDonald.1984,none,NA,chronData,lc-chRYUtszf0fVOawIrpC,notes,unitless,6
LacDufresne.Mott.1977,none,NA,chronData,lc-chRJFZfTl3SNcp1tF9p,materialDated,unitless,6
LacDufresne.Mott.1977,none,NA,chronData,lc-chR4BMvU9ncld5cgrXY,thickness,cm,6
LacDufresne.Mott.1977,none,NA,chronData,lc-chRY4TUafwhLoPDSr29,notes,unitless,6
LacDufresne.Mott.1977,none,NA,chronData,lc-chRPMSsMRsdtkz71FeE,depth_top,cm,6
LacDufresne.Mott.1977,none,NA,chronData,lc-chR10LL3AoKov1nsjin,depth_bottom,cm,6
LacFaribault.Richard.1981,none,NA,chronData,lc-chRSoyPtB1AU6hbgzyv,notes,unitless,3
LacGras.King.1986Legacy,none,NA,chronData,lc-chRFf8FptnVX77AyjJ3,notes,unitless,5
LacKenogami.Richard.1973,none,NA,chronData,lc-chRHHRbZ1OFujqvYiwG,notes,unitless,2
LacLongInferieur.deBeaulieu.1977,none,NA,chronData,lc-chRfJJfKiDubb71dhVx,notes,unitless,11
LacLouis.McAndrews.1981,none,NA,chronData,lc-chRtjuAbuPKuvQG1LtQ,materialDated,unitless,3
LacLouis.McAndrews.1981,none,NA,chronData,lc-chR1r5Ugq6ZfDmSucOy,thickness,cm,3
LacLouis.McAndrews.1981,none,NA,chronData,lc-chRLo2sW0R0RevoWlq2,notes,unitless,3
LacLouis.McAndrews.1981,none,NA,chronData,lc-chRb7fQdS7cifpnTVnN,depth_top,cm,3
LacLouis.McAndrews.1981,none,NA,chronData,lc-chRSPM7ahpnLZWfiXM3,depth_bottom,cm,3
LacLouis.Vincent.1973,none,NA,chronData,M2Lni8xw14zC,material,NA,3
LacLouis.Vincent.1973,none,NA,chronData,M2Ll7ybsc0fC,notes,NA,3
LacManitou.Savoie.1979,none,NA,chronData,lc-chRCV21kde0YyBrhG4K,notes,unitless,3
LacMarcotte.Labelle.1981,none,NA,chronData,M2Lrixg3gpcC,notes,NA,5
LacMarcotte.Labelle.1981Legacy,none,NA,chronData,lc-chR6SMNzALhpnv5m1LY,notes,unitless,6
LacMartyne.author.1111,none,NA,chronData,lc-chRBv5iRgRp6EHY67kT,labID,unitless,3
LacMartyne.author.1111,none,NA,chronData,lc-chRJ6KFKJqSFkvgXQdx,materialDated,unitless,3
LacMartyne.author.1111,none,NA,chronData,lc-chRbLUloAqpnhus9DHk,thickness,cm,3
LacMartyne.author.1111,none,NA,chronData,lc-chROpoueqX0W6vOtth6,notes,unitless,3
LacMartyne.author.1111,none,NA,chronData,lc-chRHzkP7qGysKdUm3sG,depth_top,cm,3
LacMartyne.author.1111,none,NA,chronData,lc-chRhUjGRyctQweS4cMe,depth_bottom,cm,3
LacMeleze.MacDonald.1987Legacy,none,NA,chronData,lc-chRpvlP7PvxZo8cjwAU,notes,unitless,7
LacMimi.Larouche.1979,none,NA,chronData,lc-chRvpU0z4B2NlBsgu8m,notes,unitless,5
LacMouton.deBeaulieu.1977,none,NA,chronData,lc-chRSbRwqd5PDmEvpp3l,materialDated,unitless,5
LacNoir.Guenet.1993,none,NA,chronData,lc-chRD8zujuFiT09Sky5r,materialDated,unitless,10
LacNoir.Paquette.2013,none,NA,chronData,lc-chRqpO2pslP5dnb7aPZ,materialDated,unitless,3
LacNoir.Paquette.2013,none,NA,chronData,lc-chRrdtyNpZVALsfOBOi,notes,unitless,3
LacOuellet.Richard.1992,none,NA,chronData,lc-chRBP6BnF1t95N7PGBL,notes,unitless,4
LacPatricia.Samson.1983,none,NA,chronData,lc-chRMrbhLa8wvtBdUC7M,notes,unitless,2
LacPetel.King.1986Legacy,none,NA,chronData,lc-chRoA0sqXHOCQL3OAyX,notes,unitless,5
LacRomer.Comtois.1979,none,NA,chronData,lc-chRvbZJHwrm4KXRKEIT,notes,unitless,4
LacSaintLeger.deBeaulieu.1977,none,NA,chronData,lc-chRKMZmS8R2BU0OKUCd,notes,unitless,5
LacSuperieurdeFully.Finsinger.2007,none,NA,chronData,lc-chRDjxwLR0VzgDGzWxj,notes,unitless,7
LacTurcotte.Labelle.1984,none,NA,chronData,lc-chRdHf1kMBPB3AWqjjG,notes,unitless,5
LacYelle.McAndrews.1981,none,NA,chronData,lc-chRCw7wpjWTTJR0RtC0,notes,unitless,4
LacaMagie.Mayle.1993,none,NA,chronData,lc-chRduyFjWgtU1fc2mSl,notes,unitless,4
LacaSam.author.1111,none,NA,chronData,lc-chRmcfVV4bbPqpOjyt5,notes,unitless,6
LacaStGermain.Savoie.1979,none,NA,chronData,lc-chRZgpIk24tUIG5FRDT,notes,unitless,4
LacalAnge.Labelle.1981,none,NA,chronData,lc-chR7e2Deoy8SKLkxp7D,notes,unitless,8
LacalaTortue.Gauthier.1981,none,NA,chronData,lc-chRpYlDr37rucM3qdtp,notes,unitless,3
LacauSable.King.1986,none,NA,chronData,lc-chRLMbbxHiHCgpeROP9,notes,unitless,4
LacauxQuenouilles.Savoie.1979,none,NA,chronData,lc-chRyw6fdqCqkD2nzqF3,notes,unitless,6
LacdeBrennilis.Marguerie.1995,none,NA,chronData,lc-chR14eRIwRedRxxvoC3,materialDated,unitless,3
LacdeBrennilis.Marguerie.1995,none,NA,chronData,lc-chR4I8hgQLm8h2Z8vr2,thickness,cm,3
LacdeBrennilis.Marguerie.1995,none,NA,chronData,lc-chRWu4YCd6DFnpOVai3,notes,unitless,3
LacdeBrennilis.Marguerie.1995,none,NA,chronData,lc-chRRRrGLpkDRUvEwc9m,depth_top,cm,3
LacdeBrennilis.Marguerie.1995,none,NA,chronData,lc-chRkq8REh4URO9rEtJp,depth_bottom,cm,3
LacdeBretaye.EPD,none,NA,chronData,cRIKgNeTADIDM3WyGS,thickness,cm,3
LacdeBretaye.EPD,none,NA,chronData,cRZ0kmjngtElcel3rw,labID,unitless,3
LacdeBretaye.Thole.2016,none,NA,chronData,lc-chRPf6FX4Anl44VGKrS,notes,unitless,10
LacdeChambedaze.Guenet.1986,none,NA,chronData,lc-chRVdsqcHaxPgFoDDFX,materialDated,unitless,5
LacdeClairvaux.Gauthier.2001,none,NA,chronData,lc-chRadLS8D4PEVy1jOtd,notes,unitless,2
LacdeLod.Brugiapaglia.1996,none,NA,chronData,lc-chRj1rbfLTwfxsiig2T,notes,unitless,2
LacdeMalpas.Gauthier.2001,none,NA,chronData,lc-chRQ71rknvua45MMO74,notes,unitless,2
LacdeSiguret.deBeaulieu.1977,none,NA,chronData,lc-chREzcaQXkjhceB9Mnf,materialDated,unitless,6
LacdeVilla.Brugiapaglia.1996,none,NA,chronData,lc-chRODXl9Y9WKTDutMB7,notes,unitless,9
LacdesAtocas.Gauthier.1981,none,NA,chronData,lc-chRIAsHiA0Eay87yOOf,notes,unitless,4
LacdesBoites.Nakagawa.1998,none,NA,chronData,lc-chRvADBHB3Jzu964cVJ,materialDated,unitless,6
LacdesGrenouilles.Finsinger.2020,none,NA,chronData,lc-chR0TStmcqKGFKtLKgp,notes,unitless,13
LacdesRochesMoutonnees.McAndrews.1977,none,NA,chronData,lc-chR5J9EuUIJKtKPSUUJ,materialDated,unitless,4
LacdesRochesMoutonnees.McAndrews.1977,none,NA,chronData,lc-chRXq0XkTTj1qb7OI6a,thickness,cm,4
LacdesRochesMoutonnees.McAndrews.1977,none,NA,chronData,lc-chR20QLm7gxjgjbvVij,notes,unitless,4
LacdesRochesMoutonnees.McAndrews.1977,none,NA,chronData,lc-chRQqCmiJVq37nZCpWR,depth_top,cm,4
LacdesRochesMoutonnees.McAndrews.1977,none,NA,chronData,lc-chRHyTiiEKMKC0Q1X9C,depth_bottom,cm,4
LacduBouchet.Reille.1988,none,NA,chronData,lc-chRiXhScaD1QpVkF7bb,notes,unitless,9
LacduLauzon.Argant.2000,none,NA,chronData,lc-chR02V85QORU5gX5bJl,materialDated,unitless,4
LacduLauzon.Argant.2000,none,NA,chronData,lc-chRdPDSwKDVKdTgbnxE,thickness,cm,4
LacduLauzon.Argant.2000,none,NA,chronData,lc-chRWG70VURxt1cDDpkD,notes,unitless,4
LacduLauzon.Argant.2000,none,NA,chronData,lc-chRpsXdX2oQZGR6aNrP,depth_top,cm,4
LacduLauzon.Argant.2000,none,NA,chronData,lc-chRQrhtm9CV3XssFY31,depth_bottom,cm,4
LacduMontdOrgeSion.Colombaroli.2013,none,NA,chronData,lc-chRQCHacWeLnkgxI6Vj,notes,unitless,11
LacduMontdOrgeSion.Welten.1977,none,NA,chronData,lc-chRIU5A0JA58kDwnGIv,thickness,cm,12
LacduMontdOrgeSion.Welten.1977,none,NA,chronData,lc-chRlcSjCHRDMq3V7NgB,notes,unitless,12
LacduMontdOrgeSion.Welten.1977,none,NA,chronData,lc-chRpPxZ5nO0WlkaWhry,depth_top,cm,12
LacduMontdOrgeSion.Welten.1977,none,NA,chronData,lc-chR9Yoh5sMoUdX2GghV,depth_bottom,cm,12
LackanBog.Holland.1975,none,NA,chronData,lc-chRVrfvpIjyV90lnkEy,notes,unitless,16
LadeBank.Waller.1994,none,NA,chronData,lc-chRRXpvieXJGfAm3piu,notes,unitless,5
LadikGolu.Bottema.1993,none,NA,chronData,lc-chRgDdwJ1zhWCWY7JEY,notes,unitless,5
LagoGrandediMonticchio.Watts.1985,none,NA,chronData,lc-chRNrXEOWPUshFGwIW7,materialDated,unitless,20
LagoGrandediMonticchio.Watts.1985,none,NA,chronData,lc-chRuwXhuCbZ6Y7002Yp,notes,unitless,20
LagoPadule.Watson.1996,none,NA,chronData,lc-chRpj86l7ioVzmQZfM9,thickness,cm,8
LagoPadule.Watson.1996,none,NA,chronData,lc-chRWQ0ePGyLV41J0xqQ,notes,unitless,8
LagoPadule.Watson.1996,none,NA,chronData,lc-chRtM9hqj3q8H2vo3dl,depth_top,cm,8
LagoPadule.Watson.1996,none,NA,chronData,lc-chRlRYKijLR6L0MHlbs,depth_bottom,cm,8
LagoPratignano.Watson.1996,none,NA,chronData,lc-chR5Mi2paNsTR0l6EXY,notes,unitless,4
LagoPreola.Calo.2010,none,NA,chronData,lc-chRHIxONMwkQBxEn9SV,notes,unitless,4
LagoUmayo.Baker.2009,none,NA,chronData,WEBe97cb9e3,Core depth (range),unitless,10
LagoaComprida2.Janssen.1981,none,NA,chronData,lc-chRY7WE63hFUdWbEHHc,materialDated,unitless,5
LagoaTravessaII.Mateus.1992,none,NA,chronData,lc-chRGKIiY5cDjcneN0M5,notes,unitless,9
LagodeAjo.Allen.1996,none,NA,chronData,cRSkUKlUTJRX9jhe35,thickness,cm,7
LagodeAjo.Allen.1996,none,NA,chronData,cRtau04MirCdJTI33H,labID,unitless,7
LagodeAjo.Allen.1996Legacy,none,NA,chronData,lc-chRQj8k1FhRG8fDZqqg,notes,unitless,7
LagodelGreppo.Vescovi.2010,none,NA,chronData,lc-chRjdIymmvqWOFBSBwS,thickness,cm,14
LagodelGreppo.Vescovi.2010,none,NA,chronData,lc-chRzKDg3vzMBKQWDrzk,notes,unitless,14
LagodelGreppo.Vescovi.2010,none,NA,chronData,lc-chRDL0BNdyE0VChH0aC,depth_top,cm,14
LagodelGreppo.Vescovi.2010,none,NA,chronData,lc-chRUdTjgPnq8CcZMQly,depth_bottom,cm,14
LagodelSegrino.Gobet.2000,none,NA,chronData,lc-chRPOkbKHiJG2PaT1g9,notes,unitless,13
LagodellAccesa.Colombaroli.2008,none,NA,chronData,lc-chRZe35kJanbEAJvh7k,notes,unitless,11
LagodellAccesa.DrescherSchneider.2007,none,NA,chronData,lc-chRdcURbcQSCg80JK53,notes,unitless,13
LagodelleFate.Ortu.2005,none,NA,chronData,lc-chRaHPv5MNXRxzfyr1h,notes,unitless,8
LagodiMartignano.Kelly.1991,none,NA,chronData,lc-chRCGKjSgCx64SSUALT,notes,unitless,8
LagodiMuzzano.Gobet.2000,none,NA,chronData,lc-chRdZRNNknxnafOznpG,notes,unitless,11
LagodiOriglio.Tinner.1998,none,NA,chronData,lc-chRLLhPT1NXYBlMFSAu,labID,unitless,7
LagodiOriglio.Tinner.1998,none,NA,chronData,lc-chRqBm4FmhqdDZ8ZGqv,notes,unitless,7
LagodiOriglio.Tinner.1999,none,NA,chronData,lc-chRVSfXlISmt02FKuWK,notes,unitless,26
LagodiVenere.Calo.2013,none,NA,chronData,lc-chRB6l1voVCHYqgFtji,notes,unitless,2
LagunaBiajaca.CastillaBeltran.2018,none,NA,chronData,lc-chRU3XpLUQd4y1C2zve,notes,unitless,6
LagunaDeJuanacatlan.Jones.2015,none,NA,chronData,LPD36774e07,Reservoir Correction/R,unitless,29
LagunaMesagosa.vonEngelbrechten.1998,none,NA,chronData,lc-chRTu09GKBel6qvklvU,notes,unitless,5
LagunaNegra.vonEngelbrechten.1998,none,NA,chronData,lc-chRTzwT6gDvXUFCaEYs,notes,unitless,8
LagunaPompal.Goman.1998,none,NA,chronData,lc-chR7sHN4owrHnqC1LKT,notes,unitless,7
LagunaPumacocha.Bird.2011,none,NA,chronData,WEB12bfb541,Lake,unitless,21
LagunaPumacocha.Bird.2011,none,NA,chronData,WEB061e745f,Core,unitless,21
LagunaPumacocha.Bird.2011,none,NA,chronData,WEB577a7bda,Material measured,unitless,21
LagunaPumacocha.Bird.2011,none,NA,chronData,WEB8fed2f6f,2sRange,unitless,21
LagunaSalada.Hevly.1962,none,NA,paleoData,OLS_R5RwEqhsaYX,lakeTrend,unitless,32
LagunaSaladaChiprana.EPD,none,NA,chronData,cR3l5Z5VvdTs92m5Hr,thickness,cm,5
LagunaSaladaChiprana.author.1111,none,NA,chronData,lc-chRXLi4GpHNrcyUkOkr,labID,unitless,4
LagunaSaladaChiprana.author.1111,none,NA,chronData,lc-chRLsc1yAXNODbPx1cn,thickness,cm,4
LagunaSaladaChiprana.author.1111,none,NA,chronData,lc-chR6VHKiaDgELuwwSpc,depth_top,cm,4
LagunaSaladaChiprana.author.1111,none,NA,chronData,lc-chRweNAAnwJpaUemyhG,depth_bottom,cm,4
LagunadeUbaque.Bird.2017,none,NA,chronData,WEBd8884612,Core sampled,unitless,10
LagunadeUbaque.Bird.2017,none,NA,chronData,WEBc754d45d,Material dated,unitless,10
LagunadeUbaque.Bird.2017,none,NA,chronData,WEB6b8c625b,datemeth,unitless,10
LagunadeUbaque.Bird.2017,none,NA,chronData,WEB9ee6fb48,calib_method,unitless,10
LagunadeUbaque.Bird.2017,none,NA,chronData,WEBf2cb9216,rejected,unitless,10
LagunadeUbaque.Bird.2017,none,NA,chronData,WEBadbb8d85,used_in_age_model,unitless,10
LagunadelaLeche.Peros.2007,none,NA,chronData,lc-chRMgwviAPRocmmDyH8,notes,unitless,5
LagunadelaRoya.Allen.1996,none,NA,chronData,lc-chR6m5Juoo0i4kD9iJQ,notes,unitless,7
LaiNairSchulsTarasp.Welten.1982,none,NA,chronData,lc-chR1exIQ7ygiOooGI0p,thickness,cm,8
LaiNairSchulsTarasp.Welten.1982,none,NA,chronData,lc-chRLwfWM6WFIOq0200E,notes,unitless,8
LaiNairSchulsTarasp.Welten.1982,none,NA,chronData,lc-chRYZctV2AnCSNsLk7C,depth_top,cm,8
LaiNairSchulsTarasp.Welten.1982,none,NA,chronData,lc-chRCBkj68PHmdDoZ91S,depth_bottom,cm,8
Lailias.EPD,none,NA,chronData,cRu4IVDR26o0ifqi9S,thickness,cm,4
Lailias.Gerasimidis.2000,none,NA,chronData,lc-chRld8Cp1tQWm8K8NaP,materialDated,unitless,4
Lailias.Gerasimidis.2000,none,NA,chronData,lc-chRZZlUII3NU5EqRSVl,notes,unitless,4
Lake27.Bernabo.1981,none,NA,chronData,lc-chRyKxj2DukQvUVGH8n,materialDated,unitless,3
Lake27.Bernabo.1981,none,NA,chronData,lc-chRcL8RUF1wt2NErg0M,notes,unitless,3
Lake31.Eisner.1995,none,NA,chronData,lc-chRJ9udD9czU9shEFr4,notes,unitless,4
LakeA.Wilson.1981,none,NA,chronData,lc-chR6DH0D8DHQjtqRJYJ,notes,unitless,2
LakeAT01.Friel.2014,none,NA,chronData,lc-chRhLuY4iJezt3HRot3,notes,unitless,9
LakeAbhe.Gasse.1977,none,NA,paleoData,dc_RfY9IHESBb1p66ZyK,sampleID,unitless,40
LakeAbiyataZiwayShala.Gasse.1978,none,NA,paleoData,dc_R30JZzAmUaMAJ71JL,sampleID,unitless,36
LakeAlmalou.Djamali.2009,none,NA,chronData,lc-chRD9UBjKqGGB3pevOX,notes,unitless,8
LakeAnn.Steventon.1984,none,NA,chronData,lc-chRIb4wEIYqmgrIO9fy,notes,unitless,3
LakeAnnie.Watts.1975,none,NA,chronData,lc-chRgXKDWyN4wGkIX7vP,materialDated,unitless,7
LakeAnnie.Watts.1975,none,NA,chronData,lc-chR3sJWNwfA8ICqLmzy,thickness,cm,7
LakeAnnie.Watts.1975,none,NA,chronData,lc-chRRD39SVipae4ms58X,notes,unitless,7
LakeAnnie.Watts.1975,none,NA,chronData,lc-chR1IjQaJaYsvihGy5G,depth_top,cm,7
LakeAnnie.Watts.1975,none,NA,chronData,lc-chRoF7BmpwZeYVBtuUk,depth_bottom,cm,7
LakeArthur.Fearn.1995,none,NA,chronData,lc-chRggK7aawyTS7M8TAc,notes,unitless,6
LakeBI2.Gajewski.1992,none,NA,chronData,lc-chRNtIZbBdxljLqCIGU,notes,unitless,4
LakeBN7.Gajewski.1991,none,NA,chronData,lc-chRWrR3EcgYexXZ9XRs,notes,unitless,4
LakeBaringo.Williams.1976,none,NA,paleoData,dc_RGPyntXD3CLEJ8tAi,sampleID,unitless,34
LakeBarrine.Li.2022,none,NA,chronData,WEB-9faf0-9666-4240-a59a-5eec8,reservoir,unitless,17
LakeBayanchagan.Jiang.2010,none,NA,chronData,lc-chRk4jv9YS61H6b0Tqj,notes,unitless,7
LakeBeloslav.Bozilova.1994,none,NA,chronData,lc-chR4WkVtryDKdbKMHXq,labID,unitless,2
LakeBeloslav.Bozilova.1994,none,NA,chronData,lc-chR1r0jRCKiGAVvZGVd,notes,unitless,2
LakeBillyakh.Muller.2009,none,NA,chronData,lc-chRJpIFU6Tv5eWcavG8,notes,unitless,8
LakeBlatisto.vvanHuis.2013,none,NA,chronData,lc-chRthjHHLj3jvnhJSth,notes,unitless,2
LakeBled.Andric.2011,none,NA,chronData,lc-chR9Fu7ySEfslIeui6L,thickness,cm,6
LakeBled.Andric.2011,none,NA,chronData,lc-chRNlGmJ2yUmBC3SKEM,notes,unitless,6
LakeBled.Andric.2011,none,NA,chronData,lc-chRJoB9V7IuDTbNSCQ9,depth_top,cm,6
LakeBled.Andric.2011,none,NA,chronData,lc-chRMJKSIAfDyVrCnlxI,depth_bottom,cm,6
LakeBoguda.Andreev.1989,none,NA,chronData,lc-chR33VSeMEb3qkLV4Ge,notes,unitless,7
LakeCH2.Garralla.1991,none,NA,chronData,lc-chREt5j4lzZfxViZsBY,notes,unitless,6
LakeChalla.Payne.1970,none,NA,paleoData,dc_RUwXrt7ZI1nqAiJrE,sampleID,unitless,37
LakeCleveland.Davis.1981,none,NA,chronData,lc-chRjWzFJxLTZnwarOoT,materialDated,unitless,5
LakeDurankulak.Bozilova.1986,none,NA,chronData,lc-chR3TLvZvWHaghUMz2y,notes,unitless,3
LakeEC1.Gajewski.1993,none,NA,chronData,lc-chRTysTLDMoG3whzTMS,notes,unitless,4
LakeEC2.Gajewski.1991,none,NA,chronData,lc-chR1gmo7rB5p7nQNg9V,notes,unitless,4
LakeElsinore.Heusser.2015,none,NA,chronData,lc-chRN407pkzN7RlDOb71,notes,unitless,28
LakeEmilyNortheastBasin.UmbanhowarJr.2004,none,NA,chronData,lc-chRdudR2DCMtb0hilwX,notes,unitless,3
LakeEmma.Carrara.1991,none,NA,chronData,lc-chRt1lyMttnZ5Fj3zEb,notes,unitless,6
LakeErie.Lewis.1989,none,NA,chronData,lc-chRp4a6g3wM6kca83Ba,materialDated,unitless,3
LakeErie.Lewis.1989,none,NA,chronData,lc-chRtFh2awanX49YpLq0,notes,unitless,3
LakeErmistu.Heinsalu.1991,none,NA,chronData,lc-chRTTIpeAXmKWQylGdH,notes,unitless,5
LakeFernsehsee.Stobbe.2015,none,NA,chronData,lc-chR6hn7ntUJJLaUTOn4,labID,unitless,10
LakeFernsehsee.Stobbe.2015,none,NA,chronData,lc-chRDDSk2xY5LuIpnDIt,thickness,cm,10
LakeFernsehsee.Stobbe.2015,none,NA,chronData,lc-chRHrq49cqCrktk2QiL,notes,unitless,10
LakeFernsehsee.Stobbe.2015,none,NA,chronData,lc-chRA6ZvVgxbwcIxNotE,depth_top,cm,10
LakeFernsehsee.Stobbe.2015,none,NA,chronData,lc-chRDFfrAF6RyKWBOsvs,depth_bottom,cm,10
LakeFlafattjonna.Paus.2010,none,NA,chronData,lc-chRsVIeb1qqnZRUxQNh,notes,unitless,10
LakeFlarken.Digerfeldt.1977,none,NA,chronData,lc-chR16rMOWUaZMvJsaN4,notes,unitless,14
LakeGB1.Gajewski.1991,none,NA,chronData,lc-chR5nnXjCKf2sK38ppL,notes,unitless,3
LakeGB2.Gajewski.1993,none,NA,chronData,lc-chRr08bph5o7O8HePsD,notes,unitless,4
LakeGramousti.Willis.1992,none,NA,chronData,lc-chRl8EZXRpihRIBWdFz,labID,unitless,5
LakeGramousti.Willis.1992,none,NA,chronData,lc-chRH36nCNXM8aweROS6,thickness,cm,5
LakeGramousti.Willis.1992,none,NA,chronData,lc-chROkcOsVKhIuWpJJvo,notes,unitless,5
LakeGramousti.Willis.1992,none,NA,chronData,lc-chREquDsA4MqDudnIt6,depth_top,cm,5
LakeGramousti.Willis.1992,none,NA,chronData,lc-chRSzjFrLhs3rn5ih7s,depth_bottom,cm,5
LakeGrinnell.Zhao.2010,none,NA,chronData,lc-chRPD9pG4kEctnEsT2W,notes,unitless,8
LakeHancza.Lauterbach.2011,none,NA,chronData,lc-chRLO1k93OprgxCFXmm,notes,unitless,13
LakeHill.Graham.2016,none,NA,chronData,lc-chRqWimFoBvBnbGSZBx,notes,unitless,7
LakeHopeSimpson.Engstrom.1985,none,NA,chronData,lc-chRlAq7UFXxvV8vPtXT,notes,unitless,6
LakeIfjord.Seppa.1996,none,NA,chronData,lc-chRQUlWxKliluBlTPgI,notes,unitless,4
LakeIznik.Miebach.2016,none,NA,chronData,lc-chRAMXpiOYS5oIyqKut,thickness,cm,20
LakeIznik.Miebach.2016,none,NA,chronData,lc-chRPqgvEPjnO4haiRZ3,depth_top,cm,20
LakeIznik.Miebach.2016,none,NA,chronData,lc-chR2ogU2sQ1Bzw7znkT,depth_bottom,cm,20
LakeJarveotsa.EPD,none,NA,chronData,cR3h1N8PG6QecZQA1U,thickness,cm,3
LakeJarveotsa.EPD,none,NA,chronData,cRde1YYU1kS4eZ5MNL,labID,unitless,3
LakeJarveotsa.Poska.1994,none,NA,chronData,lc-chREmeeeIJq4LFAtPYy,notes,unitless,5
LakeKahala.Poska.1999,none,NA,chronData,lc-chRkk8OqnbFBxE3YfJf,notes,unitless,14
LakeKarujarv.Saarse.1992,none,NA,chronData,lc-chR2z9mnmXRUmgzLZqC,notes,unitless,10
LakeKolmilatrask.SarmajaKorjonen.1991,none,NA,chronData,lc-chR7tIjQlBFWRIeQtNB,notes,unitless,4
LakeKotokel.Tarasov.2009,none,NA,chronData,lc-chRKKuplWDlJvOhpx3B,notes,unitless,4
LakeKotokel2010.Bezrukova.2010,none,NA,chronData,lc-chRwT1IbYVEQo0G4DQv,notes,unitless,12
LakeKvarntrask.SarmajaKorjonen.1991,none,NA,chronData,lc-chRgh8HggXOf2lmapnY,notes,unitless,4
LakeLB1.Gajewski.1993,none,NA,chronData,lc-chR0XMcWJsirOwoxMbV,notes,unitless,4
LakeLR1.Gajewski.1993,none,NA,chronData,lc-chRuwVRK9j5BUSXbuaC,notes,unitless,4
LakeLR3.Gajewski.1992,none,NA,chronData,lc-chRI0N40uMewhUZfTM7,notes,unitless,3
LakeLT1.Gajewski.1992,none,NA,chronData,lc-chRu9DrTx70NYZBG1Co,notes,unitless,4
LakeLama.Andreev.2004,none,NA,chronData,lc-chR8LUrr5v5ZL19rq5d,labID,unitless,11
LakeLama.Andreev.2004,none,NA,chronData,lc-chR2GZcX97nsGQC40xc,thickness,cm,11
LakeLama.Andreev.2004,none,NA,chronData,lc-chR0v4lv7sFv0xuVOq1,notes,unitless,11
LakeLama.Andreev.2004,none,NA,chronData,lc-chRR9mytUXlU6UyVgSV,depth_top,cm,11
LakeLama.Andreev.2004,none,NA,chronData,lc-chRRCbO9gHgP3KhVvFL,depth_bottom,cm,11
LakeLamskoye.Dolukhanov.2007,none,NA,chronData,lc-chRkNBRXJJuyScwB5P3,notes,unitless,5
LakeLednica.Makohonienko.1991,none,NA,chronData,lc-chRsfIKUixqZwvE8zMh,notes,unitless,9
LakeLerna.Jahns.1993,none,NA,chronData,lc-chRbWAysGA2FPlF5f5m,notes,unitless,8
LakeLouise.Watts.1971,none,NA,chronData,lc-chRpmARUlicXy2rKfMl,materialDated,unitless,2
LakeLouise.Watts.1971,none,NA,chronData,lc-chREHCJrxn5PhXjkRUx,notes,unitless,2
LakeMaardu.Poska.2004,none,NA,chronData,lc-chRtUfIG0YzCK00tBs7,notes,unitless,9
LakeMaardu.Saarse.1990,none,NA,chronData,lc-chR9dbtunKFAuJ0GUQ6,notes,unitless,3
LakeMadjagara.Tarasov.1994,none,NA,chronData,lc-chRQlml3IURtODc6A85,notes,unitless,8
LakeMalawi_LakeNyasa_LakeNiassa.Beadle.1981,none,NA,paleoData,dc_RgDOQ1vUDg5scDQsy,sampleID,unitless,38
LakeManyas.Leroy.2002,none,NA,chronData,lc-chRNVvoYEPfzH2r68bn,thickness,cm,2
LakeManyas.Leroy.2002,none,NA,chronData,lc-chRQjaX2y7HCLt7TBJA,depth_top,cm,2
LakeManyas.Leroy.2002,none,NA,chronData,lc-chRcQe52vrg0z9Yevdp,depth_bottom,cm,2
LakeMary.Bender.1970,none,NA,chronData,lc-chRbJjNRahgw3qfebMR,materialDated,unitless,3
LakeMary.Bender.1970,none,NA,chronData,lc-chRvbQ4uauMBhZLq9Jh,notes,unitless,3
LakeMasoko.Williamson.1999,none,NA,paleoData,dc_RwlGmsxWABJ0TsSCl,sampleID,unitless,28
LakeMedvedevskoye.Subetto.2002,none,NA,chronData,lc-chRUU8oJKZHg39W5Hhz,notes,unitless,8
LakeMendota.Winkler.1985,none,NA,chronData,lc-chR2ZQ7BzD0kiyWTUfb,materialDated,unitless,5
LakeMendota.Winkler.1985,none,NA,chronData,lc-chRDdV2Iw94RjSiE65z,thickness,cm,5
LakeMendota.Winkler.1985,none,NA,chronData,lc-chRpDFgqCJpprtxmCPP,notes,unitless,5
LakeMendota.Winkler.1985,none,NA,chronData,lc-chRtN4mmH0pfX2HRHe0,depth_top,cm,5
LakeMendota.Winkler.1985,none,NA,chronData,lc-chRwVpbsKhxUs8SFNzn,depth_bottom,cm,5
LakeMikolajki.EPD,none,NA,chronData,cRfPhRQWEoR0cTZ12i,thickness,cm,6
LakeMikolajki.EPD,none,NA,chronData,cRtzckHu4x755yxsLm,labID,unitless,6
LakeMikolajki.RalskaJasiewiczowa.1966,none,NA,chronData,lc-chRVMWHMlHNux276v4t,labID,unitless,4
LakeMikolajki.RalskaJasiewiczowa.1966,none,NA,chronData,lc-chRe6anaAeK8IuBYtZ0,materialDated,unitless,4
LakeMikolajki.RalskaJasiewiczowa.1966,none,NA,chronData,lc-chRVZEai1znkBcpbnNl,thickness,cm,4
LakeMikolajki.RalskaJasiewiczowa.1966,none,NA,chronData,lc-chRhqFZAl73ib3kXS0U,notes,unitless,4
LakeMikolajki.RalskaJasiewiczowa.1966,none,NA,chronData,lc-chRnx0D5FM0JnwNhI7x,depth_top,cm,4
LakeMikolajki.RalskaJasiewiczowa.1966,none,NA,chronData,lc-chRTWUQrs3qWAhaSi2C,depth_bottom,cm,4
LakeMinnie.Almendinger.1992,none,NA,chronData,lc-chRnCd9r4mjz1xMvSkQ,notes,unitless,4
LakeMullsjon.Bjorck.1989,none,NA,chronData,lc-chREYpYgkKhAnL4jdqa,materialDated,unitless,5
LakeMullsjon.Bjorck.1989,none,NA,chronData,lc-chRiFUW3jw3qwrEjf2B,notes,unitless,5
LakeNaivasha.Richardson.1972,none,NA,paleoData,dc_R6VH91hzAQJlt5NoM,notes,unitless,88
LakeNaivasha.Richardson.1972,none,NA,paleoData,dc_R4igGxjuLMhaoBOl1,sampleID,unitless,88
LakeNaivasha.Richardson.1972,none,NA,paleoData,dc_RAEXUAfSesiPXUmJR,notes,unitless,88
LakeNero.Aleshinskaya.1973,none,NA,chronData,lc-chRUwucXV75xUA58GKk,notes,unitless,11
LakeNero.EPD,none,NA,chronData,cR7VltU8fcz1jbKJoU,thickness,cm,2
LakeNero.EPD,none,NA,chronData,cRq4bsnjkWSdyZcIWt,labID,unitless,2
LakeNero.Gunova.1975,none,NA,chronData,lc-chRx7CPKGpRpE4HzGjV,thickness,cm,3
LakeNero.Gunova.1975,none,NA,chronData,lc-chRdGEcrAE3iwJnxab7,notes,unitless,3
LakeNero.Gunova.1975,none,NA,chronData,lc-chRTAnGkw7RpTdykVx9,depth_top,cm,3
LakeNero.Gunova.1975,none,NA,chronData,lc-chRVPT7OotWhapHEphd,depth_bottom,cm,3
LakeNuochaga.Andreev.1989,none,NA,chronData,lc-chR0UZbvUha1Ge35nLN,notes,unitless,4
LakeOPines.Ewing.2000,none,NA,chronData,lc-chRdaK5hw30LhJfVEJd,notes,unitless,6
LakePWWL.Gajewski.2001,none,NA,chronData,lc-chRFWw75qQdSBVyVJNU,notes,unitless,5
LakePastorskoye.Subetto.2002,none,NA,chronData,lc-chRTjyFd8yB7n0mTCt1,notes,unitless,10
LakePatzcuaro.DeeveyJr.1944,none,NA,chronData,lc-chRFRxkcUJ7UgNQxs9R,notes,unitless,7
LakePetenItza.CorreaMetrio.2012,none,NA,chronData,lc-chRvczuIPRNAMf7YYCn,thickness,cm,28
LakePetenItza.CorreaMetrio.2012,none,NA,chronData,lc-chRyUhHKW7fM0XPqUCw,depth_top,cm,28
LakePetenItza.CorreaMetrio.2012,none,NA,chronData,lc-chRRNyAjR0XzdygX0oT,depth_bottom,cm,28
LakePlaaniKulajarv.Niinemets.2007,none,NA,chronData,lc-chRKtfFOCOtrbXcLjvq,notes,unitless,8
LakeQC.McAndrews.1993,none,NA,chronData,lc-chRkDeKCVDRbT51JbhJ,materialDated,unitless,3
LakeQC.McAndrews.1993,none,NA,chronData,lc-chR2D03vltCIDBvWMRP,thickness,cm,3
LakeQC.McAndrews.1993,none,NA,chronData,lc-chR068LhBMmmRA5hnaV,notes,unitless,3
LakeQC.McAndrews.1993,none,NA,chronData,lc-chRri7S417e3Jf6X52A,depth_top,cm,3
LakeQC.McAndrews.1993,none,NA,chronData,lc-chRlfxYO6hX7SPcUrJF,depth_bottom,cm,3
LakeQuexil.Leyden.1984,none,NA,chronData,lc-chRuCqVic7GOcRpK6N9,notes,unitless,5
LakeRacou.Guiter.2005,none,NA,chronData,lc-chRRxfVMpBQFL7hgISR,labID,unitless,8
LakeRacou.Guiter.2005,none,NA,chronData,lc-chROzkIOBQYru6N0T8d,notes,unitless,8
LakeRuila.Poska.2002,none,NA,chronData,lc-chR7zbr5YgcUdeFG6U1,notes,unitless,12
LakeRukwa_LakeLikwa_LakeLeopold.Clark.1970,none,NA,paleoData,dc_RcqE7ZnM7uYjBj5u1,sampleID,unitless,52
LakeSambosjon.Digerfeldt.1982,none,NA,chronData,lc-chRb3j89G5dZbYZBM4o,notes,unitless,15
LakeSapanca.Leroy.2010,none,NA,chronData,lc-chRV5yzpRgKJhlKW6up,notes,unitless,11
LakeSedmoRilsko.Bozilova.2011,none,NA,chronData,lc-chRMby1RetSQRaAXlAf,notes,unitless,4
LakeShablaEzeretz.Bozilova.1986,none,NA,chronData,lc-chRrT00kzopMvG15cHB,materialDated,unitless,9
LakeShablaEzeretz.Bozilova.1986,none,NA,chronData,lc-chRMrxQZR6udcs7usYI,notes,unitless,9
LakeShelby.Liu.1993,none,NA,chronData,lc-chRVIySe1u6SRY0dG7L,notes,unitless,6
LakeSixteen.Futyma.1986,none,NA,chronData,lc-chRpyD92qMx6AR7l5ov,materialDated,unitless,5
LakeSixteen.Futyma.1986,none,NA,chronData,lc-chRSC55zjR958TmaSO3,notes,unitless,5
LakeSkaidejavri.Seppa.1996,none,NA,chronData,lc-chR4jTCJaLJheESDS0F,thickness,cm,5
LakeSkaidejavri.Seppa.1996,none,NA,chronData,lc-chRMQVJdQiSX1g8IzCZ,notes,unitless,5
LakeSkaidejavri.Seppa.1996,none,NA,chronData,lc-chRsYIdDL1c6VOs3AA9,depth_top,cm,5
LakeSkaidejavri.Seppa.1996,none,NA,chronData,lc-chR21SBjWaScMQegzXm,depth_bottom,cm,5
LakeSkrzetuszewskie.author.1111,none,NA,chronData,lc-chRu2FkEgIplMA9e4bN,notes,unitless,4
LakeSokoch.Dirksen.2015,none,NA,paleoData,lcRMi6dYYFRQXdh8yJz,uncertainty,degC,38
LakeSokoch.Dirksen.2015,none,NA,paleoData,lcRWJZFpNtWPZPvATzl,precipitation,mm/yr,38
LakeSokoch.Dirksen.2015,none,NA,paleoData,lcRPNoyQhNt6FwjNGo5,uncertainty,mm/yr,38
LakeSokoch.Dirksen.2015,none,NA,chronData,lc-chRGIc8yge6IjVQBJYi,labID,unitless,7
LakeSokoch.Dirksen.2015,none,NA,chronData,lc-chR5bj6FvGHZCkjvUtl,thickness,cm,7
LakeSokoch.Dirksen.2015,none,NA,chronData,lc-chRogj7OOKkYaw2kypZ,notes,unitless,7
LakeSokoch.Dirksen.2015,none,NA,chronData,lc-chRwBBoV9NzwsE1CapX,depth_top,cm,7
LakeSokoch.Dirksen.2015,none,NA,chronData,lc-chR8cfYz30PTcsZAdih,depth_bottom,cm,7
LakeSolso.Odgaard.1988,none,NA,chronData,lc-chR27FZzRIvy2VsQtay,materialDated,unitless,34
LakeSolso.Odgaard.1988,none,NA,chronData,lc-chRV9WtluUXxGDimbdO,notes,unitless,34
LakeTana.Lamb.2007b,none,NA,paleoData,dc_RRikr8gxnYUEWKyvh,sampleID,unitless,30
LakeTanganyika.Livingstone.1965,none,NA,paleoData,dc_RmKdi6tiWajhNtIYc,sampleID,unitless,46
LakeTsuolbmajavri.Seppa.2001,none,NA,chronData,lc-chRbpgCKbbAqhH5bVaq,thickness,cm,13
LakeTsuolbmajavri.Seppa.2001,none,NA,chronData,lc-chR9ctwGbaYDQqFir5J,notes,unitless,13
LakeTsuolbmajavri.Seppa.2001,none,NA,chronData,lc-chReveU1BjsflrHhCD7,depth_top,cm,13
LakeTsuolbmajavri.Seppa.2001,none,NA,chronData,lc-chRZ5NkxCoxgQ4rzfDH,depth_bottom,cm,13
LakeTulane.Grimm.1993,none,NA,chronData,lc-chRWxtu2RZ2jlfJ4PzO,notes,unitless,20
LakeTurkana_LakeRudolf.Stuiver.1969,none,NA,paleoData,dc_RzQCb4cSoj16HfGFk,sampleID,unitless,76
LakeUrmia.Bottema.1987,none,NA,chronData,lc-chRc9HwoHcuXoaUvYTD,notes,unitless,4
LakeVarna.Bozilova.1994,none,NA,chronData,lc-chRp8EXyf6xmmuXvmMr,thickness,cm,4
LakeVarna.Bozilova.1994,none,NA,chronData,lc-chRlhfvxs6OOTtmwkXG,notes,unitless,4
LakeVarna.Bozilova.1994,none,NA,chronData,lc-chRN4K9jG9rC44NZpdG,depth_top,cm,4
LakeVarna.Bozilova.1994,none,NA,chronData,lc-chRHdROVsy8ntweK8IN,depth_bottom,cm,4
LakeVarna.FilipovaMarinova.2016,none,NA,chronData,lc-chRtw30G8gpM5DwdJnD,notes,unitless,6
LakeVerijarv.Niinemets.2006,none,NA,chronData,lc-chRKrEmNNJrB1NWkURR,notes,unitless,6
LakeVictoria.Stuiver.1960,none,NA,paleoData,dc_RgX7fygVyv8VYnACq,sampleID,unitless,86
LakeWA01.Ravindra.2009,none,NA,chronData,lc-chRVyh8DGNfEX8RZk2O,notes,unitless,37
LakeXinias.Bottema.1979,none,NA,chronData,lc-chRXK6jjATBZGqU10bm,notes,unitless,5
LakeYarnyshnoe.Snyder.2000,none,NA,chronData,lc-chRbrC6cE4wkbcvvPwL,thickness,cm,11
LakeYarnyshnoe.Snyder.2000,none,NA,chronData,lc-chRt9pS1DIWF5CnI44k,notes,unitless,11
LakeYarnyshnoe.Snyder.2000,none,NA,chronData,lc-chRp8GLiVWTYkCB3akR,depth_top,cm,11
LakeYarnyshnoe.Snyder.2000,none,NA,chronData,lc-chRluqoVKS8Vox8IfLh,depth_bottom,cm,11
LakeofAnnecy.Noel.2001,none,NA,chronData,lc-chRHWOCizFfQ90hrO9O,labID,unitless,7
LakeofAnnecy.Noel.2001,none,NA,chronData,lc-chRlL5xJ6uKbihskd3O,thickness,cm,7
LakeofAnnecy.Noel.2001,none,NA,chronData,lc-chRYPdScK1Q8oMkqgxc,notes,unitless,7
LakeofAnnecy.Noel.2001,none,NA,chronData,lc-chRd2TQRyqeDtaEp6oA,depth_top,cm,7
LakeofAnnecy.Noel.2001,none,NA,chronData,lc-chRXxeTIGMT90Sok8Nl,depth_bottom,cm,7
LakeoftheClouds.Stuiver.1971,none,NA,chronData,lc-chRHOKTvLMIUMwJrppm,thickness,cm,31
LakeoftheClouds.Stuiver.1971,none,NA,chronData,lc-chRlDgLdGArnMjUYziD,depth_top,cm,31
LakeoftheClouds.Stuiver.1971,none,NA,chronData,lc-chRE7sJ7AJroPTlz8Uz,depth_bottom,cm,31
Lalaxkarret.Vuorela.1990,none,NA,chronData,lc-chRdwz0Wl8m3ERf2Zyr,notes,unitless,3
Landshaftnoe.Elina.1981,none,NA,chronData,lc-chRsMu8ptPSSbmWW8Rz,notes,unitless,2
Langarud.Haghani.2015,none,NA,chronData,lc-chRe9H3HqlV2GTz3oV0,thickness,cm,2
Langarud.Haghani.2015,none,NA,chronData,lc-chRr2aRHl2UsAUGdCZd,notes,unitless,2
Langarud.Haghani.2015,none,NA,chronData,lc-chRIAc7ef35UBHinY8a,depth_top,cm,2
Langarud.Haghani.2015,none,NA,chronData,lc-chRC7MuBxXjMivIuc9t,depth_bottom,cm,2
LangesFennKemnitzerheide.Brande.1999,none,NA,chronData,lc-chRy3TlZoyp1FENbzsi,notes,unitless,6
LannVihan.Visset.2006,none,NA,chronData,lc-chROC3XlkPYkhnuIO6p,labID,unitless,8
LannVihan.Visset.2006,none,NA,chronData,lc-chRBnJpEAFnQyhnZNyb,notes,unitless,8
LanserMoor.Bortenschlager.1984,none,NA,chronData,lc-chR8idddYDHB2J3OMhs,notes,unitless,6
Lanzahita.LopezSaez.2010,none,NA,chronData,lc-chRfJ7pl5nDLj9bekWp,notes,unitless,6
Lanzhou.Wang.1991,none,NA,chronData,lc-chRRe3RY9QGvIx5rOj0,labID,unitless,7
Lanzhou.Wang.1991,none,NA,chronData,lc-chRCTibBngWGbQMsB0L,thickness,cm,7
Lanzhou.Wang.1991,none,NA,chronData,lc-chROZkVMyNqbTKMxPk1,notes,unitless,7
Lanzhou.Wang.1991,none,NA,chronData,lc-chRw3DQIPbSy9SJkXXe,depth_top,cm,7
Lanzhou.Wang.1991,none,NA,chronData,lc-chRy1pvJmHDSAfZfzzj,depth_bottom,cm,7
Laotanfang.Zhang.2006,none,NA,chronData,lc-chRVjjmjrdqX7wfGnrW,labID,unitless,6
Laotanfang.Zhang.2006,none,NA,chronData,lc-chRmMomOcqU6NFN1eRd,thickness,cm,6
Laotanfang.Zhang.2006,none,NA,chronData,lc-chR3QUC45b5IqtAqpZD,notes,unitless,6
Laotanfang.Zhang.2006,none,NA,chronData,lc-chRAtQrkpes8jgYH1X8,depth_top,cm,6
Laotanfang.Zhang.2006,none,NA,chronData,lc-chRUKoNqV8nlUvYnJD2,depth_bottom,cm,6
Lapagrandecave.Strikis.2011,none,NA,paleoData,S2LROzUFzH9UZ7,notes,unitless,2673
Lapagrandecave.Strikis.2011,none,NA,chronData,S2LcR8y2SryTsd2,labID,unitless,12
Lapagrandecave.Strikis.2011,none,NA,chronData,S2LcRBuRim0V5yJ,materialDated,unitless,12
Lapagrandecave.Strikis.2011,none,NA,chronData,S2LcRXTbpfVXxRT,retained,unitless,12
Lapagrandecave.Strikis.2011,none,NA,chronData,S2LcR9Kf3feaVs4,decayConstant,unitless,12
Lapagrandecave.Strikis.2011,none,NA,chronData,S2LcRUVnQ9sTfzf,age_type,unitless,12
Lapagrandecave.Strikis.2011,none,NA,chronData,S2LcRXw3wtsZAeM,labID,unitless,12
Lapagrandecave.Strikis.2011,none,NA,chronData,S2LcR87nPGOBEmi,materialDated,unitless,12
Lapagrandecave.Strikis.2011,none,NA,chronData,S2LcRiA7ZNsQAt1,retained,unitless,12
Lapagrandecave.Strikis.2011,none,NA,chronData,S2LcRUmRWO3pZep,decayConstant,unitless,12
Lapagrandecave.Strikis.2011,none,NA,chronData,S2LcRE1ABGm2J0d,age_type,unitless,12
Lapagrandecave.Strikis.2011,none,NA,chronData,S2LcRaDLFLxQeLe,labID,unitless,17
Lapagrandecave.Strikis.2011,none,NA,chronData,S2LcRk5eaG70uAp,materialDated,unitless,17
Lapagrandecave.Strikis.2011,none,NA,chronData,S2LcRpTAae4r814,retained,unitless,17
Lapagrandecave.Strikis.2011,none,NA,chronData,S2LcRJW7PwoYBAw,decayConstant,unitless,17
Lapagrandecave.Strikis.2011,none,NA,chronData,S2LcRQi2W48Ycr2,age_type,unitless,17
Lapagrandecave.Strikis.2011,none,NA,chronData,S2LcRpdajmX7VdN,labID,unitless,10
Lapagrandecave.Strikis.2011,none,NA,chronData,S2LcRMmkG89VXKA,materialDated,unitless,10
Lapagrandecave.Strikis.2011,none,NA,chronData,S2LcRiRHnUteS3W,retained,unitless,10
Lapagrandecave.Strikis.2011,none,NA,chronData,S2LcR9cfzjysPvi,decayConstant,unitless,10
Lapagrandecave.Strikis.2011,none,NA,chronData,S2LcRArq8bZjFHL,age_type,unitless,10
Lapagrandecave.Strikis.2011,none,NA,chronData,S2LcRxIhnMC65GA,labID,unitless,10
Lapagrandecave.Strikis.2011,none,NA,chronData,S2LcRpwtup06Vda,materialDated,unitless,10
Lapagrandecave.Strikis.2011,none,NA,chronData,S2LcRVqdeT1Aqgr,retained,unitless,10
Lapagrandecave.Strikis.2011,none,NA,chronData,S2LcRF7jj02M1M5,decayConstant,unitless,10
Lapagrandecave.Strikis.2011,none,NA,chronData,S2LcR07jQmh2dIV,age_type,unitless,10
LaptevPM9462.Naidina.2001,none,NA,chronData,lc-chRPEg3ytvnpd9gRvqC,labID,unitless,11
LaptevPM9462.Naidina.2001,none,NA,chronData,lc-chRYMReRDyTmRBsxQSp,notes,unitless,11
LarixlaricinaSite10.Penalba.1997,none,NA,chronData,lc-chRRU0JcEcUEs9ou20X,labID,unitless,4
LarixlaricinaSite10.Penalba.1997,none,NA,chronData,lc-chRySko6vc6LmyXGVg4,notes,unitless,4
LarixlaricinaSite4.Penalba.1997,none,NA,chronData,lc-chR8LWFpONWCxcE4Ce6,notes,unitless,2
LarixlaricinaSite5.Penalba.1997,none,NA,chronData,lc-chR5JewEAqt96SXHHBo,notes,unitless,6
LasFloresArroyo.Anderson.1998,none,NA,chronData,lc-chR2mRPQAjElOJvWQpE,notes,unitless,3
LasPardillasLake.Goni.1999,none,NA,chronData,lc-chRtI5NeOru2GiZ2kVw,notes,unitless,4
LastChanceLake.Higuera.2006,none,NA,chronData,lc-chRWXAQ0jmIjugCsBba,notes,unitless,4
Lastioulles.deBeaulieu.1982,none,NA,chronData,lc-chROk5P8ep6P6R5RLTj,materialDated,unitless,2
Lastioulles.deBeaulieu.1982,none,NA,chronData,lc-chRJBxyYZ8m2l96jjFQ,notes,unitless,2
Lauenensee.Rey.2013,none,NA,chronData,lc-chRELN53LtgbnzyRRJX,notes,unitless,12
Lavare.Barbier.1999,none,NA,chronData,lc-chRGFMVTyWSSwydoYOv,notes,unitless,6
Lavau.Voeltzel.1987,none,NA,chronData,lc-chRoZiXpmoFJkvkwR98,notes,unitless,5
LeGesvres.Ouguerram.2002,none,NA,chronData,lc-chRJJxYefLHi0atm4bE,notes,unitless,8
LeGrandLemps.Clerc.1988Legacy,none,NA,chronData,lc-chRRSqSdCfu3lrT8Nn7,notes,unitless,6
LeGrandMontarnu.JouffroyBapicot.2010,none,NA,chronData,lc-chR53OTIvFGwTymskrE,notes,unitless,7
LeJolan.deBeaulieu.1982,none,NA,chronData,lc-chRuFabLs2Et69fYFEm,materialDated,unitless,2
LeJolan.deBeaulieu.1982,none,NA,chronData,lc-chRqMyspkqGgBkpOUUk,notes,unitless,2
LeLochSunart.Mokeddem.2007,none,NA,chronData,lc-chRgHTsnzs1zC1H9oiA,thickness,cm,3
LeLochSunart.Mokeddem.2007,none,NA,chronData,lc-chRO296rYDhd4owsiwY,notes,unitless,3
LeLochSunart.Mokeddem.2007,none,NA,chronData,lc-chRwr6Ye2dDAso6tQ1T,depth_top,cm,3
LeLochSunart.Mokeddem.2007,none,NA,chronData,lc-chRo6tw71RneZbyFdD5,depth_bottom,cm,3
LeLoclat.Hadorn.1992,none,NA,chronData,lc-chRn69GSPjLlpBXM7xW,thickness,cm,11
LeLoclat.Hadorn.1992,none,NA,chronData,lc-chR5ZhirNQuoAOyIxFh,notes,unitless,11
LeLoclat.Hadorn.1992,none,NA,chronData,lc-chRa7y467sGiIyeTns2,depth_top,cm,11
LeLoclat.Hadorn.1992,none,NA,chronData,lc-chRkiyNzJoBInAWUmM4,depth_bottom,cm,11
LeMaraisStBoetien.vanZeist.1980,none,NA,chronData,lc-chRSO7JHeVdP5ivMVyz,notes,unitless,6
LeMaraisdelaPergeSouth.Diot.1995,none,NA,chronData,lc-chRp8253loxxKt62urV,notes,unitless,6
LeMiroir.Richard.1996,none,NA,chronData,lc-chRVSjySsQLuNjVDa6I,materialDated,unitless,2
LeMiroir.Richard.1996,none,NA,chronData,lc-chRBmsY8KHrbm6vLItE,notes,unitless,2
LeVernay.JouffroyBapicot.2010,none,NA,chronData,lc-chRCCrSfyTTCXrCvKaF,notes,unitless,7
LeVernydesBrulons.JouffroyBapicot.2010,none,NA,chronData,lc-chR7hseg5j2j6bEeAfO,notes,unitless,6
LeaCounty.Leonard.1975,none,NA,paleoData,OLS_RD4igR4b4bP,lakeTrend,unitless,32
Lednica-2.Litt.1991,none,NA,chronData,cRDj0bpfUJbKatuoy1,thickness,cm,11
Lednica-2.Litt.1991,none,NA,chronData,cRaUO4BbzY8NIczqfY,labID,unitless,11
LedovyiObryvExposureNorthernSection.Anderson.2002,none,NA,chronData,lc-chRvAR3kGppzZvQR5WG,notes,unitless,10
Leerdam.deKlerk.1997,none,NA,chronData,lc-chRTYH8gSbNBn0Nu66w,notes,unitless,2
LeikishkeBog.EPD,none,NA,chronData,cRmCEefijdUPPkFhcn,thickness,cm,5
LeikishkeBog.EPD,none,NA,chronData,cR55ttONUu6YnyOrd8,labID,unitless,5
LejdaChampfer.Gobet.2005,none,NA,chronData,lc-chRJzaWoFIsD9Ty5DbF,notes,unitless,17
Lembolovskoyelake.Arslanov.2001,none,NA,chronData,lc-chR0DlYYKLMbfzUmbja,notes,unitless,39
LengiEgga.Tinner.2003,none,NA,chronData,lc-chRqjbOtwLd3PC3Vgvu,notes,unitless,14
LesHumelles.author.1111,none,NA,chronData,lc-chREmMHwLl2EL3mItCZ,labID,unitless,6
LesHumelles.author.1111,none,NA,chronData,lc-chRR4rnDLWaWOMY6RUN,materialDated,unitless,6
LesHumelles.author.1111,none,NA,chronData,lc-chRBiVuxg1Km2QcYINf,notes,unitless,6
LesLaubies.de.1972,none,NA,chronData,lc-chRlxotc0Ix7nyZhk9R,materialDated,unitless,3
LesLaubies.de.1972,none,NA,chronData,lc-chR7pBeDr7I136BvQkJ,notes,unitless,3
LesNans.Gauthier.2001,none,NA,chronData,lc-chRypAsOHL9SKR7z2XF,thickness,cm,2
LesNans.Gauthier.2001,none,NA,chronData,lc-chRv3yChpOjz2dq9yMh,notes,unitless,2
LesNans.Gauthier.2001,none,NA,chronData,lc-chRFS2oO3TJGAkkny2c,depth_top,cm,2
LesNans.Gauthier.2001,none,NA,chronData,lc-chRNKMX06XlX9tzpalS,depth_bottom,cm,2
LesNaudieres.Poirier.2013,none,NA,chronData,lc-chRhfgYWIRicyM9O0xv,notes,unitless,7
LesNoes.Visset.2005,none,NA,chronData,lc-chRvdlqoQeemQOKwGnO,notes,unitless,6
LesPalanques.PerezObiol.1988,none,NA,chronData,lc-chRHvM4zHJob7PzYJZP,notes,unitless,3
LesTannieres.McGhee.1975,none,NA,chronData,lc-chRz1ibEERb4nXUkxBR,notes,unitless,2
LesnayaRiverExposure.Anderson.2002,none,NA,chronData,lc-chRKhdxaJ3cPaRn4PDf,notes,unitless,5
LesnoyeLake.Anderson.2002,none,NA,chronData,lc-chRE9Kt32bODKhDgW57,notes,unitless,7
LevinsonLessingLake.Andreev.2013,none,NA,chronData,lc-chRDTgTLemTuCk6cAtg,labID,unitless,24
LevinsonLessingLake.Andreev.2013,none,NA,chronData,lc-chRaPBEYcI5JZa9pISn,materialDated,unitless,24
LevinsonLessingLake.Andreev.2013,none,NA,chronData,lc-chRQd94AdrffHFCt3nu,thickness,cm,24
LevinsonLessingLake.Andreev.2013,none,NA,chronData,lc-chRSLZIzaPaRLkiNgk0,notes,unitless,24
LevinsonLessingLake.Andreev.2013,none,NA,chronData,lc-chRIGhyGQVF4tECMn9M,depth_top,cm,24
LevinsonLessingLake.Andreev.2013,none,NA,chronData,lc-chRqO5YmtRoe4VmbB1z,depth_bottom,cm,24
Lezerulcalimani.Farcas.1999,none,NA,chronData,lc-chRpnABFj9utlIsJg22,labID,unitless,9
Lezerulcalimani.Farcas.1999,none,NA,chronData,lc-chROfykUWpToRb1HIdH,materialDated,unitless,9
Lezerulcalimani.Farcas.1999,none,NA,chronData,lc-chR926e7cRoHVw5pujw,thickness,cm,9
Lezerulcalimani.Farcas.1999,none,NA,chronData,lc-chR9B66loDzZURWAPOx,notes,unitless,9
Lezerulcalimani.Farcas.1999,none,NA,chronData,lc-chRV0IJOgDm8xeoMicj,depth_top,cm,9
Lezerulcalimani.Farcas.1999,none,NA,chronData,lc-chRr8Zjy18GguwffmBg,depth_bottom,cm,9
LiangLuar.Griffiths.2016,none,NA,paleoData,S2LRNwAlWnlDcR,notes,NA,4636
LiangLuar.Griffiths.2016,none,NA,chronData,S2LcRVvuADUbjOb,labID,unitless,35
LiangLuar.Griffiths.2016,none,NA,chronData,S2LcRm7bXGmApYT,materialDated,unitless,35
LiangLuar.Griffiths.2016,none,NA,chronData,S2LcR2Wx3t4Uucb,retained,unitless,35
LiangLuar.Griffiths.2016,none,NA,chronData,S2LcR2sOI1b6955,decayConstant,unitless,35
LiangLuar.Griffiths.2016,none,NA,chronData,S2LcRlfgg6E9iNv,age_type,unitless,35
LiangLuar.Griffiths.2016,none,NA,chronData,S2LcRYisBPysmr2,labID,unitless,29
LiangLuar.Griffiths.2016,none,NA,chronData,S2LcR2FGtVFTg3A,materialDated,unitless,29
LiangLuar.Griffiths.2016,none,NA,chronData,S2LcRrFjbCOqusr,retained,unitless,29
LiangLuar.Griffiths.2016,none,NA,chronData,S2LcRaOCbQVGeq1,decayConstant,unitless,29
LiangLuar.Griffiths.2016,none,NA,chronData,S2LcRNiLexjQR7x,age_type,unitless,29
LiangLuar.Griffiths.2016,none,NA,chronData,S2LcRbVRUB6Bvt5,labID,unitless,19
LiangLuar.Griffiths.2016,none,NA,chronData,S2LcRH6MLAthrEy,materialDated,unitless,19
LiangLuar.Griffiths.2016,none,NA,chronData,S2LcRhVQwCEfkNg,retained,unitless,19
LiangLuar.Griffiths.2016,none,NA,chronData,S2LcR6dm68b7KpW,decayConstant,unitless,19
LiangLuar.Griffiths.2016,none,NA,chronData,S2LcRnmIas2TYiK,age_type,unitless,19
LiangLuar.Griffiths.2016,none,NA,chronData,S2LcRnxuTK5rrBP,labID,unitless,2
LiangLuar.Griffiths.2016,none,NA,chronData,S2LcR4TNTgq1sau,materialDated,unitless,2
LiangLuar.Griffiths.2016,none,NA,chronData,S2LcR3CQFk7slIr,retained,unitless,2
LiangLuar.Griffiths.2016,none,NA,chronData,S2LcRzILxqEpUUf,decayConstant,unitless,2
LiangLuar.Griffiths.2016,none,NA,chronData,S2LcR1Yi0cnLi9Z,age_type,unitless,2
LiangLuar.Griffiths.2016,none,NA,chronData,S2LcRpnIAj7Ooq1,labID,unitless,8
LiangLuar.Griffiths.2016,none,NA,chronData,S2LcRlLL1eIABCV,materialDated,unitless,8
LiangLuar.Griffiths.2016,none,NA,chronData,S2LcRKrbFfcW2BY,retained,unitless,8
LiangLuar.Griffiths.2016,none,NA,chronData,S2LcRdJZeHkyCke,decayConstant,unitless,8
LiangLuar.Griffiths.2016,none,NA,chronData,S2LcRQjvxIrZK4N,age_type,unitless,8
LiangLuar.Griffiths.2016,none,NA,chronData,S2LcRP5VZjpOnnt,labID,unitless,9
LiangLuar.Griffiths.2016,none,NA,chronData,S2LcRPv5yd7l8FE,materialDated,unitless,9
LiangLuar.Griffiths.2016,none,NA,chronData,S2LcRGY15AxjYnp,retained,unitless,9
LiangLuar.Griffiths.2016,none,NA,chronData,S2LcRfLJiZ9SlX9,decayConstant,unitless,9
LiangLuar.Griffiths.2016,none,NA,chronData,S2LcRvEFXKz7r5f,age_type,unitless,9
LiangLuar.Griffiths.2016,none,NA,chronData,S2LcRLg8fSnnCcT,labID,unitless,25
LiangLuar.Griffiths.2016,none,NA,chronData,S2LcRvimukIRXaL,materialDated,unitless,25
LiangLuar.Griffiths.2016,none,NA,chronData,S2LcRU9ldelVLH2,retained,unitless,25
LiangLuar.Griffiths.2016,none,NA,chronData,S2LcR7DlVfQuUlG,decayConstant,unitless,25
LiangLuar.Griffiths.2016,none,NA,chronData,S2LcRED9fakCIxP,age_type,unitless,25
LiangLuar.Griffiths.2016,none,NA,chronData,S2LcROXDcE02OuQ,labID,unitless,19
LiangLuar.Griffiths.2016,none,NA,chronData,S2LcR7p6O1EDd9U,materialDated,unitless,19
LiangLuar.Griffiths.2016,none,NA,chronData,S2LcRcnviNAcwfP,retained,unitless,19
LiangLuar.Griffiths.2016,none,NA,chronData,S2LcRDVrP3Yuzhg,decayConstant,unitless,19
LiangLuar.Griffiths.2016,none,NA,chronData,S2LcREaJfmFQGKv,age_type,unitless,19
LiangLuar.Griffiths.2016,none,NA,chronData,S2LcRrr7O3GKXVr,labID,unitless,17
LiangLuar.Griffiths.2016,none,NA,chronData,S2LcRbu6Z7eNNOv,materialDated,unitless,17
LiangLuar.Griffiths.2016,none,NA,chronData,S2LcR07XUkBfjjx,retained,unitless,17
LiangLuar.Griffiths.2016,none,NA,chronData,S2LcRhFgDCsWxbx,decayConstant,unitless,17
LiangLuar.Griffiths.2016,none,NA,chronData,S2LcRObZzhevrwD,age_type,unitless,17
LiangLuar.Griffiths.2016,none,NA,chronData,S2LcRfojK6q2Y6k,labID,unitless,32
LiangLuar.Griffiths.2016,none,NA,chronData,S2LcRSneRhGl6uB,materialDated,unitless,32
LiangLuar.Griffiths.2016,none,NA,chronData,S2LcR7rCNuJJYGl,retained,unitless,32
LiangLuar.Griffiths.2016,none,NA,chronData,S2LcRLw6Cy0ffJC,decayConstant,unitless,32
LiangLuar.Griffiths.2016,none,NA,chronData,S2LcRChPv7DXQ56,age_type,unitless,32
LiangLuar.Griffiths.2016,none,NA,chronData,S2LcRajqxjOaWdt,labID,unitless,6
LiangLuar.Griffiths.2016,none,NA,chronData,S2LcRaylBULh1Rh,materialDated,unitless,6
LiangLuar.Griffiths.2016,none,NA,chronData,S2LcRtQWmo5IYqh,retained,unitless,6
LiangLuar.Griffiths.2016,none,NA,chronData,S2LcR7yBRelkH96,decayConstant,unitless,6
LiangLuar.Griffiths.2016,none,NA,chronData,S2LcRXee7fYxrQw,age_type,unitless,6
LiangLuar.Griffiths.2016,none,NA,chronData,S2LcRq6X61j2mp9,labID,unitless,6
LiangLuar.Griffiths.2016,none,NA,chronData,S2LcRTz4AOrcA5I,materialDated,unitless,6
LiangLuar.Griffiths.2016,none,NA,chronData,S2LcRGRRMEE72ip,retained,unitless,6
LiangLuar.Griffiths.2016,none,NA,chronData,S2LcRLUhJcjy9nH,decayConstant,unitless,6
LiangLuar.Griffiths.2016,none,NA,chronData,S2LcRaxIS8dvVB4,age_type,unitless,6
LiangLuar.Griffiths.2016,none,NA,chronData,S2LcRuCDfMZP9mZ,labID,unitless,11
LiangLuar.Griffiths.2016,none,NA,chronData,S2LcRoDCQwfHqn2,materialDated,unitless,11
LiangLuar.Griffiths.2016,none,NA,chronData,S2LcR5D3q9WrCUA,retained,unitless,11
LiangLuar.Griffiths.2016,none,NA,chronData,S2LcRSz1mzjTn2T,decayConstant,unitless,11
LiangLuar.Griffiths.2016,none,NA,chronData,S2LcRRhmhARWlWu,age_type,unitless,11
LiangLuar.Griffiths.2016,none,NA,chronData,S2LcRDdhD2wGras,labID,unitless,23
LiangLuar.Griffiths.2016,none,NA,chronData,S2LcR9u9AXUBGhf,materialDated,unitless,23
LiangLuar.Griffiths.2016,none,NA,chronData,S2LcRUWW75dnLXo,retained,unitless,23
LiangLuar.Griffiths.2016,none,NA,chronData,S2LcRIOI0cvJgfL,decayConstant,unitless,23
LiangLuar.Griffiths.2016,none,NA,chronData,S2LcR7Sc63bY0HB,age_type,unitless,23
LianhuacaveHunan.Cosford.2008,none,NA,paleoData,S2LReGyfgwWj5h,notes,NA,1573
LianhuacaveHunan.Cosford.2008,none,NA,chronData,S2LcRqfT9UarEwV,labID,unitless,11
LianhuacaveHunan.Cosford.2008,none,NA,chronData,S2LcRD5QTXt6D4v,materialDated,unitless,11
LianhuacaveHunan.Cosford.2008,none,NA,chronData,S2LcRMd4pkuvGYe,retained,unitless,11
LianhuacaveHunan.Cosford.2008,none,NA,chronData,S2LcR1IUsRaKSoB,decayConstant,unitless,11
LianhuacaveHunan.Cosford.2008,none,NA,chronData,S2LcREaPKo0SuE8,age_type,unitless,11
LianhuacaveHunan.Cosford.2008,none,NA,chronData,S2LcRaQn6OI6JQ5,labID,unitless,42
LianhuacaveHunan.Cosford.2008,none,NA,chronData,S2LcRr3a2GDTZ0i,materialDated,unitless,42
LianhuacaveHunan.Cosford.2008,none,NA,chronData,S2LcRk8NJ1hVbwe,retained,unitless,42
LianhuacaveHunan.Cosford.2008,none,NA,chronData,S2LcR2XVh4UgUP8,decayConstant,unitless,42
LianhuacaveHunan.Cosford.2008,none,NA,chronData,S2LcRJ6vJ8gplQ7,age_type,unitless,42
LianhuacaveShanxi.Dong.2018,none,NA,chronData,S2LcRryDQAFxZT1,materialDated,unitless,5
LianhuacaveShanxi.Dong.2018,none,NA,chronData,S2LcRCRseBPiz37,retained,unitless,5
LianhuacaveShanxi.Dong.2018,none,NA,chronData,S2LcRht8H6npF40,decayConstant,unitless,5
LianhuacaveShanxi.Dong.2018,none,NA,chronData,S2LcR8tPUrPDg4z,age_type,unitless,5
LianhuacaveShanxi.Dong.2018,none,NA,chronData,S2LcRmJBPW6zRAy,materialDated,unitless,16
LianhuacaveShanxi.Dong.2018,none,NA,chronData,S2LcRutvmsbCzcz,retained,unitless,16
LianhuacaveShanxi.Dong.2018,none,NA,chronData,S2LcRBVxPSrh2Da,decayConstant,unitless,16
LianhuacaveShanxi.Dong.2018,none,NA,chronData,S2LcRB5eap818da,age_type,unitless,16
LianhuacaveShanxi.Dong.2018,none,NA,chronData,S2LcRoIDsI4AHTk,materialDated,unitless,14
LianhuacaveShanxi.Dong.2018,none,NA,chronData,S2LcRHxz5oQfp1a,retained,unitless,14
LianhuacaveShanxi.Dong.2018,none,NA,chronData,S2LcRh8elhVNSY4,decayConstant,unitless,14
LianhuacaveShanxi.Dong.2018,none,NA,chronData,S2LcRTsdNJzXmYD,age_type,unitless,14
LianhuacaveShanxi.Dong.2018,none,NA,chronData,S2LcRjI3K9ud8Li,materialDated,unitless,2
LianhuacaveShanxi.Dong.2018,none,NA,chronData,S2LcRfKV6TO1DaT,retained,unitless,2
LianhuacaveShanxi.Dong.2018,none,NA,chronData,S2LcRdzFcTIyfsG,decayConstant,unitless,2
LianhuacaveShanxi.Dong.2018,none,NA,chronData,S2LcRlPBxzt7NSN,age_type,unitless,2
LianhuacaveShanxi.Dong.2018,none,NA,chronData,S2LcRqnkR7ptyQa,materialDated,unitless,4
LianhuacaveShanxi.Dong.2018,none,NA,chronData,S2LcRua06AUUcOY,retained,unitless,4
LianhuacaveShanxi.Dong.2018,none,NA,chronData,S2LcRug44S8Mzvs,decayConstant,unitless,4
LianhuacaveShanxi.Dong.2018,none,NA,chronData,S2LcRqtuy3ZXxc6,age_type,unitless,4
LianhuacaveShanxi.Dong.2018,none,NA,chronData,S2LcRTOfcfCYmGC,materialDated,unitless,10
LianhuacaveShanxi.Dong.2018,none,NA,chronData,S2LcR3a66yBY3v1,retained,unitless,10
LianhuacaveShanxi.Dong.2018,none,NA,chronData,S2LcR5RGh9IQ0lq,decayConstant,unitless,10
LianhuacaveShanxi.Dong.2018,none,NA,chronData,S2LcR7EnIwtQAyp,age_type,unitless,10
Liebenbergspan.Horowitz.1978,none,NA,paleoData,OLS_Rg27mRowdCX,lakeTrend,unitless,32
LigninLake.Nakagawa.1998,none,NA,chronData,lc-chRNLWjgt6EvJ6yifVN,notes,unitless,4
LiivjarveBog.Koff.1990,none,NA,chronData,lc-chRfZULNw0G6oxhnhhP,notes,unitless,7
LillaGloppsjon.AlmquistJacobson.1994,none,NA,chronData,lc-chR7K4O83fM4SMFhsSU,notes,unitless,12
LilleKjelavatn.Birks.2007,none,NA,chronData,lc-chR6Vj7qPwPKlftBQV2,notes,unitless,6
Lillsjon.author.1111,none,NA,chronData,lc-chRW9HHd5t8uegdMIQa,notes,unitless,4
LilyLake.Brugam.1988,none,NA,chronData,lc-chRxxKwJ2lwyE5qxNHV,notes,unitless,7
LilyLake.Cwynar.1990,none,NA,chronData,lc-chRheifxV4x0hwmeT0P,notes,unitless,15
LilyLake.Flakne.2003,none,NA,chronData,lc-chRqJpwX3f8XnsgXPvw,notes,unitless,6
LilyLake.Hotchkiss.2007,none,NA,chronData,lc-chRhjQxM7LL5FHP0j2Q,notes,unitless,13
LilyLake.Minckley.2007,none,NA,chronData,lc-chRYu5172W2kQb0Ydqa,notes,unitless,7
LilyLake.UmbanhowarJr.2004,none,NA,chronData,lc-chR2QNJc275aY6sASyV,notes,unitless,3
LilyPond.Foster.2002,none,NA,chronData,lc-chRyhMXghk2ZKbZPBBd,materialDated,unitless,8
LilyPond.Foster.2002,none,NA,chronData,lc-chRvPUZwPrjPuDxnmtf,notes,unitless,8
LilyWarwick.Fuller.1998,none,NA,chronData,lc-chRUHDR4x5fMiQnNdGD,labID,unitless,6
LilyWarwick.Fuller.1998,none,NA,chronData,lc-chRjqjJ6u4j45NU8AJA,notes,unitless,6
LilypadLake.Edlund.1996,none,NA,chronData,lc-chR5ygbE05HtOeYi48q,labID,unitless,5
LilypadLake.Edlund.1996,none,NA,chronData,lc-chR3xo7zrnT45raKQlm,materialDated,unitless,5
LilypadLake.Edlund.1996,none,NA,chronData,lc-chRgXULQzA2WOUZxA80,notes,unitless,5
LimaBog.Baker.1992,none,NA,chronData,lc-chRbP1avUU4bp6W1r7i,notes,unitless,8
LimeLake.Steinman.2016,none,NA,chronData,LPD7dd884f2,age_type,NaN,37
Linden.vanderKnaap.1997,none,NA,chronData,lc-chRsFuiw7iqSk0Mjbal,notes,unitless,10
Lindenmoos.Bortenschlager.1984,none,NA,chronData,lc-chRoh96cqYF4VFQuswa,notes,unitless,8
LingdingyangL2.Chen.1994,none,NA,chronData,lc-chR73TtKk10A42o6Mm1,labID,unitless,6
LingdingyangL2.Chen.1994,none,NA,chronData,lc-chRGN67VTXQzO5HbrpG,thickness,cm,6
LingdingyangL2.Chen.1994,none,NA,chronData,lc-chR42pEdmitjm2HkSC5,notes,unitless,6
LingdingyangL2.Chen.1994,none,NA,chronData,lc-chRnMBbgfI4HbD7noTv,depth_top,cm,6
LingdingyangL2.Chen.1994,none,NA,chronData,lc-chRhKCRln1x6cZpHfpf,depth_bottom,cm,6
Lingreville.Billard.1995,none,NA,chronData,cR3BOPdjwhW07zbtON,thickness,cm,3
Lingreville.Billard.1995,none,NA,chronData,cRWCVivh3EYsvSprsm,labID,unitless,3
Lingreville.Billard.1995Legacy,none,NA,chronData,lc-chR9JmYFxX2X9w3pKO3,notes,unitless,5
LinsleyPond.Brugam.1978,none,NA,chronData,lc-chRKlAhKuKf5eb4g5WD,notes,unitless,5
LiptovskyJan.author.1111,none,NA,chronData,lc-chRPOeBlXjyi4H95aHv,notes,unitless,7
Lisi.EPD,none,NA,chronData,cRenKLuokTc3FdOmkY,thickness,cm,3
Lisi.EPD,none,NA,chronData,cRCjRLB7MqV9LHh422,labID,unitless,3
Lisletjonn.Birks.2007,none,NA,chronData,lc-chR4p4grBldZrA2PPGh,notes,unitless,5
LitenCappesjavri.Huntley.2013,none,NA,chronData,lc-chRjs9eR3LGKlZiOxId,notes,unitless,21
Litlvatnet.Bjune.2009,none,NA,chronData,lc-chRyIp1zFNzD46j7WTp,notes,unitless,7
Litochoro.Athanasiadis.1975,none,NA,chronData,lc-chRxCuNYkdpIHKyyOEQ,notes,unitless,3
LittleBassLake.author.1111,none,NA,chronData,lc-chRtqmMagdBt0OlRLld,notes,unitless,6
LittleCheyneCourtWallandmarsh.Waller.1999,none,NA,chronData,lc-chRIzlefcN59nrwekR1,materialDated,unitless,4
LittleLochRoag.Birks.1973,none,NA,chronData,lc-chRrV1BMIp3lIzRGGxs,notes,unitless,6
LittleMirrorLake.Fuller.1998,none,NA,chronData,lc-chRqkKCaEGF2qQ2pE3C,labID,unitless,3
LittleMirrorLake.Fuller.1998,none,NA,chronData,lc-chRzzzRLv9TZKxEnnmP,notes,unitless,3
LittleSaltSpring.Brown.1981,none,NA,chronData,lc-chRxGz8DbKDDFBUo0fj,notes,unitless,12
LittleShingobeeLake.Dean.2011,none,NA,chronData,lc-chRAsinIP6FE2L1R2gg,notes,unitless,20
LittleSwiftLake.Axford.2004,none,NA,chronData,lc-chRdab5scsHcLIfza4z,notes,unitless,10
LittleWilleyPond.Oswald.2018,none,NA,chronData,lc-chRWcerz1SVMB9aE4bL,notes,unitless,7
LittleWillowLake.West.2003,none,NA,chronData,lc-chRV6E5hWA1STfpeKHP,notes,unitless,5
Litzelsee.Rosch.2016,none,NA,chronData,lc-chRCEC7zgb9P3eGXa7A,notes,unitless,29
Liushuwan.Huang.1991,none,NA,chronData,lc-chRR5wxwPWxLCYkfwKh,labID,unitless,3
Liushuwan.Huang.1991,none,NA,chronData,lc-chR2w3Dc5PkwSB6nK6d,thickness,cm,3
Liushuwan.Huang.1991,none,NA,chronData,lc-chRTmiKQ2HF28UClusk,notes,unitless,3
Liushuwan.Huang.1991,none,NA,chronData,lc-chRGLg5q8JD0CnMg00S,depth_top,cm,3
Liushuwan.Huang.1991,none,NA,chronData,lc-chRBx3Vb2s7bQdykRL1,depth_bottom,cm,3
Ljungsjon.Hillden.1979,none,NA,chronData,lc-chRaQE7pajkCaegltJH,notes,unitless,3
LlynCororion.Watkins.2007,none,NA,chronData,lc-chRr7VAYQJ2z9UEeepX,notes,unitless,11
LlynGwernan.Lowe.1989,none,NA,chronData,lc-chRBJAW1P1cbRDJmqRQ,notes,unitless,7
LobbsBog.Fyfe.2004,none,NA,chronData,lc-chRgeoDApPycwJpRVBG,materialDated,unitless,3
LobbsBog.Fyfe.2004,none,NA,chronData,lc-chRFesBHGHnYlnyQUI3,notes,unitless,3
LochAshik.Birks.1983,none,NA,chronData,lc-chRmbxDYo7FGTsaZMCS,notes,unitless,10
LochBuailavalBeag.Fossitt.1996,none,NA,chronData,lc-chRdcG8569pKslzNnnW,notes,unitless,6
LochClair.Pennington.1972,none,NA,chronData,lc-chR3o7qpiC2vThGPaVB,materialDated,unitless,8
LochClair.Pennington.1972,none,NA,chronData,lc-chRteqI47mCPM9WqH4b,notes,unitless,8
LochCleat.Birks.1983,none,NA,chronData,lc-chRJdGSDKwhYHcATkmn,notes,unitless,10
LochEinich.Birks.1975,none,NA,chronData,lc-chRgfgnxZryAjqufhYZ,thickness,cm,4
LochEinich.Birks.1975,none,NA,chronData,lc-chR1bNMDYh60F7uZK9A,notes,unitless,4
LochEinich.Birks.1975,none,NA,chronData,lc-chRO8vMAuPuzBz4BnMB,depth_top,cm,4
LochEinich.Birks.1975,none,NA,chronData,lc-chRWiRSTNDnTXwEogjc,depth_bottom,cm,4
LochLomondRossDubh.Dickson.1978,none,NA,chronData,lc-chRewZ2jUCmgjOGihMs,notes,unitless,13
LochMaree.Birks.1972,none,NA,chronData,lc-chR0SuTZwCD2PA77Vbq,notes,unitless,6
LochSionascaig.Pennington.1977,none,NA,chronData,lc-chRA91z6xAY9C5dpHpm,materialDated,unitless,8
LochaChroisg.Pennington.1973,none,NA,chronData,lc-chRY0LpgAuoKf2icIpP,notes,unitless,3
LochaPhuinnd.Fossitt.1996,none,NA,chronData,lc-chRXMROlgFLdQ2DwZZE,notes,unitless,5
LochanAnDruim.Ranner.2005,none,NA,chronData,lc-chRwHAenkNLCvvL4QWo,notes,unitless,8
LochancoiraGhobhainn.Birks.1973,none,NA,chronData,lc-chR9c5DlM0nUJRRTAp9,notes,unitless,4
LockportGulfSection.Miller.1982,none,NA,chronData,lc-chR5IP49gmtH4uEcW9a,notes,unitless,4
Locmariaquer.Visset.1996,none,NA,chronData,lc-chRvGXaH3z8wFUnIQYM,notes,unitless,5
Loddigsee.Jahns.2007,none,NA,chronData,lc-chR6xJQlYM1KQNLDnX2,notes,unitless,13
LoganInlet.LaCourse.2005,none,NA,chronData,lc-chROSe1iyG68YQ0ALY4,notes,unitless,4
Logne.Barbier.1997,none,NA,chronData,lc-chRlhsXbkH0frOC9K34,notes,unitless,5
Logylet.Bjorck.1979,none,NA,chronData,lc-chRN7TVn1yJwXUARwJN,materialDated,unitless,2
Logylet.Bjorck.1979,none,NA,chronData,lc-chR2U1rLlg8iGtxgVYz,thickness,cm,2
Logylet.Bjorck.1979,none,NA,chronData,lc-chRFn7r9PmfkFwX94TN,notes,unitless,2
Logylet.Bjorck.1979,none,NA,chronData,lc-chRJwHOdys6XzYiCdWL,depth_top,cm,2
Logylet.Bjorck.1979,none,NA,chronData,lc-chRS7DdjlTBCwUPH1b3,depth_bottom,cm,2
LoneStarLake.Hotchkiss.2007,none,NA,chronData,lc-chR2wVQc86V3ghhvQYx,notes,unitless,11
LonesomeLake.Davis.1980,none,NA,chronData,lc-chRyBrtN852TJHazsIJ,notes,unitless,5
LongBreach.Fyfe.2003,none,NA,chronData,lc-chRc0nXdNhvZzwvJrKJ,materialDated,unitless,5
LongBreach.Fyfe.2003,none,NA,chronData,lc-chR0YIM1Nw0rHxidzon,notes,unitless,5
LongLake.Carter.2017,none,NA,chronData,lc-chRtzNGVxFlfM80BPuW,notes,unitless,10
LongLake.Kay.1979,none,NA,chronData,M2Lt1ipwgksC,material,NA,2
LongLake.Kay.1979,none,NA,chronData,M2L1b6snxcaC,notes,NA,2
LongLake.Young.1979,none,NA,chronData,lc-chRBTkRgAOxtoH5Do6g,notes,unitless,4
LongLakeCANunavut.Bender.1978,none,NA,chronData,lc-chRbMJy5WNqCVeZtm3L,materialDated,unitless,2
LongLakeCANunavut.Bender.1978,none,NA,chronData,lc-chRZwZpzO9LXuwxNWHm,notes,unitless,2
LongLastLake.Keenan.1992,none,NA,chronData,lc-chRyFIGD8LorFpfSgMb,notes,unitless,5
LongganLake.Tong.1997,none,NA,chronData,lc-chRzJpXe4ZFpwLTW4pQ,labID,unitless,2
LongganLake.Tong.1997,none,NA,chronData,lc-chRvrhP8JLIaiUZ5fLB,thickness,cm,2
LongganLake.Tong.1997,none,NA,chronData,lc-chRfbC9MqHOuzB6anJ3,notes,unitless,2
LongganLake.Tong.1997,none,NA,chronData,lc-chRugnMHJJ6HxKpkZwU,depth_top,cm,2
LongganLake.Tong.1997,none,NA,chronData,lc-chRCbfMWDNh8t4JZUh8,depth_bottom,cm,2
LongmereLake.author.1111,none,NA,chronData,lc-chR2IDhw3tzR4TdErd0,labID,unitless,2
LongmereLake.author.1111,none,NA,chronData,lc-chRTMUirmhy2ufPuGJr,materialDated,unitless,2
LongmereLake.author.1111,none,NA,chronData,lc-chRyWdyui5kq5bg4DdD,notes,unitless,2
LongquanLakeLC2.Liu.1991,none,NA,chronData,lc-chRmXmHLS7EgZHmJHDO,labID,unitless,8
LongquanLakeLC2.Liu.1991,none,NA,chronData,lc-chRN8W1iOmqJo3nHIgA,notes,unitless,8
Longswamp.Watts.1979Legacy,none,NA,chronData,lc-chRvw8YQnu7DgtT4MtB,materialDated,unitless,5
Longswamp.Watts.1979Legacy,none,NA,chronData,lc-chRvwfi20JmZxO7f5wb,thickness,cm,5
Longswamp.Watts.1979Legacy,none,NA,chronData,lc-chRPDdWuOqfwflyVaA0,depth_top,cm,5
Longswamp.Watts.1979Legacy,none,NA,chronData,lc-chRniKCt37jCsyaeKnK,depth_bottom,cm,5
LoonPond.author.1111,none,NA,chronData,lc-chRah9MTiGpeELYbONO,materialDated,unitless,11
LoonPond.author.1111,none,NA,chronData,lc-chRWywgENC2phuvrkAW,notes,unitless,11
LopNurK1.Yan.1998,none,NA,chronData,lc-chRzqWJZLSpbvhkac2v,labID,unitless,4
LopNurK1.Yan.1998,none,NA,chronData,lc-chR41lJO1Kf63zOGb5H,thickness,cm,4
LopNurK1.Yan.1998,none,NA,chronData,lc-chRBknOdKVruJgSwxG4,notes,unitless,4
LopNurK1.Yan.1998,none,NA,chronData,lc-chRT5HKwt20kiMQjBJA,depth_top,cm,4
LopNurK1.Yan.1998,none,NA,chronData,lc-chRJt4vbcuvSyg8jSux,depth_bottom,cm,4
Lopnor.Barry.PERS.COMM.,none,NA,paleoData,OLS_RpibBmCGEqk,lakeTrend,unitless,32
LorinoExposure.Anderson.2002,none,NA,chronData,lc-chRlTeqjK2YmMREOmtc,notes,unitless,4
LorraineLake.Calcote.2003,none,NA,chronData,lc-chREw9IV60lO7oQGiNI,notes,unitless,5
LosPenasquitosLagoon.Cole.2000,none,NA,chronData,lc-chRPBhsw0yWh7WA4e5Q,notes,unitless,10
LostLake.Long.2007,none,NA,chronData,lc-chRqRXelizTTB7SW0Vm,notes,unitless,6
LostMooseCore128.Dredge.2003,none,NA,chronData,lc-chRrhmaPS1fhglw61JS,notes,unitless,4
LostP.Davis.1980,none,NA,chronData,lc-chRYLva2JKI3JDbeYzv,notes,unitless,5
LostPark.Vierling.1998,none,NA,chronData,lc-chRYZc4MxQHP53xUqF0,notes,unitless,4
LostSwamp.SchoonmakerJr.1992,none,NA,chronData,lc-chRynbabyEvfSUQMyvm,notes,unitless,4
LoughAisling.Browne.1986,none,NA,chronData,lc-chRTU2PzaAyldFAk0P6,notes,unitless,4
LoughAnaffrin.Browne.1986,none,NA,chronData,lc-chRhO3JK62eCDYVftJk,notes,unitless,4
LoughCamclaun.Dodson.1990,none,NA,chronData,lc-chRaJO9Zs1Iuifq218u,materialDated,unitless,5
LoughCamclaun.Dodson.1990,none,NA,chronData,lc-chRiCBpIeBSMwaKdMOk,notes,unitless,5
LoughClevala.Browne.1986,none,NA,chronData,lc-chRGVHyk6eZM9qHCyVI,notes,unitless,4
LoughCorslieve.Browne.1986,none,NA,chronData,lc-chRY5FFFBkjw9BriNLm,notes,unitless,5
LoughDoo.Oconnell.1987,none,NA,chronData,lc-chRQVtrLgmoRwBcSLy2,materialDated,unitless,6
LoughDoo.Oconnell.1987,none,NA,chronData,lc-chRMA6sJJddKA1f24zO,notes,unitless,6
LoughMullaghlahan.Fossitt.1994,none,NA,chronData,lc-chRlZf2HsQfifXZoqWW,notes,unitless,6
LoughNabraddan.Fossitt.1994,none,NA,chronData,lc-chR978gpq3BMIFU4Qrq,notes,unitless,5
LouisePond.Pellatt.1994,none,NA,chronData,lc-chRi0T8kqfudy8vIjZJ,notes,unitless,7
LowderCreekBog.Anderson.1999Legacy,none,NA,chronData,lc-chRzTEhmUoBStMoilxk,notes,unitless,4
LowerBarabaschevkaRiverExposure594.Anderson.2002,none,NA,chronData,lc-chRZ0Fsa5Tzqncig2jV,notes,unitless,2
LowerPaintrockLake.Rust.2020,none,NA,chronData,lc-chRvlSPzW9lrE2k4hWa,notes,unitless,12
LoxahatcheeNationalWildlifeRefugeSite1EPASite7.Willard.1997,none,NA,chronData,lc-chRER6yuOEAeEZfKLYm,notes,unitless,5
Luderholz.Chen.1988,none,NA,chronData,lc-chRMcJL9F0as9W8Jdcz,materialDated,unitless,3
Luganskoe.Efremov.1995,none,NA,chronData,lc-chRX5BEoLxYURW3Rl4u,notes,unitless,3
LukaschinYarPeatExposure.Anderson.2002,none,NA,chronData,lc-chRXzHlJilgYaXbZXf0,notes,unitless,13
Luochuan.Sun.1998,none,NA,chronData,lc-chRWg0HYLDDDZ5h539z,labID,unitless,5
Luochuan.Sun.1998,none,NA,chronData,lc-chRHlHRYqEt1P3dRnpK,notes,unitless,5
Lutiniere.Visset.1998,none,NA,chronData,lc-chRqmszxikuONENBC7A,materialDated,unitless,7
Lutiniere.Visset.1998,none,NA,chronData,lc-chRgFJ7FWaa96Yv18I8,notes,unitless,7
Lutzenberg.Bortenschlager.1976,none,NA,chronData,lc-chR8SgvLP4OWM2TjEWB,notes,unitless,4
LyadhejTolake.Andreev.2005,none,NA,chronData,lc-chR9jNNesFJnyCLlRaI,thickness,cm,8
LyadhejTolake.Andreev.2005,none,NA,chronData,lc-chRCqT32QO1fiSd98Uw,notes,unitless,8
LyadhejTolake.Andreev.2005,none,NA,chronData,lc-chRRNhQPy4YkV9XmI7x,depth_top,cm,8
LyadhejTolake.Andreev.2005,none,NA,chronData,lc-chRxDJ98c463Hem620x,depth_bottom,cm,8
LynnLake.Bender.1966,none,NA,chronData,lc-chRFa2OszXiWJU66ukq,notes,unitless,7
M135_004_3.Salvatteci.2019,none,NA,chronData,T2L_M135_004_3_labcode,labcode,NA,10
M135_004_3.Salvatteci.2019,none,NA,chronData,T2L_M135_004_3_depth_bottom,depth_bottom,cm,10
M135_004_3.Salvatteci.2019,none,NA,chronData,T2L_M135_004_3_other_date,other_date,NA,10
M135_004_3.Salvatteci.2019,none,NA,chronData,T2L_M135_004_3_other_1s_err,other_1s_err,NA,10
M135_004_3.Salvatteci.2019,none,NA,chronData,T2L_M135_004_3_other_type,other_type,NA,10
M135_005_3.Salvatteci.2019,none,NA,chronData,T2L_M135_005_3_labcode,labcode,NA,10
M135_005_3.Salvatteci.2019,none,NA,chronData,T2L_M135_005_3_depth_bottom,depth_bottom,cm,10
M135_005_3.Salvatteci.2019,none,NA,chronData,T2L_M135_005_3_other_date,other_date,NA,10
M135_005_3.Salvatteci.2019,none,NA,chronData,T2L_M135_005_3_other_1s_err,other_1s_err,NA,10
M135_005_3.Salvatteci.2019,none,NA,chronData,T2L_M135_005_3_other_type,other_type,NA,10
M25_4_KL_11,none,NA,chronData,T2L_M25_4_KL_11_labcode,labcode,NA,4
M25_4_KL_11,none,NA,chronData,T2L_M25_4_KL_11_delta_r_1s_error_original,delta_r_1s_error_original,NA,4
M25_4_KL_11,none,NA,chronData,T2L_M25_4_KL_11_other_date,other_date,NA,4
M25_4_KL_11,none,NA,chronData,T2L_M25_4_KL_11_other_1s_err,other_1s_err,NA,4
M25_4_KL_11,none,NA,chronData,T2L_M25_4_KL_11_other_type,other_type,NA,4
M39008_3.Eynaud.2009,none,NA,chronData,T2L_M39008_3_depth_top,depth_top,cm,10
M39008_3.Eynaud.2009,none,NA,chronData,T2L_M39008_3_delta_r_1s_error_original,delta_r_1s_error_original,NA,10
M39008_3.Eynaud.2009,none,NA,chronData,T2L_M39008_3_other_date,other_date,NA,10
M39008_3.Eynaud.2009,none,NA,chronData,T2L_M39008_3_other_1s_err,other_1s_err,NA,10
M39008_3.Eynaud.2009,none,NA,chronData,T2L_M39008_3_other_type,other_type,NA,10
M77_2_003_2.Salvatteci.2019,none,NA,chronData,T2L_M77_2_003_2_labcode,labcode,NA,17
M77_2_003_2.Salvatteci.2019,none,NA,chronData,T2L_M77_2_003_2_depth_bottom,depth_bottom,cm,17
M77_2_003_2.Salvatteci.2019,none,NA,chronData,T2L_M77_2_003_2_other_date,other_date,NA,17
M77_2_003_2.Salvatteci.2019,none,NA,chronData,T2L_M77_2_003_2_other_1s_err,other_1s_err,NA,17
M77_2_003_2.Salvatteci.2019,none,NA,chronData,T2L_M77_2_003_2_other_type,other_type,NA,17
M77_2_005_3,none,NA,chronData,T2L_M77_2_005_3_labcode,labcode,NA,6
M77_2_005_3,none,NA,chronData,T2L_M77_2_005_3_depth_bottom,depth_bottom,cm,6
M77_2_005_3,none,NA,chronData,T2L_M77_2_005_3_other_date,other_date,NA,6
M77_2_005_3,none,NA,chronData,T2L_M77_2_005_3_other_1s_err,other_1s_err,NA,6
M77_2_005_3,none,NA,chronData,T2L_M77_2_005_3_other_type,other_type,NA,6
M77_2_024_5.Salvatteci.2019,none,NA,chronData,T2L_M77_2_024_5_labcode,labcode,NA,6
M77_2_024_5.Salvatteci.2019,none,NA,chronData,T2L_M77_2_024_5_depth_bottom,depth_bottom,cm,6
M77_2_024_5.Salvatteci.2019,none,NA,chronData,T2L_M77_2_024_5_other_date,other_date,NA,6
M77_2_024_5.Salvatteci.2019,none,NA,chronData,T2L_M77_2_024_5_other_1s_err,other_1s_err,NA,6
M77_2_024_5.Salvatteci.2019,none,NA,chronData,T2L_M77_2_024_5_other_type,other_type,NA,6
M77_2_029_3.Salvatteci.2019,none,NA,chronData,T2L_M77_2_029_3_labcode,labcode,NA,24
M77_2_029_3.Salvatteci.2019,none,NA,chronData,T2L_M77_2_029_3_depth_bottom,depth_bottom,cm,24
M77_2_029_3.Salvatteci.2019,none,NA,chronData,T2L_M77_2_029_3_other_date,other_date,NA,24
M77_2_029_3.Salvatteci.2019,none,NA,chronData,T2L_M77_2_029_3_other_1s_err,other_1s_err,NA,24
M77_2_029_3.Salvatteci.2019,none,NA,chronData,T2L_M77_2_029_3_other_type,other_type,NA,24
M78_1_235_1,none,NA,chronData,T2L_M78_1_235_1_depth_bottom,depth_bottom,cm,9
M78_1_235_1,none,NA,chronData,T2L_M78_1_235_1_delta_r_1s_error_original,delta_r_1s_error_original,NA,9
M78_1_235_1,none,NA,chronData,T2L_M78_1_235_1_other_date,other_date,NA,9
M78_1_235_1,none,NA,chronData,T2L_M78_1_235_1_other_1s_err,other_1s_err,NA,9
M78_1_235_1,none,NA,chronData,T2L_M78_1_235_1_other_type,other_type,NA,9
MD01_2378.Xu.2008,none,NA,chronData,T2L_MD01_2378_depth_bottom,depth_bottom,cm,20
MD01_2378.Xu.2008,none,NA,chronData,T2L_MD01_2378_delta_r_1s_error_original,delta_r_1s_error_original,NA,20
MD01_2378.Xu.2008,none,NA,chronData,T2L_MD01_2378_other_date,other_date,NA,20
MD01_2378.Xu.2008,none,NA,chronData,T2L_MD01_2378_other_1s_err,other_1s_err,NA,20
MD01_2378.Xu.2008,none,NA,chronData,T2L_MD01_2378_other_type,other_type,NA,20
MD01_2390.Steinke.2008,none,NA,chronData,T2L_MD01_2390_depth_bottom,depth_bottom,cm,4
MD01_2390.Steinke.2008,none,NA,chronData,T2L_MD01_2390_delta_r_1s_error_original,delta_r_1s_error_original,NA,4
MD01_2390.Steinke.2008,none,NA,chronData,T2L_MD01_2390_other_date,other_date,NA,4
MD01_2390.Steinke.2008,none,NA,chronData,T2L_MD01_2390_other_1s_err,other_1s_err,NA,4
MD01_2390.Steinke.2008,none,NA,chronData,T2L_MD01_2390_other_type,other_type,NA,4
MD01_2412.Harada.2006,none,NA,chronData,T2L_MD01_2412_depth_bottom,depth_bottom,cm,11
MD01_2412.Harada.2006,none,NA,chronData,T2L_MD01_2412_other_date,other_date,NA,11
MD01_2412.Harada.2006,none,NA,chronData,T2L_MD01_2412_other_1s_err,other_1s_err,NA,11
MD01_2412.Harada.2006,none,NA,chronData,T2L_MD01_2412_other_type,other_type,NA,11
MD01_2414,none,NA,chronData,T2L_MD01_2414_depth_bottom,depth_bottom,cm,5
MD01_2414,none,NA,chronData,T2L_MD01_2414_delta_r_original,delta_r_original,NA,5
MD01_2414,none,NA,chronData,T2L_MD01_2414_delta_r_1s_error_original,delta_r_1s_error_original,NA,5
MD01_2414,none,NA,chronData,T2L_MD01_2414_other_date,other_date,NA,5
MD01_2414,none,NA,chronData,T2L_MD01_2414_other_1s_err,other_1s_err,NA,5
MD01_2414,none,NA,chronData,T2L_MD01_2414_other_type,other_type,NA,5
MD01_2416,none,NA,chronData,T2L_MD01_2416_depth_bottom,depth_bottom,cm,36
MD01_2416,none,NA,chronData,T2L_MD01_2416_delta_r_1s_error_original,delta_r_1s_error_original,NA,36
MD01_2416,none,NA,chronData,T2L_MD01_2416_other_date,other_date,NA,36
MD01_2416,none,NA,chronData,T2L_MD01_2416_other_1s_err,other_1s_err,NA,36
MD01_2416,none,NA,chronData,T2L_MD01_2416_other_type,other_type,NA,36
MD01_2421.Isono.2009,none,NA,chronData,T2L_MD01_2421_depth_top,depth_top,cm,17
MD01_2421.Isono.2009,none,NA,chronData,T2L_MD01_2421_delta_r_1s_error_original,delta_r_1s_error_original,NA,17
MD01_2461,none,NA,chronData,T2L_MD01_2461_depth_bottom,depth_bottom,cm,15
MD01_2461,none,NA,chronData,T2L_MD01_2461_delta_r_1s_error_original,delta_r_1s_error_original,NA,15
MD01_2461,none,NA,chronData,T2L_MD01_2461_other_date,other_date,NA,15
MD01_2461,none,NA,chronData,T2L_MD01_2461_other_1s_err,other_1s_err,NA,15
MD01_2461,none,NA,chronData,T2L_MD01_2461_other_type,other_type,NA,15
MD02_2489,none,NA,chronData,T2L_MD02_2489_depth_bottom,depth_bottom,cm,31
MD02_2489,none,NA,chronData,T2L_MD02_2489_delta_r_1s_error_original,delta_r_1s_error_original,NA,31
MD02_2489,none,NA,chronData,T2L_MD02_2489_other_date,other_date,NA,31
MD02_2489,none,NA,chronData,T2L_MD02_2489_other_1s_err,other_1s_err,NA,31
MD02_2489,none,NA,chronData,T2L_MD02_2489_other_type,other_type,NA,31
MD02_2503.Hill.2006,none,NA,chronData,T2L_MD02_2503_depth_bottom,depth_bottom,cm,38
MD02_2503.Hill.2006,none,NA,chronData,T2L_MD02_2503_other_date,other_date,NA,38
MD02_2503.Hill.2006,none,NA,chronData,T2L_MD02_2503_other_1s_err,other_1s_err,NA,38
MD02_2503.Hill.2006,none,NA,chronData,T2L_MD02_2503_other_type,other_type,NA,38
MD02_2515.McClymont.2012,none,NA,chronData,T2L_MD02_2515_delta_r_1s_error_original,delta_r_1s_error_original,unitless,14
MD02_2515.McClymont.2012,none,NA,chronData,T2L_MD02_2515_other_date,other_date,unitless,14
MD02_2515.McClymont.2012,none,NA,chronData,T2L_MD02_2515_other_1s_err,other_1s_err,unitless,14
MD02_2515.McClymont.2012,none,NA,chronData,T2L_MD02_2515_other_type,other_type,unitless,14
MD02_2529,none,NA,chronData,T2L_MD02_2529_labcode,labcode,NA,15
MD02_2529,none,NA,chronData,T2L_MD02_2529_delta_r_original,delta_r_original,NA,15
MD02_2529,none,NA,chronData,T2L_MD02_2529_delta_r_1s_error_original,delta_r_1s_error_original,NA,15
MD02_2529,none,NA,chronData,T2L_MD02_2529_other_date,other_date,NA,15
MD02_2529,none,NA,chronData,T2L_MD02_2529_other_1s_err,other_1s_err,NA,15
MD02_2529,none,NA,chronData,T2L_MD02_2529_other_type,other_type,NA,15
MD02_2575BAY.Ziegler.2008,none,NA,chronData,T2L_MD02_2575_depth_bottom,depth_bottom,cm,9
MD02_2575BAY.Ziegler.2008,none,NA,chronData,T2L_MD02_2575_delta_r_1s_error_original,delta_r_1s_error_original,NA,9
MD02_2575BAY.Ziegler.2008,none,NA,chronData,T2L_MD02_2575_other_date,other_date,NA,9
MD02_2575BAY.Ziegler.2008,none,NA,chronData,T2L_MD02_2575_other_1s_err,other_1s_err,NA,9
MD02_2575BAY.Ziegler.2008,none,NA,chronData,T2L_MD02_2575_other_type,other_type,NA,9
MD02_2594.Dyez.2014,none,NA,chronData,T2L_MD02_2594_other_date,other_date,NA,11
MD02_2594.Dyez.2014,none,NA,chronData,T2L_MD02_2594_other_1s_err,other_1s_err,NA,11
MD02_2594.Dyez.2014,none,NA,chronData,T2L_MD02_2594_other_type,other_type,NA,11
MD03_2607.LopesdosSantos.2013,none,NA,chronData,T2L_MD03_2607_depth_bottom,depth_bottom,cm,21
MD03_2607.LopesdosSantos.2013,none,NA,chronData,T2L_MD03_2607_other_date,other_date,NA,21
MD03_2607.LopesdosSantos.2013,none,NA,chronData,T2L_MD03_2607_other_1s_err,other_1s_err,NA,21
MD03_2607.LopesdosSantos.2013,none,NA,chronData,T2L_MD03_2607_other_type,other_type,NA,21
MD03_2611.Calvo.2007,none,NA,chronData,T2L_MD03_2611_depth_bottom,depth_bottom,cm,31
MD03_2611.Calvo.2007,none,NA,chronData,T2L_MD03_2611_delta_r_1s_error_original,delta_r_1s_error_original,NA,31
MD03_2611.Calvo.2007,none,NA,chronData,T2L_MD03_2611_other_date,other_date,NA,31
MD03_2611.Calvo.2007,none,NA,chronData,T2L_MD03_2611_other_1s_err,other_1s_err,NA,31
MD03_2611.Calvo.2007,none,NA,chronData,T2L_MD03_2611_other_type,other_type,NA,31
MD03_2697,none,NA,chronData,T2L_MD03_2697_depth_bottom,depth_bottom,cm,7
MD03_2697,none,NA,chronData,T2L_MD03_2697_delta_r_1s_error_original,delta_r_1s_error_original,NA,7
MD03_2697,none,NA,chronData,T2L_MD03_2697_other_date,other_date,NA,7
MD03_2697,none,NA,chronData,T2L_MD03_2697_other_1s_err,other_1s_err,NA,7
MD03_2697,none,NA,chronData,T2L_MD03_2697_other_type,other_type,NA,7
MD03_2698,none,NA,chronData,T2L_MD03_2698_delta_r_1s_error_original,delta_r_1s_error_original,NA,21
MD03_2698,none,NA,chronData,T2L_MD03_2698_other_date,other_date,NA,21
MD03_2698,none,NA,chronData,T2L_MD03_2698_other_1s_err,other_1s_err,NA,21
MD03_2698,none,NA,chronData,T2L_MD03_2698_other_type,other_type,NA,21
MD03_2699.Rodrigues.2010,none,NA,chronData,T2L_MD03_2699_delta_r_1s_error_original,delta_r_1s_error_original,NA,4
MD03_2699.Rodrigues.2010,none,NA,chronData,T2L_MD03_2699_other_date,other_date,NA,4
MD03_2699.Rodrigues.2010,none,NA,chronData,T2L_MD03_2699_other_1s_err,other_1s_err,NA,4
MD03_2699.Rodrigues.2010,none,NA,chronData,T2L_MD03_2699_other_type,other_type,NA,4
MD03_2707.Weldeab.2007,none,NA,chronData,T2L_MD03_2707_depth_bottom,depth_bottom,cm,24
MD03_2707.Weldeab.2007,none,NA,chronData,T2L_MD03_2707_mat_dated,mat_dated,unitless,24
MD03_2707.Weldeab.2007,none,NA,chronData,T2L_MD03_2707_delta_r_1s_error_original,delta_r_1s_error_original,unitless,24
MD03_2707.Weldeab.2007,none,NA,chronData,T2L_MD03_2707_other_date,other_date,unitless,24
MD03_2707.Weldeab.2007,none,NA,chronData,T2L_MD03_2707_other_1s_err,other_1s_err,unitless,24
MD03_2707.Weldeab.2007,none,NA,chronData,T2L_MD03_2707_other_type,other_type,unitless,24
MD06_3075.Fraser.2014,none,NA,chronData,T2L_MD06_3075_depth_bottom,depth_bottom,cm,16
MD06_3075.Fraser.2014,none,NA,chronData,T2L_MD06_3075_other_date,other_date,NA,16
MD06_3075.Fraser.2014,none,NA,chronData,T2L_MD06_3075_other_1s_err,other_1s_err,NA,16
MD06_3075.Fraser.2014,none,NA,chronData,T2L_MD06_3075_other_type,other_type,NA,16
MD07_3076Q.Gottschalk.2015,none,NA,chronData,T2L_MD07_3076Q_delta_r_1s_error_original,delta_r_1s_error_original,NA,59
MD07_3076Q.Gottschalk.2015,none,NA,chronData,T2L_MD07_3076Q_other_date,other_date,NA,59
MD07_3076Q.Gottschalk.2015,none,NA,chronData,T2L_MD07_3076Q_other_1s_err,other_1s_err,NA,59
MD07_3076Q.Gottschalk.2015,none,NA,chronData,T2L_MD07_3076Q_other_type,other_type,NA,59
MD07_3128,none,NA,chronData,T2L_MD07_3128_depth_bottom,depth_bottom,cm,16
MD07_3128,none,NA,chronData,T2L_MD07_3128_other_1s_err,other_1s_err,NA,16
MD73_025,none,NA,chronData,T2L_MD73_025_labcode,labcode,NA,6
MD73_025,none,NA,chronData,T2L_MD73_025_delta_r_1s_error_original,delta_r_1s_error_original,NA,6
MD73_025,none,NA,chronData,T2L_MD73_025_other_date,other_date,NA,6
MD73_025,none,NA,chronData,T2L_MD73_025_other_1s_err,other_1s_err,NA,6
MD73_025,none,NA,chronData,T2L_MD73_025_other_type,other_type,NA,6
MD79_257.Bard.1997,none,NA,chronData,T2L_MD79_257_labcode,labcode,NA,22
MD79_257.Bard.1997,none,NA,chronData,T2L_MD79_257_depth_bottom,depth_bottom,cm,22
MD79_257.Bard.1997,none,NA,chronData,T2L_MD79_257_delta_r_original,delta_r_original,NA,22
MD79_257.Bard.1997,none,NA,chronData,T2L_MD79_257_delta_r_1s_error_original,delta_r_1s_error_original,NA,22
MD79_257.Bard.1997,none,NA,chronData,T2L_MD79_257_other_date,other_date,NA,22
MD79_257.Bard.1997,none,NA,chronData,T2L_MD79_257_other_1s_err,other_1s_err,NA,22
MD79_257.Bard.1997,none,NA,chronData,T2L_MD79_257_other_type,other_type,NA,22
MD84_527.Labracherie.1989,none,NA,chronData,T2L_MD84_527_labcode,labcode,NA,27
MD84_527.Labracherie.1989,none,NA,chronData,T2L_MD84_527_delta_r_1s_error_original,delta_r_1s_error_original,NA,27
MD84_527.Labracherie.1989,none,NA,chronData,T2L_MD84_527_other_date,other_date,NA,27
MD84_527.Labracherie.1989,none,NA,chronData,T2L_MD84_527_other_1s_err,other_1s_err,NA,27
MD84_527.Labracherie.1989,none,NA,chronData,T2L_MD84_527_other_type,other_type,NA,27
MD84_551,none,NA,chronData,T2L_MD84_551_labcode,labcode,NA,3
MD84_551,none,NA,chronData,T2L_MD84_551_delta_r_1s_error_original,delta_r_1s_error_original,NA,3
MD84_551,none,NA,chronData,T2L_MD84_551_other_date,other_date,NA,3
MD84_551,none,NA,chronData,T2L_MD84_551_other_1s_err,other_1s_err,NA,3
MD84_551,none,NA,chronData,T2L_MD84_551_other_type,other_type,NA,3
MD88_770,none,NA,chronData,T2L_MD88_770_labcode,labcode,NA,16
MD88_770,none,NA,chronData,T2L_MD88_770_depth_bottom,depth_bottom,cm,16
MD88_770,none,NA,chronData,T2L_MD88_770_delta_r_1s_error_original,delta_r_1s_error_original,NA,16
MD88_770,none,NA,chronData,T2L_MD88_770_other_date,other_date,NA,16
MD88_770,none,NA,chronData,T2L_MD88_770_other_1s_err,other_1s_err,NA,16
MD88_770,none,NA,chronData,T2L_MD88_770_other_type,other_type,NA,16
MD94_103BAY.Sicre.2005,none,NA,chronData,T2L_MD94_103_depth_bottom,depth_bottom,cm,22
MD94_103BAY.Sicre.2005,none,NA,chronData,T2L_MD94_103_delta_r_1s_error_original,delta_r_1s_error_original,NA,22
MD94_103BAY.Sicre.2005,none,NA,chronData,T2L_MD94_103_other_1s_err,other_1s_err,NA,22
MD95-2011.Berner.2010,none,NA,chronData,PYTCJWKLK8T,depth_alt,mm,30
MD95-2011.Berner.2010,none,NA,chronData,PYT6E5DCGOY,reservoir,age,30
MD95-2011.Berner.2010,none,NA,chronData,PYTI4UWFDR7,reservoir_error,1s,30
MD95-2011.Berner.2010,none,NA,chronData,PYTDHJN6TJH,core_name,unitless,30
MD95-2011.Berner.2010,none,NA,chronData,PYT56VTOX1G,age_type,unitless,30
MD95-2011.Berner.2010,none,NA,chronData,PYT9V1FWEPD,note,unitless,30
MD952043.Fletcher.2008,none,NA,chronData,lc-chRXw22labvQ0cNCtZA,labID,unitless,21
MD95_2011.Risebrobakken.2003,none,NA,chronData,T2L_MD95_2011_depth_bottom,depth_bottom,cm,40
MD95_2011.Risebrobakken.2003,none,NA,chronData,T2L_MD95_2011_delta_r_1s_error_original,delta_r_1s_error_original,NA,40
MD95_2012,none,NA,chronData,T2L_MD95_2012_delta_r_1s_error_original,delta_r_1s_error_original,NA,28
MD95_2012,none,NA,chronData,T2L_MD95_2012_other_date,other_date,NA,28
MD95_2012,none,NA,chronData,T2L_MD95_2012_other_1s_err,other_1s_err,NA,28
MD95_2012,none,NA,chronData,T2L_MD95_2012_other_type,other_type,NA,28
MD95_2015.Marchal.2002,none,NA,chronData,T2L_MD95_2015_labcode,labcode,NA,11
MD95_2015.Marchal.2002,none,NA,chronData,T2L_MD95_2015_depth_bottom,depth_bottom,cm,11
MD95_2015.Marchal.2002,none,NA,chronData,T2L_MD95_2015_delta_r_1s_error_original,delta_r_1s_error_original,NA,11
MD95_2015.Marchal.2002,none,NA,chronData,T2L_MD95_2015_other_date,other_date,NA,11
MD95_2015.Marchal.2002,none,NA,chronData,T2L_MD95_2015_other_1s_err,other_1s_err,NA,11
MD95_2015.Marchal.2002,none,NA,chronData,T2L_MD95_2015_other_type,other_type,NA,11
MD95_2039,none,NA,chronData,T2L_MD95_2039_depth_bottom,depth_bottom,cm,24
MD95_2039,none,NA,chronData,T2L_MD95_2039_delta_r_1s_error_original,delta_r_1s_error_original,NA,24
MD95_2039,none,NA,chronData,T2L_MD95_2039_other_date,other_date,NA,24
MD95_2039,none,NA,chronData,T2L_MD95_2039_other_1s_err,other_1s_err,NA,24
MD95_2039,none,NA,chronData,T2L_MD95_2039_other_type,other_type,NA,24
MD95_2040,none,NA,chronData,T2L_MD95_2040_depth_bottom,depth_bottom,cm,16
MD95_2040,none,NA,chronData,T2L_MD95_2040_delta_r_1s_error_original,delta_r_1s_error_original,NA,16
MD95_2040,none,NA,chronData,T2L_MD95_2040_other_date,other_date,NA,16
MD95_2040,none,NA,chronData,T2L_MD95_2040_other_1s_err,other_1s_err,NA,16
MD95_2040,none,NA,chronData,T2L_MD95_2040_other_type,other_type,NA,16
MD95_2041,none,NA,chronData,T2L_MD95_2041_depth_bottom,depth_bottom,cm,7
MD95_2041,none,NA,chronData,T2L_MD95_2041_delta_r_1s_error_original,delta_r_1s_error_original,NA,7
MD95_2041,none,NA,chronData,T2L_MD95_2041_other_1s_err,other_1s_err,NA,7
MD95_2042,none,NA,chronData,T2L_MD95_2042_delta_r_1s_error_original,delta_r_1s_error_original,NA,41
MD95_2042,none,NA,chronData,T2L_MD95_2042_other_date,other_date,NA,41
MD95_2042,none,NA,chronData,T2L_MD95_2042_other_1s_err,other_1s_err,NA,41
MD95_2042,none,NA,chronData,T2L_MD95_2042_other_type,other_type,NA,41
MD95_2043.Cacho.1999,none,NA,chronData,T2L_MD95_2043_labcode,labcode,NA,21
MD95_2043.Cacho.1999,none,NA,chronData,T2L_MD95_2043_depth_bottom,depth_bottom,cm,21
MD95_2043.Cacho.1999,none,NA,chronData,T2L_MD95_2043_delta_r_1s_error_original,delta_r_1s_error_original,NA,21
MD95_2043.Cacho.1999,none,NA,chronData,T2L_MD95_2043_other_date,other_date,NA,21
MD95_2043.Cacho.1999,none,NA,chronData,T2L_MD95_2043_other_1s_err,other_1s_err,NA,21
MD95_2043.Cacho.1999,none,NA,chronData,T2L_MD95_2043_other_type,other_type,NA,21
MD97_2120.Pahnke.2006,none,NA,chronData,T2L_MD97_2120_other_1s_err,other_1s_err,NA,34
MD97_2121.Pahnke.2006,none,NA,chronData,T2L_MD97_2121_delta_r_original,delta_r_original,NA,32
MD97_2121.Pahnke.2006,none,NA,chronData,T2L_MD97_2121_delta_r_1s_error_original,delta_r_1s_error_original,NA,32
MD97_2121.Pahnke.2006,none,NA,chronData,T2L_MD97_2121_other_date,other_date,NA,32
MD97_2121.Pahnke.2006,none,NA,chronData,T2L_MD97_2121_other_1s_err,other_1s_err,NA,32
MD97_2141.Rosenthal.2003,none,NA,chronData,T2L_MD97_2141_depth_bottom,depth_bottom,cm,28
MD97_2141.Rosenthal.2003,none,NA,chronData,T2L_MD97_2141_delta_r_1s_error_original,delta_r_1s_error_original,NA,28
MD97_2141.Rosenthal.2003,none,NA,chronData,T2L_MD97_2141_other_date,other_date,NA,28
MD97_2141.Rosenthal.2003,none,NA,chronData,T2L_MD97_2141_other_1s_err,other_1s_err,NA,28
MD97_2141.Rosenthal.2003,none,NA,chronData,T2L_MD97_2141_other_type,other_type,NA,28
MD97_2146.Shintani.2011,none,NA,chronData,T2L_MD97_2146_labcode,labcode,NA,13
MD97_2146.Shintani.2011,none,NA,chronData,T2L_MD97_2146_delta_r_original,delta_r_original,NA,13
MD97_2146.Shintani.2011,none,NA,chronData,T2L_MD97_2146_delta_r_1s_error_original,delta_r_1s_error_original,NA,13
MD97_2146.Shintani.2011,none,NA,chronData,T2L_MD97_2146_other_date,other_date,NA,13
MD97_2146.Shintani.2011,none,NA,chronData,T2L_MD97_2146_other_1s_err,other_1s_err,NA,13
MD97_2146.Shintani.2011,none,NA,chronData,T2L_MD97_2146_other_type,other_type,NA,13
MD97_2151.Yamamoto.2013,none,NA,chronData,T2L_MD97_2151_labcode,labcode,NA,14
MD97_2151.Yamamoto.2013,none,NA,chronData,T2L_MD97_2151_depth_bottom,depth_bottom,cm,14
MD97_2151.Yamamoto.2013,none,NA,chronData,T2L_MD97_2151_delta_r_1s_error_original,delta_r_1s_error_original,NA,14
MD97_2151.Yamamoto.2013,none,NA,chronData,T2L_MD97_2151_other_date,other_date,NA,14
MD97_2151.Yamamoto.2013,none,NA,chronData,T2L_MD97_2151_other_1s_err,other_1s_err,NA,14
MD97_2151.Yamamoto.2013,none,NA,chronData,T2L_MD97_2151_other_type,other_type,NA,14
MD98_2161.Fan.2018,none,NA,chronData,T2L_MD98_2161_labcode,labcode,NA,15
MD98_2161.Fan.2018,none,NA,chronData,T2L_MD98_2161_other_date,other_date,NA,15
MD98_2161.Fan.2018,none,NA,chronData,T2L_MD98_2161_other_1s_err,other_1s_err,NA,15
MD98_2161.Fan.2018,none,NA,chronData,T2L_MD98_2161_other_type,other_type,NA,15
MD98_2162,none,NA,chronData,T2L_MD98_2162_labcode,labcode,NA,10
MD98_2162,none,NA,chronData,T2L_MD98_2162_depth_bottom,depth_bottom,cm,10
MD98_2162,none,NA,chronData,T2L_MD98_2162_delta_r_1s_error_original,delta_r_1s_error_original,NA,10
MD98_2162,none,NA,chronData,T2L_MD98_2162_other_date,other_date,NA,10
MD98_2162,none,NA,chronData,T2L_MD98_2162_other_1s_err,other_1s_err,NA,10
MD98_2162,none,NA,chronData,T2L_MD98_2162_other_type,other_type,NA,10
MD98_2165.Levi.2007,none,NA,chronData,T2L_MD98_2165_labcode,labcode,NA,18
MD98_2165.Levi.2007,none,NA,chronData,T2L_MD98_2165_depth_bottom,depth_bottom,cm,18
MD98_2165.Levi.2007,none,NA,chronData,T2L_MD98_2165_delta_r_1s_error_original,delta_r_1s_error_original,NA,18
MD98_2165.Levi.2007,none,NA,chronData,T2L_MD98_2165_other_date,other_date,NA,18
MD98_2165.Levi.2007,none,NA,chronData,T2L_MD98_2165_other_1s_err,other_1s_err,NA,18
MD98_2165.Levi.2007,none,NA,chronData,T2L_MD98_2165_other_type,other_type,NA,18
MD98_2170,none,NA,chronData,T2L_MD98_2170_depth_bottom,depth_bottom,cm,4
MD98_2170,none,NA,chronData,T2L_MD98_2170_delta_r_1s_error_original,delta_r_1s_error_original,NA,4
MD98_2170,none,NA,chronData,T2L_MD98_2170_other_date,other_date,NA,4
MD98_2170,none,NA,chronData,T2L_MD98_2170_other_1s_err,other_1s_err,NA,4
MD98_2170,none,NA,chronData,T2L_MD98_2170_other_type,other_type,NA,4
MD98_2176.Stott.2007,none,NA,chronData,T2L_MD98_2176_depth_bottom,depth_bottom,cm,10
MD98_2176.Stott.2007,none,NA,chronData,T2L_MD98_2176_delta_r_1s_error_original,delta_r_1s_error_original,NA,10
MD98_2176.Stott.2007,none,NA,chronData,T2L_MD98_2176_other_date,other_date,NA,10
MD98_2176.Stott.2007,none,NA,chronData,T2L_MD98_2176_other_1s_err,other_1s_err,NA,10
MD98_2176.Stott.2007,none,NA,chronData,T2L_MD98_2176_other_type,other_type,NA,10
MD98_2178.Fan.2018,none,NA,chronData,T2L_MD98_2178_labcode,labcode,NA,14
MD98_2178.Fan.2018,none,NA,chronData,T2L_MD98_2178_depth_bottom,depth_bottom,cm,14
MD98_2178.Fan.2018,none,NA,chronData,T2L_MD98_2178_other_date,other_date,NA,14
MD98_2178.Fan.2018,none,NA,chronData,T2L_MD98_2178_other_1s_err,other_1s_err,NA,14
MD98_2178.Fan.2018,none,NA,chronData,T2L_MD98_2178_other_type,other_type,NA,14
MD98_2181.Stott.2007,none,NA,chronData,T2L_MD98_2181_depth_bottom,depth_bottom,cm,32
MD98_2181.Stott.2007,none,NA,chronData,T2L_MD98_2181_delta_r_1s_error_original,delta_r_1s_error_original,NA,32
MD98_2181.Stott.2007,none,NA,chronData,T2L_MD98_2181_other_date,other_date,NA,32
MD98_2181.Stott.2007,none,NA,chronData,T2L_MD98_2181_other_1s_err,other_1s_err,NA,32
MD98_2181.Stott.2007,none,NA,chronData,T2L_MD98_2181_other_type,other_type,NA,32
MD98_2195.Ijiri.2005,none,NA,chronData,T2L_MD98_2195_labcode,labcode,NA,14
MD98_2195.Ijiri.2005,none,NA,chronData,T2L_MD98_2195_depth_bottom,depth_bottom,cm,14
MD98_2195.Ijiri.2005,none,NA,chronData,T2L_MD98_2195_delta_r_1s_error_original,delta_r_1s_error_original,NA,14
MD98_2195.Ijiri.2005,none,NA,chronData,T2L_MD98_2195_other_date,other_date,NA,14
MD98_2195.Ijiri.2005,none,NA,chronData,T2L_MD98_2195_other_1s_err,other_1s_err,NA,14
MD98_2195.Ijiri.2005,none,NA,chronData,T2L_MD98_2195_other_type,other_type,NA,14
MD99_2251.Farmer.2008,none,NA,chronData,T2L_MD99_2251_depth_bottom,depth_bottom,cm,23
MD99_2251.Farmer.2008,none,NA,chronData,T2L_MD99_2251_delta_r_original,delta_r_original,NA,23
MD99_2251.Farmer.2008,none,NA,chronData,T2L_MD99_2251_delta_r_1s_error_original,delta_r_1s_error_original,NA,23
MD99_2251.Farmer.2008,none,NA,chronData,T2L_MD99_2251_other_date,other_date,NA,23
MD99_2251.Farmer.2008,none,NA,chronData,T2L_MD99_2251_other_1s_err,other_1s_err,NA,23
MD99_2251.Farmer.2008,none,NA,chronData,T2L_MD99_2251_other_type,other_type,NA,23
MD99_2269.Kristjnsd_ttir.2017,none,NA,chronData,T2L_MD99_2269_depth_bottom,depth_bottom,cm,27
MD99_2269.Kristjnsd_ttir.2017,none,NA,chronData,T2L_MD99_2269_delta_r_original,delta_r_original,NA,27
MD99_2269.Kristjnsd_ttir.2017,none,NA,chronData,T2L_MD99_2269_delta_r_1s_error_original,delta_r_1s_error_original,NA,27
MD99_2269.Kristjnsd_ttir.2017,none,NA,chronData,T2L_MD99_2269_other_date,other_date,NA,27
MD99_2269.Kristjnsd_ttir.2017,none,NA,chronData,T2L_MD99_2269_other_1s_err,other_1s_err,NA,27
MD99_2269.Kristjnsd_ttir.2017,none,NA,chronData,T2L_MD99_2269_other_type,other_type,NA,27
MD99_2339.Eynaud.2009,none,NA,chronData,T2L_MD99_2339_delta_r_1s_error_original,delta_r_1s_error_original,NA,23
MD99_2339.Eynaud.2009,none,NA,chronData,T2L_MD99_2339_other_1s_err,other_1s_err,NA,23
MD99_2341.Eynaud.2009,none,NA,chronData,T2L_MD99_2341_depth_top,depth_top,cm,12
MD99_2341.Eynaud.2009,none,NA,chronData,T2L_MD99_2341_delta_r_1s_error_original,delta_r_1s_error_original,NA,12
MD99_2341.Eynaud.2009,none,NA,chronData,T2L_MD99_2341_other_date,other_date,NA,12
MD99_2341.Eynaud.2009,none,NA,chronData,T2L_MD99_2341_other_1s_err,other_1s_err,NA,12
MD99_2341.Eynaud.2009,none,NA,chronData,T2L_MD99_2341_other_type,other_type,NA,12
ME0005A_24JC,none,NA,chronData,T2L_ME0005A_24JC_depth_bottom,depth_bottom,cm,4
ME0005A_24JC,none,NA,chronData,T2L_ME0005A_24JC_other_date,other_date,NA,4
ME0005A_24JC,none,NA,chronData,T2L_ME0005A_24JC_other_1s_err,other_1s_err,NA,4
ME0005A_24JC,none,NA,chronData,T2L_ME0005A_24JC_other_type,other_type,NA,4
ME0005A_27JC,none,NA,chronData,T2L_ME0005A_27JC_depth_bottom,depth_bottom,cm,4
ME0005A_27JC,none,NA,chronData,T2L_ME0005A_27JC_other_date,other_date,NA,4
ME0005A_27JC,none,NA,chronData,T2L_ME0005A_27JC_other_1s_err,other_1s_err,NA,4
ME0005A_27JC,none,NA,chronData,T2L_ME0005A_27JC_other_type,other_type,NA,4
ME0005A_43JC.Benway.2006,none,NA,chronData,T2L_ME0005A_43JC_depth_bottom,depth_bottom,cm,6
ME0005A_43JC.Benway.2006,none,NA,chronData,T2L_ME0005A_43JC_delta_r_1s_error_original,delta_r_1s_error_original,NA,6
ME0005A_43JC.Benway.2006,none,NA,chronData,T2L_ME0005A_43JC_other_date,other_date,NA,6
ME0005A_43JC.Benway.2006,none,NA,chronData,T2L_ME0005A_43JC_other_1s_err,other_1s_err,NA,6
ME0005A_43JC.Benway.2006,none,NA,chronData,T2L_ME0005A_43JC_other_type,other_type,NA,6
MLake.Ritchie.1984,none,NA,chronData,lc-chR3N6jLt0DcytMspAf,notes,unitless,5
MR003-K03-PC01.Harada.2004,none,NA,chronData,ms2aRtyfgWn5W3y,ageError,1sigma,9
MS01HDAS,none,NA,paleoData,LPD292174f86,core,NA,130
MS02FLPC,none,NA,paleoData,LPD7e8e8eaae,temperature,degC,158
MS03BRNS,none,NA,paleoData,LPD05340dbb7,core,NA,773
MS03BRNS,none,NA,chronData,cdRB5zc76ttsgXSPa3Xchron4,fractionModern,NA,27
MS03BRNS,none,NA,chronData,cdR8CU5gEEXOaINBzOSchron5,fractionModernUncertainty,NA,27
MS03BRNS,none,NA,chronData,cdRdGjytia9rqsfvUrnchron6,delta13C,permil,27
MS03BRNS,none,NA,chronData,cdRcbRmPYgauEQHSaaWchron7,delta13Cuncertainty,permil,27
MS03BRNS,none,NA,chronData,cdRA6ZvmtYT9CCUqkklchron8,thickness,cm,27
MS03BRNS,none,NA,chronData,cdRurSJyTAgxdzv2vjqchron9,labID,NA,27
MS03BRNS,none,NA,chronData,cdRbdyiGOFiOWBvuCUTchron10,materialDated,NA,27
MS03BRNS,none,NA,chronData,cdR4RL6Ur9VeAhVNKgfchron11,activity,Bq g-1,27
MS03BRNS,none,NA,chronData,cdR4Xq88K7sf5ZlWaSTchron12,activityUncertainty,Bq g-1,27
MS03BRNS,none,NA,chronData,cdRhXpTnap9Jy2KkpHtchron13,supportedActivity,NA,27
MS03BRNS,none,NA,chronData,cdR44GVKCKAH8vkY3juchron14,x210PbModel,NA,27
MS03BRNS,none,NA,chronData,cdRm6IEHk2pqscFTAWqchron16,SD,yr BP,27
MS03BRNS,none,NA,chronData,cdRB83WAOnIEQaSd7vUchron18,reservoirAge14CUncertainty,yr14C BP,27
MS03BRNS,none,NA,chronData,cdRE9Y3xwIvHk6wzWeQchron22,core,NA,27
MS03KTCB,none,NA,chronData,cdRMLRBYjLH7r1FdXIFchron10,materialDated,NA,10
MS03SMAS,none,NA,chronData,cdRuohCdirizgyxBnZvchron4,fractionModern,NA,80
MS03SMAS,none,NA,chronData,cdRN6NTzP0lehlkcvvlchron5,fractionModernUncertainty,NA,80
MS03SMAS,none,NA,chronData,cdRJNK1mSu7OCPEmor4chron6,delta13C,permil,80
MS03SMAS,none,NA,chronData,cdRdjf6dExY7QpC0wjWchron7,delta13Cuncertainty,permil,80
MS03SMAS,none,NA,chronData,cdRqaVOFCgtkciQ72dAchron8,thickness,cm,80
MS03SMAS,none,NA,chronData,cdR9cNBv51ymkLuJSa7chron9,labID,NA,80
MS03SMAS,none,NA,chronData,cdREt2FKAOPEQ4lFDTGchron10,materialDated,NA,80
MS03SMAS,none,NA,chronData,cdRLKJcwSdeRzlJ0A1Zchron11,activity,Bq g-1,80
MS03SMAS,none,NA,chronData,cdR759IRwgzgTPoYqoJchron12,activityUncertainty,Bq g-1,80
MS03SMAS,none,NA,chronData,cdR7cMsDUUBwKaVWWdlchron13,supportedActivity,NA,80
MS03SMAS,none,NA,chronData,cdRflbjslzqHBkq2X1Mchron14,x210PbModel,NA,80
MS03SMAS,none,NA,chronData,cdRN845P4yCYY3XanVhchron16,SD,yr BP,80
MS03SMAS,none,NA,chronData,cdRc4oCgNmq75KosVqAchron19,useInAgeModel,NA,80
MS04BLCB,none,NA,paleoData,LPDf8072f4er,core,NA,1301
MS04BLCB,none,NA,chronData,cdRCMHlMw8elVfbzYufchron4,fractionModern,NA,46
MS04BLCB,none,NA,chronData,cdRlWyDqUjP1FMzBRUmchron5,fractionModernUncertainty,NA,46
MS04BLCB,none,NA,chronData,cdRQmen9sa4jzwzzzw8chron6,delta13C,permil,46
MS04BLCB,none,NA,chronData,cdRsZDmU1XxXAKBAJqEchron7,delta13Cuncertainty,permil,46
MS04BLCB,none,NA,chronData,cdRHH1oPvlUrwVdyOeCchron8,thickness,cm,46
MS04BLCB,none,NA,chronData,cdRga5Y2Gh1C8MqOKf0chron9,labID,NA,46
MS04BLCB,none,NA,chronData,cdRc49XkcVaPYqVzWfKchron10,materialDated,NA,46
MS04BLCB,none,NA,chronData,cdRwa5jaHOB0WQgdvI5chron11,activity,Bq g-1,46
MS04BLCB,none,NA,chronData,cdRYr3wgVIxXHRHPeACchron12,activityUncertainty,Bq g-1,46
MS04BLCB,none,NA,chronData,cdRBjyn9rKwu4txpebKchron13,supportedActivity,NA,46
MS04BLCB,none,NA,chronData,cdRojikJMtu3DnKdFKbchron14,x210PbModel,NA,46
MS04BLCB,none,NA,chronData,cdRcGgB09SujxjsbFpzchron18,reservoirAge14CUncertainty,yr14C BP,46
MS04BLCB,none,NA,chronData,cdR7mabmmrdQRxtW433chron19,useInAgeModel,NA,46
MS04BLCB,none,NA,chronData,cdRKlrRQVjXIlgLnq4Qchron20,notes,NA,46
MS04BLCB,none,NA,chronData,cdREzjqXBI8PujDSRfTchron21,core,NA,46
MS04ICNI,none,NA,chronData,cdRfrbYVkAJipvsimluchron4,fractionModern,NA,4
MS04ICNI,none,NA,chronData,cdRLDwMPmRM8qYC5Gyfchron5,fractionModernUncertainty,NA,4
MS04ICNI,none,NA,chronData,cdRfALLKykrfISpC96tchron6,delta13C,permil,4
MS04ICNI,none,NA,chronData,cdR5yhYooD2CdQJpzhfchron7,delta13Cuncertainty,permil,4
MS04ICNI,none,NA,chronData,cdRbzBTPW27jOCPj3Sschron9,labID,NA,4
MS04ICNI,none,NA,chronData,cdRNi0TX6wQC14ll6kXchron10,materialDated,NA,4
MS04ICNI,none,NA,chronData,cdRyGJwTAhMLlfI8oc1chron11,activity,Bq g-1,4
MS04ICNI,none,NA,chronData,cdRzErUAV9R9yT5jMNzchron12,activityUncertainty,Bq g-1,4
MS04ICNI,none,NA,chronData,cdRR8gUVCocCMAUQQPRchron13,supportedActivity,NA,4
MS04ICNI,none,NA,chronData,cdRBtGJmwOLQ1PwTD3uchron14,x210PbModel,NA,4
MS04ICNI,none,NA,chronData,cdRXC1YsXUflp8TnPAichron16,SD,yr BP,4
MS04ICNI,none,NA,chronData,cdRQJMFV2keRIUmdySQchron18,reservoirAge14CUncertainty,yr14C BP,4
MS04ICNI,none,NA,chronData,cdR7ANV7J91UGRWdrc5chron19,useInAgeModel,NA,4
MS05ESCR,none,NA,chronData,cdRwzeSCn1T3ntV0qCLchron4,fractionModern,unitless,15
MS05ESCR,none,NA,chronData,cdRQboE39g9XIIYS0i7chron5,fractionModernUncertainty,unitless,15
MS05ESCR,none,NA,chronData,cdRqjajK6jlSYpNCBYOchron6,delta13C,permil,15
MS05ESCR,none,NA,chronData,cdRZRYyBL5YunFxApuQchron7,delta13Cuncertainty,permil,15
MS05ESCR,none,NA,chronData,cdRa4Bz5sJpqBskVNh7chron8,thickness,cm,15
MS05ESCR,none,NA,chronData,cdRo1g4fXy6HGjeO1ckchron11,activity,Bq g1,15
MS05ESCR,none,NA,chronData,cdR8uuBXvBebLqANYkUchron12,activityUncertainty,Bq g1,15
MS05ESCR,none,NA,chronData,cdR5Mor1VuKd0w8dGIPchron13,supportedActivity,unitless,15
MS05ESCR,none,NA,chronData,cdRXoN2uLGkTdo81iOJchron14,x210PbModel,unitless,15
MS05ESCR,none,NA,chronData,cdRdnwbYCHbi8sCjvnxchron16,SD,yr BP,15
MS05ESCR,none,NA,chronData,cdRtaC2pBuweqoS9ESCchron18,reservoirAge14CUncertainty,yr14C BP,15
MS05ESCR,none,NA,chronData,cdRrgFtpJ1HWwFcqSlfchron19,useInAgeModel,unitless,15
MS05LKLF,none,NA,chronData,cdR1AHFdy3iwCUO6Pxjchron4,fractionModern,unitless,4
MS05LKLF,none,NA,chronData,cdRLWiCRL5YX56Z8WhBchron5,fractionModernUncertainty,unitless,4
MS05LKLF,none,NA,chronData,cdR8ztz5anYbl6bwxqTchron6,delta13C,permil,4
MS05LKLF,none,NA,chronData,cdRWwhKe6XYySSW4eYqchron7,delta13Cuncertainty,permil,4
MS05LKLF,none,NA,chronData,cdRHKNyj4X81AOdEqGRchron8,thickness,cm,4
MS05LKLF,none,NA,chronData,cdRMobWamR86tSjC0dGchron9,labID,unitless,4
MS05LKLF,none,NA,chronData,cdR7kVwnQVsPljV7Wkxchron10,materialDated,unitless,4
MS05LKLF,none,NA,chronData,cdRiSjZx0D40UN59Fjochron11,activity,Bq g-1,4
MS05LKLF,none,NA,chronData,cdR3x0c7fv7IT7MNbC2chron12,activityUncertainty,Bq g-1,4
MS05LKLF,none,NA,chronData,cdRgUfIlxPYGJYvX8Cmchron13,supportedActivity,unitless,4
MS05LKLF,none,NA,chronData,cdREDMa0ySklUx2HsLTchron14,x210PbModel,unitless,4
MS05LKLF,none,NA,chronData,cdRohhJdDA14A0qICqSchron16,SD,yr BP,4
MS05LKLF,none,NA,chronData,cdRR1rHTK8vHYh1H4PHchron17,reservoirAge14C,yr14C BP,4
MS05LKLF,none,NA,chronData,cdR0yExHtj9HetqHqX7chron19,useInAgeModel,unitless,4
MS07KPPB,none,NA,chronData,chron2_9eWERhVz,age14C,yr14C BP,8
MS07KPPB,none,NA,chronData,chron3_DKgLvAil,SD,yr14C BP,8
MS07KPPB,none,NA,chronData,chron4_Y98eD9dA,fractionModern,unitless,8
MS07KPPB,none,NA,chronData,chron5_cL79nndk,fractionModernUncertainty,unitless,8
MS07KPPB,none,NA,chronData,chron6_cb0UwMXK,delta13C,permil,8
MS07KPPB,none,NA,chronData,chron7_fAbe99s8,delta13Cuncertainty,permil,8
MS07KPPB,none,NA,chronData,chron8_6yBsd97e,thickness,cm,8
MS07KPPB,none,NA,chronData,chron9_ZIF0cdEv,labID,unitless,8
MS07KPPB,none,NA,chronData,chron10_4cjbq9VF,materialDated,unitless,8
MS07KPPB,none,NA,chronData,chron11_mh4A9zMU,activity,Bq g1,8
MS07KPPB,none,NA,chronData,chron12_lGSEluFM,activityUncertainty,Bq g1,8
MS07KPPB,none,NA,chronData,chron13_Wkt2S6ag,supportedActivity,unitless,8
MS07KPPB,none,NA,chronData,chron14_Cbt6FmLS,x210PbModel,unitless,8
MS07KPPB,none,NA,chronData,chron16_cNBpDT16,SD,yr BP,8
MS07KPPB,none,NA,chronData,chron17_nJAEKUhd,reservoirAge14C,yr14C BP,8
MS07KPPB,none,NA,chronData,chron18_G3zcwl07,reservoirAge14CUncertainty,yr14C BP,8
MS07KPPB,none,NA,chronData,chron19_UjPlYeoN,useInAgeModel,unitless,8
MS07RCNA,none,NA,chronData,cdRU4ifTAATogkjzKirchron4,fractionModern,NA,11
MS07RCNA,none,NA,chronData,cdRfkWlTo1DMxB2latHchron5,fractionModernUncertainty,NA,11
MS07RCNA,none,NA,chronData,cdRaVSpvSzMYYYwMthschron6,delta13C,permil,11
MS07RCNA,none,NA,chronData,cdRg7Rns8UdEqBkWjbzchron7,delta13Cuncertainty,permil,11
MS07RCNA,none,NA,chronData,cdRp3yTuYDa3BMwJjTUchron8,thickness,cm,11
MS07RCNA,none,NA,chronData,cdRQH7p3ULp6CqfPBUkchron9,labID,NA,11
MS07RCNA,none,NA,chronData,cdRARd3IinAO4egMP8lchron10,materialDated,NA,11
MS07RCNA,none,NA,chronData,cdRvraprRwM3YQ3vJrichron11,activity,Bq g-1,11
MS07RCNA,none,NA,chronData,cdRxIsyMc4txkmFACJ3chron12,activityUncertainty,Bq g-1,11
MS07RCNA,none,NA,chronData,cdRRPjA4CpjJwut4DY3chron13,supportedActivity,NA,11
MS07RCNA,none,NA,chronData,cdRRWmW6fB5MhavMaLwchron14,x210PbModel,NA,11
MS07RCNA,none,NA,chronData,cdRJoj5kBfphgzt3eezchron16,SD,yr BP,11
MS07RCNA,none,NA,chronData,cdRajINxVhkzGVQKXaAchron17,reservoirAge14C,yr14C BP,11
MS07RCNA,none,NA,chronData,cdRrbQDGPYWV3FWjqyWchron18,reservoirAge14CUncertainty,yr14C BP,11
MS07RCNA,none,NA,chronData,cdRqNJWGR3tfI9Z9VWochron19,useInAgeModel,NA,11
MS07RCNA,none,NA,chronData,cdRsjZO9p25TdpIuJ0Jchron20,notes,NA,11
MS08UAPM,none,NA,chronData,cdR6Th8waxmEHyUtcPpchron10,materialDated,NA,10
MS09DOIP,none,NA,paleoData,LPDc9f784386,core,NA,304
MS09TCIS,none,NA,chronData,chron2_xdSnmbMW,age14C,yr14C BP,8
MS09TCIS,none,NA,chronData,chron3_GmOU6c9w,SD,yr14C BP,8
MS09TCIS,none,NA,chronData,chron4_iAb2KS4A,fractionModern,NA,8
MS09TCIS,none,NA,chronData,chron5_4tJzxKfo,fractionModernUncertainty,NA,8
MS09TCIS,none,NA,chronData,chron6_1F7xIWAQ,delta13C,permil,8
MS09TCIS,none,NA,chronData,chron7_FCrQH0r1,delta13Cuncertainty,permil,8
MS09TCIS,none,NA,chronData,chron8_YMQq5oqs,thickness,cm,8
MS09TCIS,none,NA,chronData,chron9_j8E83Q8E,labID,NA,8
MS09TCIS,none,NA,chronData,chron10_Au8t1fKg,materialDated,NA,8
MS09TCIS,none,NA,chronData,chron11_eRehEd8C,activity,Bq g1,8
MS09TCIS,none,NA,chronData,chron12_041XSKcd,activityUncertainty,Bq g1,8
MS09TCIS,none,NA,chronData,chron13_eCGkkrCY,supportedActivity,NA,8
MS09TCIS,none,NA,chronData,chron14_ijKYSlbC,x210PbModel,NA,8
MS09TCIS,none,NA,chronData,chron16_bcLj8kEU,SD,yr BP,8
MS09TCIS,none,NA,chronData,chron17_ZNdPC1fp,reservoirAge14C,yr14C BP,8
MS09TCIS,none,NA,chronData,chron18_GNaKQNbU,reservoirAge14CUncertainty,yr14C BP,8
MS09TCIS,none,NA,chronData,chron19_WHQMM1Bm,useInAgeModel,NA,8
MS09TRFD,none,NA,paleoData,LPD6e0eacd1_iso2k,notes,NA,104
MS09TRFD,none,NA,paleoData,LPD6e0eacd1a,notes,NA,104
MS10JTMA,none,NA,paleoData,MS10JTMA002,core,unitless,72
MS10JTMA,none,NA,chronData,cdRtsEGV4pGLrusglKPchron4,fractionModern,unitless,21
MS10JTMA,none,NA,chronData,cdRzcIqlU87E51Ke76Tchron5,fractionModernUncertainty,unitless,21
MS10JTMA,none,NA,chronData,cdR3gbgmCr9Flc1cLUUchron6,delta13C,permil,21
MS10JTMA,none,NA,chronData,cdRjG0rR2ByQHpOn9vuchron7,delta13Cuncertainty,permil,21
MS10JTMA,none,NA,chronData,cdRnv8W3kxWAB5yB13Rchron8,thickness,cm,21
MS10JTMA,none,NA,chronData,cdROn7yO0vLi8S24Xgpchron9,labID,unitless,21
MS10JTMA,none,NA,chronData,cdRjfFurXnyNjBB4nm3chron10,materialDated,unitless,21
MS10JTMA,none,NA,chronData,cdRrdWiee5twxAu8JEnchron12,activityUncertainty,Bq g-1,21
MS10JTMA,none,NA,chronData,cdRk0Ul0Mza0nHNyWR7chron13,supportedActivity,unitless,21
MS10JTMA,none,NA,chronData,cdRNL1Q7z4WfSrbhwz1chron14,x210PbModel,unitless,21
MS10JTMA,none,NA,chronData,cdRmK4gOmhQogZkIfOtchron17,reservoirAge14C,yr14C BP,21
MS10JTMA,none,NA,chronData,cdRHjabvbOa9S0B58wKchron18,reservoirAge14CUncertainty,yr14C BP,21
MS10JTMA,none,NA,chronData,cdRizzZYJqMFDjbeYqmchron19,useInAgeModel,unitless,21
MS11CSCN,none,NA,chronData,cdR9iryz61RoPPHiZAMchron4,fractionModern,NA,6
MS11CSCN,none,NA,chronData,cdRhCzt19wHc2uJetpwchron5,fractionModernUncertainty,NA,6
MS11CSCN,none,NA,chronData,cdRAsF1gKIEDZR9DrUmchron6,delta13C,permil,6
MS11CSCN,none,NA,chronData,cdRhURSakESQXHvpidkchron7,delta13Cuncertainty,permil,6
MS11CSCN,none,NA,chronData,cdRUjo6PmrOti4VOMe2chron10,materialDated,NA,6
MS11CSCN,none,NA,chronData,cdROdb5Ku39iKYk9MpKchron11,activity,Bq g-1,6
MS11CSCN,none,NA,chronData,cdRMmNcmeNPAfraGkPxchron12,activityUncertainty,Bq g-1,6
MS11CSCN,none,NA,chronData,cdRx0VDbw4StzLqZoYJchron13,supportedActivity,NA,6
MS11CSCN,none,NA,chronData,cdRnJYd9qKy6TAeZhgZchron14,x210PbModel,NA,6
MS11CSCN,none,NA,chronData,cdRyDzWEer8lOsMHc7Fchron18,reservoirAge14CUncertainty,yr14C BP,6
MS11CSCN,none,NA,chronData,cdRkFFqPlnFlAjwrTnschron19,useInAgeModel,NA,6
MS11CSCN,none,NA,chronData,cdRvazfBRyyXfLaKbXichron20,notes,NA,6
MS11CSCS,none,NA,chronData,cdRNYN9Ky6OwB0aJC19chron4,fractionModern,NA,3
MS11CSCS,none,NA,chronData,cdR8uVHmtdbGdG1JSoRchron5,fractionModernUncertainty,NA,3
MS11CSCS,none,NA,chronData,cdRuBtyWIKfMqiolEDKchron6,delta13C,permil,3
MS11CSCS,none,NA,chronData,cdRM9AqlNm1mdaH597bchron7,delta13Cuncertainty,permil,3
MS11CSCS,none,NA,chronData,cdR8QxfJkyiORBtNO39chron9,labID,NA,3
MS11CSCS,none,NA,chronData,cdRHZrK4TsjI66PQD7Rchron10,materialDated,NA,3
MS11CSCS,none,NA,chronData,cdR2ci8zH5YYUlEaRwechron11,activity,Bq g-1,3
MS11CSCS,none,NA,chronData,cdRG8wSPGDQmi69P2jLchron12,activityUncertainty,Bq g-1,3
MS11CSCS,none,NA,chronData,cdRyqmft7sYf4I0UU9gchron13,supportedActivity,NA,3
MS11CSCS,none,NA,chronData,cdRSWkTF4GLDLpDz89Jchron14,x210PbModel,NA,3
MS11CSCS,none,NA,chronData,cdRMF4WVEbHL8czlDpLchron18,reservoirAge14CUncertainty,yr14C BP,3
MS11CSCS,none,NA,chronData,cdRN1PjP7NaNRtVkd6Dchron19,useInAgeModel,NA,3
MS11FAPM,none,NA,paleoData,LPD81e7ab491,core,unitless,157
MS11FAPM,none,NA,chronData,cdRZibsAg1vuxrp60iZchron4,fractionModern,unitless,14
MS11FAPM,none,NA,chronData,cdRWsQIzuInBFdWhuFnchron5,fractionModernUncertainty,unitless,14
MS11FAPM,none,NA,chronData,cdRvhyY5DTkVIeaCkv4chron6,delta13C,permil,14
MS11FAPM,none,NA,chronData,cdRTjcYsRrbeEOcplJhchron7,delta13Cuncertainty,permil,14
MS11FAPM,none,NA,chronData,cdRiZFqn0Hco0suiwmUchron9,labID,unitless,14
MS11FAPM,none,NA,chronData,cdR86mTgjgzpAOdujA4chron10,materialDated,unitless,14
MS11FAPM,none,NA,chronData,cdRPfHP0q5tZ7RzkB81chron11,activity,Bq g-1,14
MS11FAPM,none,NA,chronData,cdRuuiNCANHgsasf7cMchron12,activityUncertainty,Bq g-1,14
MS11FAPM,none,NA,chronData,cdR8eAnosRX8CHH6n7cchron13,supportedActivity,unitless,14
MS11FAPM,none,NA,chronData,cdRoyIeCPD779UJeCc0chron14,x210PbModel,unitless,14
MS11FAPM,none,NA,chronData,cdRrPXyr2DhEkaN53rwchron18,reservoirAge14CUncertainty,yr14C BP,14
MS11KWFS,none,NA,chronData,cdRaKIumXmebRINbajpchron4,fractionModern,NA,5
MS11KWFS,none,NA,chronData,cdRNHd5eWH6HDFXCkXEchron5,fractionModernUncertainty,NA,5
MS11KWFS,none,NA,chronData,cdRzUqWp11TNvYYvf2Zchron6,delta13C,permil,5
MS11KWFS,none,NA,chronData,cdRajsbU1n7UWy0x66Uchron7,delta13Cuncertainty,permil,5
MS11KWFS,none,NA,chronData,cdRMeRmtDHp9nLWzmhGchron9,labID,NA,5
MS11KWFS,none,NA,chronData,cdRHqFJgBm7I4KiBgFCchron10,materialDated,NA,5
MS11KWFS,none,NA,chronData,cdRTQfjHLBgJGkP9DVMchron11,activity,Bq g-1,5
MS11KWFS,none,NA,chronData,cdRGOruNbNds4uFsY7Pchron12,activityUncertainty,Bq g-1,5
MS11KWFS,none,NA,chronData,cdR4xDZPK8SmmnBVsQDchron13,supportedActivity,NA,5
MS11KWFS,none,NA,chronData,cdR9pvbqVWPzf6ZdQZvchron14,x210PbModel,NA,5
MS11KWFS,none,NA,chronData,cdRChigOrd53iK57QH3chron16,SD,yr BP,5
MS11KWFS,none,NA,chronData,cdRUiZU12869GZofl0fchron17,reservoirAge14C,yr14C BP,5
MS11KWFS,none,NA,chronData,cdRNGEPc8oNaZE49B8Schron18,reservoirAge14CUncertainty,yr14C BP,5
MS11KWFS,none,NA,chronData,cdRo8QgwBNysYM7Nkuxchron19,useInAgeModel,NA,5
MS11KWFS,none,NA,chronData,cdRL6FEhYygPHdcx1tgchron20,notes,NA,5
MS11SENS,none,NA,paleoData,LPD6c1fc0ed6,core,NA,649
MS11SENS,none,NA,chronData,chron4_DmhjnnbB,fractionModern,NA,8
MS11SENS,none,NA,chronData,chron5_q7WbTnRx,fractionModernUncertainty,NA,8
MS11SENS,none,NA,chronData,chron6_qkBDWZjk,delta13C,permil,8
MS11SENS,none,NA,chronData,chron7_wBazhaqs,delta13Cuncertainty,permil,8
MS11SENS,none,NA,chronData,chron8_FgZnL4lR,thickness,cm,8
MS11SENS,none,NA,chronData,chron11_NOCI8y7f,activity,Bq g-1,8
MS11SENS,none,NA,chronData,chron12_YmKVQ6zu,activityUncertainty,Bq g-1,8
MS11SENS,none,NA,chronData,chron13_XUkFPscv,supportedActivity,NA,8
MS11SENS,none,NA,chronData,chron14_4L7Yrlfo,x210PbModel,NA,8
MS11SENS,none,NA,chronData,chron16_RQ8UBJDr,SD,yr BP,8
MS11SENS,none,NA,chronData,chron17_qrj9tPAb,reservoirAge14C,yr14C BP,8
MS11SENS,none,NA,chronData,chron18_FrRLC9oa,reservoirAge14CUncertainty,yr14C BP,8
MS11SENS,none,NA,chronData,chron9_rsrQ6zDp,labID,NA,105
MS11SENS,none,NA,chronData,chron10_5aeAu2ek,materialDated,NA,105
MS11SENS,none,NA,chronData,chron20_2FswnwyF,core,NA,105
MS11SENS,none,NA,chronData,chron22_X2z1RwE7,Tephra Event,NA,5
MS14GFSS,none,NA,chronData,chron4_aF9qP0mE,fractionModern,NA,18
MS14GFSS,none,NA,chronData,chron5_8xQ0E1Sp,fractionModernUncertainty,NA,18
MS14GFSS,none,NA,chronData,chron6_M7lDWYiB,delta13C,permil,18
MS14GFSS,none,NA,chronData,chron7_Pq2q0J3W,delta13Cuncertainty,permil,18
MS14GFSS,none,NA,chronData,chron8_e49bmqhq,thickness,cm,18
MS14GFSS,none,NA,chronData,chron9_TOLW0uXC,labID,NA,18
MS14GFSS,none,NA,chronData,chron10_HGnoTjoR,materialDated,NA,18
MS14GFSS,none,NA,chronData,chron11_53CMez6X,activity,Bq g-1,18
MS14GFSS,none,NA,chronData,chron12_pkVLK71N,activityUncertainty,Bq g-1,18
MS14GFSS,none,NA,chronData,chron13_DNEEZLCN,supportedActivity,NA,18
MS14GFSS,none,NA,chronData,chron14_w8Xho7Ty,x210PbModel,NA,18
MS14GFSS,none,NA,chronData,chron16_asIt0NOc,SD,yr BP,18
MS14GFSS,none,NA,chronData,chron18_QoS57D0L,reservoirAge14CUncertainty,yr14C BP,18
MS14GFSS,none,NA,chronData,chron19_QBB7GEf1,useInAgeModel,NA,18
MS14MOLS,none,NA,chronData,cdRJL5tXWODGZPFJe26chron10,materialDated,NA,17
MS14MORR,none,NA,chronData,cdRpGx6Kr6umruvvpyHchron4,fractionModern,NA,12
MS14MORR,none,NA,chronData,cdRtm2exdPhK7ZMJyWZchron5,fractionModernUncertainty,NA,12
MS14MORR,none,NA,chronData,cdRNHF9ytJQGdGhQ9Z5chron7,delta13Cuncertainty,permil,12
MS14MORR,none,NA,chronData,cdRDuzFcZeqcGkTDpEfchron9,labID,NA,12
MS14MORR,none,NA,chronData,cdRKg4uBmI19CklZbWhchron10,materialDated,NA,12
MS14MORR,none,NA,chronData,cdRtpqnBOAE05bwAF1Zchron11,activity,Bq g1,12
MS14MORR,none,NA,chronData,cdRgdXq5CfjtYCqx0U8chron12,activityUncertainty,Bq g1,12
MS14MORR,none,NA,chronData,cdRle2cjWubj6qoOR5fchron13,supportedActivity,NA,12
MS14MORR,none,NA,chronData,cdR93Ghf71WhQ2KUkmechron14,x210PbModel,NA,12
MS14MORR,none,NA,chronData,cdRLFOATNOtNihVmcywchron16,SD,yr BP,12
MS14MORR,none,NA,chronData,cdRGEsqu8IbjibslDZWchron19,useInAgeModel,NA,12
MS15BATP,none,NA,paleoData,LPDfc71e6bc2,core,NA,306
MS15BATP,none,NA,chronData,cdRBjdqQzYvq5K63D7echron4,fractionModern,NA,34
MS15BATP,none,NA,chronData,cdRs1g5Ykw8l4sGUxSRchron5,fractionModernUncertainty,NA,34
MS15BATP,none,NA,chronData,cdRQHfPaVY3NCJrJ3QHchron7,delta13Cuncertainty,permil,34
MS15BATP,none,NA,chronData,cdR5BhgQPsPRf5mURemchron9,labID,NA,34
MS15BATP,none,NA,chronData,cdRLX5KPNCF9mQEbgEbchron10,materialDated,NA,34
MS15BATP,none,NA,chronData,cdRXRYfzRS0R4harrlLchron12,activityUncertainty,Bq g-1,34
MS15BATP,none,NA,chronData,cdRXHj0Maw1RLl3YujIchron13,supportedActivity,NA,34
MS15BATP,none,NA,chronData,cdRktdhUReQBPimSMj4chron14,x210PbModel,NA,34
MS15BATP,none,NA,chronData,cdRPoQ4RrkXjrMoozruchron16,SD,yr BP,34
MS15BATP,none,NA,chronData,cdRTygM3ghYRs1tO4wochron18,reservoirAge14CUncertainty,yr14C BP,34
MS15BATP,none,NA,chronData,cdREfAo4rDrr3z8e84Gchron19,useInAgeModel,NA,34
MS15BATP,none,NA,chronData,cdRsQyzoFYnXyai8w2Qchron20,core,NA,34
MS15VIBC,none,NA,paleoData,LPD08287935h,core,NA,151
MS15VIBC,none,NA,chronData,cdRzZGUuu8uXcN9cdzJchron4,fractionModern,NA,12
MS15VIBC,none,NA,chronData,cdRNNSS8Il3X3TWA4COchron5,fractionModernUncertainty,NA,12
MS15VIBC,none,NA,chronData,cdRtmP6jECCqA9ODxcqchron6,delta13C,permil,12
MS15VIBC,none,NA,chronData,cdR3aibUl7TLf3a6Byschron7,delta13Cuncertainty,permil,12
MS15VIBC,none,NA,chronData,cdRL7r7t8BWCUITlPFpchron8,thickness,cm,12
MS15VIBC,none,NA,chronData,cdR9XSaCjKG6nXPOFltchron9,labID,NA,12
MS15VIBC,none,NA,chronData,cdRnzxycMN7kHJAkWSFchron10,materialDated,NA,12
MS15VIBC,none,NA,chronData,cdR4hw0JkZAuW1tJPpjchron11,activity,Bq g-1,12
MS15VIBC,none,NA,chronData,cdRGuUOGBXNxkqHJWjgchron12,activityUncertainty,Bq g-1,12
MS15VIBC,none,NA,chronData,cdR8KMuBDECwjZqTvOlchron13,supportedActivity,NA,12
MS15VIBC,none,NA,chronData,cdRC0niI3g0P6MPf9Oschron14,x210PbModel,NA,12
MS15VIBC,none,NA,chronData,cdRory4v7Ah3fafVCy5chron16,SD,yr BP,12
MS15VIBC,none,NA,chronData,cdRt0ACfbaQIDsLEDV7chron18,reservoirAge14CUncertainty,yr14C BP,12
MS15VIBC,none,NA,chronData,cdRxRXAVIbTlKICkeZechron19,useInAgeModel,NA,12
MS15VIBC,none,NA,chronData,cdRFnVxrpV2npHQQrVgchron20,core,NA,12
MS15VIBM,none,NA,chronData,cdR4wgkbg6JjmMRiqDNchron4,fractionModern,NA,12
MS15VIBM,none,NA,chronData,cdRGuwACHTwBcvLdu1Fchron5,fractionModernUncertainty,NA,12
MS15VIBM,none,NA,chronData,cdRF6VAgGxm3pVz2u4Kchron6,delta13C,permil,12
MS15VIBM,none,NA,chronData,cdRYKUCWjn6dVvPBlQwchron7,delta13Cuncertainty,permil,12
MS15VIBM,none,NA,chronData,cdRe9NJG1xKeTwNRecmchron8,thickness,cm,12
MS15VIBM,none,NA,chronData,cdRNSWYWmwGEO5YIafgchron11,activity,Bq g-1,12
MS15VIBM,none,NA,chronData,cdRzcS4lARUwRuDEVouchron12,activityUncertainty,Bq g-1,12
MS15VIBM,none,NA,chronData,cdRitiUlinVWpHhywq0chron13,supportedActivity,NA,12
MS15VIBM,none,NA,chronData,cdRsYq4kAVbn2BYjGWdchron14,x210PbModel,NA,12
MS15VIBM,none,NA,chronData,cdRas4EkND7GBguiDllchron16,SD,yr BP,12
MS15VIBM,none,NA,chronData,cdRiggjqmdoYZqGFAhPchron18,reservoirAge14CUncertainty,yr14C BP,12
MS15VIBM,none,NA,chronData,cdRfPllZCDkb1iee1Dochron19,useInAgeModel,NA,12
MS96LKSS,none,NA,chronData,cdR6w0T7JbEGJEu1Hp0chron9,labID,NA,27
MS96LKSS,none,NA,chronData,cdRBt96YnkGfC4FJhgKchron10,materialDated,NA,27
MS99LWSC,none,NA,chronData,cdR8LeCfEbHHfwdF2B8chron9,labID,NA,51
MS99LWSC,none,NA,chronData,cdRbXqIJcBoJYIo0ZBPchron4,fractionModern,NA,8
MS99LWSC,none,NA,chronData,cdRgQpidbcxmnKBKCm4chron5,fractionModernUncertainty,NA,8
MS99LWSC,none,NA,chronData,cdR6S7OlBU7Lc81Omd2chron6,delta13C,permil,8
MS99LWSC,none,NA,chronData,cdRYynSLHZjBVquxuqichron7,delta13Cuncertainty,permil,8
MS99LWSC,none,NA,chronData,cdRV3TGGka9rUnRXiKTchron8,thickness,cm,8
MS99LWSC,none,NA,chronData,cdRgY6ICnS2WtPcxfrMchron9,labID,NA,8
MS99LWSC,none,NA,chronData,cdR12no4YDXfomB16m5chron11,activity,Bq g-1,8
MS99LWSC,none,NA,chronData,cdRnFtS14WvzrS3e46qchron12,activityUncertainty,Bq g-1,8
MS99LWSC,none,NA,chronData,cdRGUxtTPBAK0Tv402Zchron13,supportedActivity,NA,8
MS99LWSC,none,NA,chronData,cdRaTCDFvO5wFqS81DXchron14,x210PbModel,NA,8
MS99LWSC,none,NA,chronData,cdRHV6fluM9Y6g7c2Nbchron18,reservoirAge14CUncertainty,yr14C BP,8
MS99LWSC,none,NA,chronData,cdRrBSe3rThu63jcyyLchron19,useInAgeModel,NA,8
MS99LWSC,none,NA,chronData,cdR3eNhrnAJJCX8B7xlchron21,notes,NA,10
MSM05_5_712_2.Werner.2013,none,NA,chronData,T2L_MSM05_5_712_2_other_date,other_date,NA,13
MSM05_5_712_2.Werner.2013,none,NA,chronData,T2L_MSM05_5_712_2_other_1s_err,other_1s_err,NA,13
MSM05_5_712_2.Werner.2013,none,NA,chronData,T2L_MSM05_5_712_2_other_type,other_type,NA,13
MV1014_07MC,none,NA,chronData,T2L_MV1014_07MC_depth_bottom,depth_bottom,cm,2
MV1014_07MC,none,NA,chronData,T2L_MV1014_07MC_delta_r_1s_error_original,delta_r_1s_error_original,NA,2
MV1014_07MC,none,NA,chronData,T2L_MV1014_07MC_other_date,other_date,NA,2
MV1014_07MC,none,NA,chronData,T2L_MV1014_07MC_other_1s_err,other_1s_err,NA,2
MV1014_07MC,none,NA,chronData,T2L_MV1014_07MC_other_type,other_type,NA,2
MV1014_08JC,none,NA,chronData,T2L_MV1014_08JC_depth_bottom,depth_bottom,cm,3
MV1014_08JC,none,NA,chronData,T2L_MV1014_08JC_delta_r_1s_error_original,delta_r_1s_error_original,NA,3
MV1014_08JC,none,NA,chronData,T2L_MV1014_08JC_other_date,other_date,NA,3
MV1014_08JC,none,NA,chronData,T2L_MV1014_08JC_other_1s_err,other_1s_err,NA,3
MV1014_08JC,none,NA,chronData,T2L_MV1014_08JC_other_type,other_type,NA,3
MV1014_09MC.Hertzberg.2016,none,NA,chronData,T2L_MV1014_09MC_depth_bottom,depth_bottom,cm,2
MV1014_09MC.Hertzberg.2016,none,NA,chronData,T2L_MV1014_09MC_delta_r_1s_error_original,delta_r_1s_error_original,NA,2
MV1014_09MC.Hertzberg.2016,none,NA,chronData,T2L_MV1014_09MC_other_date,other_date,NA,2
MV1014_09MC.Hertzberg.2016,none,NA,chronData,T2L_MV1014_09MC_other_1s_err,other_1s_err,NA,2
MV1014_09MC.Hertzberg.2016,none,NA,chronData,T2L_MV1014_09MC_other_type,other_type,NA,2
MV1014_17JC,none,NA,chronData,T2L_MV1014_17JC_depth_bottom,depth_bottom,cm,2
MV1014_17JC,none,NA,chronData,T2L_MV1014_17JC_delta_r_1s_error_original,delta_r_1s_error_original,NA,2
MV1014_17JC,none,NA,chronData,T2L_MV1014_17JC_other_date,other_date,NA,2
MV1014_17JC,none,NA,chronData,T2L_MV1014_17JC_other_1s_err,other_1s_err,NA,2
MV1014_17JC,none,NA,chronData,T2L_MV1014_17JC_other_type,other_type,NA,2
MV99-GC31.Barron.2012,none,NA,chronData,LPDb8f379ae,Depth of top of sample (cm),unitless,13
MV99-GC31.Barron.2012,none,NA,chronData,LPDe1984b8a,Depth of bottom of sample (cm),unitless,13
MV99-GC31.Barron.2012,none,NA,chronData,LPDdaef00b9,youngest calibrated age (yrs before 1950 AD),unitless,13
MV99-GC31.Barron.2012,none,NA,chronData,LPD771c6ed9,oldest calibrated age (yrs before 1950 AD),unitless,13
MV99-GC31.Barron.2012,none,NA,chronData,LPD1402d2dd,1 sigma or 2 sigma?,unitless,13
MV99-GC31.Barron.2012,none,NA,chronData,LPDc5b59737,Calibration used,unitless,13
MV99_GC41,none,NA,chronData,T2L_MV99_GC41_depth_bottom,depth_bottom,cm,10
MV99_GC41,none,NA,chronData,T2L_MV99_GC41_other_date,other_date,NA,10
MV99_GC41,none,NA,chronData,T2L_MV99_GC41_other_1s_err,other_1s_err,NA,10
MV99_GC41,none,NA,chronData,T2L_MV99_GC41_other_type,other_type,NA,10
MV99_PC14.Marchitto.2010,none,NA,chronData,T2L_MV99_PC14_labcode,labcode,NA,10
MV99_PC14.Marchitto.2010,none,NA,chronData,T2L_MV99_PC14_depth_bottom,depth_bottom,cm,10
MV99_PC14.Marchitto.2010,none,NA,chronData,T2L_MV99_PC14_other_date,other_date,NA,10
MV99_PC14.Marchitto.2010,none,NA,chronData,T2L_MV99_PC14_other_1s_err,other_1s_err,NA,10
MV99_PC14.Marchitto.2010,none,NA,chronData,T2L_MV99_PC14_other_type,other_type,NA,10
Maanselansuo.Vasari.1965,none,NA,chronData,lc-chROIXetwniETxC8cTf,materialDated,unitless,4
Mababe.Shaw.1985,none,NA,paleoData,dc_R7SJdRoFZJAhEo1Te,sampleID,unitless,28
MaboMoss.Goransson.1977,none,NA,chronData,lc-chR6zDy6QDDrSnjwQN0,notes,unitless,17
MacalChasm.Akers.2016,none,NA,chronData,S2LcR3viMMy4hnX,labID,unitless,17
MacalChasm.Akers.2016,none,NA,chronData,S2LcRUIl5LvSodQ,materialDated,unitless,17
MacalChasm.Akers.2016,none,NA,chronData,S2LcRJd7dDkf8vf,retained,unitless,17
MacalChasm.Akers.2016,none,NA,chronData,S2LcRqQLMEEB9r4,decayConstant,unitless,17
MacalChasm.Akers.2016,none,NA,chronData,S2LcR8h1p8UpYRM,age_type,unitless,17
Madelia.Jelgersma.1962,none,NA,chronData,lc-chRZ5egWPrKjd5rPxki,notes,unitless,2
Madtjarn.Bjorck.1991,none,NA,chronData,lc-chRjOmN0geqmCs8Zbqm,materialDated,unitless,9
Madtjarn.Bjorck.1991,none,NA,chronData,lc-chRRDU0834LONBn9eiq,notes,unitless,9
MaharlouLake.Djamali.2009,none,NA,chronData,lc-chRyyCGN2Ps82t8H2Qb,notes,unitless,5
MaineSoroa.Durand.1984,none,NA,paleoData,OLS_RyljveuggxE,lakeTrend,unitless,32
MakepeaceCedarSwamp.Newby.2000,none,NA,chronData,lc-chRLL1i8MMKzbP5wLge,notes,unitless,7
Makgadikgadi.Grove.1969,none,NA,paleoData,OLS_RhuYooAGKuo,lakeTrend,unitless,32
MaksimkinYar.Blyakharchuk.1980,none,NA,chronData,lc-chRgPjUDNJJD1x7hJ5e,labID,unitless,4
MaksimkinYar.Blyakharchuk.1980,none,NA,chronData,lc-chRdxspzDReTNMA5FLF,notes,unitless,4
MakuraMoor.Miyoshi.1977,none,NA,chronData,lc-chRew2dUVk7KI4vPUfI,thickness,cm,4
MakuraMoor.Miyoshi.1977,none,NA,chronData,lc-chRj66piLvSkCkbsS4T,notes,unitless,4
MakuraMoor.Miyoshi.1977,none,NA,chronData,lc-chRMF0Y3DYhoCM0s4yZ,depth_top,cm,4
MakuraMoor.Miyoshi.1977,none,NA,chronData,lc-chRTahcV9G9JVkdlm8f,depth_bottom,cm,4
Malaniva.Svobodova.2002,none,NA,chronData,lc-chRuG5gn2HlgcqNfzQo,materialDated,unitless,3
Malaniva.Svobodova.2002,none,NA,chronData,lc-chRUGOr1qULewtlrNgv,thickness,cm,3
Malaniva.Svobodova.2002,none,NA,chronData,lc-chREhwuWBeBtUIQOHLn,notes,unitless,3
Malaniva.Svobodova.2002,none,NA,chronData,lc-chRqJKqflitW6SnjC8Q,depth_top,cm,3
Malaniva.Svobodova.2002,none,NA,chronData,lc-chRTMB6Yk5MtS9tFIXv,depth_bottom,cm,3
MaleshevskaMountainsPeatBog.Bozilova.1985,none,NA,chronData,lc-chRMnCFyenx76pLzNxp,notes,unitless,4
MalhamTarn.Brown.2006,none,NA,chronData,lc-chRga0RctvqzO5jNAgv,thickness,cm,9
MalhamTarn.Brown.2006,none,NA,chronData,lc-chRuCd7bNITg28mIgoL,depth_top,cm,9
MalhamTarn.Brown.2006,none,NA,chronData,lc-chRiaKd9nUkHRjp3zDs,depth_bottom,cm,9
Malingue.Barbier.1999,none,NA,chronData,lc-chRnu1csR4DemIXLOx6,notes,unitless,6
MallardPond.Teed.2009,none,NA,chronData,lc-chRAeTkYRVA1YZGGd0h,notes,unitless,17
MalschotscherHotter.Seiwald.1980,none,NA,chronData,lc-chRCn1G5YiiyyfVeBjS,notes,unitless,5
MaltanRiverExposure.Anderson.2002,none,NA,chronData,lc-chR6OdJjGKTpOhKCji4,notes,unitless,12
MalySuszek.MiotkSzpiganowicz.1992,none,NA,chronData,lc-chR5kuK2XQFoUQ93JAE,materialDated,unitless,10
MalySuszek.MiotkSzpiganowicz.1992,none,NA,chronData,lc-chRyMAUFmV1d524IgmM,notes,unitless,10
MalyiKrechetLake.Lozhkin.2013,none,NA,chronData,lc-chRrn73iJ3n0pP7lmu5,labID,unitless,10
MalyiKrechetLake.Lozhkin.2013,none,NA,chronData,lc-chR6PFd0kdwE65Dbd9a,thickness,cm,10
MalyiKrechetLake.Lozhkin.2013,none,NA,chronData,lc-chRfXCOLEev6Dem8xFS,notes,unitless,10
MalyiKrechetLake.Lozhkin.2013,none,NA,chronData,lc-chR4WIIK3kDgHvYWiAK,depth_top,cm,10
MalyiKrechetLake.Lozhkin.2013,none,NA,chronData,lc-chReqq9K6dmT49gwvkn,depth_bottom,cm,10
Manapouri.Johnson.1978,none,NA,paleoData,OLS_Rl0xdhNyKjN,lakeTrend,unitless,32
MangroveLake.Watts.1986,none,NA,chronData,lc-chRcAAZ73vbhnKHhBb9,notes,unitless,8
ManinskiiKhartym.Antipina.2016,none,NA,chronData,lc-chR32NxuhoGQdCRXlMC,notes,unitless,6
Manix.Hubbs.1962,none,NA,paleoData,OLS_RaH3bgwWw0X,lakeTrend,unitless,32
MansellPond.AlmquistJacobson.1995,none,NA,chronData,lc-chRgOLkJUrA1YB1cSOm,notes,unitless,10
Maohebei.Li.1985,none,NA,chronData,lc-chRZkSF7hSrWmF0U4jO,labID,unitless,5
Maohebei.Li.1985,none,NA,chronData,lc-chRcvgB9uCVNpR49yPa,thickness,cm,5
Maohebei.Li.1985,none,NA,chronData,lc-chR8Sq3hhNBwdWPiQLA,notes,unitless,5
Maohebei.Li.1985,none,NA,chronData,lc-chRRigYuWVVzmddMeaz,depth_top,cm,5
Maohebei.Li.1985,none,NA,chronData,lc-chRRo36tkiKNYDwFr8s,depth_bottom,cm,5
Maplehurst.Mott.1978,none,NA,chronData,M2LwvmqpnmoC,notes,NA,5
MaplehurstLake.McAndrews.1981,none,NA,chronData,lc-chRqwooCmPJHnrzBc7b,notes,unitless,5
MaraisdeChamptoce.Cyprien.2001,none,NA,chronData,lc-chRIOydRHt39OyQHc7C,notes,unitless,7
MaraisdeCharauze.EPD,none,NA,chronData,cRx5LazkChPRsksMbi,thickness,cm,2
MaraisdeFos.Vella.1999,none,NA,chronData,lc-chRNkmFfUDclWG5LHnV,notes,unitless,2
MaraisdeKerdual.Visset.1995,none,NA,chronData,lc-chROP3n1KdpAdYN43qL,notes,unitless,2
MaraisdeKeswick.Dinel.1986,none,NA,chronData,lc-chR92v5He7EsutWcoj5,notes,unitless,3
MaraisdeLisle.Ouguerram.2002,none,NA,chronData,lc-chRXvy4naj1fbAvGsEA,notes,unitless,7
MaraisdeMarchesieux.Bigot.1976,none,NA,chronData,lc-chRL131aDWDECu1TEaX,labID,unitless,2
MaraisdeMarchesieux.Bigot.1976,none,NA,chronData,lc-chRxCnZxQTYi9cIVbXm,thickness,cm,2
MaraisdeMarchesieux.Bigot.1976,none,NA,chronData,lc-chRcmltyON3VbZ5cbC5,notes,unitless,2
MaraisdeMarchesieux.Bigot.1976,none,NA,chronData,lc-chRHPl3lyDJXw0yuyMC,depth_top,cm,2
MaraisdeMarchesieux.Bigot.1976,none,NA,chronData,lc-chRDG6xsw4eBAsdjnHz,depth_bottom,cm,2
MaraisdeMaurepas.Joly.2008,none,NA,chronData,lc-chRpuTQJEq6knIpIaEF,notes,unitless,5
MaraisdeMazerolles.Ouguerram.2002,none,NA,chronData,lc-chR8fQMWQ1EVpoGhp6A,notes,unitless,8
MaraisdeMeron.Cyprien.2001,none,NA,chronData,lc-chRfBBhOsntxy5FTJ3A,notes,unitless,6
MaraisdeMunet.Cyprien.2001,none,NA,chronData,lc-chRuoQH0LTUv37tMsTR,notes,unitless,8
MaraisdelaPoupiniere.Ouguerram.2002,none,NA,chronData,lc-chRJkEKf8boKruRF9N5,notes,unitless,7
MaraisdesBourbes.Joly.2006,none,NA,chronData,lc-chR4wOzy2g3CBxs8Kmf,notes,unitless,8
MaraisduGrangChaumet.Vanniere.2002,none,NA,chronData,lc-chRkIde5BaJMRl5G0fk,thickness,cm,8
MaraisduGrangChaumet.Vanniere.2002,none,NA,chronData,lc-chR9p7B1D30QHfpvOS2,notes,unitless,8
MaraisduGrangChaumet.Vanniere.2002,none,NA,chronData,lc-chRBDWAKvmmS0GXYznW,depth_top,cm,8
MaraisduGrangChaumet.Vanniere.2002,none,NA,chronData,lc-chRcK3oWKd0FrVUb67Q,depth_bottom,cm,8
MarcellaLake.Edwards.2015,none,NA,chronData,lc-chRWGEXPQbCEJMju79f,notes,unitless,6
Mariahout.Bohncke.1993,none,NA,chronData,lc-chRPUZa4w0LpATfPqAR,notes,unitless,2
Marion.Mathewes.1973,none,NA,chronData,M2Lzqem5x0qC,notes,unitless,7
MarionLake.Mathewes.1973,none,NA,chronData,lc-chROPlP0PJla2jbI8A3,notes,unitless,8
MariposaLake.Steventon.1987,none,NA,chronData,lc-chR0HxYt7yvLjvdSTe9,notes,unitless,5
MarkPond.author.1111,none,NA,chronData,lc-chRI3cizEhTHZPNuuuG,notes,unitless,2
Mars.Miras.2013,none,NA,chronData,lc-chRm4bLQemBwFakQwvZ,materialDated,unitless,8
Mars.Miras.2013,none,NA,chronData,lc-chRjSa3PQl107U9ZsP3,thickness,cm,8
Mars.Miras.2013,none,NA,chronData,lc-chRxXKa4RH5xayNAcGC,notes,unitless,8
Mars.Miras.2013,none,NA,chronData,lc-chRff0hM1Ocz60SqqO5,depth_top,cm,8
Mars.Miras.2013,none,NA,chronData,lc-chRTIrbWJLLpmxw8NS3,depth_bottom,cm,8
MartensSloughPL7720.Mott.1981,none,NA,chronData,lc-chRBskGcndaGnFZUjCl,notes,unitless,3
MarthaLake.UmbanhowarJr.2004,none,NA,chronData,lc-chRihGvn2x3kd9qAZ1f,notes,unitless,4
MaryLake.Bennett.1992,none,NA,chronData,lc-chR9o4DqDSto4QHIhgG,notes,unitless,6
Masatjornet.Birks.2012,none,NA,chronData,lc-chRdVtotuIqZ3fsGcQO,notes,unitless,9
MaweiZK32.Wu.1993,none,NA,chronData,lc-chRXs7BTAoFmuf32w60,labID,unitless,2
MaweiZK32.Wu.1993,none,NA,chronData,lc-chRgvu8Hk8xNCoKOUuk,thickness,cm,2
MaweiZK32.Wu.1993,none,NA,chronData,lc-chR0KPXqaAhDIp3Nvul,notes,unitless,2
MaweiZK32.Wu.1993,none,NA,chronData,lc-chRHBNXSCoek1Ufwh57,depth_top,cm,2
MaweiZK32.Wu.1993,none,NA,chronData,lc-chRjga5pJmFf1Du6lZk,depth_bottom,cm,2
Mawmluhcave.Berkelhammer.2013,none,NA,paleoData,S2LRYrr46tOBi3,notes,NA,4617
Mawmluhcave.Berkelhammer.2013,none,NA,chronData,S2LcRycFmiCqFsh,labID,unitless,11
Mawmluhcave.Berkelhammer.2013,none,NA,chronData,S2LcR4HupaqlLDQ,materialDated,unitless,11
Mawmluhcave.Berkelhammer.2013,none,NA,chronData,S2LcRELZSUFMnXf,retained,unitless,11
Mawmluhcave.Berkelhammer.2013,none,NA,chronData,S2LcRtbImXmy96O,decayConstant,unitless,11
Mawmluhcave.Berkelhammer.2013,none,NA,chronData,S2LcRGVJZfxUmbH,age_type,unitless,11
Mawmluhcave.Berkelhammer.2013,none,NA,chronData,S2LcRb8vOCFxjxF,labID,unitless,11
Mawmluhcave.Berkelhammer.2013,none,NA,chronData,S2LcRUjY7o3MWM7,materialDated,unitless,11
Mawmluhcave.Berkelhammer.2013,none,NA,chronData,S2LcRn7IiqJEguF,retained,unitless,11
Mawmluhcave.Berkelhammer.2013,none,NA,chronData,S2LcRkeKMhhm3kS,decayConstant,unitless,11
Mawmluhcave.Berkelhammer.2013,none,NA,chronData,S2LcRxHUMXXE2V2,age_type,unitless,11
Mawmluhcave.Berkelhammer.2013,none,NA,chronData,S2LcRQCouFJEjlx,labID,unitless,27
Mawmluhcave.Berkelhammer.2013,none,NA,chronData,S2LcRvqP785zI8s,materialDated,unitless,27
Mawmluhcave.Berkelhammer.2013,none,NA,chronData,S2LcRuK1ct1I0jE,retained,unitless,27
Mawmluhcave.Berkelhammer.2013,none,NA,chronData,S2LcRjFkpvDiPDn,decayConstant,unitless,27
Mawmluhcave.Berkelhammer.2013,none,NA,chronData,S2LcRuC9DhaoFsZ,age_type,unitless,27
Mawmluhcave.Berkelhammer.2013,none,NA,chronData,S2LcRHCHvvpjK32,labID,unitless,6
Mawmluhcave.Berkelhammer.2013,none,NA,chronData,S2LcRuoq7KV3OZi,materialDated,unitless,6
Mawmluhcave.Berkelhammer.2013,none,NA,chronData,S2LcRJkWc0K3N5v,retained,unitless,6
Mawmluhcave.Berkelhammer.2013,none,NA,chronData,S2LcRQfH7uMHPmX,decayConstant,unitless,6
Mawmluhcave.Berkelhammer.2013,none,NA,chronData,S2LcR7yY8NetO9E,age_type,unitless,6
Mawmluhcave.Berkelhammer.2013,none,NA,chronData,S2LcRl9go3vMEej,labID,unitless,18
Mawmluhcave.Berkelhammer.2013,none,NA,chronData,S2LcRRse4zkXGRQ,materialDated,unitless,18
Mawmluhcave.Berkelhammer.2013,none,NA,chronData,S2LcRuCHQGgBnmj,retained,unitless,18
Mawmluhcave.Berkelhammer.2013,none,NA,chronData,S2LcRJ5bU7V9UUG,decayConstant,unitless,18
Mawmluhcave.Berkelhammer.2013,none,NA,chronData,S2LcR9MYDkqR73j,age_type,unitless,18
Mawmluhcave.Berkelhammer.2013,none,NA,chronData,S2LcRnxWRZVIzqH,labID,unitless,5
Mawmluhcave.Berkelhammer.2013,none,NA,chronData,S2LcRGtCxtzPSqF,materialDated,unitless,5
Mawmluhcave.Berkelhammer.2013,none,NA,chronData,S2LcREDOcXGc2fw,retained,unitless,5
Mawmluhcave.Berkelhammer.2013,none,NA,chronData,S2LcR8bM6QhBjrU,decayConstant,unitless,5
Mawmluhcave.Berkelhammer.2013,none,NA,chronData,S2LcR1rtolgde2s,age_type,unitless,5
Mawmluhcave.Berkelhammer.2013,none,NA,chronData,S2LcR08VJNfxmoo,materialDated,unitless,12
Mawmluhcave.Berkelhammer.2013,none,NA,chronData,S2LcRGOdEPk0cfL,retained,unitless,12
Mawmluhcave.Berkelhammer.2013,none,NA,chronData,S2LcRf2v2cbtFdk,decayConstant,unitless,12
Mawmluhcave.Berkelhammer.2013,none,NA,chronData,S2LcRnQ9jLvY2Hu,age_type,unitless,12
MayflowerLake.Levesque.1993,none,NA,chronData,lc-chRqAeDqATYIOuwKG4v,notes,unitless,4
Maying.Tang.2007,none,NA,chronData,lc-chRvoeYtpVa6hWGylOh,labID,unitless,3
Maying.Tang.2007,none,NA,chronData,lc-chROYchs1JTdP4NKQEv,thickness,cm,3
Maying.Tang.2007,none,NA,chronData,lc-chRIvpcxRoZnNFxf7fM,notes,unitless,3
Maying.Tang.2007,none,NA,chronData,lc-chR6jQ81GG9XdlA7Pyz,depth_top,cm,3
Maying.Tang.2007,none,NA,chronData,lc-chR4qpyVahhrYNSwqbK,depth_bottom,cm,3
Mayralampi.Koivula.1987,none,NA,chronData,lc-chRGz4YqYv5HnrmQna8,materialDated,unitless,6
Mayralampi.Koivula.1987,none,NA,chronData,lc-chRCC0JBEGrFyddqsoY,notes,unitless,6
McCallFen.Doerner.2001,none,NA,chronData,lc-chRCCSed80KS89iwSRx,notes,unitless,6
McCarstonsLake.author.1111,none,NA,chronData,lc-chRHJiY0AKHN3LbzyZ9,materialDated,unitless,2
McCarstonsLake.author.1111,none,NA,chronData,lc-chRIps7KnxcA5XgQ0Pb,notes,unitless,2
McMaster.Moser.1990,none,NA,chronData,M2Lvdiiyw9rC,notes,NA,5
McMasterLake.MacDonald.1993,none,NA,chronData,lc-chReWVy5mSzrqwO63FH,notes,unitless,5
McMurrayLake.Edlund.1996,none,NA,chronData,lc-chRrvWO9Gby0JKqSLtQ,labID,unitless,4
McMurrayLake.Edlund.1996,none,NA,chronData,lc-chR3Tha5SG2HKzrvT8q,notes,unitless,4
McNearneyLake.Charles.1984,none,NA,chronData,lc-chRW3zM18zGZRn3aZwf,labID,unitless,9
McNearneyLake.Charles.1984,none,NA,chronData,lc-chRNzOrOUtuRu8gCfZE,materialDated,unitless,9
McNearneyLake.Charles.1984,none,NA,chronData,lc-chRcdXWPanCxV43GrBF,notes,unitless,9
MeadeRiverbluff.Eisner.1998,none,NA,chronData,lc-chR0OEnhF4TI4qwSIP4,notes,unitless,5
Medicine.Radle.1992,none,NA,chronData,M2Lchh8z23nC,notes,NA,5
MedicineLake.Allen.1992,none,NA,chronData,lc-chRPZNWjo0b4NJQ8vaN,notes,unitless,6
Mekelermeer.Bohncke.1991,none,NA,chronData,lc-chR1W4sNEKrRTNlnxmB,notes,unitless,4
MelkoyeLake.Lozhkin.2013,none,NA,chronData,lc-chReE1JNfU2Sh0zr5j4,labID,unitless,1
MelkoyeLake.Lozhkin.2013,none,NA,chronData,lc-chRl1A8P6u14Uf4EETJ,thickness,cm,1
MelkoyeLake.Lozhkin.2013,none,NA,chronData,lc-chRbJ6k6RVIDxecadnO,notes,unitless,1
MelkoyeLake.Lozhkin.2013,none,NA,chronData,lc-chRF1NYrA6uCUDWgOkT,depth_top,cm,1
MelkoyeLake.Lozhkin.2013,none,NA,chronData,lc-chRlLBcqFuuSsrSPPEq,depth_bottom,cm,1
Mellala.Delibrias.1974,none,NA,paleoData,OLS_RBdwMwJH4hJ,lakeTrend,unitless,32
MelnickyuvalPrivory.Petr.2014,none,NA,chronData,lc-chRyHnDQGwTJLyQfunG,notes,unitless,2
MenezCam.vanZeist.1963,none,NA,chronData,lc-chRS5R0c4gwT96qidB3,notes,unitless,3
Mengcun.Xu.1993,none,NA,chronData,lc-chRnUtZEpbNNv85TocH,labID,unitless,9
Mengcun.Xu.1993,none,NA,chronData,lc-chRZlAiXkrr0FLpyOmI,thickness,cm,9
Mengcun.Xu.1993,none,NA,chronData,lc-chRcOZxmH7XRv4AmXGH,notes,unitless,9
Mengcun.Xu.1993,none,NA,chronData,lc-chRfP4VTq7x6QTNTQAR,depth_top,cm,9
Mengcun.Xu.1993,none,NA,chronData,lc-chRkM4XRjNsVGxIobEe,depth_bottom,cm,9
Mentes.Durand.1986,none,NA,paleoData,OLS_RFd2Cxffy0F,lakeTrend,unitless,32
MereyaRiverLagoonTerraceExposureS400030.Anderson.2002,none,NA,chronData,lc-chRmBqDZpVGiWXHp40B,notes,unitless,5
Merga.Haynes.1979,none,NA,paleoData,OLS_R4t2zc5vNks,lakeTrend,unitless,32
MianchengM1.Yang.1998,none,NA,chronData,lc-chROu4odyJhTxp2fZIJ,labID,unitless,6
MianchengM1.Yang.1998,none,NA,chronData,lc-chRciVGD9j4HiS8RY4L,thickness,cm,6
MianchengM1.Yang.1998,none,NA,chronData,lc-chRPyyWIQLdQMHobbJy,notes,unitless,6
MianchengM1.Yang.1998,none,NA,chronData,lc-chRTrpJFKdvUevFx7nR,depth_top,cm,6
MianchengM1.Yang.1998,none,NA,chronData,lc-chRqUycEcxrWJlnapdZ,depth_bottom,cm,6
MicaLake.Anderson.2017,none,NA,chronData,lc-chRwMze5ejfcPyeXMhn,thickness,cm,12
MicaLake.Anderson.2017,none,NA,chronData,lc-chRjJ6oHgr8ogtWyUC1,notes,unitless,12
MicaLake.Anderson.2017,none,NA,chronData,lc-chRFalIhfb2IOmQSJCb,depth_top,cm,12
MicaLake.Anderson.2017,none,NA,chronData,lc-chRLOrsGGvvFQ0l5nbI,depth_bottom,cm,12
MiddleButteCave.Davis.1986,none,NA,chronData,lc-chRY9ZeKO2PgLNBpp5j,materialDated,unitless,7
MiddleButteCave.Davis.1986,none,NA,chronData,lc-chRL72rGcZSTuiBZ6hY,notes,unitless,7
MiddleNorthCoombe.Fyfe.2004,none,NA,chronData,lc-chRbZHhsrlw4dWi7ulI,materialDated,unitless,4
MiddleNorthCoombe.Fyfe.2004,none,NA,chronData,lc-chRbtG5ozrMCuWViuos,notes,unitless,4
MiemingerSee.EPD,none,NA,chronData,cREvEz0tgth6p8Jsvr,thickness,cm,7
MiemingerSee.Wahlmuller.1985,none,NA,chronData,lc-chRcFL59E4CMqBt0lix,notes,unitless,7
Miesberg.Bortenschlager.1976,none,NA,chronData,lc-chRQaUt2vWxJyW5FQnB,notes,unitless,8
Minakokosa.Anderson.NA,none,NA,chronData,M2Lsj80uzblC,notes,NA,5
MinakokosaLake.author.1111,none,NA,chronData,lc-chRDmIhcQW6nAXoLSN5,notes,unitless,7
Minamihama_MHWL1.Yamamoto.2022,none,NA,chronData,WEB-b527c-504f-416f-ae60-09c62,delta-R,unitless,4
Minamihama_MHWL1.Yamamoto.2022,none,NA,chronData,WEB-6b15e-87fa-423d-a4a5-4e74e,rejected,unitless,4
Mindelsee.Rosch.2013,none,NA,chronData,lc-chRYVrYJbyVb8jRj6CY,notes,unitless,3
MindenBog.Booth.2003,none,NA,chronData,lc-chRmBPdlda8wF2b0H6n,notes,unitless,11
MinnesotaPoint.Nurse.2017,none,NA,chronData,lc-chREae5cNJfPPXxNKtp,labID,unitless,15
MinnesotaPoint.Nurse.2017,none,NA,chronData,lc-chRDXBNGcKM2f9nSWUv,materialDated,unitless,15
MinnesotaPoint.Nurse.2017,none,NA,chronData,lc-chR1h3vUiaaaSx0Cjyo,thickness,cm,15
MinnesotaPoint.Nurse.2017,none,NA,chronData,lc-chRsbHIbCpW1X30HX90,notes,unitless,15
MinnesotaPoint.Nurse.2017,none,NA,chronData,lc-chRW8uojIkluRgVl6q3,depth_top,cm,15
MinnesotaPoint.Nurse.2017,none,NA,chronData,lc-chR5mbo4D6iroYjpNvc,depth_bottom,cm,15
Minnetonkacave.Lundeen.2013,none,NA,paleoData,S2LRe1RERze6rx,mineralogy,unitless,697
Minnetonkacave.Lundeen.2013,none,NA,chronData,S2LcRZkP0RL5wxd,materialDated,unitless,21
Minnetonkacave.Lundeen.2013,none,NA,chronData,S2LcRgdXojBsMuX,retained,unitless,21
Minnetonkacave.Lundeen.2013,none,NA,chronData,S2LcRE7cni6p9E5,decayConstant,unitless,21
Minnetonkacave.Lundeen.2013,none,NA,chronData,S2LcRnSOsuhO2gK,age_type,unitless,21
Minnreg.UmbanhowarJr.2004,none,NA,chronData,lc-chRGzIl8EyrEpIFaUTe,notes,unitless,4
Minucua.Goman.2018,none,NA,paleoData,WEB6b94ed5b,notes,unitless,1106
Minzhuqiao.Xia.1988,none,NA,chronData,lc-chRc5N8LmFNrOvL5B9S,labID,unitless,3
Minzhuqiao.Xia.1988,none,NA,chronData,lc-chRTFtWQ5X9e8Lx7x15,notes,unitless,3
MireGarvan.Lazarova.1995,none,NA,chronData,lc-chRvuBA8quv5c6FjFZ5,notes,unitless,2
MireGyola.Tonkov.2014,none,NA,chronData,lc-chR49gp2mubEe4AT5ci,notes,unitless,4
MireJohvika.Hansson.1996,none,NA,chronData,lc-chRW6bwslDCrbdDfZjF,notes,unitless,5
MirePelisoo.Saarse.1990,none,NA,chronData,lc-chRHBVBlqn2oNMzujYd,notes,unitless,5
MireSaviku.Sarv.1975,none,NA,chronData,cRariGfVXfLYF2FHy9,thickness,cm,15
Miroshy.Chernavskaya.1988,none,NA,chronData,lc-chREEnLYzsqgLGMwIJ9,notes,unitless,4
MirrorLake.DelPriore.2007,none,NA,chronData,lc-chRheFfEv4SuPFDLBG5,notes,unitless,2
MissionCrossBog.Allan.2003,none,NA,chronData,lc-chRpRYkRLL3bgx4tTsQ,notes,unitless,8
MissionCrossBog.Thompson.1984,none,NA,chronData,lc-chRuQ4MSwjX583UZeDQ,notes,unitless,7
MistyLake.Lacourse.2005,none,NA,chronData,lc-chRb1fj9tUGWGr498ro,notes,unitless,6
MitkofIsland.Ager.2010,none,NA,chronData,lc-chRKUjF2pDbB4UcLD4b,notes,unitless,12
MittlereHellelen.Welten.1982,none,NA,chronData,cR6m5walRGPFPtwjFb,thickness,cm,14
MittlereHellelen.Welten.1982Legacy,none,NA,chronData,lc-chR6eIqvknaQUyMMCl8,thickness,cm,6
MittlereHellelen.Welten.1982Legacy,none,NA,chronData,lc-chRKkzKjw8BRXTZrYz4,notes,unitless,6
MittlereHellelen.Welten.1982Legacy,none,NA,chronData,lc-chRMcMc0w1X4LDjCgyN,depth_top,cm,6
MittlereHellelen.Welten.1982Legacy,none,NA,chronData,lc-chRjiQEMC50FESJR0xr,depth_bottom,cm,6
MittlereHellelen.vanderKnaap.1997,none,NA,chronData,lc-chRpTQbHArEStUVF9aL,notes,unitless,13
MobecheForest.CletPellerin.1993,none,NA,chronData,lc-chRiotCqvZg6ihDQTYE,materialDated,unitless,2
MobecheForest.CletPellerin.1993,none,NA,chronData,lc-chRPIj4aLTsh9FlpO1d,notes,unitless,2
MobileBayMB0810GC20.Smith.2020,none,NA,chronData,lc-chRs5J0t4svQIXCxMx9,notes,unitless,4
ModPond.Anderson.2015,none,NA,chronData,lc-chR6HEXUnyL4yiS8aGy,materialDated,unitless,12
ModPond.Anderson.2015,none,NA,chronData,lc-chRR5Xg9miPTQcNd9An,notes,unitless,12
Moerzeke.Verbruggen.1996,none,NA,chronData,lc-chR0pmmEmyFh0AxsKSQ,notes,unitless,2
MohawkPond.Gaudreau.1986,none,NA,chronData,lc-chR26h9jWrRuc0t3DrH,notes,unitless,13
Mohos.Tantau.2003,none,NA,chronData,lc-chRir1buwDiisdC3e4O,notes,unitless,15
Mokhovoye.Kremenetsky.1994,none,NA,chronData,lc-chRQZCjbL0LiRaoz3aq,notes,unitless,5
MokreloukySouth.Jankovska.1987,none,NA,chronData,lc-chRnRmB8mf5eYUShaeL,materialDated,unitless,4
MokreloukySouth.Jankovska.1987,none,NA,chronData,lc-chRNnHfRUvanY6aoFuR,notes,unitless,4
MolasPassBog.MaherJr.1961,none,NA,chronData,lc-chR4M0JxHIzBmJ1QkfJ,notes,unitless,2
MolesChamber.Fyfe.2012,none,NA,chronData,lc-chREHtU0EcBXS3eDcHj,notes,unitless,6
Molesme.Petit.2006,none,NA,chronData,lc-chR9Fh2EjaZ8i62lV5I,notes,unitless,3
MonahansDunes.Haynes.1975,none,NA,paleoData,OLS_R2vTZcWCfOW,lakeTrend,unitless,32
MonganBog.Parkes.2000,none,NA,chronData,lc-chRXcHc3te9xooJuEth,notes,unitless,8
MonheganIslandMeadow.Bostwick.1978Legacy,none,NA,chronData,lc-chRxPCjGlQDQxiitfkw,notes,unitless,17
MonoLake.Davis.1999,none,NA,chronData,lc-chRv95yymWJIXGAfb4g,notes,unitless,12
MontCarreHeremence.Welten.1982,none,NA,chronData,lc-chRXdnLxAjhUpUx5Tbk,thickness,cm,6
MontCarreHeremence.Welten.1982,none,NA,chronData,lc-chR7NgioF795F0cr3Mt,notes,unitless,6
MontCarreHeremence.Welten.1982,none,NA,chronData,lc-chRELdxrD4VWNxdde9o,depth_top,cm,6
MontCarreHeremence.Welten.1982,none,NA,chronData,lc-chR9rAnE6hnkBdfet8l,depth_bottom,cm,6
MontRoux.Begeot.2000,none,NA,chronData,lc-chR6jQape31WlwrfX2r,notes,unitless,4
MontShefford.Richard.1977,none,NA,chronData,lc-chRpEjAr0vGftXpuZY2,notes,unitless,10
Montbe.JouffroyBapicot.2010,none,NA,chronData,lc-chRVkfcWOkwLNPSANER,notes,unitless,5
MonteAreomire.LopezMerino.2010,none,NA,chronData,lc-chRSYlYzvQcysHSBydn,notes,unitless,12
MonteSanGiorgio.EPD,none,NA,chronData,cRf6l8qPzuukKeyjJ5,thickness,cm,2
MonteSanGiorgio.EPD,none,NA,chronData,cRZMpHYSl62EZUBoHE,labID,unitless,2
MontezumaWell.Shafer.1989,none,NA,chronData,lc-chRXKWW7fbcCWPLKA9K,notes,unitless,6
Montilier.Magny.2000,none,NA,chronData,lc-chRgp7wdq6mYkY9gR4A,thickness,cm,7
Montilier.Magny.2000,none,NA,chronData,lc-chRZ3QJEhAVrkJ5E7Qa,notes,unitless,7
Montilier.Magny.2000,none,NA,chronData,lc-chRc1InoYPSrDqVkNg4,depth_top,cm,7
Montilier.Magny.2000,none,NA,chronData,lc-chRyEcWvFvrkWtY1G8Q,depth_bottom,cm,7
MontjeansurLoire.Pastore.1987,none,NA,chronData,lc-chRDAmkIWqLL13yb0YL,notes,unitless,6
MoorAlpenrose.Weirich.1980,none,NA,chronData,cRG5jnPpIvJwNUw6vU,thickness,cm,5
MoorAlpenrose.Weirich.1980Legacy,none,NA,chronData,lc-chReyzxsUSqxYez2VHw,notes,unitless,6
MoorimWeissenstadterForst.Hahne.1992,none,NA,chronData,cRWd0sDSMS9fmWE8Lx,thickness,cm,4
MoosePond.Vardy.1991,none,NA,chronData,lc-chRHBGC6yaGH43xZFaf,notes,unitless,2
Moossee.Rey.2019,none,NA,chronData,lc-chRM9HuMsG9GzGodx5o,notes,unitless,27
Moossee.Rey.2020,none,NA,chronData,lc-chRn8oZhwHzy3deXyzH,notes,unitless,63
MoraineBog.Arsenault.2007,none,NA,chronData,lc-chRgRWVbhMcEuZxFOAj,notes,unitless,6
MoraineLake.author.1111,none,NA,chronData,lc-chRk5husLVJlS301g5f,notes,unitless,3
MordsgerLake.McAndrews.1986,none,NA,chronData,lc-chR5cWTEKposAnbdktd,notes,unitless,2
MorkillLake.Gavin.2020,none,NA,chronData,lc-chRzCgPUEVjVULqoLEA,notes,unitless,4
MorroneBirkwoods.Huntley.1994,none,NA,chronData,lc-chRXRBGIzG7JsSGgmXl,notes,unitless,8
Morttjern.Birks.2012,none,NA,chronData,lc-chRO8LH1FIozOEDaXsW,notes,unitless,9
Moselotte.deValk.1981,none,NA,chronData,lc-chRmK9lTjy6ZuHcMWsj,notes,unitless,7
MosquitoLakeBog.Steventon.1986,none,NA,chronData,lc-chRzWnxWPTGKlQnqrev,notes,unitless,4
MosquitoPond.author.1111,none,NA,chronData,lc-chRb9sGDK6nVkjJkH51,labID,unitless,3
MosquitoPond.author.1111,none,NA,chronData,lc-chRdj281lS3aIje43iI,materialDated,unitless,3
MosquitoPond.author.1111,none,NA,chronData,lc-chRo3FCIyjMcgpuhNG7,notes,unitless,3
Mossen.Vuorela.1990,none,NA,chronData,lc-chRrfmSdPmfoW3aPjtt,notes,unitless,3
MottaNaluns.vanderKnaap.1997,none,NA,chronData,lc-chRfLYJwFCuiGmAVl83,thickness,cm,14
MottaNaluns.vanderKnaap.1997,none,NA,chronData,lc-chRb7Ixr6uxUhKJCBAC,notes,unitless,14
MottaNaluns.vanderKnaap.1997,none,NA,chronData,lc-chRIJOAdFltEvIZ4gk7,depth_top,cm,14
MottaNaluns.vanderKnaap.1997,none,NA,chronData,lc-chRiibh5FdLELkH9Cgi,depth_bottom,cm,14
MoulindePrugnolas.Guenet.1993,none,NA,chronData,lc-chRJOcTqgIdxDRR3gvD,notes,unitless,3
MoulindeThevalles.Visset.2005,none,NA,chronData,lc-chRkl9gt8l479tH32zT,notes,unitless,6
MoultonPond.Davis.1975,none,NA,chronData,lc-chRuWXCB74t5jQcLft5,labID,unitless,15
MoultonPond.Davis.1975,none,NA,chronData,lc-chReKPw6pUYpJdFbmsQ,materialDated,unitless,15
MoultonPond.Davis.1975,none,NA,chronData,lc-chRJORYfH9EcMhxHUOo,thickness,cm,15
MoultonPond.Davis.1975,none,NA,chronData,lc-chRVUjefl8q3govNCQM,notes,unitless,15
MoultonPond.Davis.1975,none,NA,chronData,lc-chRMajMND3ivtgFivyn,depth_top,cm,15
MoultonPond.Davis.1975,none,NA,chronData,lc-chRRIydjqBw9e955SNA,depth_bottom,cm,15
Mound.Reeves.1965,none,NA,paleoData,OLS_RHXNIBe7dAI,lakeTrend,unitless,32
MountPaiko.Gerasimidis.1995,none,NA,chronData,lc-chRAZdqB8ITdn8V3mrX,notes,unitless,3
MountVoras.Gerasimidis.1995,none,NA,chronData,lc-chRhNWm6301wbvkHTIS,notes,unitless,2
MountainLake.Reidy.2001,none,NA,chronData,lc-chRxgA3qRvzIMNuM6MI,notes,unitless,8
Mouskorbe.Bottcher.1972,none,NA,paleoData,OLS_Rj7Pt4yaZfP,lakeTrend,unitless,32
MouthofSergeevkaRiver.Anderson.2002,none,NA,chronData,lc-chRGtI7wM5qc6NKFWy5,notes,unitless,3
Mrtvyluh.Svobodova.2001,none,NA,chronData,lc-chRVFb7EUNCtSYviPcG,materialDated,unitless,4
Mrtvyluh.Svobodova.2001,none,NA,chronData,lc-chRpmSk41h3CGagHXOk,thickness,cm,4
Mrtvyluh.Svobodova.2001,none,NA,chronData,lc-chRLZqu6EBWCSfrwPbv,notes,unitless,4
Mrtvyluh.Svobodova.2001,none,NA,chronData,lc-chR4GPGIHhwxMmFoZK5,depth_top,cm,4
Mrtvyluh.Svobodova.2001,none,NA,chronData,lc-chR6Q6pNRRnPrMTnNRH,depth_bottom,cm,4
Mshinskoyeraisedbog.Arslanov.2001,none,NA,chronData,lc-chRCdC5cshi50KV4Ktq,notes,unitless,35
MudLakeHo.Booth.2002,none,NA,chronData,lc-chR3VAuLpumIq9RhTFj,notes,unitless,8
MumboLake.Daniels.2005,none,NA,chronData,lc-chRjsk6FATVGoluvaXl,notes,unitless,6
MundayCreek.Peteet.1986,none,NA,chronData,M2Lnk8pdu2iC,notes,NA,5
MundayCreek.Peteet.1986Legacy,none,NA,chronData,lc-chRsxM71yWW9s1MZqsi,notes,unitless,5
MurifeldBern.Ammann.1989,none,NA,chronData,lc-chRO248bn8Ax4f8R7GK,notes,unitless,8
MurifeldBern.Welten.1958,none,NA,chronData,lc-chR7ezdaEmmm5wf1ykK,notes,unitless,13
MurzukAchelouma.Busche.1979,none,NA,paleoData,OLS_REUpI4GukKz,lakeTrend,unitless,32
MurzukAnai.Busche.1979,none,NA,paleoData,OLS_RDGTfIRzuHj,lakeTrend,unitless,32
MuscotahMarsh.Gruger.1973,none,NA,chronData,lc-chRDAM6WctNw4JtHNE1,notes,unitless,4
Mustjarvebog.Veski.1998,none,NA,chronData,lc-chRuhGXL9kqIkQl5wru,notes,unitless,8
Mustusuo.Elina.1981,none,NA,chronData,lc-chRAw4OfexWapn7odre,notes,unitless,2
Myalup.Churchill.1968,none,NA,paleoData,OLS_Ri3WI8uGLUV,lakeTrend,unitless,32
MyrtleLake.Janssen.1968,none,NA,chronData,lc-chR1492RRlk1QLUV2C6,notes,unitless,5
Myrvatnet.Bjune.2009,none,NA,chronData,lc-chR2foVjXJ8rUuLnlHb,notes,unitless,6
MyshetskoeDolgoe.Kremenetski.2000,none,NA,chronData,lc-chRC4uXtuvfvhWYJ1JP,notes,unitless,12
NAP_63_1,none,NA,chronData,T2L_NAP_63_1_other_date,other_date,NA,6
NAP_63_1,none,NA,chronData,T2L_NAP_63_1_other_1s_err,other_1s_err,NA,6
NAP_63_1,none,NA,chronData,T2L_NAP_63_1_other_type,other_type,NA,6
NEL03.Mustaphi.2014,none,NA,chronData,lc-chRoys0x1a6iY96jFJu,notes,unitless,6
NIOP_C2_905_PC.Huguet.2006,none,NA,chronData,T2L_NIOP_C2_905_PC_labcode,labcode,NA,19
NIOP_C2_905_PC.Huguet.2006,none,NA,chronData,T2L_NIOP_C2_905_PC_other_date,other_date,NA,19
NIOP_C2_905_PC.Huguet.2006,none,NA,chronData,T2L_NIOP_C2_905_PC_other_1s_err,other_1s_err,NA,19
NIOP_C2_905_PC.Huguet.2006,none,NA,chronData,T2L_NIOP_C2_905_PC_other_type,other_type,NA,19
Nabahne.Pokorny.2010,none,NA,chronData,lc-chR0niY83QuDcvTW6ah,notes,unitless,3
Nachtigall.Kleinmann.2011,none,NA,chronData,lc-chRmfcpyrKlsjWErfiF,labID,unitless,3
Nachtigall.Kleinmann.2011,none,NA,chronData,lc-chR0i6KzMJfo5H4fCHE,notes,unitless,3
NadDolskymmlynem.Pokorny.2008,none,NA,chronData,lc-chRJjq7QhVSarNMcPWh,notes,unitless,2
Nadquan.Mcclure.1976,none,NA,paleoData,OLS_RJ7XDXR8zpE,lakeTrend,unitless,32
NakuruElmenteita.Washbourn-Kamau.1971,none,NA,paleoData,dc_RDI4HMSN3s8QD4kAu,sampleID,unitless,28
NalengCo.Kramer.2010,none,NA,chronData,lc-chRtSP2Jo6oPH4iNsE8,labID,unitless,5
NalengCo.Kramer.2010,none,NA,chronData,lc-chRVnyc3kBJpxG58AgP,notes,unitless,5
NamCo.Kasper.2015,none,NA,chronData,WEB-c645f-2d25-4492-8a96-8fa08,Event,unitless,14
NamCo.Kasper.2015,none,NA,chronData,WEB-7f00f-bf21-4c62-8c53-84146,Sample label,unitless,14
Nantun.Chen.1991,none,NA,chronData,lc-chRhuQY8p170ENgxfsI,labID,unitless,7
Nantun.Chen.1991,none,NA,chronData,lc-chR74gQiohHkcOfOTDx,thickness,cm,7
Nantun.Chen.1991,none,NA,chronData,lc-chRt11o41rG19dGrmBh,notes,unitless,7
Nantun.Chen.1991,none,NA,chronData,lc-chRL3fBTiMsnmDpnfIy,depth_top,cm,7
Nantun.Chen.1991,none,NA,chronData,lc-chRd9bkzAKsGqFBlJxq,depth_bottom,cm,7
Nanwangzhuang.Guo.1999,none,NA,chronData,lc-chRxyAYkHRVHkVo1stB,labID,unitless,9
Nanwangzhuang.Guo.1999,none,NA,chronData,lc-chRoYiqudpQRlAtaEKg,thickness,cm,9
Nanwangzhuang.Guo.1999,none,NA,chronData,lc-chRb2KQMOyuNPb5Hbik,notes,unitless,9
Nanwangzhuang.Guo.1999,none,NA,chronData,lc-chRsaCQoewXS0guvnkB,depth_top,cm,9
Nanwangzhuang.Guo.1999,none,NA,chronData,lc-chRfNrGz6PjFK8w8cfi,depth_bottom,cm,9
Nar.Roberts.2016,none,NA,chronData,WEBabfd332f,ID,unitless,32
Nar.Roberts.2016,none,NA,chronData,WEB0eeb638c,age_type,unitless,32
Naroch.EPD,none,NA,chronData,cRBHvwLYWwytCCX32y,labID,unitless,2
Naskak.Lozhkin.2011,none,NA,chronData,lc-chRMDkaxsmXyItiwAE6,notes,unitless,7
Nataloup.JouffroyBapicot.2010,none,NA,chronData,lc-chR7qUFE9d2QBXFMU6Y,notes,unitless,6
NaturalBridgecaverns.Wong.2015,none,NA,chronData,S2LcR0brqLrTXCf,materialDated,unitless,14
NaturalBridgecaverns.Wong.2015,none,NA,chronData,S2LcR6XZPE5xcPN,retained,unitless,14
NaturalBridgecaverns.Wong.2015,none,NA,chronData,S2LcRQgSk4B10Nk,decayConstant,unitless,14
NaturalBridgecaverns.Wong.2015,none,NA,chronData,S2LcRovmVnToxcR,age_type,unitless,14
NaturalLake.Albert.1981,none,NA,chronData,lc-chRm4BNl4YqOI6Da5FU,notes,unitless,5
Navarres.Carrion.1996,none,NA,chronData,lc-chRwdXK1VSMIre846Eh,thickness,cm,5
Navarres.Carrion.1996,none,NA,chronData,lc-chRYJPbPn6HZcnFtgx5,notes,unitless,5
Navarres.Carrion.1996,none,NA,chronData,lc-chRmkPsJ47aN1rxtt21,depth_top,cm,5
Navarres.Carrion.1996,none,NA,chronData,lc-chRtwlDZBoMJNEgIEZa,depth_bottom,cm,5
Navarres.Carrion.1999,none,NA,chronData,lc-chRJzyQngyRrPVqNe7l,thickness,cm,12
Navarres.Carrion.1999,none,NA,chronData,lc-chRr7XIiNaFgS16Stiw,depth_top,cm,12
Navarres.Carrion.1999,none,NA,chronData,lc-chRX54RLNBOnshH2KZ6,depth_bottom,cm,12
NefudUrayq.Whitney.1983,none,NA,paleoData,OLS_RGPAy1Qan3X,lakeTrend,unitless,32
NelsLake.Charles.1984,none,NA,chronData,lc-chRoTjiXmUhnBv9yleH,labID,unitless,15
NelsLake.Charles.1984,none,NA,chronData,lc-chRYpit30uIaE6rOt4h,materialDated,unitless,15
NelsLake.Charles.1984,none,NA,chronData,lc-chRA1DbYaHshKXMULLO,notes,unitless,15
NelsonLake.Delcourt.2002,none,NA,chronData,lc-chRQQvpl9EZtB4bs5YU,notes,unitless,8
NelsonPond.JacobsonJr.1975,none,NA,chronData,lc-chR4TkAQualheZ2K663,notes,unitless,2
Nemino.Elina.1981,none,NA,chronData,lc-chRsNZ3KuDpp9SCgQQ6,notes,unitless,3
Nerfloen.Vasskog.2012,none,NA,chronData,PYTAC919VL6,depth_top_alt,mm,14
Nerfloen.Vasskog.2012,none,NA,chronData,PYT7X1UF7QO,depth_bot_alt,mm,14
Nerfloen.Vasskog.2012,none,NA,chronData,PYTRMAW5AUA,depth_top,mm,14
Nerfloen.Vasskog.2012,none,NA,chronData,PYT6N2Z860R,depth_bottom,mm,14
Nerfloen.Vasskog.2012,none,NA,chronData,PYT924GAE72,thickness,mm,14
Nesmeyanov_GGC_15,none,NA,chronData,T2L_Nesmeyanov_GGC_15_delta_r_1s_error_original,delta_r_1s_error_original,NA,9
Nesmeyanov_GGC_15,none,NA,chronData,T2L_Nesmeyanov_GGC_15_other_date,other_date,NA,9
Nesmeyanov_GGC_15,none,NA,chronData,T2L_Nesmeyanov_GGC_15_other_1s_err,other_1s_err,NA,9
Nesmeyanov_GGC_15,none,NA,chronData,T2L_Nesmeyanov_GGC_15_other_type,other_type,NA,9
NevilleMarsh.Shane.1993,none,NA,chronData,lc-chR6I54jrubuKxvtTJD,notes,unitless,4
NewarkValleyPond.Mensing.2008,none,NA,chronData,lc-chRp4oJC6CYCXDJ5cWk,notes,unitless,7
Ngami.Shaw.1985,none,NA,paleoData,dc_R5FI2zKVtLoeNM7CI,sampleID,unitless,52
NgamiMababe.Shaw.1986,none,NA,paleoData,OLS_RZUawgOqa6h,lakeTrend,unitless,32
NgionCo.Shen.2008,none,NA,chronData,lc-chRmwWF2twwrxtztpN2,labID,unitless,7
NgionCo.Shen.2008,none,NA,chronData,lc-chRkzr5UJMbAXcG9FKO,notes,unitless,7
NicholsMeadow.Koehler.1994,none,NA,chronData,lc-chRhIxntUiU0Zf4HQ5i,notes,unitless,2
Nigula.Sarv.1976,none,NA,chronData,lc-chR9ev2DST0njhMWHpw,notes,unitless,11
Niinsaare.Punning.1993,none,NA,chronData,lc-chRez9yul4ROTIco5vs,notes,unitless,3
NikolayLake.Andreev.2004Legacy,none,NA,chronData,lc-chRig2p9JSS0F4Y8XdB,notes,unitless,8
NikolskoLutinskoyebog.Arslanov.1999,none,NA,chronData,lc-chRcUnsykRpswQUUYjr,notes,unitless,55
NiliqLake.Anderson.1988,none,NA,chronData,lc-chRICwFgVQXw5NSr1At,notes,unitless,6
NisiFen.Lawson.2005,none,NA,chronData,lc-chRRO672CSAjQYOyoo6,thickness,cm,13
NisiFen.Lawson.2005,none,NA,chronData,lc-chRoWVXJm8KBvOQ7eeP,notes,unitless,13
NisiFen.Lawson.2005,none,NA,chronData,lc-chRX7bEog6MSSbL00x0,depth_top,cm,13
NisiFen.Lawson.2005,none,NA,chronData,lc-chR5Y2qmPHvXOEc5Orh,depth_bottom,cm,13
Nizhnee.Beer.2008,none,NA,chronData,lc-chReUlYuBSfLo6FiqlG,notes,unitless,5
Nizhneosinovskoyepeatbog.Dolukhanov.2007,none,NA,chronData,lc-chRWtaBamR97vpRFDFk,notes,unitless,39
Nizhnevartovsk.Neustadt.1971,none,NA,chronData,lc-chR2uHAO2AYiyKQ3kHM,thickness,cm,11
Nizhnevartovsk.Neustadt.1971,none,NA,chronData,lc-chR8zeQUHd06UGMvVwT,notes,unitless,11
Nizhnevartovsk.Neustadt.1971,none,NA,chronData,lc-chRH3UxFSLhuYcusJNH,depth_top,cm,11
Nizhnevartovsk.Neustadt.1971,none,NA,chronData,lc-chRJUkXKCbZOGwJRzuK,depth_bottom,cm,11
NizhnevartovskoyeExposure.Anderson.2002,none,NA,chronData,lc-chRcmMrN9SAmw9PZq0T,notes,unitless,15
NonconnahCreekTN1.Delcourt.1980,none,NA,chronData,lc-chRYyimf5Ga2SZmao32,thickness,cm,5
NonconnahCreekTN1.Delcourt.1980,none,NA,chronData,lc-chRGLH2Kch8So6Gs1QQ,depth_top,cm,5
NonconnahCreekTN1.Delcourt.1980,none,NA,chronData,lc-chRU1V2qGG1aE6tZP0p,depth_bottom,cm,5
NorthBay.Nurse.2017,none,NA,chronData,lc-chRYtanavCLnr6XS5Ov,labID,unitless,13
NorthBay.Nurse.2017,none,NA,chronData,lc-chRdLtb5wTDZkPZm36h,materialDated,unitless,13
NorthBay.Nurse.2017,none,NA,chronData,lc-chRg8Tf0IMLoI3xJnFw,thickness,cm,13
NorthBay.Nurse.2017,none,NA,chronData,lc-chR5yaHHOGd5GZP3OHs,notes,unitless,13
NorthBay.Nurse.2017,none,NA,chronData,lc-chRkuRgE1ZxPzK4eOWT,depth_top,cm,13
NorthBay.Nurse.2017,none,NA,chronData,lc-chR545BugvSF6veyzwk,depth_bottom,cm,13
NorthFlatLake.Hart.2009,none,NA,chronData,lc-chRNTa55P6YbblhOztR,labID,unitless,5
NorthFlatLake.Hart.2009,none,NA,chronData,lc-chRd1f2zTdwozqLRSrF,notes,unitless,5
NorthPond.Huvane.1996,none,NA,chronData,lc-chRA3gxiX4Y6naXd5KP,notes,unitless,13
NorthTwitchenSprings.Fyfe.2012,none,NA,chronData,lc-chRSchcZQVSQ9GJYAo3,notes,unitless,5
NorthernCoastofOnemenGulf.Anderson.2002,none,NA,chronData,lc-chRPcOF4qLoieEKF1HH,notes,unitless,3
NorthofCloughIsland.Nurse.2017,none,NA,chronData,lc-chRW1QqQOW0qFIovWcB,labID,unitless,9
NorthofCloughIsland.Nurse.2017,none,NA,chronData,lc-chR6wcDENAY0T4uYb0u,materialDated,unitless,9
NorthofCloughIsland.Nurse.2017,none,NA,chronData,lc-chRC6M4uRFQC00CQUqo,thickness,cm,9
NorthofCloughIsland.Nurse.2017,none,NA,chronData,lc-chRH3VGMICpL0CtcBzq,notes,unitless,9
NorthofCloughIsland.Nurse.2017,none,NA,chronData,lc-chRtKL2aScEwAfCccR0,depth_top,cm,9
NorthofCloughIsland.Nurse.2017,none,NA,chronData,lc-chRmxUPPFyZPugn2HnV,depth_bottom,cm,9
NorthwestGanderRiver.Vardy.1991,none,NA,chronData,lc-chRNZixzJ9xlHxuPYbC,notes,unitless,2
Notsel.Bohncke.1987,none,NA,chronData,lc-chRUz7L2CNderdg82FN,notes,unitless,7
NovoUspenka.Blyakharchuk.1989,none,NA,chronData,lc-chRAgiKn7XYBN8NvLW6,notes,unitless,5
Novoalexpeatland.Novenko.2016,none,NA,chronData,lc-chRNAAUmoJraXwUa7we,notes,unitless,7
Novoselky.Zernitskaya.1988,none,NA,chronData,lc-chR0ElNmG85MjeOI9fb,notes,unitless,5
Nulsaveito.Panova.1990,none,NA,chronData,lc-chRJrCZg0cQwuUFDIUp,notes,unitless,5
Nunalleq.Ledger.2018,none,NA,chronData,lc-chR2bIK5hncjInK7RTf,notes,unitless,11
NussbaumerSeen.Rosch.1983,none,NA,chronData,lc-chRBMgYoenS3snXxD3K,notes,unitless,16
NussbaumerSeen.Rsch.1995,none,NA,chronData,cR1wRPXKygDfmh9BB8,thickness,cm,15
NutellaLake.Rohr.2001,none,NA,chronData,lc-chREWTtKQwNRIaynfnw,notes,unitless,5
NuttLake.Bennett.1987,none,NA,chronData,lc-chRflPKfnxf1XLPjtce,notes,unitless,10
O2kLR-Tagusmudpatc.Abrantes.2005,none,NA,paleoData,LPD06e76fcf,notes,NA,165
O2kLR-Tagusmudpatc.Abrantes.2005,none,NA,paleoData,GH479ef1a9,notes,NA,205
OC437_07_GC27,none,NA,chronData,T2L_OC437_07_GC27_labcode,labcode,unitless,7
OC437_07_GC27,none,NA,chronData,T2L_OC437_07_GC27_other_date,other_date,unitless,7
OC437_07_GC27,none,NA,chronData,T2L_OC437_07_GC27_other_1s_err,other_1s_err,unitless,7
OC437_07_GC27,none,NA,chronData,T2L_OC437_07_GC27_other_type,other_type,unitless,7
OC437_07_GC37,none,NA,chronData,T2L_OC437_07_GC37_labcode,labcode,unitless,10
OC437_07_GC37,none,NA,chronData,T2L_OC437_07_GC37_other_date,other_date,unitless,10
OC437_07_GC37,none,NA,chronData,T2L_OC437_07_GC37_other_1s_err,other_1s_err,unitless,10
OC437_07_GC37,none,NA,chronData,T2L_OC437_07_GC37_other_type,other_type,unitless,10
OC437_07_GC49,none,NA,chronData,T2L_OC437_07_GC49_labcode,labcode,unitless,12
OC437_07_GC49,none,NA,chronData,T2L_OC437_07_GC49_other_date,other_date,unitless,12
OC437_07_GC49,none,NA,chronData,T2L_OC437_07_GC49_other_1s_err,other_1s_err,unitless,12
OC437_07_GC49,none,NA,chronData,T2L_OC437_07_GC49_other_type,other_type,unitless,12
OC437_07_GC68,none,NA,chronData,T2L_OC437_07_GC68_labcode,labcode,unitless,14
OC437_07_GC68,none,NA,chronData,T2L_OC437_07_GC68_other_date,other_date,unitless,14
OC437_07_GC68,none,NA,chronData,T2L_OC437_07_GC68_other_1s_err,other_1s_err,unitless,14
OC437_07_GC68,none,NA,chronData,T2L_OC437_07_GC68_other_type,other_type,unitless,14
OCE326_GGC26.Keigwin.2005,none,NA,chronData,T2L_OCE326_GGC26_labcode,labcode,NA,13
OCE326_GGC26.Keigwin.2005,none,NA,chronData,T2L_OCE326_GGC26_depth_bottom,depth_bottom,cm,13
OCE326_GGC26.Keigwin.2005,none,NA,chronData,T2L_OCE326_GGC26_delta_r_1s_error_original,delta_r_1s_error_original,NA,13
OCE326_GGC26.Keigwin.2005,none,NA,chronData,T2L_OCE326_GGC26_other_date,other_date,NA,13
OCE326_GGC26.Keigwin.2005,none,NA,chronData,T2L_OCE326_GGC26_other_1s_err,other_1s_err,NA,13
OCE326_GGC26.Keigwin.2005,none,NA,chronData,T2L_OCE326_GGC26_other_type,other_type,NA,13
OCE326_GGC30.Sachs.2007,none,NA,chronData,T2L_OCE326_GGC30_labcode,labcode,NA,7
OCE326_GGC30.Sachs.2007,none,NA,chronData,T2L_OCE326_GGC30_depth_bottom,depth_bottom,cm,7
OCE326_GGC30.Sachs.2007,none,NA,chronData,T2L_OCE326_GGC30_delta_r_original,delta_r_original,NA,7
OCE326_GGC30.Sachs.2007,none,NA,chronData,T2L_OCE326_GGC30_delta_r_1s_error_original,delta_r_1s_error_original,NA,7
OCE326_GGC30.Sachs.2007,none,NA,chronData,T2L_OCE326_GGC30_other_date,other_date,NA,7
OCE326_GGC30.Sachs.2007,none,NA,chronData,T2L_OCE326_GGC30_other_1s_err,other_1s_err,NA,7
OCE326_GGC30.Sachs.2007,none,NA,chronData,T2L_OCE326_GGC30_other_type,other_type,NA,7
OCE326_GGC5,none,NA,chronData,T2L_OCE326_GGC5_labcode,labcode,NA,13
OCE326_GGC5,none,NA,chronData,T2L_OCE326_GGC5_depth_bottom,depth_bottom,cm,13
OCE326_GGC5,none,NA,chronData,T2L_OCE326_GGC5_delta_r_1s_error_original,delta_r_1s_error_original,NA,13
OCE326_GGC5,none,NA,chronData,T2L_OCE326_GGC5_other_date,other_date,NA,13
OCE326_GGC5,none,NA,chronData,T2L_OCE326_GGC5_other_1s_err,other_1s_err,NA,13
OCE326_GGC5,none,NA,chronData,T2L_OCE326_GGC5_other_type,other_type,NA,13
ODP108_658C.Zhao.1995,none,NA,chronData,T2L_ODP108_658C_depth_bottom,depth_bottom,cm,18
ODP108_658C.Zhao.1995,none,NA,chronData,T2L_ODP108_658C_delta_r_1s_error_original,delta_r_1s_error_original,NA,18
ODP108_658C.Zhao.1995,none,NA,chronData,T2L_ODP108_658C_other_date,other_date,NA,18
ODP108_658C.Zhao.1995,none,NA,chronData,T2L_ODP108_658C_other_1s_err,other_1s_err,NA,18
ODP108_658C.Zhao.1995,none,NA,chronData,T2L_ODP108_658C_other_type,other_type,NA,18
ODP162_984.Came.2007,none,NA,chronData,T2L_ODP162_984_delta_r_original,delta_r_original,NA,18
ODP162_984.Came.2007,none,NA,chronData,T2L_ODP162_984_delta_r_1s_error_original,delta_r_1s_error_original,NA,18
ODP_162_980,none,NA,chronData,T2L_ODP_162_980_labcode,labcode,NA,35
ODP_162_980,none,NA,chronData,T2L_ODP_162_980_depth_bottom,depth_bottom,cm,35
ODP_162_980,none,NA,chronData,T2L_ODP_162_980_delta_r_1s_error_original,delta_r_1s_error_original,NA,35
ODP_162_980,none,NA,chronData,T2L_ODP_162_980_other_date,other_date,NA,35
ODP_162_980,none,NA,chronData,T2L_ODP_162_980_other_1s_err,other_1s_err,NA,35
ODP_162_980,none,NA,chronData,T2L_ODP_162_980_other_type,other_type,NA,35
ODP_165_999A.Schmidt.2004,none,NA,chronData,T2L_ODP_165_999A_labcode,labcode,NA,6
ODP_165_999A.Schmidt.2004,none,NA,chronData,T2L_ODP_165_999A_delta_r_1s_error_original,delta_r_1s_error_original,NA,6
ODP_165_999A.Schmidt.2004,none,NA,chronData,T2L_ODP_165_999A_other_date,other_date,NA,6
ODP_165_999A.Schmidt.2004,none,NA,chronData,T2L_ODP_165_999A_other_1s_err,other_1s_err,NA,6
ODP_165_999A.Schmidt.2004,none,NA,chronData,T2L_ODP_165_999A_other_type,other_type,NA,6
ODP_167_1017E,none,NA,chronData,T2L_ODP_167_1017E_labcode,labcode,NA,11
ODP_167_1017E,none,NA,chronData,T2L_ODP_167_1017E_depth_bottom,depth_bottom,cm,11
ODP_167_1017E,none,NA,chronData,T2L_ODP_167_1017E_mat_dated,mat_dated,NA,11
ODP_167_1017E,none,NA,chronData,T2L_ODP_167_1017E_delta_r_original,delta_r_original,NA,11
ODP_167_1017E,none,NA,chronData,T2L_ODP_167_1017E_delta_r_1s_error_original,delta_r_1s_error_original,NA,11
ODP_167_1017E,none,NA,chronData,T2L_ODP_167_1017E_other_date,other_date,NA,11
ODP_167_1017E,none,NA,chronData,T2L_ODP_167_1017E_other_1s_err,other_1s_err,NA,11
ODP_167_1017E,none,NA,chronData,T2L_ODP_167_1017E_other_type,other_type,NA,11
ODP_175_1078C.Kim.2003,none,NA,chronData,T2L_ODP_175_1078C_depth_bottom,depth_bottom,cm,18
ODP_175_1078C.Kim.2003,none,NA,chronData,T2L_ODP_175_1078C_delta_r_1s_error_original,delta_r_1s_error_original,NA,18
ODP_175_1078C.Kim.2003,none,NA,chronData,T2L_ODP_175_1078C_other_date,other_date,NA,18
ODP_175_1078C.Kim.2003,none,NA,chronData,T2L_ODP_175_1078C_other_1s_err,other_1s_err,NA,18
ODP_175_1078C.Kim.2003,none,NA,chronData,T2L_ODP_175_1078C_other_type,other_type,NA,18
ODP_175_1084B.Farmer.2005,none,NA,chronData,T2L_ODP_175_1084B_depth_bottom,depth_bottom,cm,15
ODP_175_1084B.Farmer.2005,none,NA,chronData,T2L_ODP_175_1084B_other_date,other_date,NA,15
ODP_175_1084B.Farmer.2005,none,NA,chronData,T2L_ODP_175_1084B_other_1s_err,other_1s_err,NA,15
ODP_175_1084B.Farmer.2005,none,NA,chronData,T2L_ODP_175_1084B_other_type,other_type,NA,15
ODP_176_1014,none,NA,chronData,T2L_ODP_176_1014_labcode,labcode,NA,7
ODP_176_1014,none,NA,chronData,T2L_ODP_176_1014_depth_bottom,depth_bottom,cm,7
ODP_176_1014,none,NA,chronData,T2L_ODP_176_1014_delta_r_1s_error_original,delta_r_1s_error_original,NA,7
ODP_176_1014,none,NA,chronData,T2L_ODP_176_1014_other_date,other_date,NA,7
ODP_176_1014,none,NA,chronData,T2L_ODP_176_1014_other_1s_err,other_1s_err,NA,7
ODP_176_1014,none,NA,chronData,T2L_ODP_176_1014_other_type,other_type,NA,7
ODP_176_1016C,none,NA,chronData,T2L_ODP_176_1016C_labcode,labcode,NA,11
ODP_176_1016C,none,NA,chronData,T2L_ODP_176_1016C_depth_bottom,depth_bottom,cm,11
ODP_176_1016C,none,NA,chronData,T2L_ODP_176_1016C_delta_r_1s_error_original,delta_r_1s_error_original,NA,11
ODP_176_1016C,none,NA,chronData,T2L_ODP_176_1016C_other_date,other_date,NA,11
ODP_176_1016C,none,NA,chronData,T2L_ODP_176_1016C_other_1s_err,other_1s_err,NA,11
ODP_176_1016C,none,NA,chronData,T2L_ODP_176_1016C_other_type,other_type,NA,11
ODP_178_1098B.Shevenell.2011,none,NA,chronData,T2L_ODP_178_1098B_depth_bottom,depth_bottom,cm,50
ODP_178_1098B.Shevenell.2011,none,NA,chronData,T2L_ODP_178_1098B_other_date,other_date,NA,50
ODP_178_1098B.Shevenell.2011,none,NA,chronData,T2L_ODP_178_1098B_other_1s_err,other_1s_err,NA,50
ODP_178_1098B.Shevenell.2011,none,NA,chronData,T2L_ODP_178_1098B_other_type,other_type,NA,50
ODP_184_1144,none,NA,chronData,T2L_ODP_184_1144_labcode,labcode,NA,17
ODP_184_1144,none,NA,chronData,T2L_ODP_184_1144_depth_bottom,depth_bottom,cm,17
ODP_184_1144,none,NA,chronData,T2L_ODP_184_1144_delta_r_1s_error_original,delta_r_1s_error_original,NA,17
ODP_184_1144,none,NA,chronData,T2L_ODP_184_1144_other_date,other_date,NA,17
ODP_184_1144,none,NA,chronData,T2L_ODP_184_1144_other_1s_err,other_1s_err,NA,17
ODP_184_1144,none,NA,chronData,T2L_ODP_184_1144_other_type,other_type,NA,17
ODP_184_1145,none,NA,chronData,T2L_ODP_184_1145_depth_bottom,depth_bottom,cm,5
ODP_184_1145,none,NA,chronData,T2L_ODP_184_1145_delta_r_1s_error_original,delta_r_1s_error_original,NA,5
ODP_184_1145,none,NA,chronData,T2L_ODP_184_1145_other_date,other_date,NA,5
ODP_184_1145,none,NA,chronData,T2L_ODP_184_1145_other_1s_err,other_1s_err,NA,5
ODP_184_1145,none,NA,chronData,T2L_ODP_184_1145_other_type,other_type,NA,5
ODP_202_1233,none,NA,chronData,T2L_ODP_202_1233_depth_bottom,depth_bottom,cm,36
ODP_202_1233,none,NA,chronData,T2L_ODP_202_1233_delta_r_1s_error_original,delta_r_1s_error_original,NA,36
ODP_202_1233,none,NA,chronData,T2L_ODP_202_1233_other_1s_err,other_1s_err,NA,36
ODP_893,none,NA,chronData,T2L_ODP_893_labcode,labcode,NA,34
ODP_893,none,NA,chronData,T2L_ODP_893_depth_bottom,depth_bottom,cm,34
ODP_893,none,NA,chronData,T2L_ODP_893_delta_r_1s_error_original,delta_r_1s_error_original,NA,34
ODP_893,none,NA,chronData,T2L_ODP_893_other_date,other_date,NA,34
ODP_893,none,NA,chronData,T2L_ODP_893_other_1s_err,other_1s_err,NA,34
ODP_893,none,NA,chronData,T2L_ODP_893_other_type,other_type,NA,34
Oberaar.Ammann.1976,none,NA,chronData,lc-chRZ6sebJLSScjn1q4k,notes,unitless,3
OchlockoneeRiver.Chen.1999,none,NA,chronData,lc-chRgOJVd2kazXdmPxRT,labID,unitless,2
OchlockoneeRiver.Chen.1999,none,NA,chronData,lc-chR5sJnQZYBMG7e8zOf,materialDated,unitless,2
OchlockoneeRiver.Chen.1999,none,NA,chronData,lc-chR8d5WJMy4ZhPec6rk,thickness,cm,2
OchlockoneeRiver.Chen.1999,none,NA,chronData,lc-chRq0tIbMIEIyB8k9q4,notes,unitless,2
OchlockoneeRiver.Chen.1999,none,NA,chronData,lc-chRqW5aiSSjBvMMxVnz,depth_top,cm,2
OchlockoneeRiver.Chen.1999,none,NA,chronData,lc-chR3XKZL9ivym3Rs3aU,depth_bottom,cm,2
Ocn-CH07-98-MC-22.Saenger.2011,none,NA,chronData,chron4_Jdh8f79D,fractionModern,NA,3
Ocn-CH07-98-MC-22.Saenger.2011,none,NA,chronData,chron5_MXXMP0UA,fractionModernUncertainty,NA,3
Ocn-CH07-98-MC-22.Saenger.2011,none,NA,chronData,chron6_11jTtTUD,delta13C,permil,3
Ocn-CH07-98-MC-22.Saenger.2011,none,NA,chronData,chron7_fCdPwtDi,delta13Cuncertainty,permil,3
Ocn-CH07-98-MC-22.Saenger.2011,none,NA,chronData,chron11_2HX6YtI6,activity,Bq g-1,3
Ocn-CH07-98-MC-22.Saenger.2011,none,NA,chronData,chron12_Q8ZABboZ,activityUncertainty,Bq g-1,3
Ocn-CH07-98-MC-22.Saenger.2011,none,NA,chronData,chron13_bglMjbAV,supportedActivity,NA,3
Ocn-CH07-98-MC-22.Saenger.2011,none,NA,chronData,chron14_gvYyD9Iz,x210PbModel,NA,3
Ocn-CH07-98-MC-22.Saenger.2011,none,NA,chronData,chron18_3ABMda4h,reservoirAge14CUncertainty,yr14C BP,3
Ocn-CH07-98-MC-22.Saenger.2011,none,NA,chronData,chron19_8TRivc3M,useInAgeModel,NA,3
Ocn-DryTortugas.Lund.2006,none,NA,chronData,chron4_Jg0odXbD,fractionModern,NA,14
Ocn-DryTortugas.Lund.2006,none,NA,chronData,chron5_5zjPZVip,fractionModernUncertainty,NA,14
Ocn-DryTortugas.Lund.2006,none,NA,chronData,chron6_nl6dvs1P,delta13C,permil,14
Ocn-DryTortugas.Lund.2006,none,NA,chronData,chron7_huDT85Bi,delta13Cuncertainty,permil,14
Ocn-DryTortugas.Lund.2006,none,NA,chronData,chron9_nGhlOF8E,labID,NA,14
Ocn-DryTortugas.Lund.2006,none,NA,chronData,chron11_2KxtGu48,activity,Bq g-1,14
Ocn-DryTortugas.Lund.2006,none,NA,chronData,chron12_JJ35iN1b,activityUncertainty,Bq g-1,14
Ocn-DryTortugas.Lund.2006,none,NA,chronData,chron13_UCCevhRJ,supportedActivity,NA,14
Ocn-DryTortugas.Lund.2006,none,NA,chronData,chron14_VqSQMQVm,x210PbModel,NA,14
Ocn-DryTortugas.Lund.2006,none,NA,chronData,chron16_wRHCWyH4,ageUncertainty,yr BP,14
Ocn-DryTortugas.Lund.2006,none,NA,chronData,chron18_XzDSl1Il,reservoirAge14CUncertainty,yr14C BP,14
Ocn-DryTortugasA.Lund.2006,none,NA,chronData,chron4_9W7sTWm4,fractionModern,NA,3
Ocn-DryTortugasA.Lund.2006,none,NA,chronData,chron5_z49mcQVa,fractionModernUncertainty,NA,3
Ocn-DryTortugasA.Lund.2006,none,NA,chronData,chron6_dvvfDmoE,delta13C,permil,3
Ocn-DryTortugasA.Lund.2006,none,NA,chronData,chron7_saaze2Xc,delta13Cuncertainty,permil,3
Ocn-DryTortugasA.Lund.2006,none,NA,chronData,chron9_hoSlscLr,labID,NA,3
Ocn-DryTortugasA.Lund.2006,none,NA,chronData,chron11_jvGRFqva,activity,Bq g-1,3
Ocn-DryTortugasA.Lund.2006,none,NA,chronData,chron12_zpZrCpIq,activityUncertainty,Bq g-1,3
Ocn-DryTortugasA.Lund.2006,none,NA,chronData,chron13_pl5XjGhu,supportedActivity,NA,3
Ocn-DryTortugasA.Lund.2006,none,NA,chronData,chron14_Mmhn5xYt,x210PbModel,NA,3
Ocn-DryTortugasA.Lund.2006,none,NA,chronData,chron16_pONgiRfa,ageUncertainty,yr BP,3
Ocn-DryTortugasA.Lund.2006,none,NA,chronData,chron18_SGELE8VK,reservoirAge14CUncertainty,yr14C BP,3
Ocn-GarrisonBasin.Richey.2009,none,NA,chronData,PYTP9LXETKV,lab_id,NA,8
Ocn-GarrisonBasin.Richey.2009,none,NA,chronData,PYTB1GV42RZ,age_bp,NA,8
Ocn-GarrisonBasin.Richey.2009,none,NA,chronData,PYTVHVS932K,age_cal_error,NA,8
Ocn-GarrisonBasin.Richey.2009,none,NA,chronData,PYT3IE7UQPH,cal_age_range_old,NA,8
Ocn-GarrisonBasin.Richey.2009,none,NA,chronData,PYTA18EDQSJ,cal_age_range_young,NA,8
Ocn-GreatBahamaBank.Lund.2006,none,NA,chronData,chron4_jVyMNhyf,fractionModern,NA,3
Ocn-GreatBahamaBank.Lund.2006,none,NA,chronData,chron5_ziAR9lCr,fractionModernUncertainty,NA,3
Ocn-GreatBahamaBank.Lund.2006,none,NA,chronData,chron6_hFKjkdcl,delta13C,permil,3
Ocn-GreatBahamaBank.Lund.2006,none,NA,chronData,chron7_rSJG5Gol,delta13Cuncertainty,permil,3
Ocn-GreatBahamaBank.Lund.2006,none,NA,chronData,chron9_amEl4y2C,labID,NA,3
Ocn-GreatBahamaBank.Lund.2006,none,NA,chronData,chron11_YtqY9YLr,activity,Bq g-1,3
Ocn-GreatBahamaBank.Lund.2006,none,NA,chronData,chron12_6VoDdDRw,activityUncertainty,Bq g-1,3
Ocn-GreatBahamaBank.Lund.2006,none,NA,chronData,chron13_rzgiQZfu,supportedActivity,NA,3
Ocn-GreatBahamaBank.Lund.2006,none,NA,chronData,chron14_znzp5Vc9,x210PbModel,NA,3
Ocn-GreatBahamaBank.Lund.2006,none,NA,chronData,chron16_MD6cvSA4,ageUncertainty,yr BP,3
Ocn-GreatBahamaBank.Lund.2006,none,NA,chronData,chron18_KOVHl0vD,reservoirAge14CUncertainty,yr14C BP,3
Ocn-GreatBahamaBank.Richter.2006,none,NA,chronData,chron4_vXTmuCOz,fractionModern,NA,3
Ocn-GreatBahamaBank.Richter.2006,none,NA,chronData,chron5_tTTr9xkm,fractionModernUncertainty,NA,3
Ocn-GreatBahamaBank.Richter.2006,none,NA,chronData,chron6_a5Gyy7DG,delta13C,permil,3
Ocn-GreatBahamaBank.Richter.2006,none,NA,chronData,chron7_61GgdE2l,delta13Cuncertainty,permil,3
Ocn-GreatBahamaBank.Richter.2006,none,NA,chronData,chron9_fEHqZRx7,labID,NA,3
Ocn-GreatBahamaBank.Richter.2006,none,NA,chronData,chron11_RMTI1Spw,activity,Bq g-1,3
Ocn-GreatBahamaBank.Richter.2006,none,NA,chronData,chron12_NFu3gyGq,activityUncertainty,Bq g-1,3
Ocn-GreatBahamaBank.Richter.2006,none,NA,chronData,chron13_3ZXeiFHf,supportedActivity,NA,3
Ocn-GreatBahamaBank.Richter.2006,none,NA,chronData,chron14_uW4X7QO1,x210PbModel,NA,3
Ocn-GreatBahamaBank.Richter.2006,none,NA,chronData,chron16_d6bozoTp,ageUncertainty,yr BP,3
Ocn-GreatBahamaBank.Richter.2006,none,NA,chronData,chron18_Fic7P6Ds,reservoirAge14CUncertainty,yr14C BP,3
Ocn-JacafFjord.Sepulveda.2009,none,NA,chronData,PYTWAPGKT15,depth_bot,NA,4
Ocn-JacafFjord.Sepulveda.2009,none,NA,chronData,PYTEMMGTXC1,depth_top,NA,4
Ocn-JacafFjord.Sepulveda.2009,none,NA,chronData,PYTICZIJ8LC,thickness,NA,4
Ocn-KNR140‐2‐59GGC.Saenger.2011,none,NA,chronData,chron4_L4vTintU,fractionModern,NA,6
Ocn-KNR140‐2‐59GGC.Saenger.2011,none,NA,chronData,chron5_ZgNciVMB,fractionModernUncertainty,NA,6
Ocn-KNR140‐2‐59GGC.Saenger.2011,none,NA,chronData,chron6_kWj0IruP,delta13C,permil,6
Ocn-KNR140‐2‐59GGC.Saenger.2011,none,NA,chronData,chron7_cvpMiU7k,delta13Cuncertainty,permil,6
Ocn-KNR140‐2‐59GGC.Saenger.2011,none,NA,chronData,chron11_0d65IHjF,activity,Bq g-1,6
Ocn-KNR140‐2‐59GGC.Saenger.2011,none,NA,chronData,chron12_eDZ8m80f,activityUncertainty,Bq g-1,6
Ocn-KNR140‐2‐59GGC.Saenger.2011,none,NA,chronData,chron13_bhDPIQSI,supportedActivity,NA,6
Ocn-KNR140‐2‐59GGC.Saenger.2011,none,NA,chronData,chron14_VatXqNHw,x210PbModel,NA,6
Ocn-KNR140‐2‐59GGC.Saenger.2011,none,NA,chronData,chron18_XCt0uz72,reservoirAge14CUncertainty,yr14C BP,6
Ocn-KNR140‐2‐59GGC.Saenger.2011,none,NA,chronData,chron19_v1x8HvJI,useInAgeModel,NA,6
Ocn-LaurentianFan.Keigwin.2005,none,NA,chronData,chron4_bMaWvT29,fractionModern,NA,15
Ocn-LaurentianFan.Keigwin.2005,none,NA,chronData,chron5_aqFk9U8f,fractionModernUncertainty,NA,15
Ocn-LaurentianFan.Keigwin.2005,none,NA,chronData,chron6_7HD1q6c9,delta13C,permil,15
Ocn-LaurentianFan.Keigwin.2005,none,NA,chronData,chron7_Hf0xYEP9,delta13Cuncertainty,permil,15
Ocn-LaurentianFan.Keigwin.2005,none,NA,chronData,chron8_SVpSsDne,thickness,cm,15
Ocn-LaurentianFan.Keigwin.2005,none,NA,chronData,chron11_f5plE1Q7,activity,Bq g-1,15
Ocn-LaurentianFan.Keigwin.2005,none,NA,chronData,chron12_jTLi3SiH,activityUncertainty,Bq g-1,15
Ocn-LaurentianFan.Keigwin.2005,none,NA,chronData,chron13_FI86f05B,supportedActivity,NA,15
Ocn-LaurentianFan.Keigwin.2005,none,NA,chronData,chron14_8TCceWzE,x210PbModel,NA,15
Ocn-LaurentianFan.Keigwin.2005,none,NA,chronData,chron18_LWvm8cGT,reservoirAge14CUncertainty,yr14C BP,15
Ocn-LaurentianFan.Keigwin.2005,none,NA,chronData,chron19_rSLouDZM,useInAgeModel,NA,15
Ocn-RAPiD-12-1K.Thornalley.2009,none,NA,chronData,chron4_xfOaSsAf,fractionModern,NA,13
Ocn-RAPiD-12-1K.Thornalley.2009,none,NA,chronData,chron5_DYaBxbj0,fractionModernUncertainty,NA,13
Ocn-RAPiD-12-1K.Thornalley.2009,none,NA,chronData,chron6_ApKSNCJj,delta13C,permil,13
Ocn-RAPiD-12-1K.Thornalley.2009,none,NA,chronData,chron7_VWijj64h,delta13Cuncertainty,permil,13
Ocn-RAPiD-12-1K.Thornalley.2009,none,NA,chronData,chron11_LkSBX8Yb,activity,Bq g-1,13
Ocn-RAPiD-12-1K.Thornalley.2009,none,NA,chronData,chron12_6VRETm3r,activityUncertainty,Bq g-1,13
Ocn-RAPiD-12-1K.Thornalley.2009,none,NA,chronData,chron13_pe72jQ8g,supportedActivity,NA,13
Ocn-RAPiD-12-1K.Thornalley.2009,none,NA,chronData,chron14_z2uUQEJM,x210PbModel,NA,13
Ocn-RAPiD-12-1K.Thornalley.2009,none,NA,chronData,chron18_C4qKIqLP,reservoirAge14CUncertainty,yr14C BP,13
Ocn-RAPiD-12-1K.Thornalley.2009,none,NA,chronData,chron19_1IZegriM,useInAgeModel,NA,13
Ocn-SWCoastOfIndia.Saraswat.2013,none,NA,chronData,chron4_3hl8FMJd,fractionModern,NA,9
Ocn-SWCoastOfIndia.Saraswat.2013,none,NA,chronData,chron5_Vy5zwTTE,fractionModernUncertainty,NA,9
Ocn-SWCoastOfIndia.Saraswat.2013,none,NA,chronData,chron6_GqqjGoBx,delta13C,permil,9
Ocn-SWCoastOfIndia.Saraswat.2013,none,NA,chronData,chron7_SX8QWP1v,delta13Cuncertainty,permil,9
Ocn-SWCoastOfIndia.Saraswat.2013,none,NA,chronData,chron11_gYxFdRh6,activity,Bq g-1,9
Ocn-SWCoastOfIndia.Saraswat.2013,none,NA,chronData,chron12_461veKrk,activityUncertainty,Bq g-1,9
Ocn-SWCoastOfIndia.Saraswat.2013,none,NA,chronData,chron13_CVSYHjv0,supportedActivity,NA,9
Ocn-SWCoastOfIndia.Saraswat.2013,none,NA,chronData,chron14_cRvfP9fo,x210PbModel,NA,9
Ocn-SWCoastOfIndia.Saraswat.2013,none,NA,chronData,chron16_yXcLl2hv,ageUncertainty,yr BP,9
Ocn-SWCoastOfIndia.Saraswat.2013,none,NA,chronData,chron19_GTux0MYM,useInAgeModel,NA,9
Ocn-SouthernChileMargin.Mohtadi.2007,none,NA,chronData,chron4_O8pievIW,fractionModern,NA,6
Ocn-SouthernChileMargin.Mohtadi.2007,none,NA,chronData,chron5_aLoTFMAN,fractionModernUncertainty,NA,6
Ocn-SouthernChileMargin.Mohtadi.2007,none,NA,chronData,chron6_R8qkHiSo,delta13C,permil,6
Ocn-SouthernChileMargin.Mohtadi.2007,none,NA,chronData,chron7_50QcrUxC,delta13Cuncertainty,permil,6
Ocn-SouthernChileMargin.Mohtadi.2007,none,NA,chronData,chron8_A1scyIfm,thickness,cm,6
Ocn-SouthernChileMargin.Mohtadi.2007,none,NA,chronData,chron9_gPT5NhCx,labID,NA,6
Ocn-SouthernChileMargin.Mohtadi.2007,none,NA,chronData,chron11_u7r45oBK,activity,Bq g-1,6
Ocn-SouthernChileMargin.Mohtadi.2007,none,NA,chronData,chron12_gebH4PkH,activityUncertainty,Bq g-1,6
Ocn-SouthernChileMargin.Mohtadi.2007,none,NA,chronData,chron13_WECcPiFk,supportedActivity,NA,6
Ocn-SouthernChileMargin.Mohtadi.2007,none,NA,chronData,chron14_IzufrIfG,x210PbModel,NA,6
Ocn-SouthernChileMargin.Mohtadi.2007,none,NA,chronData,chron18_EASpjTPx,reservoirAge14CUncertainty,yr14C BP,6
OhnumaMoor.Miyoshi.1986,none,NA,chronData,lc-chRwgDpdNdic700X8db,notes,unitless,6
OilLake.Eisner.1992,none,NA,chronData,lc-chRZAWbccpU8uoVBert,materialDated,unitless,7
OilLake.Eisner.1992,none,NA,chronData,lc-chRh1VW1kx2CLssm4sp,notes,unitless,7
Okunayka.Bezrukova.2011,none,NA,chronData,lc-chR5sIQFlipEJ7PmLBc,labID,unitless,6
Okunayka.Bezrukova.2011,none,NA,chronData,lc-chRpJc7EAHp0kCKAOwq,thickness,cm,6
Okunayka.Bezrukova.2011,none,NA,chronData,lc-chRdrO42YQBbEGTkZZ8,notes,unitless,6
Okunayka.Bezrukova.2011,none,NA,chronData,lc-chR1o925ANeJB97PADU,depth_top,cm,6
Okunayka.Bezrukova.2011,none,NA,chronData,lc-chRE86XlHFzlV5JWveW,depth_bottom,cm,6
Olbramovice.Svobodova.1992,none,NA,chronData,lc-chR5konJ9qKF5LglWWd,notes,unitless,3
OldCrowFlatsCoreCB.Ovenden.1985,none,NA,chronData,lc-chRi5DiCaBlP9cnYqVW,notes,unitless,5
OldCrowFlatsCoreKE.Ovenden.1985,none,NA,chronData,lc-chRBn5lwqUGpCCtdAri,notes,unitless,4
OldField.King.1981,none,NA,chronData,lc-chRqs0NHmHxahd5dXqP,notes,unitless,6
OldmanBog.Glaser.2004,none,NA,chronData,lc-chRat9CgmXMXZ6UzOiF,materialDated,unitless,14
OldmanBog.Glaser.2004,none,NA,chronData,lc-chRyqSDXxZa2e9ccqpw,notes,unitless,14
OltushLake.Davydova.1996,none,NA,chronData,lc-chRVQTEpOuT6PjX60HK,notes,unitless,8
Omoloy14OM20B.Liu.2020,none,NA,chronData,lc-chRY8AqzJPA2dFg8JKD,thickness,cm,10
Omoloy14OM20B.Liu.2020,none,NA,chronData,lc-chRw9r3H1tgWktbLodV,notes,unitless,10
Omoloy14OM20B.Liu.2020,none,NA,chronData,lc-chRmynEahdrY3knmoUB,depth_top,cm,10
Omoloy14OM20B.Liu.2020,none,NA,chronData,lc-chRa5n1pGwqlAaNDpTm,depth_bottom,cm,10
OndrisPond.JacobsonJr.1975,none,NA,chronData,lc-chRSKGZBSmtfkk0xVYx,notes,unitless,2
OnegoLake.EPD,none,NA,chronData,cRM29mJkHepxG42LSS,thickness,cm,2
OnegoLake.EPD,none,NA,chronData,cR3okPiABrMJ46Hy6B,labID,unitless,2
OrdosYangjiawan.Xu.2002,none,NA,chronData,lc-chRHzQd5dX9VdOogtzJ,labID,unitless,3
OrdosYangjiawan.Xu.2002,none,NA,chronData,lc-chRHEFqVYm2vHpomtSQ,thickness,cm,3
OrdosYangjiawan.Xu.2002,none,NA,chronData,lc-chR7qku3ap8zVVogh5h,notes,unitless,3
OrdosYangjiawan.Xu.2002,none,NA,chronData,lc-chRmDmp4o5xckS5noG9,depth_top,cm,3
OrdosYangjiawan.Xu.2002,none,NA,chronData,lc-chR5n3gumpprKLL8yEc,depth_bottom,cm,3
Oregoncavesnationalmonument.Ersek.2012,none,NA,paleoData,S2LRQeMfteMJ9j,mineralogy,unitless,2680
Oregoncavesnationalmonument.Ersek.2012,none,NA,chronData,S2LcRRCMOMgJTEy,materialDated,unitless,29
Oregoncavesnationalmonument.Ersek.2012,none,NA,chronData,S2LcRwFsCGac2vb,retained,unitless,29
Oregoncavesnationalmonument.Ersek.2012,none,NA,chronData,S2LcRTnCLVT4uZC,decayConstant,unitless,29
Oregoncavesnationalmonument.Ersek.2012,none,NA,chronData,S2LcRLfxDW44Ri0,age_type,unitless,29
OrokessRiverMouthExposure4036.Anderson.2002,none,NA,chronData,lc-chRSteqROOdB1dJvWoO,notes,unitless,9
Ortok.Beer.2008,none,NA,chronData,lc-chRUuQHaqbjDdru8CDU,notes,unitless,4
Ospitale.Watson.1996Legacy,none,NA,chronData,lc-chRHDvNRVL5DkZLWAh6,thickness,cm,4
Ospitale.Watson.1996Legacy,none,NA,chronData,lc-chR3wZHv8HIhZ3pNllq,notes,unitless,4
Ospitale.Watson.1996Legacy,none,NA,chronData,lc-chRim6JjCOGuZasygvg,depth_top,cm,4
Ospitale.Watson.1996Legacy,none,NA,chronData,lc-chRk3urFlG7bph0lrrS,depth_bottom,cm,4
Otisville.Robinson.2005,none,NA,chronData,lc-chRUTcGDXzFs8TgVX35,notes,unitless,4
OtterPond.Fuller.1998,none,NA,chronData,lc-chRGCCvNVdBZsyaoIv3,labID,unitless,4
OtterPond.Fuller.1998,none,NA,chronData,lc-chRN7wUGafiexRjfwiL,notes,unitless,4
OttoLake.author.1111,none,NA,chronData,lc-chRdSvfdmbvntJA44U7,materialDated,unitless,2
OttoLake.author.1111,none,NA,chronData,lc-chRpHV8xjZA6te3jpJF,notes,unitless,2
OttoMielkeLake.Charles.1984,none,NA,chronData,lc-chRHs1N90J70uqhNwK7,labID,unitless,11
OttoMielkeLake.Charles.1984,none,NA,chronData,lc-chR1qDrkAtpUrwe5qUq,materialDated,unitless,11
OttoMielkeLake.Charles.1984,none,NA,chronData,lc-chRKThnAWfyu7zSOlSk,notes,unitless,11
Oudon.Cyprien.2001,none,NA,chronData,lc-chRUkQ5iZd8AxkEeEYj,notes,unitless,10
Oukechert.HillaireMarcel.1983,none,NA,paleoData,OLS_RsfNEaBRy4z,lakeTrend,unitless,32
OumArouaba.Chamard.1970,none,NA,paleoData,OLS_RrKiK4X2twk,lakeTrend,unitless,32
OumiExposure.Anderson.2002,none,NA,chronData,lc-chRNxXY7DbhEPZuFFJi,notes,unitless,5
OuniangaKebir.Geyh.1974a,none,NA,paleoData,OLS_RJfULq667En,lakeTrend,unitless,32
OvaGolu.Bottema.1984,none,NA,chronData,lc-chRdMtInZHTvE5TlS0s,notes,unitless,2
OverGunnarsfjorden.Allen.2007,none,NA,chronData,lc-chR1jU2oY4n5SsiXRuV,notes,unitless,23
OverKobbkrokvatnet.Huntley.2013,none,NA,chronData,lc-chREGtfuZgOoxVg8z4T,notes,unitless,20
Ovrazhnyii1StreamExposure.Anderson.2002,none,NA,chronData,lc-chR7lBnaOZCTHH5XMg4,notes,unitless,13
Ovrazhnyii2Exposure667842.Anderson.2002,none,NA,chronData,lc-chREFMZFtRdJuD54r6x,notes,unitless,4
Oygardstjonn.Birks.2007,none,NA,chronData,lc-chRyEiuL8YKL3P5p071,notes,unitless,8
Ozerki.Tarasov.1994,none,NA,chronData,lc-chRu6fQHu59rdIGuAEa,notes,unitless,10
P178_15P.Tierney.2016,none,NA,chronData,T2L_P178_15P_other_date,other_date,unitless,20
P178_15P.Tierney.2016,none,NA,chronData,T2L_P178_15P_other_1s_err,other_1s_err,unitless,20
P178_15P.Tierney.2016,none,NA,chronData,T2L_P178_15P_other_type,other_type,unitless,20
PAR87A_10,none,NA,chronData,T2L_PAR87A_10_labcode,labcode,NA,4
PAR87A_10,none,NA,chronData,T2L_PAR87A_10_depth_bottom,depth_bottom,cm,4
PAR87A_10,none,NA,chronData,T2L_PAR87A_10_delta_r_original,delta_r_original,NA,4
PAR87A_10,none,NA,chronData,T2L_PAR87A_10_delta_r_1s_error_original,delta_r_1s_error_original,NA,4
PAR87A_10,none,NA,chronData,T2L_PAR87A_10_other_date,other_date,NA,4
PAR87A_10,none,NA,chronData,T2L_PAR87A_10_other_1s_err,other_1s_err,NA,4
PAR87A_10,none,NA,chronData,T2L_PAR87A_10_other_type,other_type,NA,4
PC04,none,NA,chronData,T2L_PC04_labcode,labcode,NA,5
PC04,none,NA,chronData,T2L_PC04_depth_bottom,depth_bottom,cm,5
PC04,none,NA,chronData,T2L_PC04_delta_r_1s_error_original,delta_r_1s_error_original,NA,5
PC04,none,NA,chronData,T2L_PC04_other_date,other_date,NA,5
PC04,none,NA,chronData,T2L_PC04_other_1s_err,other_1s_err,NA,5
PC04,none,NA,chronData,T2L_PC04_other_type,other_type,NA,5
PC6.Minoshima.2007,none,NA,chronData,T2L_PC6_labcode,labcode,NA,20
PC6.Minoshima.2007,none,NA,chronData,T2L_PC6_depth_bottom,depth_bottom,cm,20
PC6.Minoshima.2007,none,NA,chronData,T2L_PC6_delta_r_1s_error_original,delta_r_1s_error_original,NA,20
PC6.Minoshima.2007,none,NA,chronData,T2L_PC6_other_date,other_date,NA,20
PC6.Minoshima.2007,none,NA,chronData,T2L_PC6_other_1s_err,other_1s_err,NA,20
PC6.Minoshima.2007,none,NA,chronData,T2L_PC6_other_type,other_type,NA,20
PC_1.Chang.2015,none,NA,chronData,T2L_PC_1_delta_r_1s_error_original,delta_r_1s_error_original,NA,19
PC_1.Chang.2015,none,NA,chronData,T2L_PC_1_other_date,other_date,NA,19
PC_1.Chang.2015,none,NA,chronData,T2L_PC_1_other_1s_err,other_1s_err,NA,19
PC_1.Chang.2015,none,NA,chronData,T2L_PC_1_other_type,other_type,NA,19
PL07_39PC.Lea.2003,none,NA,chronData,T2L_PL07_39PC_delta_r_1s_error_original,delta_r_1s_error_original,NA,43
PL07_39PC.Lea.2003,none,NA,chronData,T2L_PL07_39PC_other_1s_err,other_1s_err,NA,43
PRD4.LopezMerino.2012,none,NA,chronData,lc-chRCRELsqHkOkrFT4Gx,materialDated,unitless,6
PRD4.LopezMerino.2012,none,NA,chronData,lc-chRtvk3hARobgNUqHtt,notes,unitless,6
PS1730_2,none,NA,chronData,T2L_PS1730_2_depth_bottom,depth_bottom,cm,8
PS1730_2,none,NA,chronData,T2L_PS1730_2_delta_r_1s_error_original,delta_r_1s_error_original,NA,8
PS1730_2,none,NA,chronData,T2L_PS1730_2_other_date,other_date,NA,8
PS1730_2,none,NA,chronData,T2L_PS1730_2_other_1s_err,other_1s_err,NA,8
PS1730_2,none,NA,chronData,T2L_PS1730_2_other_type,other_type,NA,8
PS1919_2,none,NA,chronData,T2L_PS1919_2_depth_bottom,depth_bottom,cm,4
PS1919_2,none,NA,chronData,T2L_PS1919_2_delta_r_1s_error_original,delta_r_1s_error_original,NA,4
PS1919_2,none,NA,chronData,T2L_PS1919_2_other_date,other_date,NA,4
PS1919_2,none,NA,chronData,T2L_PS1919_2_other_1s_err,other_1s_err,NA,4
PS1919_2,none,NA,chronData,T2L_PS1919_2_other_type,other_type,NA,4
PS1927_2,none,NA,chronData,T2L_PS1927_2_depth_bottom,depth_bottom,cm,6
PS1927_2,none,NA,chronData,T2L_PS1927_2_delta_r_1s_error_original,delta_r_1s_error_original,NA,6
PS1927_2,none,NA,chronData,T2L_PS1927_2_other_date,other_date,NA,6
PS1927_2,none,NA,chronData,T2L_PS1927_2_other_1s_err,other_1s_err,NA,6
PS1927_2,none,NA,chronData,T2L_PS1927_2_other_type,other_type,NA,6
PS1951_1,none,NA,chronData,T2L_PS1951_1_depth_bottom,depth_bottom,cm,5
PS1951_1,none,NA,chronData,T2L_PS1951_1_delta_r_1s_error_original,delta_r_1s_error_original,NA,5
PS1951_1,none,NA,chronData,T2L_PS1951_1_other_date,other_date,NA,5
PS1951_1,none,NA,chronData,T2L_PS1951_1_other_1s_err,other_1s_err,NA,5
PS1951_1,none,NA,chronData,T2L_PS1951_1_other_type,other_type,NA,5
PS2138_1,none,NA,chronData,T2L_PS2138_1_depth_bottom,depth_bottom,cm,6
PS2138_1,none,NA,chronData,T2L_PS2138_1_delta_r_original,delta_r_original,NA,6
PS2138_1,none,NA,chronData,T2L_PS2138_1_delta_r_1s_error_original,delta_r_1s_error_original,NA,6
PS2138_1,none,NA,chronData,T2L_PS2138_1_other_date,other_date,NA,6
PS2138_1,none,NA,chronData,T2L_PS2138_1_other_1s_err,other_1s_err,NA,6
PS2138_1,none,NA,chronData,T2L_PS2138_1_other_type,other_type,NA,6
PS2208_1,none,NA,chronData,T2L_PS2208_1_labcode,labcode,NA,4
PS2208_1,none,NA,chronData,T2L_PS2208_1_depth_bottom,depth_bottom,cm,4
PS2208_1,none,NA,chronData,T2L_PS2208_1_delta_r_1s_error_original,delta_r_1s_error_original,NA,4
PS2208_1,none,NA,chronData,T2L_PS2208_1_other_date,other_date,NA,4
PS2208_1,none,NA,chronData,T2L_PS2208_1_other_1s_err,other_1s_err,NA,4
PS2208_1,none,NA,chronData,T2L_PS2208_1_other_type,other_type,NA,4
PS2446_4,none,NA,chronData,T2L_PS2446_4_labcode,labcode,NA,6
PS2446_4,none,NA,chronData,T2L_PS2446_4_depth_bottom,depth_bottom,cm,6
PS2446_4,none,NA,chronData,T2L_PS2446_4_delta_r_original,delta_r_original,NA,6
PS2446_4,none,NA,chronData,T2L_PS2446_4_delta_r_1s_error_original,delta_r_1s_error_original,NA,6
PS2446_4,none,NA,chronData,T2L_PS2446_4_other_date,other_date,NA,6
PS2446_4,none,NA,chronData,T2L_PS2446_4_other_1s_err,other_1s_err,NA,6
PS2446_4,none,NA,chronData,T2L_PS2446_4_other_type,other_type,NA,6
Paidre.Saarse.1995,none,NA,chronData,lc-chRM0eb8knzcaukL1Fc,notes,unitless,3
PaisleyCave2.Jenkins.2013,none,NA,chronData,lc-chRL4D4021cruvRSS3b,thickness,cm,17
PaisleyCave2.Jenkins.2013,none,NA,chronData,lc-chRv0GmWr1Kj68YHsiQ,depth_top,cm,17
PaisleyCave2.Jenkins.2013,none,NA,chronData,lc-chR3NnxmVcmrqpXxSLs,depth_bottom,cm,17
PalacePierSection.author.1111,none,NA,chronData,lc-chRsyILNuACYEmvLM4I,notes,unitless,2
PaleochenaldeNeublans.Gauthier.2001,none,NA,chronData,lc-chRwYXTrRFr2m4JoRLY,notes,unitless,3
Palughetto.Vescovi.2007,none,NA,chronData,lc-chRlv4wSFvPytFFOJk0,notes,unitless,8
Panamint.Hubbs.1965,none,NA,paleoData,OLS_Rw1hnItWyP8,lakeTrend,unitless,32
Pancavskalouka.Speranza.2000,none,NA,chronData,lc-chRovQWzTpETwIVteYD,thickness,cm,29
Pancavskalouka.Speranza.2000,none,NA,chronData,lc-chR2I5U8Q3cvZPPlVyO,notes,unitless,29
Pancavskalouka.Speranza.2000,none,NA,chronData,lc-chRuFZH2J1hMzBl9t19,depth_top,cm,29
Pancavskalouka.Speranza.2000,none,NA,chronData,lc-chRDLMEye0eojUFXC6x,depth_bottom,cm,29
PannelBridge.Waller.1987,none,NA,chronData,lc-chRMzcBJg4uaFb9aCit,notes,unitless,8
PantherPotholes.Prichard.2009,none,NA,chronData,lc-chRE7b1iZzkmMcUBaDI,notes,unitless,14
PanthertownCreekBog.Martin.2014,none,NA,chronData,lc-chRf5ZYVls4fpKk92Tu,notes,unitless,2
ParadiseLake.Lamb.1978,none,NA,chronData,lc-chRT0gzziNZh2OSOTzA,notes,unitless,3
ParadoxLake.Anderson.2006,none,NA,chronData,lc-chRKeW9f4JGbDCMz9A3,notes,unitless,10
Paraisocave.Wang.2017,none,NA,paleoData,S2LRVS7MtKsZet,notes,NA,4383
Paraisocave.Wang.2017,none,NA,chronData,S2LcRj10zfYjfFC,labID,unitless,15
Paraisocave.Wang.2017,none,NA,chronData,S2LcR5ejdR7OjRs,materialDated,unitless,15
Paraisocave.Wang.2017,none,NA,chronData,S2LcRTr3AaRcCIe,retained,unitless,15
Paraisocave.Wang.2017,none,NA,chronData,S2LcRbQCCHz6x8g,decayConstant,unitless,15
Paraisocave.Wang.2017,none,NA,chronData,S2LcRrHJEkVJ76I,age_type,unitless,15
Paraisocave.Wang.2017,none,NA,chronData,S2LcRlxa13VUX3B,labID,unitless,8
Paraisocave.Wang.2017,none,NA,chronData,S2LcRWeU0k199Ca,materialDated,unitless,8
Paraisocave.Wang.2017,none,NA,chronData,S2LcR4LKh0Xd6CT,retained,unitless,8
Paraisocave.Wang.2017,none,NA,chronData,S2LcRqURFahhOLI,decayConstant,unitless,8
Paraisocave.Wang.2017,none,NA,chronData,S2LcRR9q64SmAxk,age_type,unitless,8
Paraisocave.Wang.2017,none,NA,chronData,S2LcRZeiAlkZkxi,labID,unitless,13
Paraisocave.Wang.2017,none,NA,chronData,S2LcRgvodEkXeKt,materialDated,unitless,13
Paraisocave.Wang.2017,none,NA,chronData,S2LcRzbKiCjXVsY,retained,unitless,13
Paraisocave.Wang.2017,none,NA,chronData,S2LcRQnpuByTXRQ,decayConstant,unitless,13
Paraisocave.Wang.2017,none,NA,chronData,S2LcRrSW9nBUSV9,age_type,unitless,13
Paraisocave.Wang.2017,none,NA,chronData,S2LcR7Si7KQuYmN,labID,unitless,42
Paraisocave.Wang.2017,none,NA,chronData,S2LcRX21sthyxxQ,materialDated,unitless,42
Paraisocave.Wang.2017,none,NA,chronData,S2LcRa1fILigNyb,retained,unitless,42
Paraisocave.Wang.2017,none,NA,chronData,S2LcRIVJVhiYqAS,decayConstant,unitless,42
Paraisocave.Wang.2017,none,NA,chronData,S2LcRgFLHLHgnVx,age_type,unitless,42
Paraisocave.Wang.2017,none,NA,chronData,S2LcRMKIiCj1A1v,labID,unitless,3
Paraisocave.Wang.2017,none,NA,chronData,S2LcRQ4WX1h16Gs,materialDated,unitless,3
Paraisocave.Wang.2017,none,NA,chronData,S2LcRUaBNgkNeze,retained,unitless,3
Paraisocave.Wang.2017,none,NA,chronData,S2LcR6J8nfLAMzU,decayConstant,unitless,3
Paraisocave.Wang.2017,none,NA,chronData,S2LcRhni02f0Ea2,age_type,unitless,3
Paraisocave.Wang.2017,none,NA,chronData,S2LcR6uqEVgC2F7,labID,unitless,14
Paraisocave.Wang.2017,none,NA,chronData,S2LcRQExaaV4Dk9,materialDated,unitless,14
Paraisocave.Wang.2017,none,NA,chronData,S2LcRiRwsqHJJ5H,retained,unitless,14
Paraisocave.Wang.2017,none,NA,chronData,S2LcRitlgqU6oC2,decayConstant,unitless,14
Paraisocave.Wang.2017,none,NA,chronData,S2LcRylpbBwhIlv,age_type,unitless,14
Paraisocave.Wang.2017,none,NA,chronData,S2LcRdmcAzUPeYU,labID,unitless,17
Paraisocave.Wang.2017,none,NA,chronData,S2LcR0hmAFsnp8l,materialDated,unitless,17
Paraisocave.Wang.2017,none,NA,chronData,S2LcRREeQuSVHfn,retained,unitless,17
Paraisocave.Wang.2017,none,NA,chronData,S2LcRR9DpNI4FqK,decayConstant,unitless,17
Paraisocave.Wang.2017,none,NA,chronData,S2LcRsp1j3J2V0q,age_type,unitless,17
ParamonovskiiStreamExposure4980.Anderson.2002,none,NA,chronData,lc-chRRzPBGqnzjNNa5lSo,notes,unitless,3
ParcaysurVienne.Cyprien.2006,none,NA,chronData,lc-chR59KFeW4e1nydaoRp,notes,unitless,6
Parika.Niinemets.2002,none,NA,chronData,lc-chRuV7PCV8bVcVuF1ua,notes,unitless,9
ParkPond1.Lynch.1995,none,NA,chronData,lc-chRM6BxqZaajJu2QOWG,notes,unitless,2
ParkPond2.Lynch.1995,none,NA,chronData,lc-chR7YomWuFZpv0Zc8vL,notes,unitless,4
ParkPond2.Lynch.1998,none,NA,chronData,M2Ldlm4m51jC,notes,unitless,4
ParkPond3.Lynch.1995,none,NA,chronData,lc-chRZFgbE0XmITNtF3op,notes,unitless,4
ParkPond3.Lynch.1998,none,NA,chronData,M2LnfgxibzaC,notes,NA,4
ParkhillCreek.author.1111,none,NA,chronData,lc-chRQedGMt8ooE8eBDbu,materialDated,unitless,4
ParkhillCreek.author.1111,none,NA,chronData,lc-chR2OABvchhIof545Pe,notes,unitless,4
PasacacoPond.author.1111,none,NA,chronData,lc-chRX8inzqSXHrmVFZFC,labID,unitless,3
PasacacoPond.author.1111,none,NA,chronData,lc-chRvnECTOiERZzXy1mS,materialDated,unitless,3
PasacacoPond.author.1111,none,NA,chronData,lc-chRoJ1yl0LrCWkCx9qL,thickness,cm,3
PasacacoPond.author.1111,none,NA,chronData,lc-chR5z0NxWadXhLAJgNQ,notes,unitless,3
PasacacoPond.author.1111,none,NA,chronData,lc-chRHXhALbHAjtVFF3SJ,depth_top,cm,3
PasacacoPond.author.1111,none,NA,chronData,lc-chRCdAU5L4TLPHE7o27,depth_bottom,cm,3
PascagoulaMarsh.Hathorn.2008,none,NA,chronData,lc-chRcDLBLv5XNKZASeVM,notes,unitless,5
PasduGu.EPD,none,NA,chronData,cR5wQKESvLutX4cYol,thickness,cm,4
Pataterosbog.DoradoValino.2014,none,NA,chronData,lc-chRizLvLaVFa4z5yQQI,thickness,cm,4
Pataterosbog.DoradoValino.2014,none,NA,chronData,lc-chRcWJMkYgLME2PAYw0,depth_top,cm,4
Pataterosbog.DoradoValino.2014,none,NA,chronData,lc-chRZ15tg8F72rbL8YZm,depth_bottom,cm,4
PathLake.Neil.2014Legacy,none,NA,chronData,lc-chRfkyyNm7JiZ4Skj6P,materialDated,unitless,6
PathLake.Neil.2014Legacy,none,NA,chronData,lc-chR1ljYOQzB7DH9mgVA,notes,unitless,6
PatriciaBayLake.author.1111,none,NA,chronData,lc-chROD5pH801KPLFHMmr,labID,unitless,3
PatriciaBayLake.author.1111,none,NA,chronData,lc-chRmVy7INDdU8iV98ZR,materialDated,unitless,3
PatriciaBayLake.author.1111,none,NA,chronData,lc-chRZU62yB4ooRH7iqnP,notes,unitless,3
PatschkeBog.Camper.1991,none,NA,chronData,lc-chR4IGzu7HmgZDrUFQP,notes,unitless,4
PavlovkaExposure988.Anderson.2002,none,NA,chronData,lc-chRAwxxGR6X3HmsgeW1,notes,unitless,2
PavullonelFrignano.Vescovi.2010,none,NA,chronData,lc-chRBoNJnppBWgw5uH0Y,notes,unitless,10
PawelskiFarm.Robinson.2005,none,NA,chronData,lc-chRc4bj7srEgFXVXv1t,notes,unitless,4
PaynterMarsh.Jackson.1991,none,NA,chronData,lc-chRPUSJ6qkkJylNzmog,notes,unitless,6
PearsonsPond.Adam.1975,none,NA,chronData,lc-chRizlxxhJvNj8csAOs,notes,unitless,3
PeatExposureGlukhoyeLake.Anderson.2002,none,NA,chronData,lc-chRpvzSNdQLySQ8KnRp,notes,unitless,6
PeatbogBegbunar.Lazarova.2009,none,NA,chronData,lc-chR4BVS1b0nWLA4C3gW,notes,unitless,3
PeatsahSection.Roberts.1985,none,NA,chronData,lc-chRAawhmMyBbvNcFemD,notes,unitless,4
PedPond.Edwards.1986,none,NA,chronData,lc-chRK5LyfjfS75vwXAMl,notes,unitless,7
Pedrido.Stefanini.2008,none,NA,chronData,lc-chRfGghXcCQsGeBtyF9,notes,unitless,30
Peggy.McAndrews.NA,none,NA,chronData,M2Lybrkbk2dC,material,NA,3
Peggy.McAndrews.NA,none,NA,chronData,M2Lhs0atnp2C,notes,NA,3
PeggyLake.author.1111,none,NA,chronData,lc-chRVG5CJNewMqmfGXVs,materialDated,unitless,3
PeggyLake.author.1111,none,NA,chronData,lc-chR4tIQdivWBPuH3iqm,notes,unitless,3
Pelleautier.deBeaulieu.1977,none,NA,chronData,lc-chRAa2jgcSOyUwOukPx,materialDated,unitless,2
Pelleautier.deBeaulieu.1977,none,NA,chronData,lc-chR2kG6C02u00RMJlzU,notes,unitless,2
PenaNegra.AbelSchaad.2013,none,NA,chronData,lc-chR1uFMZ2OTUc8CnYkY,thickness,cm,7
PenaNegra.AbelSchaad.2013,none,NA,chronData,lc-chRppNHbfI3VT0GHvPC,notes,unitless,7
PenaNegra.AbelSchaad.2013,none,NA,chronData,lc-chRl2bQykRU5OGip1td,depth_top,cm,7
PenaNegra.AbelSchaad.2013,none,NA,chronData,lc-chR24xPgPbcCyohEUrJ,depth_bottom,cm,7
PenegorLake.Calcote.2003,none,NA,chronData,lc-chRCKMy9e6OnSYk6Lec,notes,unitless,6
PenzhinskayaGulf.Anderson.2002,none,NA,chronData,lc-chR6m7zRvz9RJGrM0yz,notes,unitless,2
PepelnoyeLake.Anderson.2002,none,NA,chronData,lc-chRfG7nfZkZgblo7hb5,notes,unitless,2
PerchLake.Richard.2003,none,NA,chronData,lc-chRllVPTLRE0IfTD0Ye,notes,unitless,8
PerchLake.author.1111,none,NA,chronData,lc-chRsoHbFLtAUSzzpVFo,materialDated,unitless,3
PerchLake.author.1111,none,NA,chronData,lc-chRFXNK6Da5jflc43uf,notes,unitless,3
Pertouli.Athanasiadis.1975,none,NA,chronData,lc-chR6Ys5infS0Q6aejFL,notes,unitless,2
PeschankaExposure155.Anderson.2002,none,NA,chronData,lc-chRdAIFOPsDs4hfCxAU,notes,unitless,3
Pesteana.Farcas.2012,none,NA,chronData,lc-chRxXUYuhzyN8hTQIan,notes,unitless,5
PetersonSlough.Almendinger.1992,none,NA,chronData,lc-chRHNPAS8NYCwSfNqeH,notes,unitless,2
PetitMarais.Marchand.1999,none,NA,chronData,lc-chRJW7g4ShVpuZkfTpj,labID,unitless,6
PetitMarais.Marchand.1999,none,NA,chronData,lc-chRiv1vlsmZJcDGJbTM,materialDated,unitless,6
PetitMarais.Marchand.1999,none,NA,chronData,lc-chRZ63bb9zrxuwb7NTi,thickness,cm,6
PetitMarais.Marchand.1999,none,NA,chronData,lc-chRXNzCYGPFcblGKOcN,notes,unitless,6
PetitMarais.Marchand.1999,none,NA,chronData,lc-chR6MtJazZoZDLkhiwf,depth_top,cm,6
PetitMarais.Marchand.1999,none,NA,chronData,lc-chRhi2GBPvv7mCZU0vJ,depth_bottom,cm,6
PetitRocher.Joly.2006,none,NA,chronData,lc-chRpodNNMEKCIHa9dLa,notes,unitless,8
Petiville.Lespez.2010,none,NA,chronData,lc-chRkdHlCnUno7xirfpR,notes,unitless,4
Petropavlovka.Blyakharchuk.1989,none,NA,chronData,lc-chRgkvqzMc1BPAw1m4w,notes,unitless,4
Peyrelevade.Guenet.1993,none,NA,chronData,lc-chRVi2Qmto5uqjPAety,labID,unitless,5
Peyrelevade.Guenet.1993,none,NA,chronData,lc-chRdM1cEOpNFXREZHTw,materialDated,unitless,5
Peyrelevade.Guenet.1993,none,NA,chronData,lc-chRMQwYgAlkuSDV73d7,notes,unitless,5
Pezou.Cyprien.2006,none,NA,chronData,lc-chRaYZGJC6Ob7vBcEz6,notes,unitless,7
Pfafforetsee.Bendel.2006,none,NA,chronData,lc-chRIHkDWN05uTCLr18X,labID,unitless,17
Pfafforetsee.Bendel.2006,none,NA,chronData,lc-chRY2tW5ZhppPdvCAmU,notes,unitless,17
Pickerel_SD.Watts.1968,none,NA,chronData,M2L2m07mmn0C,notes,NA,5
Pickletillem.Whittington.1991,none,NA,chronData,lc-chRgrcTDfB3kuu2Rbkt,notes,unitless,10
PicodelSertal.EPD,none,NA,chronData,cRSJRDkYobYkwXHJlB,thickness,cm,3
PicodelSertal.Mariscal.1986,none,NA,chronData,lc-chROPNWEOlPeGKIG0XH,thickness,cm,3
PicodelSertal.Mariscal.1986,none,NA,chronData,lc-chRXgRmPQHZZSOh7eNu,notes,unitless,3
PicodelSertal.Mariscal.1986,none,NA,chronData,lc-chR15Up28D1EdFfOjLw,depth_top,cm,3
PicodelSertal.Mariscal.1986,none,NA,chronData,lc-chRYe3XkVrDU4OIH4Hq,depth_bottom,cm,3
PiedLizetenLongeves.Visset.1987,none,NA,chronData,lc-chRk2z7ltKc8nibcAMC,notes,unitless,2
PiermontMarsh.Pederson.2005,none,NA,chronData,lc-chRnovQyCDk9H5Xb7da,labID,unitless,9
PiermontMarsh.Pederson.2005,none,NA,chronData,lc-chRquhgmC9y35CReEPS,notes,unitless,9
PierreFolle.EPD,none,NA,chronData,cRcbyhMwk2fU5IgdJT,thickness,cm,3
PigeonMarsh.Watts.1975,none,NA,chronData,lc-chRIBJSYsgIUxiefc3C,notes,unitless,4
PillermoosUntergurgl.Bortenschlager.1984,none,NA,chronData,lc-chRuHYHBgdOgzN2X2PS,notes,unitless,5
PillonGsteigDiablerets.vanderKnaap.1997,none,NA,chronData,lc-chRe65eoBkvz6GxXffk,notes,unitless,10
PilotMoundSite.Kim.1986,none,NA,chronData,lc-chRKfOaemmFKFqnsG1l,materialDated,unitless,5
PilotMoundSite.Kim.1986,none,NA,chronData,lc-chRKaIvvwZbRuDtC3Ui,thickness,cm,5
PilotMoundSite.Kim.1986,none,NA,chronData,lc-chRDem0jGnrd3T6C5Ct,notes,unitless,5
PilotMoundSite.Kim.1986,none,NA,chronData,lc-chR2GpEgfP7t83D16QY,depth_top,cm,5
PilotMoundSite.Kim.1986,none,NA,chronData,lc-chR5WUUgIH8eaa5D1J7,depth_bottom,cm,5
Pinarbasi.Bottema.1984,none,NA,chronData,lc-chRhDLVA8IByE60LIh7,notes,unitless,3
Pingwang.Innes.2014,none,NA,chronData,lc-chRkyZsrlr66BkNyRyV,labID,unitless,5
Pingwang.Innes.2014,none,NA,chronData,lc-chRVtmTIcDuu7ffGXCN,materialDated,unitless,5
Pingwang.Innes.2014,none,NA,chronData,lc-chRbwxrCyDVxGnod8T6,notes,unitless,5
PinhookBog.Futyma.1984,none,NA,chronData,lc-chRBOszwoQbkaPFqlAs,notes,unitless,6
PinkLake.Mott.1978,none,NA,chronData,lc-chRTJVOKXj5gnUmcnQs,materialDated,unitless,3
PinkLake.Mott.1978,none,NA,chronData,lc-chRnhIJOTdMZlxAbQay,notes,unitless,3
PinkPanthercave.Asmerom.2007,none,NA,chronData,S2LcRx7ElciOMCf,labID,unitless,48
PinkPanthercave.Asmerom.2007,none,NA,chronData,S2LcRKRL5wYPf8L,materialDated,unitless,48
PinkPanthercave.Asmerom.2007,none,NA,chronData,S2LcRC2DZbKT80z,retained,unitless,48
PinkPanthercave.Asmerom.2007,none,NA,chronData,S2LcRUFqcjaW6QU,decayConstant,unitless,48
PinkPanthercave.Asmerom.2007,none,NA,chronData,S2LcRHn5pZqkGYU,age_type,unitless,48
PintlerLake.BrunelleDaines.2002,none,NA,chronData,lc-chRv0vdGbq1lZry7kqs,notes,unitless,8
PittsburgBasin.Coleman.1972,none,NA,chronData,lc-chRmvnwt9XKBwUBikNL,notes,unitless,5
PixieLake.Brown.2002,none,NA,chronData,lc-chR6Q4XMwCKAaARqryW,notes,unitless,8
PlaceduCommerce.Visset.1989,none,NA,chronData,lc-chRXfR04Tk8ADJENWdk,notes,unitless,8
PlaineAlpe.EPD,none,NA,chronData,cRxW3rBCOmVhfzRw1R,thickness,cm,2
PlanduLaus.deBeaulieu.1977,none,NA,chronData,lc-chRd7jipSRuIhZu3XR2,materialDated,unitless,7
PlanduLaus.deBeaulieu.1977,none,NA,chronData,lc-chRcFcYNZtjoyQF8TtH,notes,unitless,7
PlateaudePrarion.deBeaulieu.1992,none,NA,chronData,lc-chRcdgMitGBgaLgpsp3,materialDated,unitless,5
PlateaudePrarion.deBeaulieu.1992,none,NA,chronData,lc-chR0MbEH9O2YpHicZeE,notes,unitless,5
PlesheevoLake.Sudakova.1984,none,NA,chronData,lc-chRQYRM2yLBYX7c9Ptu,notes,unitless,2
Plesnejezero.Jankovska.2006,none,NA,chronData,lc-chRr0XIj2FCnA0DcXAG,notes,unitless,11
PodkovaLake.Anderson.2002,none,NA,chronData,lc-chRIejBbYBCzH8w7JeD,notes,unitless,6
PogoniaBogPond.Swain.1979,none,NA,chronData,lc-chRSgviUo5d5DGW9Foe,notes,unitless,7
PointEscuminac.Warner.1991Legacy,none,NA,chronData,lc-chRD7Rl9roXmwRiLsCf,notes,unitless,23
PokegamaBay.Nurse.2017,none,NA,chronData,lc-chRzqMeCmprt3z8ikqz,labID,unitless,14
PokegamaBay.Nurse.2017,none,NA,chronData,lc-chRpL8mGcqCAPZFP7pL,materialDated,unitless,14
PokegamaBay.Nurse.2017,none,NA,chronData,lc-chRuP6rpk3Ll7WfTvxy,thickness,cm,14
PokegamaBay.Nurse.2017,none,NA,chronData,lc-chREct1q6tWRs8dKyyp,notes,unitless,14
PokegamaBay.Nurse.2017,none,NA,chronData,lc-chRwWaADUf7IBJltKno,depth_top,cm,14
PokegamaBay.Nurse.2017,none,NA,chronData,lc-chRbvE4nsyQtdzXXojj,depth_bottom,cm,14
PolandSpringPond.author.1111,none,NA,chronData,lc-chR6rqNpcr2IuF3BvrH,notes,unitless,11
Poloske.Zatyko.2007,none,NA,chronData,lc-chRcpsQhU8M6H9Z62Ii,materialDated,unitless,3
Poloske.Zatyko.2007,none,NA,chronData,lc-chRPQSaFMGz7pYjXnSH,thickness,cm,3
Poloske.Zatyko.2007,none,NA,chronData,lc-chRKq3HTTrsp1vKWvwq,notes,unitless,3
Poloske.Zatyko.2007,none,NA,chronData,lc-chRMgdsqmwCvbKX40O2,depth_top,cm,3
Poloske.Zatyko.2007,none,NA,chronData,lc-chRpre1nVqBImEKkZR8,depth_bottom,cm,3
PoolsCovePond.Vardy.1991,none,NA,chronData,lc-chRiZraBleDLFAcdjXT,notes,unitless,2
PopovoEzero.Stefanova.1995,none,NA,chronData,lc-chRjHpeEG8zkxbdIbPH,notes,unitless,3
Popradskepleso.Carter.2020,none,NA,chronData,lc-chRWndRXj8hmtJwiFlE,notes,unitless,14
Popradskepleso.Rybnickova.2006,none,NA,chronData,lc-chRGsXNz6kRlPttGxSs,materialDated,unitless,7
Popradskepleso.Rybnickova.2006,none,NA,chronData,lc-chRksa2ftt3eKrv5dHo,notes,unitless,7
PorcupineMountain.Nichols.1969,none,NA,chronData,lc-chRky8bWQeoij2fgJHQ,notes,unitless,7
Porphyry.Brown.2002,none,NA,chronData,M2L7eu31rosC,notes,NA,4
PorphyryLake.Brown.2002,none,NA,chronData,lc-chRnA0i1bnGOnwJ7YKf,notes,unitless,4
PorquiPond.McAndrews.NA,none,NA,chronData,M2L7fmic45bC,material,NA,3
PorquiPond.McAndrews.NA,none,NA,chronData,M2Lg7r4v32qC,notes,NA,3
PorquiPond.author.1111,none,NA,chronData,lc-chRVcRzAwooJUaZUJ03,materialDated,unitless,4
PorquiPond.author.1111,none,NA,chronData,lc-chRaOicC9ZvWISBBlXN,notes,unitless,4
PortLaCroix.Delalande.2004,none,NA,chronData,lc-chRLX7FyD3gZxRnRiMi,notes,unitless,6
PortMcNeillBog.Lacourse.2015,none,NA,chronData,lc-chRQajsT2fRHJohBZfy,notes,unitless,7
PortageBog.Anderson.1980,none,NA,chronData,M2L46gykqf4C,notes,NA,3
PortageBog.Anderson.1980Legacy,none,NA,chronData,lc-chRlVL7Yond55mWAPPY,notes,unitless,3
PortageLake.Anderson.2006,none,NA,chronData,lc-chRbVRBHtCDB9y5E9HL,notes,unitless,6
PortageLake.McAndrews.NA,none,NA,chronData,M2Le8ubj4mwC,notes,NA,3
PortageLake.author.1111,none,NA,chronData,lc-chRPuhU2JIPJywfOivO,notes,unitless,3
PortageMarsh.Singer.1996,none,NA,chronData,lc-chRwdSkjcoWLnkLtf9H,notes,unitless,4
PortalesValley.Leonard.1975,none,NA,paleoData,OLS_RIC6q3ztR00,lakeTrend,unitless,32
PortdesLamberts.JouffroyBapicot.2010,none,NA,chronData,lc-chRaiOo4EByc0s2Mm09,notes,unitless,4
PosidoniaLligat.LopezSaez.2009,none,NA,chronData,lc-chRg0x1Tbewlc30NNkI,labID,unitless,5
PosidoniaLligat.LopezSaez.2009,none,NA,chronData,lc-chRNV3lDezoBfMxycZD,thickness,cm,5
PosidoniaLligat.LopezSaez.2009,none,NA,chronData,lc-chRJlATMW5pQiyt3Lzd,notes,unitless,5
PosidoniaLligat.LopezSaez.2009,none,NA,chronData,lc-chR4CI9RUEEksEdOMQR,depth_top,cm,5
PosidoniaLligat.LopezSaez.2009,none,NA,chronData,lc-chRRmDI4qa5r6kRuUpT,depth_bottom,cm,5
PosyLake.Shafer.1989,none,NA,chronData,lc-chRLGfzWzR5PzPgwxWY,notes,unitless,4
PosyetBay.Anderson.2002,none,NA,chronData,lc-chRJlvW3YIMFeXcETJZ,notes,unitless,9
PotatoLake.Anderson.1989,none,NA,chronData,lc-chRx0BvziLJpz5OI1ql,notes,unitless,7
PoteryannyZub.Gervais.2002,none,NA,chronData,lc-chRtKBbTVcdkKXjYW1L,notes,unitless,10
PottsMountainPond.Bender.1979,none,NA,chronData,lc-chRMcVLNSpUmuurpC8M,notes,unitless,5
Poukawa.Mcglone.1978,none,NA,paleoData,OLS_RbzrJ3hPf0e,lakeTrend,unitless,32
PowersFortSwale.Royall.1988,none,NA,chronData,lc-chRNAWgMOKqGkibPPaW,notes,unitless,9
PoyangLakeZK2.Wu.1999,none,NA,chronData,lc-chRolGIYD3fDzPxDWqO,labID,unitless,6
PoyangLakeZK2.Wu.1999,none,NA,chronData,lc-chR6snV4WE1IQxrkJXj,thickness,cm,6
PoyangLakeZK2.Wu.1999,none,NA,chronData,lc-chRgDH4z1fmmm7ug9SE,notes,unitless,6
PoyangLakeZK2.Wu.1999,none,NA,chronData,lc-chR5OOKFnNoomVVVNIg,depth_top,cm,6
PoyangLakeZK2.Wu.1999,none,NA,chronData,lc-chRKPdS6rV2YjKQxoTo,depth_bottom,cm,6
PrazRodet.Shotyk.1997,none,NA,chronData,cRlGqVsnMPsXgi9eHv,thickness,cm,50
PrazRodet.vanderKnaap.2000,none,NA,chronData,lc-chRSeEGlIxLR65rAiEs,notes,unitless,16
PreRond.EPD,none,NA,chronData,cRHgLZSf7EHTmOLqO4,thickness,cm,3
PrelucaTiganului.Feurdean.2005,none,NA,chronData,lc-chR6eVYoM6J6OHQWp47,notes,unitless,14
PrestonLake.author.1111,none,NA,chronData,lc-chRafdYZ2g9gJZAw3dK,notes,unitless,5
PrettyLake.Williams.1974,none,NA,chronData,lc-chRicP1eDpU3Em6FjKe,notes,unitless,16
PrienLake.Fearn.1995,none,NA,chronData,lc-chRlF5pLzbj556fbJT9,notes,unitless,3
PriyatnoyeLake.Anderson.2002,none,NA,chronData,lc-chRFukkRY5NZjlk1JM8,notes,unitless,6
Pryskyricnydul.Abraham.2008,none,NA,chronData,lc-chRMI0x1jkrbjTtwbWS,materialDated,unitless,8
Pryskyricnydul.Abraham.2008,none,NA,chronData,lc-chRKRIji2nDYn0WzZYw,thickness,cm,8
Pryskyricnydul.Abraham.2008,none,NA,chronData,lc-chRUIqJdVZut9QX8odL,notes,unitless,8
Pryskyricnydul.Abraham.2008,none,NA,chronData,lc-chR2IzmD15slF3VR5zi,depth_top,cm,8
Pryskyricnydul.Abraham.2008,none,NA,chronData,lc-chRQDZhrcpHD1Q7bEQ0,depth_bottom,cm,8
Ptichje.Elina.1981,none,NA,chronData,lc-chRb3tvJlxPVfn5ju1P,notes,unitless,2
PuertodeBelate.Penalba.1989,none,NA,chronData,lc-chRmle6CI5sJyBjJEgE,materialDated,unitless,3
PuertodeBelate.Penalba.1989,none,NA,chronData,lc-chRPZOHwS3spBVGf8tD,notes,unitless,3
PuertodeLosTornos.Penalba.1989Legacy,none,NA,chronData,lc-chRnIx34KalTUvsKhxF,materialDated,unitless,4
PuertodeLosTornos.Penalba.1989Legacy,none,NA,chronData,lc-chRtiC4NczcM4rK1HJk,notes,unitless,4
PuertodeSerranillos.LopezMerino.2009,none,NA,chronData,lc-chREPufdPFQnkqLHsdo,notes,unitless,5
PuertodelasEstacasdeTrueba.Mariscal.1989,none,NA,chronData,lc-chRAVI4boHjofZ5z56K,thickness,cm,3
PuertodelasEstacasdeTrueba.Mariscal.1989,none,NA,chronData,lc-chRUUCf2YMPIzlod3Xh,notes,unitless,3
PuertodelasEstacasdeTrueba.Mariscal.1989,none,NA,chronData,lc-chR91MLGokNLs1tPcQv,depth_top,cm,3
PuertodelasEstacasdeTrueba.Mariscal.1989,none,NA,chronData,lc-chRZnJZmY2GhEhnU7kr,depth_bottom,cm,3
Punozerka.EPD,none,NA,chronData,cRZIRLjUENNbeiVeSR,thickness,cm,2
Punozerka.EPD,none,NA,chronData,cRGqmYM0yai3sM6ESJ,labID,unitless,2
PurTazPeatland.Peteet.1998,none,NA,chronData,lc-chRbQSotdc5dZ9VV7ty,notes,unitless,5
PusciznaRekowianska.Obidowicz.1993Legacy,none,NA,chronData,lc-chRiDPRtp0Pq4U5hF6R,notes,unitless,9
PuyukLake.Ager.1980,none,NA,chronData,lc-chRneYoQOnryFeNyblR,materialDated,unitless,3
PuyukLake.Ager.1980,none,NA,chronData,lc-chRrnqKsazxyyjkVn5A,notes,unitless,3
PyattsLake.Mustaphi.2014,none,NA,chronData,lc-chRbL5QPe8smcDQmSZo,notes,unitless,6
PyleSite.Shane.1987,none,NA,chronData,lc-chRy2rdFaCR6bIMSakJ,notes,unitless,7
PyramidLake.Benson.2001,none,NA,chronData,LPD2da8b1e0,1 sigma or 2 sigma?,unitless,47
PyramidLake.Benson.2001,none,NA,chronData,LPDd41a1414,Calibration used,unitless,47
PyrolaLake.Hebda.1997,none,NA,chronData,lc-chRCek5xCmjHomwGlvE,notes,unitless,3
Qaidam.Qi.1981,none,NA,paleoData,OLS_RJciFwiUnXA,lakeTrend,unitless,32
Qidong.Liu.1992,none,NA,chronData,lc-chR64zhQl242HDdPoav,labID,unitless,8
Qidong.Liu.1992,none,NA,chronData,lc-chRfBnJsHEEgVZm1eL4,thickness,cm,8
Qidong.Liu.1992,none,NA,chronData,lc-chR6U4nljmphE6b6OoW,notes,unitless,8
Qidong.Liu.1992,none,NA,chronData,lc-chRb692vN29faEU5JX8,depth_top,cm,8
Qidong.Liu.1992,none,NA,chronData,lc-chR99gDUmsE04PQ3DhP,depth_bottom,cm,8
QigaiNuur.Sun.2013,none,NA,chronData,lc-chRJTrqhyCCRlBmLEvC,notes,unitless,18
QiganhuLake.Hu.2016,none,NA,chronData,lc-chRG2BTiyoSfvSQx75e,labID,unitless,5
QiganhuLake.Hu.2016,none,NA,chronData,lc-chRMzXbDO6pI1jLf9fY,thickness,cm,5
QiganhuLake.Hu.2016,none,NA,chronData,lc-chRxfyb8ooNYXPgLrm5,notes,unitless,5
QiganhuLake.Hu.2016,none,NA,chronData,lc-chRGSvEgKswKcUNOlwt,depth_top,cm,5
QiganhuLake.Hu.2016,none,NA,chronData,lc-chR21yg2fcnPcv18zBE,depth_bottom,cm,5
Qindeli.Xia.1988,none,NA,chronData,lc-chR4BCOjdKXsb80w5M7,labID,unitless,11
Qindeli.Xia.1988,none,NA,chronData,lc-chRHQdL02949uLYKK6O,notes,unitless,11
Qinghai.Kelts.PERS.COMM.,none,NA,paleoData,OLS_RDkqQPY32lQ,lakeTrend,unitless,32
QuartduBois.JouffroyBapicot.2010,none,NA,chronData,lc-chRwqj0DvjlXSs0ce1J,notes,unitless,3
QueensLake.MacDonald.1993,none,NA,chronData,lc-chROxnzGGfvC0cns66u,notes,unitless,5
QuicksandPond.Watts.1970,none,NA,chronData,lc-chRppAORiHej9GhGLe0,notes,unitless,2
QuillinSite.Shane.1987,none,NA,chronData,lc-chRK51MkSaQGeZpoXpn,notes,unitless,9
QuintanardelaSierra.Penalba.1989,none,NA,chronData,lc-chR6jsvN4c3o1yYU5un,thickness,cm,15
QuintanardelaSierra.Penalba.1989,none,NA,chronData,lc-chRarq73ultadFLJxkC,notes,unitless,15
QuintanardelaSierra.Penalba.1989,none,NA,chronData,lc-chR3DUMBioC5XMlB7fT,depth_top,cm,15
QuintanardelaSierra.Penalba.1989,none,NA,chronData,lc-chRs7NjZancW15rUIJq,depth_bottom,cm,15
Qunfcave.Fleitmann.2007,none,NA,chronData,S2LcR7X8ZxRfYld,materialDated,unitless,18
Qunfcave.Fleitmann.2007,none,NA,chronData,S2LcR0f6FAeweIm,retained,unitless,18
Qunfcave.Fleitmann.2007,none,NA,chronData,S2LcRQHLpazlmij,decayConstant,unitless,18
Qunfcave.Fleitmann.2007,none,NA,chronData,S2LcRp3UlvzhCS1,age_type,unitless,18
RAPiD_10_1P,none,NA,chronData,T2L_RAPiD_10_1P_depth_bottom,depth_bottom,cm,10
RAPiD_10_1P,none,NA,chronData,T2L_RAPiD_10_1P_delta_r_1s_error_original,delta_r_1s_error_original,yr BP,10
RAPiD_12_1K.Thornalley.2010,none,NA,chronData,T2L_RAPiD_12_1K_delta_r_1s_error_original,delta_r_1s_error_original,NA,13
RAPiD_12_1K.Thornalley.2010,none,NA,chronData,T2L_RAPiD_12_1K_other_date,other_date,NA,13
RAPiD_12_1K.Thornalley.2010,none,NA,chronData,T2L_RAPiD_12_1K_other_1s_err,other_1s_err,NA,13
RAPiD_12_1K.Thornalley.2010,none,NA,chronData,T2L_RAPiD_12_1K_other_type,other_type,NA,13
RAPiD_15_4P,none,NA,chronData,T2L_RAPiD_15_4P_depth_bottom,depth_bottom,cm,18
RAPiD_15_4P,none,NA,chronData,T2L_RAPiD_15_4P_delta_r_1s_error_original,delta_r_1s_error_original,unitless,18
RC08_102,none,NA,chronData,T2L_RC08_102_depth_bottom,depth_bottom,cm,3
RC08_102,none,NA,chronData,T2L_RC08_102_delta_r_1s_error_original,delta_r_1s_error_original,NA,3
RC08_102,none,NA,chronData,T2L_RC08_102_other_date,other_date,NA,3
RC08_102,none,NA,chronData,T2L_RC08_102_other_1s_err,other_1s_err,NA,3
RC08_102,none,NA,chronData,T2L_RC08_102_other_type,other_type,NA,3
RC11_238,none,NA,chronData,T2L_RC11_238_labcode,labcode,NA,4
RC11_238,none,NA,chronData,T2L_RC11_238_depth_bottom,depth_bottom,cm,4
RC11_238,none,NA,chronData,T2L_RC11_238_delta_r_1s_error_original,delta_r_1s_error_original,NA,4
RC11_238,none,NA,chronData,T2L_RC11_238_other_date,other_date,NA,4
RC11_238,none,NA,chronData,T2L_RC11_238_other_1s_err,other_1s_err,NA,4
RC11_238,none,NA,chronData,T2L_RC11_238_other_type,other_type,NA,4
RC11_83,none,NA,chronData,T2L_RC11_83_depth_bottom,depth_bottom,cm,14
RC11_83,none,NA,chronData,T2L_RC11_83_delta_r_1s_error_original,delta_r_1s_error_original,NA,14
RC11_83,none,NA,chronData,T2L_RC11_83_other_date,other_date,NA,14
RC11_83,none,NA,chronData,T2L_RC11_83_other_1s_err,other_1s_err,NA,14
RC11_83,none,NA,chronData,T2L_RC11_83_other_type,other_type,NA,14
RC13_140,none,NA,chronData,T2L_RC13_140_depth_bottom,depth_bottom,cm,4
RC13_140,none,NA,chronData,T2L_RC13_140_delta_r_1s_error_original,delta_r_1s_error_original,NA,4
RC13_140,none,NA,chronData,T2L_RC13_140_other_date,other_date,NA,4
RC13_140,none,NA,chronData,T2L_RC13_140_other_1s_err,other_1s_err,NA,4
RC13_140,none,NA,chronData,T2L_RC13_140_other_type,other_type,NA,4
RC24_08GC.Arbuszewski.2013,none,NA,chronData,T2L_RC24_08GC_depth_bottom,depth_bottom,cm,16
RC24_08GC.Arbuszewski.2013,none,NA,chronData,T2L_RC24_08GC_delta_r_original,delta_r_original,NA,16
RC24_08GC.Arbuszewski.2013,none,NA,chronData,T2L_RC24_08GC_delta_r_1s_error_original,delta_r_1s_error_original,NA,16
RC24_08GC.Arbuszewski.2013,none,NA,chronData,T2L_RC24_08GC_other_date,other_date,NA,16
RC24_08GC.Arbuszewski.2013,none,NA,chronData,T2L_RC24_08GC_other_1s_err,other_1s_err,NA,16
RC24_08GC.Arbuszewski.2013,none,NA,chronData,T2L_RC24_08GC_other_type,other_type,NA,16
RC24_11G,none,NA,chronData,T2L_RC24_11G_labcode,labcode,NA,5
RC24_11G,none,NA,chronData,T2L_RC24_11G_depth_bottom,depth_bottom,cm,5
RC24_11G,none,NA,chronData,T2L_RC24_11G_delta_r_original,delta_r_original,NA,5
RC24_11G,none,NA,chronData,T2L_RC24_11G_delta_r_1s_error_original,delta_r_1s_error_original,NA,5
RC24_11G,none,NA,chronData,T2L_RC24_11G_other_1s_err,other_1s_err,NA,5
RC27_14,none,NA,chronData,T2L_RC27_14_labcode,labcode,NA,10
RC27_14,none,NA,chronData,T2L_RC27_14_depth_bottom,depth_bottom,cm,10
RC27_14,none,NA,chronData,T2L_RC27_14_delta_r_1s_error_original,delta_r_1s_error_original,NA,10
RC27_14,none,NA,chronData,T2L_RC27_14_other_date,other_date,NA,10
RC27_14,none,NA,chronData,T2L_RC27_14_other_1s_err,other_1s_err,NA,10
RC27_14,none,NA,chronData,T2L_RC27_14_other_type,other_type,NA,10
RC27_23.Overpeck.1996,none,NA,chronData,T2L_RC27_23_labcode,labcode,NA,19
RC27_23.Overpeck.1996,none,NA,chronData,T2L_RC27_23_depth_bottom,depth_bottom,cm,19
RC27_23.Overpeck.1996,none,NA,chronData,T2L_RC27_23_delta_r_1s_error_original,delta_r_1s_error_original,NA,19
RC27_23.Overpeck.1996,none,NA,chronData,T2L_RC27_23_other_date,other_date,NA,19
RC27_23.Overpeck.1996,none,NA,chronData,T2L_RC27_23_other_1s_err,other_1s_err,NA,19
RC27_23.Overpeck.1996,none,NA,chronData,T2L_RC27_23_other_type,other_type,NA,19
RC27_28.Overpeck.1996,none,NA,chronData,T2L_RC27_28_labcode,labcode,NA,13
RC27_28.Overpeck.1996,none,NA,chronData,T2L_RC27_28_depth_bottom,depth_bottom,cm,13
RC27_28.Overpeck.1996,none,NA,chronData,T2L_RC27_28_delta_r_1s_error_original,delta_r_1s_error_original,NA,13
RC27_28.Overpeck.1996,none,NA,chronData,T2L_RC27_28_other_date,other_date,NA,13
RC27_28.Overpeck.1996,none,NA,chronData,T2L_RC27_28_other_1s_err,other_1s_err,NA,13
RC27_28.Overpeck.1996,none,NA,chronData,T2L_RC27_28_other_type,other_type,NA,13
RLake.McAndrews.1982,none,NA,chronData,lc-chRqjyCUZbMFJKJcE1E,notes,unitless,2
RaLake.MacDonald.1984,none,NA,chronData,lc-chRjMWy9QexTbtSNgER,notes,unitless,3
RadtkeLake.Webb.1983,none,NA,chronData,lc-chR0ZmrhWzcWPcExPQJ,materialDated,unitless,7
RadtkeLake.Webb.1983,none,NA,chronData,lc-chRvuKGXbZAoU822yEF,thickness,cm,7
RadtkeLake.Webb.1983,none,NA,chronData,lc-chROTl2CvnDGzPQUpPM,notes,unitless,7
RadtkeLake.Webb.1983,none,NA,chronData,lc-chRZOjTeejhKxy7BwMv,depth_top,cm,7
RadtkeLake.Webb.1983,none,NA,chronData,lc-chRDQTAqkBm85EDzXY9,depth_bottom,cm,7
RaigastvereLake.Pirrus.1987Legacy,none,NA,chronData,lc-chRHFPp6aiDFiBgk6jt,notes,unitless,11
RainbowLake.Rust.2020,none,NA,chronData,lc-chRPZtUVo9UtSuOmrkt,notes,unitless,13
Ramsay.Mott.1978,none,NA,chronData,M2Lz4nujy57C,material,NA,5
Ramsay.Mott.1978,none,NA,chronData,M2Lsoj1q3rdC,notes,NA,5
RamsayLake.Mott.1978,none,NA,chronData,lc-chRIMw95LhEXNLRLE1Y,materialDated,unitless,5
RamsayLake.Mott.1978,none,NA,chronData,lc-chR6f7Uq2bDIgcZMTdO,notes,unitless,5
RanViken.EPD,none,NA,chronData,cRLg7ZehZLGnH07WA4,thickness,cm,6
RanViken.EPD,none,NA,chronData,cRL2ba8CudpPJJDFcg,labID,unitless,6
RangerLake.Brubaker.1983,none,NA,chronData,lc-chRAvR75Nhg8gf6kmPt,notes,unitless,9
RapidLake.Fall.1988,none,NA,chronData,lc-chRYVlTirTuKMWa546G,notes,unitless,5
RasberryBog.author.1111,none,NA,chronData,lc-chRNE0rqlRtIqZ3aEmz,notes,unitless,3
Ratasjoen.Velle.2005Legacy,none,NA,chronData,lc-chRDmXoajqXwpY9t2Qs,notes,unitless,10
Rattuvarri.Eronen.1982,none,NA,chronData,lc-chR68W0KXVGXdcoYWG1,notes,unitless,6
RayburnsDome.Kolb.1981,none,NA,chronData,lc-chRVGrjuWCxjZ6C4F3Z,labID,unitless,4
RayburnsDome.Kolb.1981,none,NA,chronData,lc-chR18xKY1UkHP0FGKhz,materialDated,unitless,4
RayburnsDome.Kolb.1981,none,NA,chronData,lc-chRFv5BqMuZDRi6B7Zv,thickness,cm,4
RayburnsDome.Kolb.1981,none,NA,chronData,lc-chRfDYnQtv5lmZKlw29,depth_top,cm,4
RayburnsDome.Kolb.1981,none,NA,chronData,lc-chRYm9dp23rHoWWcYdL,depth_bottom,cm,4
RebelLake.Ager.1985,none,NA,chronData,lc-chRVpXrPhKEEEoRQHTl,notes,unitless,5
Redondo.Brubaker.1983,none,NA,chronData,M2Ladyfc8rlC,notes,unitless,2
RedondoLake.Brubaker.1983,none,NA,chronData,lc-chRNcsg1qGsS6Mheubc,notes,unitless,2
RedrockLake.MaherJr.1973,none,NA,chronData,lc-chRnBsp402cimIYk2TR,materialDated,unitless,10
RedrockLake.MaherJr.1973,none,NA,chronData,lc-chRjmxvLhJs1NvEgTBT,notes,unitless,10
Redstone.Brubaker.1985,none,NA,chronData,M2Layxend04C,notes,NA,4
RedstoneLake.Edwards.1985,none,NA,chronData,lc-chRP11aiSiKtbx7lyvi,notes,unitless,5
ReenadinnaWood.Mitchell.1990,none,NA,chronData,lc-chRhoGnrPX3YFPEHH3w,materialDated,unitless,3
ReenadinnaWood.Mitchell.1990,none,NA,chronData,lc-chR247dDojL1bmf2aYu,notes,unitless,3
Regetovka.Wacnik.1995,none,NA,chronData,lc-chRDAUmOU6WASc7JIrS,notes,unitless,4
ReidelLake.AlmquistJacobson.1992,none,NA,chronData,lc-chRyGw3sxAA1Xe2vTF3,notes,unitless,7
Reiersdalvann.Birks.2007,none,NA,chronData,lc-chRC6Lw4Yp2drXriw0k,notes,unitless,7
ReindeerLake.Spear.1993,none,NA,chronData,lc-chRbXZNF0yHzYmOROkg,notes,unitless,5
Reviers.Lespez.2008,none,NA,chronData,lc-chRmDhwoJUBEdEwQADN,notes,unitless,3
Rezabinec.Rybnickova.1985,none,NA,chronData,lc-chR61VNEiUWAGlV4eDV,notes,unitless,9
Reze.Cyprien.2001,none,NA,chronData,lc-chRqVN3zIxHBBeSAxnC,notes,unitless,3
Rezinamarsh.Willis.1992,none,NA,chronData,lc-chRvops4EicqLH1nL0Q,labID,unitless,8
Rezinamarsh.Willis.1992,none,NA,chronData,lc-chRcUbtkUrMsyiRc0w4,thickness,cm,8
Rezinamarsh.Willis.1992,none,NA,chronData,lc-chRcB491237FhyfPvuA,notes,unitless,8
Rezinamarsh.Willis.1992,none,NA,chronData,lc-chRnqMrvhB6e3uMhdcq,depth_top,cm,8
Rezinamarsh.Willis.1992,none,NA,chronData,lc-chRp1fRApJJbyuTbAAW,depth_bottom,cm,8
Rhiz.Commelin.1980,none,NA,paleoData,OLS_R2LbPkxXSGu,lakeTrend,unitless,32
RhuleFen.Shane.1993,none,NA,chronData,lc-chRLk7LyChObGU330GR,notes,unitless,5
RiaLagartos.CarrilloBastos.2013,none,NA,chronData,lc-chRP4kHOinwCem2y0pi,notes,unitless,3
RiaLagartos2.AragonMoreno.2012,none,NA,chronData,lc-chRtNtfCrI3gnYmL5tq,notes,unitless,4
Riabelais.Cyprien.2007,none,NA,chronData,lc-chRGTyJphORROv30hfX,notes,unitless,6
Ribnoe.Kvavadze.1996,none,NA,chronData,lc-chRpOn629M5wKHDGtUm,notes,unitless,3
RiceLake.McAndrews.1994,none,NA,chronData,lc-chRe1GfJIcHecViAZC1,notes,unitless,3
RiceLake.Yu.1994,none,NA,chronData,lc-chRss6QaClIwbbr7knM,notes,unitless,4
RidgeandSlough02052013.Bernhardt.2009,none,NA,chronData,lc-chRQ8vpOVA7pDzYhhFj,notes,unitless,4
RidgeandSlough02052014.Bernhardt.2009,none,NA,chronData,lc-chRSZTi62Vb6VMURlPt,notes,unitless,2
RidgeandSlough0205212.Bernhardt.2009,none,NA,chronData,lc-chRQCG98PRIM7RGdiOT,notes,unitless,3
RidgeandSlough0205214.Bernhardt.2009,none,NA,chronData,lc-chRksb400BjFbAQqtTi,notes,unitless,3
RidgeandSlough0205215.Bernhardt.2009,none,NA,chronData,lc-chRgqoDIZoQzYPDLAcv,notes,unitless,3
Rinderplatz.EPD,none,NA,chronData,cRBemPeOGXWpqL1ncn,thickness,cm,7
Rinderplatz.Seiwald.1980,none,NA,chronData,lc-chRteGKQqKq5SvpHzPA,notes,unitless,4
RiviereFeuilles1.Larouche.1981,none,NA,chronData,M2L8prfdktvC,notes,NA,3
RiviereauxFeuilles1.Richard.1981,none,NA,chronData,lc-chRu6sAHaGUgnMjHAtn,notes,unitless,3
RiviereauxFeuilles2.Richard.1981,none,NA,chronData,lc-chRltmpOF2HnbOW1YnW,notes,unitless,6
RobertsCreekAB44.Baker.1992,none,NA,chronData,lc-chRq9ZlKNJMNiAcfN3o,thickness,cm,2
RobertsCreekAB44.Baker.1992,none,NA,chronData,lc-chRNxb5UJqpV5zUZSDg,depth_top,cm,2
RobertsCreekAB44.Baker.1992,none,NA,chronData,lc-chRTLpmCvss2wZtzkfX,depth_bottom,cm,2
RobertsCreekAB51.Baker.1992,none,NA,paleoData,lcRLTeRy0xgHLLu3v1F,temperature,degC,2
RobertsCreekAB51.Baker.1992,none,NA,paleoData,lcRzwBW9I5Nu0484wQu,uncertainty,degC,2
RobertsCreekAB51.Baker.1992,none,NA,paleoData,lcRCBAVXx94L64NDA5P,temperature,degC,2
RobertsCreekAB51.Baker.1992,none,NA,paleoData,lcRyyHXU3fhXPhqbBVl,uncertainty,degC,2
RobertsCreekAB51.Baker.1992,none,NA,paleoData,lcRTSudFJyhnMbWfm72,uncertainty,mm/yr,2
RobertsCreekAB51.Baker.1992,none,NA,chronData,lc-chRC1kKtrQOSvpsNKAr,thickness,cm,2
RobertsCreekAB51.Baker.1992,none,NA,chronData,lc-chRBYEHlho2wIBp3Vjd,depth_top,cm,2
RobertsCreekAB51.Baker.1992,none,NA,chronData,lc-chRDCMSKMjYOuGIkwVn,depth_bottom,cm,2
RobinsonsPond.author.1111,none,NA,chronData,lc-chRzliZ7JJmRhAHd9Rs,materialDated,unitless,2
RobinsonsPond.author.1111,none,NA,chronData,lc-chRoNQLMIHfUu5zNera,notes,unitless,2
RockIslandLake.Lozhkin.1993,none,NA,chronData,lc-chRs6tJuPbnv7Cyes8b,notes,unitless,2
RockyhockBay.Whitehead.1981,none,NA,chronData,lc-chREzqNtwPBYQhSh30G,materialDated,unitless,13
RockyhockBay.Whitehead.1981,none,NA,chronData,lc-chRtdYkZjn75f6zMpDi,thickness,cm,13
RockyhockBay.Whitehead.1981,none,NA,chronData,lc-chRbdqQ88ONoPxF1Dyf,notes,unitless,13
RockyhockBay.Whitehead.1981,none,NA,chronData,lc-chRa3jj4BdwwFIJUH3U,depth_top,cm,13
RockyhockBay.Whitehead.1981,none,NA,chronData,lc-chRPi8B2De1cMSV9H4j,depth_bottom,cm,13
RodenbourgBretzboesh.Couteaux.1969,none,NA,chronData,lc-chROSD1H1ttS4LirrY2,notes,unitless,3
RogersLake.Davis.1967,none,NA,chronData,lc-chRa6ZajfeFUTC9mY2j,notes,unitless,54
RoqueIslandHollow.Schauffler.1998,none,NA,chronData,lc-chRhuifIVU2YHvZUVpS,notes,unitless,8
RoquetasdeMar.Yll.1994,none,NA,chronData,lc-chRuiJRdwtnuQ3nGEkc,materialDated,unitless,3
RoquetasdeMar.Yll.1994,none,NA,chronData,lc-chRqHOzy2TrifsH1rTb,thickness,cm,3
RoquetasdeMar.Yll.1994,none,NA,chronData,lc-chRfEdqTA1ar1yM7N7U,notes,unitless,3
RoquetasdeMar.Yll.1994,none,NA,chronData,lc-chRXTohbUgTCqEuS2oR,depth_top,cm,3
RoquetasdeMar.Yll.1994,none,NA,chronData,lc-chRfGnNiuenH2P0cQDP,depth_bottom,cm,3
RoseLake.Cotter.1981,none,NA,chronData,lc-chR2UPgZyVgn8vLzLwf,materialDated,unitless,2
RoseLake.Cotter.1981,none,NA,chronData,lc-chRwneSN8SWiEi55wny,notes,unitless,2
RoseSwamp.Dibb.1985,none,NA,chronData,lc-chRPOLFgMbWo1FQP7qP,materialDated,unitless,2
RoseSwamp.Dibb.1985,none,NA,chronData,lc-chR3ywjg3qoe0NnLxGH,notes,unitless,2
Rosebud.Watts.1966,none,NA,paleoData,OLS_RQuieA0aTFU,lakeTrend,unitless,32
Rosebud.Watts.1966Legacy,none,NA,chronData,lc-chRNmSR8q9jWjnsGBqu,notes,unitless,2
RossPond.Kellogg.1991,none,NA,chronData,lc-chRsc8EB9DAGQwUBykA,notes,unitless,6
RossburgBog.WrightJr.1969,none,NA,chronData,lc-chR0owsrmJ6zkXL9FVG,materialDated,unitless,3
RossburgBog.WrightJr.1969,none,NA,chronData,lc-chRyVKNiCOMX136wUzi,notes,unitless,3
RostockMammothSite.McAndrews.1988,none,NA,chronData,lc-chRm4gDTRMPBGHUihd9,notes,unitless,3
Rotmoos-Eriz.EPD,none,NA,chronData,cRYcK2UNvSCEsHmi4w,thickness,cm,5
Rotmoos-Eriz.EPD,none,NA,chronData,cRZMPWyu0XuHTDEpSX,labID,unitless,5
RotmoosObergurgl.Bortenschlager.1970,none,NA,chronData,lc-chRNF2S6qE93GXmtZHN,notes,unitless,7
Rotsee.Lotter.1988,none,NA,chronData,lc-chRCUljYgSOwQudKS8F,notes,unitless,4
RoundPond.Clark.2010,none,NA,chronData,lc-chR1juq9oH1uZW6suiI,labID,unitless,2
RoundPond.Clark.2010,none,NA,chronData,lc-chRnw7Xru4Qtnjh9IhX,thickness,cm,2
RoundPond.Clark.2010,none,NA,chronData,lc-chRsFFUjZmriYybua4z,notes,unitless,2
RoundPond.Clark.2010,none,NA,chronData,lc-chRLcGAljuMgiQ0xUmE,depth_top,cm,2
RoundPond.Clark.2010,none,NA,chronData,lc-chRcAndMXSZYYRFiy0E,depth_bottom,cm,2
RoundPond.Parshall.2002,none,NA,chronData,lc-chRDByoITJqXy1X2K8n,notes,unitless,13
RoundPond.author.1111,none,NA,chronData,lc-chRjBPvMBClV3UVJxlB,materialDated,unitless,2
RoundPond.author.1111,none,NA,chronData,lc-chRERzult39gtgdZEN9,notes,unitless,2
Roztoki.Harmata.1987,none,NA,chronData,lc-chRmR1E51n8Hkkds4Kr,notes,unitless,3
RubalKhali.Mcclure.1976,none,NA,paleoData,OLS_RIs3K1FxXrf,lakeTrend,unitless,32
RubalKhali.Mcclure.1984,none,NA,paleoData,OLS_RrlCVU6rA5i,lakeTrend,unitless,32
RubalKhali.Whitney.1983,none,NA,paleoData,OLS_R9oGymGGHtR,lakeTrend,unitless,32
RubyMarsh.Thompson.1984,none,NA,chronData,lc-chRoLumYZUv8X0J6LrL,labID,unitless,25
RubyMarsh.Thompson.1984,none,NA,chronData,lc-chRWGxQdrOxtwvbjq3Q,notes,unitless,25
Rugozero.Elina.1981,none,NA,chronData,lc-chRJiHqpO5zdW6DDyw4,notes,unitless,2
Rukatunturi.Hicks.1974,none,NA,chronData,lc-chR7rvBBDSByaGzFI9k,notes,unitless,2
Rukwa.Clark.1970,none,NA,paleoData,OLS_RYKDoHMyldq,lakeTrend,unitless,32
RuppertLake.Brubaker.1983,none,NA,chronData,lc-chRkiaYi2RiNCcVZVbV,notes,unitless,10
RuppertLake.Higuera.2006,none,NA,chronData,lc-chR5bzsvlDy3QK9xKWs,notes,unitless,17
RyazanovkaExposure.Anderson.2002,none,NA,chronData,lc-chREN73dPlNNo0iRcN1,notes,unitless,3
RyerseLake.author.1111,none,NA,chronData,lc-chRSFalLh4DxiW4PrM6,labID,unitless,6
RyerseLake.author.1111,none,NA,chronData,lc-chRdCk7vE5xpgjBzr6z,materialDated,unitless,6
RyerseLake.author.1111,none,NA,chronData,lc-chR7EXmiqu6haHRFLtU,thickness,cm,6
RyerseLake.author.1111,none,NA,chronData,lc-chRixBjFtKdPIwNTi6F,notes,unitless,6
RyerseLake.author.1111,none,NA,chronData,lc-chRtZkhBvehKxFCCS4O,depth_top,cm,6
RyerseLake.author.1111,none,NA,chronData,lc-chRZkFXTTXRkSJjmBCg,depth_bottom,cm,6
Rynholec.Pokorny.2005,none,NA,chronData,lc-chRuyo7Ybv7jgmT97aC,thickness,cm,4
Rynholec.Pokorny.2005,none,NA,chronData,lc-chRQ99hd9JYo3ul4Xck,notes,unitless,4
Rynholec.Pokorny.2005,none,NA,chronData,lc-chRiVexxaDgFiiwXhmU,depth_top,cm,4
Rynholec.Pokorny.2005,none,NA,chronData,lc-chR6QTRs6QBnMUf2z4C,depth_bottom,cm,4
Ryonansuo.Rankama.1988,none,NA,chronData,lc-chR6kCBs7jLCI4SzgkU,notes,unitless,8
SC1Pond.Pellatt.1997,none,NA,chronData,lc-chRGcACrNKrp1UZRfRb,notes,unitless,3
SCS90_36,none,NA,chronData,T2L_SCS90_36_labcode,labcode,NA,8
SCS90_36,none,NA,chronData,T2L_SCS90_36_depth_bottom,depth_bottom,cm,8
SCS90_36,none,NA,chronData,T2L_SCS90_36_delta_r_original,delta_r_original,NA,8
SCS90_36,none,NA,chronData,T2L_SCS90_36_delta_r_1s_error_original,delta_r_1s_error_original,NA,8
SCS90_36,none,NA,chronData,T2L_SCS90_36_other_date,other_date,NA,8
SCS90_36,none,NA,chronData,T2L_SCS90_36_other_1s_err,other_1s_err,NA,8
SCS90_36,none,NA,chronData,T2L_SCS90_36_other_type,other_type,NA,8
SK157_4,none,NA,chronData,T2L_SK157_4_labcode,labcode,NA,4
SK157_4,none,NA,chronData,T2L_SK157_4_depth_bottom,depth_bottom,cm,4
SK157_4,none,NA,chronData,T2L_SK157_4_delta_r_original,delta_r_original,NA,4
SK157_4,none,NA,chronData,T2L_SK157_4_delta_r_1s_error_original,delta_r_1s_error_original,NA,4
SK157_4,none,NA,chronData,T2L_SK157_4_other_date,other_date,NA,4
SK157_4,none,NA,chronData,T2L_SK157_4_other_1s_err,other_1s_err,NA,4
SK157_4,none,NA,chronData,T2L_SK157_4_other_type,other_type,NA,4
SK168_GC1,none,NA,chronData,T2L_SK168_GC1_delta_r_1s_error_original,delta_r_1s_error_original,NA,5
SK168_GC1,none,NA,chronData,T2L_SK168_GC1_other_date,other_date,NA,5
SK168_GC1,none,NA,chronData,T2L_SK168_GC1_other_1s_err,other_1s_err,NA,5
SK168_GC1,none,NA,chronData,T2L_SK168_GC1_other_type,other_type,NA,5
SK237_GC04.Saraswat.2013,none,NA,chronData,T2L_SK237_GC04_other_date,other_date,unitless,9
SK237_GC04.Saraswat.2013,none,NA,chronData,T2L_SK237_GC04_other_1s_err,other_1s_err,unitless,9
SK237_GC04.Saraswat.2013,none,NA,chronData,T2L_SK237_GC04_other_type,other_type,unitless,9
SL13TEAG,none,NA,chronData,chron4_gL405J9H,fractionModern,unitless,5
SL13TEAG,none,NA,chronData,chron5_WeWgqsWA,fractionModernUncertainty,unitless,5
SL13TEAG,none,NA,chronData,chron6_Ns4nL15W,delta13C,permil,5
SL13TEAG,none,NA,chronData,chron7_NgbOEnGX,delta13Cuncertainty,permil,5
SL13TEAG,none,NA,chronData,chron8_7SXrpbuh,thickness,cm,5
SL13TEAG,none,NA,chronData,chron11_nNiwHJr6,activity,Bq g-1,5
SL13TEAG,none,NA,chronData,chron12_56gi1abl,activityUncertainty,Bq g-1,5
SL13TEAG,none,NA,chronData,chron13_RCyqSHp5,supportedActivity,unitless,5
SL13TEAG,none,NA,chronData,chron14_D10ufnnf,x210PbModel,unitless,5
SL13TEAG,none,NA,chronData,chron16_szv4hTMz,SD,yr BP,5
SL13TEAG,none,NA,chronData,chron17_4qULdwxK,reservoirAge14C,yr14C BP,5
SL13TEAG,none,NA,chronData,chron18_BlDvwJXM,reservoirAge14CUncertainty,yr14C BP,5
SL13TEAK,none,NA,chronData,chron4_AdzEdMD1,fractionModern,unitless,8
SL13TEAK,none,NA,chronData,chron5_Im3sczt4,fractionModernUncertainty,unitless,8
SL13TEAK,none,NA,chronData,chron6_qckQWYGr,delta13C,permil,8
SL13TEAK,none,NA,chronData,chron7_PAr9MOOX,delta13Cuncertainty,permil,8
SL13TEAK,none,NA,chronData,chron8_pzRCEvCO,thickness,cm,8
SL13TEAK,none,NA,chronData,chron11_mj5HztzK,activity,Bq g-1,8
SL13TEAK,none,NA,chronData,chron12_qOHTYIca,activityUncertainty,Bq g-1,8
SL13TEAK,none,NA,chronData,chron13_eeA2wynj,supportedActivity,unitless,8
SL13TEAK,none,NA,chronData,chron14_0Ue08L3l,x210PbModel,unitless,8
SL13TEAK,none,NA,chronData,chron16_ZOBteqLd,SD,yr BP,8
SL13TEAK,none,NA,chronData,chron17_zlpPKXZz,reservoirAge14C,yr14C BP,8
SL13TEAK,none,NA,chronData,chron18_WJhXpoWo,reservoirAge14CUncertainty,yr14C BP,8
SO136_GC11.Barrows.2007,none,NA,chronData,T2L_SO136_GC11_labcode,labcode,NA,13
SO136_GC11.Barrows.2007,none,NA,chronData,T2L_SO136_GC11_delta_r_1s_error_original,delta_r_1s_error_original,NA,13
SO136_GC11.Barrows.2007,none,NA,chronData,T2L_SO136_GC11_other_date,other_date,NA,13
SO136_GC11.Barrows.2007,none,NA,chronData,T2L_SO136_GC11_other_1s_err,other_1s_err,NA,13
SO136_GC11.Barrows.2007,none,NA,chronData,T2L_SO136_GC11_other_type,other_type,NA,13
SO189_039KL.Mohtadi.2014,none,NA,chronData,T2L_SO189_039KL_depth_bottom,depth_bottom,cm,112
SO189_039KL.Mohtadi.2014,none,NA,chronData,T2L_SO189_039KL_delta_r_original,delta_r_original,unitless,112
SO189_039KL.Mohtadi.2014,none,NA,chronData,T2L_SO189_039KL_delta_r_1s_error_original,delta_r_1s_error_original,unitless,112
SO189_039KL.Mohtadi.2014,none,NA,chronData,T2L_SO189_039KL_other_date,other_date,unitless,112
SO189_039KL.Mohtadi.2014,none,NA,chronData,T2L_SO189_039KL_other_1s_err,other_1s_err,unitless,112
SO189_039KL.Mohtadi.2014,none,NA,chronData,T2L_SO189_039KL_other_type,other_type,unitless,112
SO189_119KL.Mohtadi.2014,none,NA,chronData,T2L_SO189_119KL_depth_bottom,depth_bottom,cm,14
SO189_119KL.Mohtadi.2014,none,NA,chronData,T2L_SO189_119KL_delta_r_original,delta_r_original,unitless,14
SO189_119KL.Mohtadi.2014,none,NA,chronData,T2L_SO189_119KL_delta_r_1s_error_original,delta_r_1s_error_original,unitless,14
SO189_119KL.Mohtadi.2014,none,NA,chronData,T2L_SO189_119KL_other_date,other_date,unitless,14
SO189_119KL.Mohtadi.2014,none,NA,chronData,T2L_SO189_119KL_other_1s_err,other_1s_err,unitless,14
SO189_119KL.Mohtadi.2014,none,NA,chronData,T2L_SO189_119KL_other_type,other_type,unitless,14
SO189_144KL.Mohtadi.2014,none,NA,chronData,T2L_SO189_144KL_depth_bottom,depth_bottom,cm,36
SO189_144KL.Mohtadi.2014,none,NA,chronData,T2L_SO189_144KL_delta_r_original,delta_r_original,unitless,36
SO189_144KL.Mohtadi.2014,none,NA,chronData,T2L_SO189_144KL_delta_r_1s_error_original,delta_r_1s_error_original,unitless,36
SO189_144KL.Mohtadi.2014,none,NA,chronData,T2L_SO189_144KL_other_date,other_date,unitless,36
SO189_144KL.Mohtadi.2014,none,NA,chronData,T2L_SO189_144KL_other_1s_err,other_1s_err,unitless,36
SO189_144KL.Mohtadi.2014,none,NA,chronData,T2L_SO189_144KL_other_type,other_type,unitless,36
SO201_2_101,none,NA,chronData,T2L_SO201_2_101_depth_bottom,depth_bottom,cm,3
SO201_2_101,none,NA,chronData,T2L_SO201_2_101_delta_r_1s_error_original,delta_r_1s_error_original,NA,3
SO201_2_101,none,NA,chronData,T2L_SO201_2_101_other_date,other_date,NA,3
SO201_2_101,none,NA,chronData,T2L_SO201_2_101_other_1s_err,other_1s_err,NA,3
SO201_2_101,none,NA,chronData,T2L_SO201_2_101_other_type,other_type,NA,3
SO201_2_114,none,NA,chronData,T2L_SO201_2_114_delta_r_1s_error_original,delta_r_1s_error_original,NA,4
SO201_2_114,none,NA,chronData,T2L_SO201_2_114_other_date,other_date,NA,4
SO201_2_114,none,NA,chronData,T2L_SO201_2_114_other_1s_err,other_1s_err,NA,4
SO201_2_114,none,NA,chronData,T2L_SO201_2_114_other_type,other_type,NA,4
SO201_2_12,none,NA,chronData,T2L_SO201_2_12_depth_bottom,depth_bottom,cm,9
SO201_2_12,none,NA,chronData,T2L_SO201_2_12_delta_r_1s_error_original,delta_r_1s_error_original,NA,9
SO201_2_12,none,NA,chronData,T2L_SO201_2_12_other_date,other_date,NA,9
SO201_2_12,none,NA,chronData,T2L_SO201_2_12_other_1s_err,other_1s_err,NA,9
SO201_2_12,none,NA,chronData,T2L_SO201_2_12_other_type,other_type,NA,9
SO201_2_77,none,NA,chronData,T2L_SO201_2_77_depth_bottom,depth_bottom,cm,3
SO201_2_77,none,NA,chronData,T2L_SO201_2_77_delta_r_1s_error_original,delta_r_1s_error_original,NA,3
SO201_2_77,none,NA,chronData,T2L_SO201_2_77_other_date,other_date,NA,3
SO201_2_77,none,NA,chronData,T2L_SO201_2_77_other_1s_err,other_1s_err,NA,3
SO201_2_77,none,NA,chronData,T2L_SO201_2_77_other_type,other_type,NA,3
SO201_2_85,none,NA,chronData,T2L_SO201_2_85_depth_bottom,depth_bottom,cm,7
SO201_2_85,none,NA,chronData,T2L_SO201_2_85_delta_r_1s_error_original,delta_r_1s_error_original,NA,7
SO201_2_85,none,NA,chronData,T2L_SO201_2_85_other_date,other_date,NA,7
SO201_2_85,none,NA,chronData,T2L_SO201_2_85_other_1s_err,other_1s_err,NA,7
SO201_2_85,none,NA,chronData,T2L_SO201_2_85_other_type,other_type,NA,7
SO90_63KA.Staubwasser.2003,none,NA,chronData,T2L_SO90_63KA_labcode,labcode,NA,80
SO90_63KA.Staubwasser.2003,none,NA,chronData,T2L_SO90_63KA_depth_bottom,depth_bottom,cm,80
SO90_63KA.Staubwasser.2003,none,NA,chronData,T2L_SO90_63KA_other_date,other_date,NA,80
SO90_63KA.Staubwasser.2003,none,NA,chronData,T2L_SO90_63KA_other_1s_err,other_1s_err,NA,80
SO90_63KA.Staubwasser.2003,none,NA,chronData,T2L_SO90_63KA_other_type,other_type,NA,80
SP03BMIL,none,NA,paleoData,SP03BMIL01A_d13C,d13C,permil,1404
SP04DEUS,none,NA,chronData,chron5_0lyuLmLw,U238_error,ppb,3
SP04DEUS,none,NA,chronData,chron7_nFQEV7h8,Th232_error,ppt,3
SP05CRBR,none,NA,chronData,chron3_nO45OJB4,weight,mg,20
SP05CRBR,none,NA,chronData,chron4_BSX83atC,U238,ppb,20
SP05CRBR,none,NA,chronData,chron5_kv6Hmxpy,U238_error,ppb,20
SP05CRBR,none,NA,chronData,chron6_JN8A2juy,Th232,ppt,20
SP05CRBR,none,NA,chronData,chron7_gmRGOdhW,Th232_error,ppt,20
SP05CRBR,none,NA,chronData,chron13_eDRx1Zf7,Thratio_error,ppm,20
SP05CRBR,none,NA,chronData,chron14_9vCP3RW1,AgeUncorrected,years ago,20
SP05CRBR,none,NA,chronData,chron15_JOzvvrsv,AgeUncorr_error,yrs,20
SP05CRBR,none,NA,chronData,chron20_kMJoWa4C,depthtopPb,mm,20
SP05CRBR,none,NA,chronData,chron21_vyfftnxs,depthbottomPb,mm,20
SP05CRBR,none,NA,chronData,chron22_aEZe14RW,Pb210excess,dpm/g,20
SP05CRBR,none,NA,chronData,chron23_ExAfl4Ww,Pb210_error,dpm/g,20
SP05CRBR,none,NA,chronData,chron24_aFXHIG3c,depthtopCs,mm,20
SP05CRBR,none,NA,chronData,chron25_Wa6izg1h,depthbottomCs,mm,20
SP05CRBR,none,NA,chronData,chron26_ayQtar1r,Cs137gamactivity,Bq/g,20
SP05CRBR,none,NA,chronData,chron27_sWM8Lp0H,Cs137_error,Bq/g,20
SP05CRBR,none,NA,chronData,chron28_o2Y3tW7v,analysisYear,AD,20
SP06DYCN,none,NA,chronData,chron3_Wo2TDZPy,weight,mg,45
SP06DYCN,none,NA,chronData,chron12_4riu0FOo,Th230_Th232ratio,ppm,45
SP06DYCN,none,NA,chronData,chron13_bSiuUYXm,Thratio_error,ppm,45
SP06DYCN,none,NA,chronData,chron20_wyNP3tDC,depthtopPb,mm,45
SP06DYCN,none,NA,chronData,chron21_uHsNIkWo,depthbottomPb,mm,45
SP06DYCN,none,NA,chronData,chron22_sXiuQf6h,Pb210excess,dpm/g,45
SP06DYCN,none,NA,chronData,chron23_RAD73QsI,Pb210_error,dpm/g,45
SP06DYCN,none,NA,chronData,chron24_7yB178iu,depthtopCs,mm,45
SP06DYCN,none,NA,chronData,chron25_rTF5BgbP,depthbottomCs,mm,45
SP06DYCN,none,NA,chronData,chron26_oVqDVnku,Cs137gamactivity,Bq/g,45
SP06DYCN,none,NA,chronData,chron27_RaAyN13h,Cs137_error,Bq/g,45
SP07ASUS,none,NA,chronData,chron3_JDOHsLlr,weight,mg,48
SP07ASUS,none,NA,chronData,chron20_dF5grEP5,depthtopPb,mm,48
SP07ASUS,none,NA,chronData,chron21_1PX6ADZR,depthbottomPb,mm,48
SP07ASUS,none,NA,chronData,chron22_vP4jfknx,Pb210excess,dpm/g,48
SP07ASUS,none,NA,chronData,chron23_or6aRUWA,Pb210_error,dpm/g,48
SP07ASUS,none,NA,chronData,chron24_qMwdcRPP,depthtopCs,mm,48
SP07ASUS,none,NA,chronData,chron25_RDYRrR6I,depthbottomCs,mm,48
SP07ASUS,none,NA,chronData,chron26_aZ72b8Pv,Cs137gamactivity,Bq/g,48
SP07ASUS,none,NA,chronData,chron27_ESNLlkUT,Cs137_error,Bq/g,48
SP07DEUS,none,NA,chronData,chron3_5fu2iJYw,weight,mg,9
SP07DEUS,none,NA,chronData,chron5_4laQ1j9L,U238_error,ppb,9
SP07DEUS,none,NA,chronData,chron7_UZwA4ulg,Th232_error,ppt,9
SP07DEUS,none,NA,chronData,chron10_cDOypfF9,Th230_U238activity,activity,9
SP07DEUS,none,NA,chronData,chron11_wS8Nhedl,U_Thactivity_error,NA,9
SP07DEUS,none,NA,chronData,chron18_xldiGSyM,dU234initial,(ratio),9
SP07DEUS,none,NA,chronData,chron19_4gxnI2Zr,dU234i_error,NA,9
SP07DEUS,none,NA,chronData,chron20_NSyMe6yl,depthtopPb,mm,9
SP07DEUS,none,NA,chronData,chron21_uq8nmH7w,depthbottomPb,mm,9
SP07DEUS,none,NA,chronData,chron22_ve5buvnz,Pb210excess,dpm/g,9
SP07DEUS,none,NA,chronData,chron23_azufpncP,Pb210_error,dpm/g,9
SP07DEUS,none,NA,chronData,chron24_WbZc7SK5,depthtopCs,mm,9
SP07DEUS,none,NA,chronData,chron25_FdxhThJX,depthbottomCs,mm,9
SP07DEUS,none,NA,chronData,chron26_qp9xXNU4,Cs137gamactivity,Bq/g,9
SP07DEUS,none,NA,chronData,chron27_L6NTXmNi,Cs137_error,Bq/g,9
SP07DEUS,none,NA,chronData,chron28_dqPBIbet,analysisYear,AD,9
SP07FLOM,none,NA,chronData,chron3_WZHy9B0D,weight,mg,78
SP07FLOM,none,NA,chronData,chron6_DrMvb8tZ,Th232,ppt,78
SP07FLOM,none,NA,chronData,chron7_ojPv1rNf,Th232_error,ppt,78
SP07FLOM,none,NA,chronData,chron14_H2FUwLc1,AgeUncorrected,years ago,78
SP07FLOM,none,NA,chronData,chron15_rUGkBBHA,AgeUncorr_error,yrs,78
SP07FLOM,none,NA,chronData,chron18_jxfhuYur,dU234initial,(ratio),78
SP07FLOM,none,NA,chronData,chron19_y19TrdoB,dU234i_error,NA,78
SP07FLOM,none,NA,chronData,chron20_kCHS0qKT,depthtopPb,mm,78
SP07FLOM,none,NA,chronData,chron21_Lk75r7Ax,depthbottomPb,mm,78
SP07FLOM,none,NA,chronData,chron22_4WgMj8Hk,Pb210excess,dpm/g,78
SP07FLOM,none,NA,chronData,chron23_gq4Foqyo,Pb210_error,dpm/g,78
SP07FLOM,none,NA,chronData,chron24_uklLYLSD,depthtopCs,mm,78
SP07FLOM,none,NA,chronData,chron25_xhIrJ8ld,depthbottomCs,mm,78
SP07FLOM,none,NA,chronData,chron26_9dAONZTF,Cs137gamactivity,Bq/g,78
SP07FLOM,none,NA,chronData,chron27_pENlNYre,Cs137_error,Bq/g,78
SP07FLOM,none,NA,chronData,chron28_JJM72r7f,analysisYear,AD,78
SP07WABR,none,NA,chronData,chron12_Ph9Fg6f1,Th230_Th232ratio,ppm,16
SP07WABR,none,NA,chronData,chron13_nYjdtgcE,Thratio_error,ppm,16
SP07WABR,none,NA,chronData,chron20_l9SKv4Kc,depthtopPb,mm,16
SP07WABR,none,NA,chronData,chron21_pVDKrJh1,depthbottomPb,mm,16
SP07WABR,none,NA,chronData,chron22_qBFIDrme,Pb210excess,dpm/g,16
SP07WABR,none,NA,chronData,chron23_M9ctud1l,Pb210_error,dpm/g,16
SP07WABR,none,NA,chronData,chron24_0E9MRTe5,depthtopCs,mm,16
SP07WABR,none,NA,chronData,chron25_FsLAjxwQ,depthbottomCs,mm,16
SP07WABR,none,NA,chronData,chron26_tfbPyqtQ,Cs137gamactivity,Bq/g,16
SP07WABR,none,NA,chronData,chron27_2bdKTZIX,Cs137_error,Bq/g,16
SP07WABR,none,NA,chronData,chron28_lSuBOdMd,analysisYear,AD,16
SP08SPUS,none,NA,chronData,chron3_iRKTGnfy,weight,mg,14
SP08SPUS,none,NA,chronData,chron20_N1ALgFZL,depthtopPb,mm,14
SP08SPUS,none,NA,chronData,chron21_iA1xhgsm,depthbottomPb,mm,14
SP08SPUS,none,NA,chronData,chron22_1AvD3voB,Pb210excess,dpm/g,14
SP08SPUS,none,NA,chronData,chron23_0S9FNHVN,Pb210_error,dpm/g,14
SP08SPUS,none,NA,chronData,chron24_Je2FPGNb,depthtopCs,mm,14
SP08SPUS,none,NA,chronData,chron25_3o34PgBW,depthbottomCs,mm,14
SP08SPUS,none,NA,chronData,chron26_cZYdEmAm,Cs137gamactivity,Bq/g,14
SP08SPUS,none,NA,chronData,chron27_hnAGJC07,Cs137_error,Bq/g,14
SP08SPUS,none,NA,chronData,chron28_9dllyzwT,analysisYear,AD,14
SP09GRID,none,NA,chronData,chron5_uoKUTyUa,U238_error,ppb,62
SP09GRID,none,NA,chronData,chron8_33plOIsW,d234U,(ratio),62
SP09GRID,none,NA,chronData,chron9_S6tyDc7O,d234U_error,NA,62
SP09GRID,none,NA,chronData,chron13_kanYrOtu,Thratio_error,ppm,62
SP09REPE,none,NA,chronData,chron1_9xphLcvd,depthUTh,mm,10
SP09REPE,none,NA,chronData,chron3_u3EDAa5Z,weight,mg,10
SP09REPE,none,NA,chronData,chron18_RVD5yo5v,dU234initial,(ratio),10
SP09REPE,none,NA,chronData,chron19_iXK01Z2H,dU234i_error,NA,10
SP09REPE,none,NA,chronData,chron20_RQh11xOw,depthtopPb,mm,10
SP09REPE,none,NA,chronData,chron21_ODvZausC,depthbottomPb,mm,10
SP09REPE,none,NA,chronData,chron22_x2E0AeKD,Pb210excess,dpm/g,10
SP09REPE,none,NA,chronData,chron23_me9VGIqQ,Pb210_error,dpm/g,10
SP09REPE,none,NA,chronData,chron24_unXORo1P,depthtopCs,mm,10
SP09REPE,none,NA,chronData,chron25_5gHf0xQ0,depthbottomCs,mm,10
SP09REPE,none,NA,chronData,chron26_AXaluMka,Cs137gamactivity,Bq/g,10
SP09REPE,none,NA,chronData,chron27_pgOMKkJC,Cs137_error,Bq/g,10
SP09REPE,none,NA,chronData,chron28_Y0nCkbiW,analysisYear,AD,10
SP10CACN,none,NA,chronData,chron2_vFVvM61Y,SampleID,NA,38
SP10HAUS,none,NA,chronData,chron2_CgDjTHZU,SampleID,NA,42
SP10MEMX,none,NA,chronData,chron3_tLMegYPZ,weight,NA,12
SP10MEMX,none,NA,chronData,chron8_1N1LjQIH,d234U,(ratio),12
SP10MEMX,none,NA,chronData,chron9_h5YUjlEf,d234U_error,NA,12
SP10MEMX,none,NA,chronData,chron18_YnX4zpyU,dU234initial,(ratio),12
SP10MEMX,none,NA,chronData,chron19_SreFbV4m,dU234i_error,NA,12
SP10MEMX,none,NA,chronData,chron20_CR7V2Fm1,depthtopPb,mm,12
SP10MEMX,none,NA,chronData,chron21_s5y1a7b9,depthbottomPb,mm,12
SP10MEMX,none,NA,chronData,chron22_fPq6cPBO,Pb210excess,dpm/g,12
SP10MEMX,none,NA,chronData,chron23_lV4rUbT5,Pb210_error,dpm/g,12
SP10MEMX,none,NA,chronData,chron24_CjLvVWnZ,depthtopCs,mm,12
SP10MEMX,none,NA,chronData,chron25_EczUTiQL,depthbottomCs,mm,12
SP10MEMX,none,NA,chronData,chron26_oCo5bSEV,Cs137gamactivity,Bq/g,12
SP10MEMX,none,NA,chronData,chron27_gg3oH8QR,Cs137_error,Bq/g,12
SP10MEMX,none,NA,chronData,chron28_fxbBVhCY,analysisYear,AD,12
SP12FOAT,none,NA,chronData,chron2_oypXtDaq,SampleID,NA,10
SP12LAMX,none,NA,chronData,chron2_TKCx06kz,SampleID,NA,20
SP12LAMX,none,NA,chronData,chron3_MjMF4SwP,weight,mg,20
SP12LAMX,none,NA,chronData,chron20_DauTXwPI,depthtopPb,mm,20
SP12LAMX,none,NA,chronData,chron21_GBlj3N6v,depthbottomPb,mm,20
SP12LAMX,none,NA,chronData,chron22_aHvawDNB,Pb210excess,dpm/g,20
SP12LAMX,none,NA,chronData,chron23_QtcwKdgp,Pb210_error,dpm/g,20
SP12LAMX,none,NA,chronData,chron24_RmxPTLT5,depthtopCs,mm,20
SP12LAMX,none,NA,chronData,chron25_tI6io3tm,depthbottomCs,mm,20
SP12LAMX,none,NA,chronData,chron26_e6u5ZuED,Cs137gamactivity,Bq/g,20
SP12LAMX,none,NA,chronData,chron27_abfEtEUz,Cs137_error,Bq/g,20
SP12LAMX,none,NA,chronData,chron28_n8rAZ3D7,analysisYear,AD,20
SP12NOBR,none,NA,chronData,chron3_M8pvD91A,weight,mg,30
SP12NOBR,none,NA,chronData,chron20_rr1i7Uxi,depthtopPb,mm,30
SP12NOBR,none,NA,chronData,chron21_uWNpNfb7,depthbottomPb,mm,30
SP12NOBR,none,NA,chronData,chron22_jJUxz4h8,Pb210excess,dpm/g,30
SP12NOBR,none,NA,chronData,chron23_JjTkJq67,Pb210_error,dpm/g,30
SP12NOBR,none,NA,chronData,chron24_A5LhKja3,depthtopCs,mm,30
SP12NOBR,none,NA,chronData,chron25_C87VfrFz,depthbottomCs,mm,30
SP12NOBR,none,NA,chronData,chron26_p3VI6BsQ,Cs137gamactivity,Bq/g,30
SP12NOBR,none,NA,chronData,chron27_yxrV7mPQ,Cs137_error,Bq/g,30
SP13KAPE,none,NA,chronData,chron3_cc7xYFze,weight,mg,26
SP13KAPE,none,NA,chronData,chron20_lPnAps6K,depthtopPb,mm,26
SP13KAPE,none,NA,chronData,chron21_0H4dht6Y,depthbottomPb,mm,26
SP13KAPE,none,NA,chronData,chron22_hxVTEJLf,Pb210excess,dpm/g,26
SP13KAPE,none,NA,chronData,chron23_5Z3D0Gg3,Pb210_error,dpm/g,26
SP13KAPE,none,NA,chronData,chron24_zodb7P4j,depthtopCs,mm,26
SP13KAPE,none,NA,chronData,chron25_Shi9FM0Z,depthbottomCs,mm,26
SP13KAPE,none,NA,chronData,chron26_1m5GHYs1,Cs137gamactivity,Bq/g,26
SP13KAPE,none,NA,chronData,chron27_Q2UIVYyO,Cs137_error,Bq/g,26
SP13KAPE,none,NA,chronData,chron28_U4EXerLG,analysisYear,AD,26
SP13LAMX,none,NA,chronData,chron2_e6eYAhD2,SampleID,NA,20
SP13LAMX,none,NA,chronData,chron3_i5j5n4Xv,weight,mg,20
SP13LAMX,none,NA,chronData,chron20_FoXc1LJP,depthtopPb,mm,20
SP13LAMX,none,NA,chronData,chron21_WdFZsyZJ,depthbottomPb,mm,20
SP13LAMX,none,NA,chronData,chron22_LPXeKWh5,Pb210excess,dpm/g,20
SP13LAMX,none,NA,chronData,chron23_mjkBA8Kl,Pb210_error,dpm/g,20
SP13LAMX,none,NA,chronData,chron24_5GPzQRtm,depthtopCs,mm,20
SP13LAMX,none,NA,chronData,chron25_2fMbNiWo,depthbottomCs,mm,20
SP13LAMX,none,NA,chronData,chron26_gbrZE4Nd,Cs137gamactivity,Bq/g,20
SP13LAMX,none,NA,chronData,chron27_y84DdP2z,Cs137_error,Bq/g,20
SP13LAMX,none,NA,chronData,chron28_smnY2rzz,analysisYear,AD,20
SP13PAVU,none,NA,chronData,chron20_rfdh9Hiw,depthtopPb,mm,31
SP13PAVU,none,NA,chronData,chron21_bVoCS2xD,depthbottomPb,mm,31
SP13PAVU,none,NA,chronData,chron22_PLf2zAH4,Pb210excess,dpm/g,31
SP13PAVU,none,NA,chronData,chron23_Hkfwq77P,Pb210_error,dpm/g,31
SP13PAVU,none,NA,chronData,chron24_NaIT1mA9,depthtopCs,mm,31
SP13PAVU,none,NA,chronData,chron25_YjFKOB0B,depthbottomCs,mm,31
SP13PAVU,none,NA,chronData,chron26_CrGrm1HT,Cs137gamactivity,Bq/g,31
SP13PAVU,none,NA,chronData,chron27_RfIRW9x7,Cs137_error,Bq/g,31
SP13PAVU,none,NA,chronData,chron28_j0xUfA3G,analysisYear,AD,31
SP98KUCN,none,NA,chronData,chron1_G0QAyRxD,depthUTh,mm,8
SP98KUCN,none,NA,chronData,chron2_S96xxWDX,SampleID,unitless,8
SP98KUCN,none,NA,chronData,chron3_9Hn7uvcQ,weight,mg,8
SP98KUCN,none,NA,chronData,chron4_M4xnXZFF,U238,ppb,8
SP98KUCN,none,NA,chronData,chron5_bExwjEji,U238_error,ppb,8
SP98KUCN,none,NA,chronData,chron6_Xi2MUyVs,Th232,ppt,8
SP98KUCN,none,NA,chronData,chron7_o72G3PXn,Th232_error,ppt,8
SP98KUCN,none,NA,chronData,chron8_3Jvvk32h,d234U,(ratio),8
SP98KUCN,none,NA,chronData,chron9_xLfGQ10N,d234U_error,unitless,8
SP98KUCN,none,NA,chronData,chron10_W3ISH16T,Th230_U238activity,activity,8
SP98KUCN,none,NA,chronData,chron11_PqmKoUJ4,U_Thactivity_error,unitless,8
SP98KUCN,none,NA,chronData,chron12_5RwtneuM,Th230_Th232ratio,ppm,8
SP98KUCN,none,NA,chronData,chron13_Nx4jvdBl,Thratio_error,ppm,8
SP98KUCN,none,NA,chronData,chron14_BMm8ye3i,AgeUncorrected,years ago,8
SP98KUCN,none,NA,chronData,chron15_dtlbkRww,AgeUncorr_error,yrs,8
SP98KUCN,none,NA,chronData,chron17_DJ9E9mx2,AgeCorr_error,yrs,8
SP98KUCN,none,NA,chronData,chron18_5jL8x1AZ,dU234initial,(ratio),8
SP98KUCN,none,NA,chronData,chron19_k0piCBSs,dU234i_error,unitless,8
SP98KUCN,none,NA,chronData,chron20_RDO0wIYp,depthtopPb,mm,8
SP98KUCN,none,NA,chronData,chron21_akeB0Vkc,depthbottomPb,mm,8
SP98KUCN,none,NA,chronData,chron22_cyv1RKwm,Pb210excess,dpm/g,8
SP98KUCN,none,NA,chronData,chron23_lw5LjAOF,Pb210_error,dpm/g,8
SP98KUCN,none,NA,chronData,chron24_KwN5NK89,depthtopCs,mm,8
SP98KUCN,none,NA,chronData,chron25_Q9D7t31n,depthbottomCs,mm,8
SP98KUCN,none,NA,chronData,chron26_w0X0Ezw2,Cs137gamactivity,Bq/g,8
SP98KUCN,none,NA,chronData,chron27_zEyDjTMl,Cs137_error,Bq/g,8
SP98KUCN,none,NA,chronData,chron28_VSC2Hpya,analysisYear,AD,8
SP99DEUS,none,NA,chronData,chron3_f96kesUx,weight,mg,19
SP99DEUS,none,NA,chronData,chron5_cwsq3yxG,U238_error,ppb,19
SP99DEUS,none,NA,chronData,chron7_7l26pYzB,Th232_error,ppt,19
SRM1.Yao.2015,none,NA,chronData,lc-chRjVuT7qAFuqIazTgX,notes,unitless,8
SS05ROTN,none,NA,chronData,chron2_UoSxClsM,SampleID,unitless,3
SS16.Perren.2012,none,NA,chronData,PYTPHS4IHVX,age_type,unitless,7
SS16.Perren.2012,none,NA,chronData,PYT9E85I9AV,note,unitless,7
SS49.Perren.2012,none,NA,chronData,PYTD99YANWU,age_type,unitless,9
SS49.Perren.2012,none,NA,chronData,PYTI8BUB3I1,note,unitless,9
SS8.Anderson.2012,none,NA,chronData,PYTFFLS75UC,rejected_dates,unitless,7
SSDP_102.Kim.2004,none,NA,chronData,T2L_SSDP_102_depth_bottom,depth_bottom,cm,10
SSDP_102.Kim.2004,none,NA,chronData,T2L_SSDP_102_delta_r_1s_error_original,delta_r_1s_error_original,NA,10
SSDP_102.Kim.2004,none,NA,chronData,T2L_SSDP_102_other_date,other_date,NA,10
SSDP_102.Kim.2004,none,NA,chronData,T2L_SSDP_102_other_1s_err,other_1s_err,NA,10
SSDP_102.Kim.2004,none,NA,chronData,T2L_SSDP_102_other_type,other_type,NA,10
SU81_18.Bard.2000,none,NA,chronData,T2L_SU81_18_labcode,labcode,NA,22
SU81_18.Bard.2000,none,NA,chronData,T2L_SU81_18_depth_top,depth_top,cm,22
SU81_18.Bard.2000,none,NA,chronData,T2L_SU81_18_delta_r_1s_error_original,delta_r_1s_error_original,NA,22
SU81_18.Bard.2000,none,NA,chronData,T2L_SU81_18_other_date,other_date,NA,22
SU81_18.Bard.2000,none,NA,chronData,T2L_SU81_18_other_1s_err,other_1s_err,NA,22
SU81_18.Bard.2000,none,NA,chronData,T2L_SU81_18_other_type,other_type,NA,22
SV04.Rigual-Hernndez.2017,none,NA,chronData,T2L_SV04_depth_bottom,depth_bottom,cm,9
SV04.Rigual-Hernndez.2017,none,NA,chronData,T2L_SV04_other_date,other_date,NA,9
SV04.Rigual-Hernndez.2017,none,NA,chronData,T2L_SV04_other_1s_err,other_1s_err,NA,9
SV04.Rigual-Hernndez.2017,none,NA,chronData,T2L_SV04_other_type,other_type,NA,9
SaCurcurica.Beffa.2016,none,NA,chronData,lc-chRucFrjiYcfBwag59n,notes,unitless,9
Saarikko.Heikkil.2010,none,NA,chronData,PYTMN80V5VB,age_type,unitless,7
Saarikko.Heikkil.2010,none,NA,chronData,PYT956PPXHV,note,unitless,7
Saarikko.Heikkil.2010,none,NA,chronData,PYTOWIHI52Q,rejected_dates,unitless,7
Saegistalsee.Wick.2003,none,NA,chronData,WEB66ebae69,thickness,cm,15
SaegistalseePollen.Wick.2003,none,NA,chronData,cRPnas6LvprmHQu3aM,thickness,cm,15
Sagistalsee.vanderKnaap.2000,none,NA,chronData,lc-chRawNLtw6WVqOiPxOd,notes,unitless,12
SahamMere.Bennett.1988,none,NA,chronData,lc-chR8ndUbpy8LwbXisLt,materialDated,unitless,10
Sahiyacave.Sinha.2015,none,NA,chronData,S2LcRnK5qIyr07K,materialDated,unitless,13
Sahiyacave.Sinha.2015,none,NA,chronData,S2LcRZysna0ZjuQ,retained,unitless,13
Sahiyacave.Sinha.2015,none,NA,chronData,S2LcRDrPC8FBsQI,decayConstant,unitless,13
Sahiyacave.Sinha.2015,none,NA,chronData,S2LcRXpNEfAsaB1,age_type,unitless,13
Sahiyacave.Sinha.2015,none,NA,chronData,S2LcR3FwXk0MdQy,materialDated,unitless,15
Sahiyacave.Sinha.2015,none,NA,chronData,S2LcRb3xtVFpF76,retained,unitless,15
Sahiyacave.Sinha.2015,none,NA,chronData,S2LcR58Pkg5N3eE,decayConstant,unitless,15
Sahiyacave.Sinha.2015,none,NA,chronData,S2LcRFiH4gvFdWk,age_type,unitless,15
Sahiyacave.Sinha.2015,none,NA,chronData,S2LcRuT9sVkKMCf,labID,unitless,22
Sahiyacave.Sinha.2015,none,NA,chronData,S2LcRfJIacnEyeA,materialDated,unitless,22
Sahiyacave.Sinha.2015,none,NA,chronData,S2LcR7z8Pr0sfy8,retained,unitless,22
Sahiyacave.Sinha.2015,none,NA,chronData,S2LcR7RKra6L7ND,decayConstant,unitless,22
Sahiyacave.Sinha.2015,none,NA,chronData,S2LcRayqsINzw1d,age_type,unitless,22
Sahiyacave.Sinha.2015,none,NA,chronData,S2LcRdPu49CJPsO,labID,unitless,10
Sahiyacave.Sinha.2015,none,NA,chronData,S2LcR1jsfN97t0G,materialDated,unitless,10
Sahiyacave.Sinha.2015,none,NA,chronData,S2LcRgFgNuSZ05c,retained,unitless,10
Sahiyacave.Sinha.2015,none,NA,chronData,S2LcRjr3CCeP3SS,decayConstant,unitless,10
Sahiyacave.Sinha.2015,none,NA,chronData,S2LcRHSaBRMXHFF,age_type,unitless,10
Sahiyacave.Sinha.2015,none,NA,chronData,S2LcRY0JM291t44,labID,unitless,13
Sahiyacave.Sinha.2015,none,NA,chronData,S2LcRTpEJk19asa,materialDated,unitless,13
Sahiyacave.Sinha.2015,none,NA,chronData,S2LcRXTGl91ulfh,retained,unitless,13
Sahiyacave.Sinha.2015,none,NA,chronData,S2LcRyehntyDg5B,decayConstant,unitless,13
Sahiyacave.Sinha.2015,none,NA,chronData,S2LcRCHCNxuaZxi,age_type,unitless,13
SaintCalixte.author.1111,none,NA,chronData,lc-chR7jUaHiSqNdi7ogZB,notes,unitless,4
SaintFrancoisdeSales.Richard.1977,none,NA,chronData,lc-chRP61Y9YVzvmKUgPA8,notes,unitless,4
SaintGabriel.Larouche.1977,none,NA,chronData,M2L6auyjv6lC,notes,NA,6
SaintGabriel.Richard.1977,none,NA,chronData,lc-chRTVCeLlYJzMPcuVhq,notes,unitless,6
SaintHilaireduRosier.Clerc.1988,none,NA,chronData,lc-chRemD9LKIUki60SC1O,notes,unitless,6
SaintJeanIledOrleans.Richard.1971,none,NA,chronData,lc-chR2vmmOeh3ARRD0e8P,notes,unitless,4
SaintJohnIslandPond.Jordan.1975,none,NA,chronData,lc-chRrCVh2DcRoLFhsqwL,thickness,cm,2
SaintJohnIslandPond.Jordan.1975,none,NA,chronData,lc-chR8E8S5tkAF5VJurbX,notes,unitless,2
SaintJohnIslandPond.Jordan.1975,none,NA,chronData,lc-chRuvUbvWzzzO5Icx9N,depth_top,cm,2
SaintJohnIslandPond.Jordan.1975,none,NA,chronData,lc-chRLMsPqNJzW1Io7YPk,depth_bottom,cm,2
SaintMicheldeBraspart.vanZeist.1963,none,NA,chronData,lc-chRSrCycOi7JIP0MCXc,materialDated,unitless,2
SaintMicheldeBraspart.vanZeist.1963,none,NA,chronData,lc-chRjunPVf9PFwzekU1Z,notes,unitless,2
SaintMichelenBrenne.McGhee.1975,none,NA,chronData,lc-chRfAjizMy6cfUH0s35,notes,unitless,4
SaintMomelin.Gandouin.2002,none,NA,chronData,lc-chRYyWeIkHp7vg2UQNR,notes,unitless,9
SaintRaymond.Richard.1973,none,NA,chronData,lc-chRtejvKxZqBAZNcjMi,notes,unitless,2
SaintSixte.Clerc.1988,none,NA,chronData,lc-chRI9245iIHYslsofcJ,notes,unitless,3
SaintThomas.Voeltzel.1987Legacy,none,NA,chronData,lc-chR3SvKxQtgvcZspCsI,notes,unitless,4
SaintViaudCantin.Bernard.1996,none,NA,chronData,lc-chRjdxL5wtb3DP416w6,thickness,cm,3
SaintViaudCantin.Bernard.1996,none,NA,chronData,lc-chRauQYEXvvO2Ei9Q7L,notes,unitless,3
SaintViaudCantin.Bernard.1996,none,NA,chronData,lc-chRtDQoWTZCHOTohTTt,depth_top,cm,3
SaintViaudCantin.Bernard.1996,none,NA,chronData,lc-chRnvhxsD6BdQCRiRAq,depth_bottom,cm,3
SaintViaudContin.Bernard.1996,none,NA,chronData,cR4y1RQMS4GKxHf6kS,thickness,cm,4
SakanaLake.author.1111,none,NA,chronData,lc-chRoeSf5ck1Ymla7tP7,notes,unitless,4
SaladaPequena.EPD,none,NA,chronData,cRG2B3lRVaoNCdX3Gu,thickness,cm,4
SaladaPequena.author.1111,none,NA,chronData,lc-chRxTuFMW677ycon4Bi,labID,unitless,3
SaladaPequena.author.1111,none,NA,chronData,lc-chR8yx4eKDD3SbzKBxi,materialDated,unitless,3
SaladaPequena.author.1111,none,NA,chronData,lc-chRWG14Xq8eBQIh1fZe,thickness,cm,3
SaladaPequena.author.1111,none,NA,chronData,lc-chRpDiRoYSSd2GwLGIA,notes,unitless,3
SaladaPequena.author.1111,none,NA,chronData,lc-chRQEm1UCyHrrqP9Fft,depth_top,cm,3
SaladaPequena.author.1111,none,NA,chronData,lc-chRZo7cb5bxS7npcP7t,depth_bottom,cm,3
Saldropo.Penalba.1989,none,NA,chronData,lc-chRtSvYB24715H6Xqfb,materialDated,unitless,4
Saldropo.Penalba.1989,none,NA,chronData,lc-chRQGNWgjn4ZX0ooYsz,notes,unitless,4
SalmoLake.Edwards.2015,none,NA,chronData,lc-chRmv91Be8P2e4BlPPZ,notes,unitless,6
Salpeten.Leyden.1984,none,NA,paleoData,OLS_R9DKr5g53ak,lakeTrend,unitless,32
Salt.Dury.1973,none,NA,paleoData,OLS_RhPNSysTdq6,lakeTrend,unitless,32
SalymYugan.Pitkanen.2002,none,NA,chronData,lc-chRHhzVk4IMOUgXaY5n,labID,unitless,6
SalymYugan.Pitkanen.2002,none,NA,chronData,lc-chRcg28Tq95yBuPSlYO,notes,unitless,6
SanAgustinPlains.Clisby.1956,none,NA,chronData,lc-chRo4AxWq5bZmspHEOn,notes,unitless,4
SanAgustinPlains.Markgraf.1984,none,NA,chronData,lc-chRTVwIiPexi6r1R1ED,notes,unitless,4
SanJoaquinMarsh.Davis.1992,none,NA,chronData,lc-chRFhsVwfhVkJBgAWS5,notes,unitless,7
SanJoseChulchaca.Leyden.1996,none,NA,paleoData,lcRJbtEU8nSa3DSBxT8,temperature,degC,31
SanJoseChulchaca.Leyden.1996,none,NA,paleoData,lcRYJFHzVYFHNAMOQVr,uncertainty,degC,31
SanJoseChulchaca.Leyden.1996,none,NA,paleoData,lcR8KWCUutb5PU22hwq,temperature,degC,31
SanJoseChulchaca.Leyden.1996,none,NA,paleoData,lcRUCmlI8nPqj2znhrG,uncertainty,degC,31
SanJoseChulchaca.Leyden.1996,none,NA,paleoData,lcRSv2lr5d3mCBjD1vy,uncertainty,mm/yr,31
SanJoseChulchaca.Leyden.1996,none,NA,chronData,lc-chRH2XpxYZzPaQlefo6,notes,unitless,5
SanLuisLake.deLanois.1993,none,NA,chronData,lc-chRqtY71h56hO7nYTsP,notes,unitless,4
SanRafael.Yll.1995,none,NA,chronData,lc-chRfoXQTLpM1BIO5NIZ,materialDated,unitless,6
SanRafael.Yll.1995,none,NA,chronData,lc-chRPmk6CsuIaP4Ds5eF,thickness,cm,6
SanRafael.Yll.1995,none,NA,chronData,lc-chRyyOKWiDgtO0p30DD,notes,unitless,6
SanRafael.Yll.1995,none,NA,chronData,lc-chRzWqIzD6mZEUHchKD,depth_top,cm,6
SanRafael.Yll.1995,none,NA,chronData,lc-chRkyMFqzNzqc78U6oi,depth_bottom,cm,6
SanabriaMarsh.Allen.1996,none,NA,chronData,lc-chRl6YvWnRHVPOvfVa2,notes,unitless,3
Sanbaocave.Dong.2010,none,NA,paleoData,S2LRd0hAPk97Gb,notes,unitless,515
SandsofTimeLake.Edwards.1994,none,NA,chronData,lc-chRj9jviWD7LXJhkHEB,labID,unitless,11
SandsofTimeLake.Edwards.1994,none,NA,chronData,lc-chRcQv3fLwQPSUhDjsb,notes,unitless,11
Sandvikvatn.Paus.1982,none,NA,chronData,lc-chRMubh0X9xDvCJF29I,notes,unitless,13
SandyHillPond.Parshall.2003,none,NA,chronData,lc-chRCqIKSXLeEJczQlDJ,notes,unitless,13
SandyRunCreek.LaMoreaux.1999,none,NA,chronData,lc-chRY4RwaORFrs6TXU3d,notes,unitless,8
Sanjiaocheng.Zhu.2002,none,NA,chronData,lc-chRdjsfYS6dLjULfI1d,labID,unitless,12
Sanjiaocheng.Zhu.2002,none,NA,chronData,lc-chRnBZ1bvGL5rLA6pRu,thickness,cm,12
Sanjiaocheng.Zhu.2002,none,NA,chronData,lc-chRjNPCQSQc5RU030kE,notes,unitless,12
Sanjiaocheng.Zhu.2002,none,NA,chronData,lc-chRc10UBLwsEdKj4nYy,depth_top,cm,12
Sanjiaocheng.Zhu.2002,none,NA,chronData,lc-chRh7oO1L3ackHeA110,depth_bottom,cm,12
Sarkikangas.Hicks.1975,none,NA,chronData,lc-chRc1qqFETXBTscINYF,notes,unitless,3
SarniaElkSiteSection.author.1111,none,NA,chronData,lc-chR9kjuVOCEoSBvIbqY,notes,unitless,2
Sauborst.Hahne.1992,none,NA,chronData,lc-chRI44COgB9jGE9L4FI,labID,unitless,2
Sauborst.Hahne.1992,none,NA,chronData,lc-chRNI0r6GV5lIVWkW3v,materialDated,unitless,2
Sauborst.Hahne.1992,none,NA,chronData,lc-chR16U2naGe8c2Knu4o,notes,unitless,2
Sauveterre.Joly.2006,none,NA,chronData,lc-chRzQuqRagwX9w55CnZ,notes,unitless,4
SayramLake.Jiang.2013,none,NA,chronData,lc-chRVuvgZOZTsHktK0Ii,labID,unitless,12
SayramLake.Jiang.2013,none,NA,chronData,lc-chRJ6oDUyayXYkbRbHA,thickness,cm,12
SayramLake.Jiang.2013,none,NA,chronData,lc-chRokHn71PLDB4cReYX,notes,unitless,12
SayramLake.Jiang.2013,none,NA,chronData,lc-chRo2Z2XZ6jc8xfSMWx,depth_top,cm,12
SayramLake.Jiang.2013,none,NA,chronData,lc-chR5HhPWKj4cGlgEbN4,depth_bottom,cm,12
Sbeita.PetitMaire.1986,none,NA,paleoData,OLS_RxYdE1KEXpx,lakeTrend,unitless,32
Schonwies.Bortenschlager.1984,none,NA,chronData,lc-chRUlBklovFUSWQucs1,notes,unitless,7
SchoodicPeninsulaHollow.Schauffler.1998,none,NA,chronData,lc-chRw6vuG6PfdpUqnfqx,notes,unitless,5
Schopfenwaldmoor.vanderKnaap.2000,none,NA,chronData,lc-chRAZ4lEsgEoAWd7Gp4,notes,unitless,15
Schwanengrabenrinne.Wolters.2002,none,NA,chronData,lc-chRFGDMy8d0bUsm3bSm,notes,unitless,14
Schwanental.Hildebrandt.2007,none,NA,chronData,lc-chRfPAqLTtLdhgiroX4,notes,unitless,4
Schwarzsee.EPD,none,NA,chronData,cRWCR567GEJXJMexit,thickness,cm,4
Schwarzsee.Seiwald.1980,none,NA,chronData,lc-chRPQF80lvkgua65FhN,notes,unitless,3
SchwarzseeReschenscheideck.Welten.1982,none,NA,chronData,cRNqqmk52LBzsI9qlN,thickness,cm,8
SchwarzseeReschenscheideck.vanderKnaap.1997,none,NA,chronData,lc-chRlUj7UKPwUxrtWYuQ,notes,unitless,7
Schwemm.Oeggl.1988,none,NA,chronData,lc-chRfFQCBpVgwiVAiWPw,materialDated,unitless,4
Schwemm.Oeggl.1988,none,NA,chronData,lc-chRNnWYqe1r3m4A1hUQ,notes,unitless,4
ScreamingYellowlegsPond.Edwards.1985,none,NA,chronData,lc-chRKHRR37XNLwGpZrMT,notes,unitless,9
SeagullLake.author.1111,none,NA,chronData,lc-chRb1evZbR7R84OAVAO,notes,unitless,5
SealBeachwetland.Balmaki.2019,none,NA,paleoData,lcRGJiErtRBW5P5I02U,uncertainty,degC,16
SealBeachwetland.Balmaki.2019,none,NA,paleoData,lcRhrlGg1RTQ6RClUPQ,precipitation,mm/yr,16
SealBeachwetland.Balmaki.2019,none,NA,paleoData,lcRJfo4gYtYNhGqanB3,uncertainty,mm/yr,16
SealBeachwetland.Balmaki.2019,none,NA,paleoData,lcRqncH4cmhZQljKYk3,uncertainty,degC,16
SealBeachwetland.Balmaki.2019,none,NA,paleoData,lcRYub9FrOKSKGscPzY,precipitation,mm/yr,16
SealBeachwetland.Balmaki.2019,none,NA,paleoData,lcRvCssk06lsxtPVwal,uncertainty,mm/yr,16
SealBeachwetland.Balmaki.2019,none,NA,paleoData,lcR44ri6Y42n19J3wIe,temperature,degC,16
SealBeachwetland.Balmaki.2019,none,NA,paleoData,lcRbjtukJ5gbLTPP4qx,uncertainty,degC,16
SealBeachwetland.Balmaki.2019,none,NA,paleoData,lcRAe7yP5NACBpe628k,temperature,degC,16
SealBeachwetland.Balmaki.2019,none,NA,paleoData,lcR4sSRbFjupLxxkySY,uncertainty,degC,16
SealBeachwetland.Balmaki.2019,none,NA,paleoData,lcR2pCPdtodBCkNW3Hf,uncertainty,mm/yr,16
SealBeachwetland.Balmaki.2019,none,NA,chronData,lc-chRg0s0JaIK2NT33LFo,materialDated,unitless,2
SealBeachwetland.Balmaki.2019,none,NA,chronData,lc-chRg3yZIu7ZCmjvKXTD,thickness,cm,2
SealBeachwetland.Balmaki.2019,none,NA,chronData,lc-chR0foxGWECX7w43vuF,notes,unitless,2
SealBeachwetland.Balmaki.2019,none,NA,chronData,lc-chR3umar15F8hV0vBci,depth_top,cm,2
SealBeachwetland.Balmaki.2019,none,NA,chronData,lc-chRcjcKhC8V7vH6Wayx,depth_bottom,cm,2
SecretValleyMarsh.West.2000,none,NA,chronData,lc-chR7Wxo9NEJe84UXsnj,notes,unitless,4
Seelohe.Hahne.1992,none,NA,chronData,lc-chRK5L7EuBCUvr9brMz,labID,unitless,3
Seelohe.Hahne.1992,none,NA,chronData,lc-chR8VDs2c8LdSbMYEyy,materialDated,unitless,3
Seelohe.Hahne.1992,none,NA,chronData,lc-chRKk9BWRpYWeSjt7IF,notes,unitless,3
SehestedterAussendeichsmoor.Behre.2005,none,NA,chronData,lc-chRiHBAx3H3yUNReurS,notes,unitless,9
Seidel.West.1961,none,NA,chronData,lc-chRyzI3OuA1DxFTFtBb,notes,unitless,6
Seistan.Pias.1972,none,NA,paleoData,OLS_RHF2FWVPIyS,lakeTrend,unitless,32
Selennyakhskaya1Exposure.Anderson.2002,none,NA,chronData,lc-chR2M3B7qhYtzPsg8p0,notes,unitless,3
Selennyakhskaya2Exposure.Anderson.2002,none,NA,chronData,lc-chR4uW7x4OqfenZboHT,notes,unitless,2
Selennyakhskaya4Exposure.Anderson.2002,none,NA,chronData,lc-chR3ANZzYqZx48W4oKT,notes,unitless,2
Selikhovo.Novenko.2016,none,NA,chronData,lc-chRC3C6CycCT8EfZEwJ,notes,unitless,9
Selima.Haynes.1979,none,NA,paleoData,OLS_RqgAf1cLOKB,lakeTrend,unitless,32
Selitkan2Exposure.Anderson.2002,none,NA,chronData,lc-chRKmKXZs5KiUiikAmI,notes,unitless,4
Selitkan3Exposure.Anderson.2002,none,NA,chronData,lc-chRlgbZJTACbUuqtRIt,notes,unitless,2
SellediCarnino.deBeaulieu.1977,none,NA,chronData,lc-chRVPKRdiaqGiiP09nk,materialDated,unitless,7
SellediCarnino.deBeaulieu.1977,none,NA,chronData,lc-chRYbtG60BS1QGB0v4W,notes,unitless,7
Sellevollmyra.Vorren.2007,none,NA,chronData,PYTSMSH0VZT,cal_age_error,2s,34
Sellevollmyra.Vorren.2007,none,NA,chronData,PYTCL42CYQZ,age_type,unitless,34
Sellevollmyra.Vorren.2007,none,NA,chronData,PYT6IY0BPA7,lab_id,unitless,34
Sellevollmyra.Vorren.2007,none,NA,chronData,PYT7XND27V4,material_dated,unitless,34
Semenic.Rosch.2000,none,NA,chronData,lc-chRZyWNwUhhY40TZltg,notes,unitless,6
Semmeldalen.Zelikson.1971,none,NA,chronData,lc-chRZUV3ww3J4ULQNKIS,notes,unitless,3
Serent.Visset.1994,none,NA,chronData,lc-chRvWpsfBfju5sAMxMZ,materialDated,unitless,3
Serent.Visset.1994,none,NA,chronData,lc-chR96koKRNJraOGmvRA,notes,unitless,3
SergeevskiiPeat.Anderson.2002,none,NA,chronData,lc-chR7RHpPnlqcaHMDSb2,notes,unitless,8
Serir.Pachur.1975,none,NA,paleoData,OLS_REKxIvFUOMY,lakeTrend,unitless,32
Serni.Kvavadze.1994,none,NA,chronData,lc-chRCrXoxnkbjGdUXwqU,notes,unitless,2
SevenLakes.Calder.2016,none,NA,chronData,lc-chReqzf3W4YKROz9CQf,notes,unitless,5
Shaamar.Ma.2013,none,NA,chronData,lc-chRJ51ylhRWwyhSXfsO,labID,unitless,11
Shaamar.Ma.2013,none,NA,chronData,lc-chRT80re9G1qnwl8etz,notes,unitless,11
ShanghaiCY.Wu.2002,none,NA,chronData,lc-chRWnPSBvFrcYz9Xlkv,labID,unitless,2
ShanghaiCY.Wu.2002,none,NA,chronData,lc-chRDeteaLETbIPsbwvE,thickness,cm,2
ShanghaiCY.Wu.2002,none,NA,chronData,lc-chRwfitb7J0TG0deNTX,notes,unitless,2
ShanghaiCY.Wu.2002,none,NA,chronData,lc-chRtKoaAa85Jpu9nubX,depth_top,cm,2
ShanghaiCY.Wu.2002,none,NA,chronData,lc-chRMOz4fxEAf688Rrt3,depth_bottom,cm,2
ShantouSH5.Zheng.1990,none,NA,chronData,lc-chRtbfLd7BfTPmSWPBx,labID,unitless,4
ShantouSH5.Zheng.1990,none,NA,chronData,lc-chR00p8lmX6AM7t9uVV,thickness,cm,4
ShantouSH5.Zheng.1990,none,NA,chronData,lc-chRTUCkX38DanmGtTQI,notes,unitless,4
ShantouSH5.Zheng.1990,none,NA,chronData,lc-chRebPGpsx63jPUp2Z8,depth_top,cm,4
ShantouSH5.Zheng.1990,none,NA,chronData,lc-chRMYeDRIrgP1rGToQk,depth_bottom,cm,4
Shati.PetitMaire.1980,none,NA,paleoData,OLS_RFPMn4J9Ewu,lakeTrend,unitless,32
Shatucacave.Bustamante.2016,none,NA,chronData,S2LcRashc8HQ9UR,labID,unitless,22
Shatucacave.Bustamante.2016,none,NA,chronData,S2LcRqXPRzUSOPB,materialDated,unitless,22
Shatucacave.Bustamante.2016,none,NA,chronData,S2LcRJIxpcvcjD5,retained,unitless,22
Shatucacave.Bustamante.2016,none,NA,chronData,S2LcR4kpPljfupP,decayConstant,unitless,22
Shatucacave.Bustamante.2016,none,NA,chronData,S2LcR3Tn7GFXZBH,age_type,unitless,22
Shatucacave.Bustamante.2016,none,NA,chronData,S2LcRJogwL2Owp3,labID,unitless,12
Shatucacave.Bustamante.2016,none,NA,chronData,S2LcR87iLjrp07K,materialDated,unitless,12
Shatucacave.Bustamante.2016,none,NA,chronData,S2LcRrGqt6y2MgP,retained,unitless,12
Shatucacave.Bustamante.2016,none,NA,chronData,S2LcRHYdfeGpXrv,decayConstant,unitless,12
Shatucacave.Bustamante.2016,none,NA,chronData,S2LcRvCUy9RPwBM,age_type,unitless,12
ShawSahl.Gabriel.1984,none,NA,paleoData,OLS_RdHthLXLBYf,lakeTrend,unitless,32
ShawsBog.Hadden.1975,none,NA,chronData,lc-chRZb7KBGrNtoEhB5pn,materialDated,unitless,4
ShawsBog.Hadden.1975,none,NA,chronData,lc-chRpxCpIabRX9VQwgAC,notes,unitless,4
ShehereeBog.Mitchell.2004,none,NA,chronData,lc-chRB6AsGRke1DUlNbWj,materialDated,unitless,6
ShehereeBog.Mitchell.2004,none,NA,chronData,lc-chRYHUlPRLkIGLaAzrg,notes,unitless,6
Shigaocave.Jiang.2012,none,NA,paleoData,S2LRWsDCfkkAqt,notes,NA,453
Shigaocave.Jiang.2012,none,NA,chronData,S2LcRqwkziPbvn2,materialDated,unitless,6
Shigaocave.Jiang.2012,none,NA,chronData,S2LcR5BkYRMeXTY,retained,unitless,6
Shigaocave.Jiang.2012,none,NA,chronData,S2LcRItL8NVl4iQ,decayConstant,unitless,6
Shigaocave.Jiang.2012,none,NA,chronData,S2LcRKmierL4NbW,age_type,unitless,6
Shigaocave.Jiang.2012,none,NA,chronData,S2LcRxdfvTrBshF,materialDated,unitless,6
Shigaocave.Jiang.2012,none,NA,chronData,S2LcR8pDD3bHNAD,retained,unitless,6
Shigaocave.Jiang.2012,none,NA,chronData,S2LcRVp4VJOSbDd,decayConstant,unitless,6
Shigaocave.Jiang.2012,none,NA,chronData,S2LcRxbRArjKyhH,age_type,unitless,6
ShouldiceLake.author.1111,none,NA,chronData,lc-chRn9a3l1ZZedISP415,notes,unitless,5
ShuangchiMaarLakeSC1.Zheng.2003,none,NA,paleoData,lcRwujj6slJgohw1A79,uncertainty,degC,43
ShuangchiMaarLakeSC1.Zheng.2003,none,NA,paleoData,lcRIUcQEFV5Ss5XG4MW,precipitation,mm/yr,43
ShuangchiMaarLakeSC1.Zheng.2003,none,NA,paleoData,lcRQhEZxBNPOlzlubKb,uncertainty,mm/yr,43
ShuangchiMaarLakeSC1.Zheng.2003,none,NA,paleoData,lcRBrF4mMkP4i1t1qOE,uncertainty,degC,43
ShuangchiMaarLakeSC1.Zheng.2003,none,NA,paleoData,lcReTwhosMys18MKiPX,precipitation,mm/yr,43
ShuangchiMaarLakeSC1.Zheng.2003,none,NA,paleoData,lcRL8UiAsyubXV8MkKz,uncertainty,mm/yr,43
ShuangchiMaarLakeSC1.Zheng.2003,none,NA,paleoData,lcRVzWHCEuAF6RbpKiq,temperature,degC,43
ShuangchiMaarLakeSC1.Zheng.2003,none,NA,paleoData,lcRUPiBH7vIhfg0TN2g,uncertainty,degC,43
ShuangchiMaarLakeSC1.Zheng.2003,none,NA,paleoData,lcRV2Y7PZICyOX8X0rX,temperature,degC,43
ShuangchiMaarLakeSC1.Zheng.2003,none,NA,paleoData,lcRrPlyZzNkBUtW9hXf,uncertainty,degC,43
ShuangchiMaarLakeSC1.Zheng.2003,none,NA,paleoData,lcRvsQoSLfZBJcYQEAl,uncertainty,mm/yr,43
ShuangchiMaarLakeSC1.Zheng.2003,none,NA,chronData,lc-chRidPcwWz2fupewzri,labID,unitless,8
ShuangchiMaarLakeSC1.Zheng.2003,none,NA,chronData,lc-chR0Nc2SHgJD7vaofXk,notes,unitless,8
ShuidongA1.Shi.2003,none,NA,chronData,lc-chRD4qYP8gkvvGeU5NR,labID,unitless,2
ShuidongA1.Shi.2003,none,NA,chronData,lc-chRcn9fvjdnnmLjLWBB,notes,unitless,2
ShundeZK08.Sheng.1989,none,NA,chronData,lc-chRxFjzfH07YU5w87Ve,labID,unitless,4
ShundeZK08.Sheng.1989,none,NA,chronData,lc-chRnZlAlPVhcMMYFDEx,notes,unitless,4
Sibista.Kvavadze.1989,none,NA,chronData,lc-chRQiicjelLyeH913Ed,notes,unitless,2
SichanghuLake.Yan.2003,none,NA,chronData,lc-chRK6ZDyCT76ZYgZewK,labID,unitless,2
SichanghuLake.Yan.2003,none,NA,chronData,lc-chRO6THOZ9X9vAMuw3Q,notes,unitless,2
SiestaLake.Brunelle.2003,none,NA,chronData,lc-chRfZSyYYcD5BAzrxFj,notes,unitless,3
Siikasuo.Vuorela.1991,none,NA,chronData,lc-chRqYASb9KUd12nw79Y,notes,unitless,5
Silberhohl.Chen.1988,none,NA,chronData,lc-chRym96GHEwdQEfrWhr,materialDated,unitless,4
Silberhohl.Chen.1988,none,NA,chronData,lc-chR9uH6m1IvBLL2OWFZ,notes,unitless,4
SilcoxCore52.Dredge.2003,none,NA,chronData,lc-chRaWo4oOrjqjZMaDJ0,notes,unitless,3
SillylaPoterie.vanZeist.1980,none,NA,chronData,lc-chRMzwWl3xCSrrjAUHf,materialDated,unitless,4
SillylaPoterie.vanZeist.1980,none,NA,chronData,lc-chRk5zlchGiEF7sY6Ic,notes,unitless,4
SiluyanovYar2Exposure.Anderson.2002,none,NA,chronData,lc-chRQoacsL2z4dEkqkwa,notes,unitless,6
SilverLake.Fuller.1998,none,NA,chronData,lc-chRtnhhbsQipFafTKHM,labID,unitless,4
SilverLake.Fuller.1998,none,NA,chronData,lc-chRcetgmo7TCABwN2fa,notes,unitless,4
SilverLake.Gill.2012,none,NA,chronData,lc-chR1OBYR7LmyjT6pg8J,notes,unitless,13
SilverLake.Livingstone.1968,none,NA,chronData,lc-chRSC9vMtACTCTFurWO,thickness,cm,3
SilverLake.Livingstone.1968,none,NA,chronData,lc-chRAomaiV90tFWPhFH5,notes,unitless,3
SilverLake.Livingstone.1968,none,NA,chronData,lc-chR17YUmCddcZIOqoWU,depth_top,cm,3
SilverLake.Livingstone.1968,none,NA,chronData,lc-chRO5KiHwLy3Yw24Ohu,depth_bottom,cm,3
SimplonGampischAlterSpittel.vanderKnaap.1997,none,NA,chronData,lc-chRhNX9DN1dw7i04JwY,notes,unitless,12
SinkholePond.author.1111,none,NA,chronData,lc-chRIO269LJVt6mDt2sq,materialDated,unitless,12
SinkholePond.author.1111,none,NA,chronData,lc-chR9BZNKj5ZLREN64EG,notes,unitless,12
SiouxPond.Steventon.1983,none,NA,chronData,lc-chRf0A9GQ7SGkKJj2nV,notes,unitless,5
SithylemenkatLake.Anderson.1990,none,NA,chronData,lc-chRGNg97hgwmXs4ZoUe,notes,unitless,6
SkinnyLake.Spooner.2002,none,NA,chronData,lc-chRVhZLZoOJ0oNf2AIo,notes,unitless,6
SkunkCabbageMeadow.Wahl.2002,none,NA,chronData,lc-chR1yqK51OTyE2NhPR1,notes,unitless,4
Skvarran.Svensson.1989,none,NA,chronData,lc-chRjbNM5Ni6a6woE91w,notes,unitless,6
SkyPond.Reasoner.2000,none,NA,chronData,lc-chRcfRn16Jz1DSYsiR5,notes,unitless,5
Slawsko.author.1111,none,NA,chronData,lc-chRAx87iA1kuwJk5TLY,materialDated,unitless,3
Slawsko.author.1111,none,NA,chronData,lc-chRjh4h7l7BAs98hzpG,notes,unitless,3
SleetLake.Spear.1983,none,NA,chronData,lc-chRgXKixFhTCkubxLnY,notes,unitless,5
SlieveCroob.Holland.1975,none,NA,chronData,lc-chRvthHyACEXQyQBx8a,notes,unitless,6
SlishLake.Dodson.1987,none,NA,chronData,lc-chRrsm7Sm3VJvV5Vahz,notes,unitless,3
Slopiec.Szczepanek.1961,none,NA,chronData,lc-chR1qODlhN2PCYQ182r,notes,unitless,11
SloughCreekPond.Whitlock.1993,none,NA,chronData,lc-chRCpjbJi4fTE2qI2zD,notes,unitless,5
SmootLakeBog.Shane.1993,none,NA,chronData,lc-chRlpoDhEXCVbhU0Q0y,notes,unitless,3
SmorodinovoyeLake.Anderson.2002,none,NA,chronData,lc-chRYoLzBckzRESBWKmK,notes,unitless,12
SnipeLake.Brubaker.2001,none,NA,chronData,lc-chR1PsVrYmG12ViGpkq,notes,unitless,10
SnowLake.Lamb.1982,none,NA,chronData,lc-chRgmpIGO3xUUQbK3jH,materialDated,unitless,3
SnowLake.Lamb.1982,none,NA,chronData,lc-chRI3y7mnm8nLIV31uh,notes,unitless,3
Sofularcave.Fleitmann.2009,none,NA,paleoData,S2LRMzawGl7841,notes,NA,9366
Sofularcave.Fleitmann.2009,none,NA,chronData,S2LcR7jqd2gHzoX,labID,unitless,100
Sofularcave.Fleitmann.2009,none,NA,chronData,S2LcRfzPQhSlnwc,materialDated,unitless,100
Sofularcave.Fleitmann.2009,none,NA,chronData,S2LcRbenVVW0gH3,retained,unitless,100
Sofularcave.Fleitmann.2009,none,NA,chronData,S2LcRpbS113mctt,decayConstant,unitless,100
Sofularcave.Fleitmann.2009,none,NA,chronData,S2LcRB0yusSGLcj,age_type,unitless,100
Sofularcave.Fleitmann.2009,none,NA,chronData,S2LcRMiy21P4K46,labID,unitless,13
Sofularcave.Fleitmann.2009,none,NA,chronData,S2LcRoTJvBWThHz,materialDated,unitless,13
Sofularcave.Fleitmann.2009,none,NA,chronData,S2LcRGQJ0NjOg8M,retained,unitless,13
Sofularcave.Fleitmann.2009,none,NA,chronData,S2LcR2fipVSjxJw,decayConstant,unitless,13
Sofularcave.Fleitmann.2009,none,NA,chronData,S2LcROyswMZY94f,age_type,unitless,13
Sofularcave.Fleitmann.2009,none,NA,chronData,S2LcRFpYNbJUKiZ,labID,unitless,42
Sofularcave.Fleitmann.2009,none,NA,chronData,S2LcRtn69nn36wV,materialDated,unitless,42
Sofularcave.Fleitmann.2009,none,NA,chronData,S2LcRx2kZWbFTjy,retained,unitless,42
Sofularcave.Fleitmann.2009,none,NA,chronData,S2LcR9FWUOEyOqZ,decayConstant,unitless,42
Sofularcave.Fleitmann.2009,none,NA,chronData,S2LcRzeEkYsvgVQ,age_type,unitless,42
Sofularcave.Fleitmann.2009,none,NA,chronData,S2LcR8BdxDrZ0Yk,labID,unitless,52
Sofularcave.Fleitmann.2009,none,NA,chronData,S2LcRgMrsXHSLNl,materialDated,unitless,52
Sofularcave.Fleitmann.2009,none,NA,chronData,S2LcRM8EbE45LYm,retained,unitless,52
Sofularcave.Fleitmann.2009,none,NA,chronData,S2LcRSq2Gd52Gp0,decayConstant,unitless,52
Sofularcave.Fleitmann.2009,none,NA,chronData,S2LcR6BYBk0uBgp,age_type,unitless,52
Sofularcave.Fleitmann.2009,none,NA,chronData,S2LcRUzBbfNHRe5,labID,unitless,21
Sofularcave.Fleitmann.2009,none,NA,chronData,S2LcRnQUHOhfhzl,materialDated,unitless,21
Sofularcave.Fleitmann.2009,none,NA,chronData,S2LcRGYQXJ1QlPD,retained,unitless,21
Sofularcave.Fleitmann.2009,none,NA,chronData,S2LcRaeF4tPjtDR,decayConstant,unitless,21
Sofularcave.Fleitmann.2009,none,NA,chronData,S2LcRFklUW5fCGO,age_type,unitless,21
Sofularcave.Fleitmann.2009,none,NA,chronData,S2LcR1atVvE00ZX,labID,unitless,6
Sofularcave.Fleitmann.2009,none,NA,chronData,S2LcRJCFYe3QKbi,materialDated,unitless,6
Sofularcave.Fleitmann.2009,none,NA,chronData,S2LcRXJkFbNcEbi,retained,unitless,6
Sofularcave.Fleitmann.2009,none,NA,chronData,S2LcRYyagsBLp4h,decayConstant,unitless,6
Sofularcave.Fleitmann.2009,none,NA,chronData,S2LcR9xvD3SZbVB,age_type,unitless,6
SoldierCreekMeadow.Anderson.2009,none,NA,chronData,lc-chRMMePZjGq37UNH2XH,notes,unitless,2
Solnechnoe.Elina.1981,none,NA,chronData,lc-chRolHfZvtbn50fBYh8,materialDated,unitless,4
Solnechnoe.Elina.1981,none,NA,chronData,lc-chRt93SI5nLnwAqd1nB,notes,unitless,4
Sommersuss.Seiwald.1980,none,NA,chronData,lc-chRGpD0W83dN8CHqSVk,notes,unitless,9
Songjiang.Zhang.2008,none,NA,chronData,lc-chRGCaiYtU7NG3wDkn0,labID,unitless,5
Songjiang.Zhang.2008,none,NA,chronData,lc-chRSf7fmrVgOiV8Pguh,notes,unitless,5
SonnenbergerMoor.Willutzki.1962,none,NA,chronData,lc-chRjnwSfKdearrqVTUY,materialDated,unitless,6
Soreqcave.Orland.2009,none,NA,paleoData,S2LR4DBYaP0JZ7,notes,NA,4064
Soreqcave.Orland.2009,none,NA,chronData,S2LcRab4PRAAMWB,labID,unitless,7
Soreqcave.Orland.2009,none,NA,chronData,S2LcRHbmIbC3yRe,materialDated,unitless,7
Soreqcave.Orland.2009,none,NA,chronData,S2LcRAZqIRld1xe,retained,unitless,7
Soreqcave.Orland.2009,none,NA,chronData,S2LcRNU1vA3YSjP,decayConstant,unitless,7
Soreqcave.Orland.2009,none,NA,chronData,S2LcRvi5Ok3VeVe,age_type,unitless,7
Soreqcave.Orland.2009,none,NA,chronData,S2LcR4vAh1T1nED,labID,unitless,11
Soreqcave.Orland.2009,none,NA,chronData,S2LcRKb3WjjYBEM,materialDated,unitless,11
Soreqcave.Orland.2009,none,NA,chronData,S2LcRoCGtkVR0oC,retained,unitless,11
Soreqcave.Orland.2009,none,NA,chronData,S2LcR5VjFgaxKCb,decayConstant,unitless,11
Soreqcave.Orland.2009,none,NA,chronData,S2LcReR498cWzo0,age_type,unitless,11
SosedneeLake.Lozhkin.1993,none,NA,chronData,lc-chR5piG3jGNN4istT1E,notes,unitless,7
Soumarskeraseliniste.Svobodova.2001,none,NA,chronData,lc-chRBE0LjcIcayruZC45,notes,unitless,2
SourcesdelYonne.JouffroyBapicot.2010,none,NA,chronData,lc-chRAJaJ27sZHsua5nmZ,notes,unitless,4
SouthBog.DieffenbacherKrall.1997,none,NA,chronData,lc-chRTdY3VbKxIggNQPSo,notes,unitless,3
SouthChinaSeaC4.Zhang.2009,none,NA,chronData,lc-chRExHWVcifKvLg7WLN,labID,unitless,5
SouthChinaSeaC4.Zhang.2009,none,NA,chronData,lc-chRSeRobLwqRMlck29Y,notes,unitless,5
SouthLake.Ruhland.2009,none,NA,chronData,lc-chRqEnb6TLiHdSI4sUo,notes,unitless,5
SouthRhodypeatland.Booth.2004,none,NA,chronData,lc-chRanyQxrsc7pKJNuYs,notes,unitless,10
SpicerLake.Wang.2016,none,NA,chronData,lc-chRfqgZMJemLEyxcGQI,notes,unitless,12
SpillwayPond.Clague.1996,none,NA,chronData,lc-chRarGNQycC4YRiWGGc,notes,unitless,4
SpireaWetland.Bunting.1999,none,NA,chronData,lc-chRzaWNvjGuhbKHRf4b,notes,unitless,8
SpiritLake.Woods.1989,none,NA,chronData,lc-chRZ4jpLCYZ1CiHFWzn,notes,unitless,6
SpiritwoodLake.author.1111,none,NA,chronData,lc-chRgdg5huHia79OGmXV,notes,unitless,3
Spjallsjon.Bjorck.1987,none,NA,chronData,lc-chRsmTwEBNHuT8MbXlx,notes,unitless,8
SplainsGulch.Fall.1988,none,NA,chronData,lc-chRtQVpaCwZibzhl8p4,notes,unitless,6
SplainsLake.Fall.1988,none,NA,chronData,lc-chRobVQATD3n6HvE6ks,notes,unitless,7
SpringLake.White.1986,none,NA,chronData,lc-chR6J7n7EJsfzRNhaNN,notes,unitless,4
SpringLake.author.1111,none,NA,chronData,lc-chRnuhN4LEytth1NDWs,labID,unitless,6
SpringLake.author.1111,none,NA,chronData,lc-chR5EBuVe5wkxxjlPFq,materialDated,unitless,6
SpringLake.author.1111,none,NA,chronData,lc-chRZBEAv5q1dan8U7TK,thickness,cm,6
SpringLake.author.1111,none,NA,chronData,lc-chR9V23aKgNBZYgYxzM,notes,unitless,6
SpringLake.author.1111,none,NA,chronData,lc-chRGPpZ0XHDDbG50uJw,depth_top,cm,6
SpringLake.author.1111,none,NA,chronData,lc-chRctpJioObPLgXtO3h,depth_bottom,cm,6
SprucePond.MaenzaGmelch.1997,none,NA,chronData,lc-chRO5xqSZe2ziTE1728,notes,unitless,9
StCatherinesIslandNorthwestMarsh.Rich.2015,none,NA,chronData,lc-chRlFtZiN6NmkZRKzJh,labID,unitless,3
StCatherinesIslandNorthwestMarsh.Rich.2015,none,NA,chronData,lc-chRKsHZPMKU73zhmMRR,notes,unitless,3
StLawrenceIslandSection3.Lozhkin.1998,none,NA,chronData,lc-chRSdAlAIrhwZFdiaIi,notes,unitless,8
StLawrenceSection2.Lozhkin.1998,none,NA,chronData,lc-chRhkn1cl6u1BOIQXSK,notes,unitless,6
StShotts.Irwin.1994,none,NA,chronData,lc-chRZWcoMXcdXnHIcMLt,materialDated,unitless,2
StShotts.Irwin.1994,none,NA,chronData,lc-chR1ydzFEy5fLZsGNhU,notes,unitless,2
StadukhinskayaProtokaChannelAlassection.Anderson.2002,none,NA,chronData,lc-chRcKHdj4bc8DIMHawM,notes,unitless,4
StaraBoleslav.Dreslerova.2004,none,NA,chronData,lc-chRbUL4Br5VOUJV0NT4,materialDated,unitless,4
StaraBoleslav.Dreslerova.2004,none,NA,chronData,lc-chRYnwmyf07K1Pcee3E,notes,unitless,4
Starniki.Bezusko.1982,none,NA,chronData,lc-chRGbm8IFL36OUqbTXl,thickness,cm,10
Starniki.Bezusko.1982,none,NA,chronData,lc-chRebyPP2ccolTZQsa2,notes,unitless,10
Starniki.Bezusko.1982,none,NA,chronData,lc-chRkTjveKul8CxtA3PK,depth_top,cm,10
Starniki.Bezusko.1982,none,NA,chronData,lc-chRP6glk950zbsGPZPO,depth_bottom,cm,10
StaroselskyMoch.Novenko.2009,none,NA,chronData,lc-chRBpVyEdDXlS7iB7aP,notes,unitless,6
Station_5_MC,none,NA,chronData,T2L_Station_5_MC_labcode,labcode,NA,5
Station_5_MC,none,NA,chronData,T2L_Station_5_MC_depth_bottom,depth_bottom,cm,5
Station_5_MC,none,NA,chronData,T2L_Station_5_MC_delta_r_1s_error_original,delta_r_1s_error_original,NA,5
Station_5_MC,none,NA,chronData,T2L_Station_5_MC_other_date,other_date,NA,5
Station_5_MC,none,NA,chronData,T2L_Station_5_MC_other_1s_err,other_1s_err,NA,5
Station_5_MC,none,NA,chronData,T2L_Station_5_MC_other_type,other_type,NA,5
Station_5_PC,none,NA,chronData,T2L_Station_5_PC_labcode,labcode,NA,8
Station_5_PC,none,NA,chronData,T2L_Station_5_PC_depth_bottom,depth_bottom,cm,8
Station_5_PC,none,NA,chronData,T2L_Station_5_PC_delta_r_1s_error_original,delta_r_1s_error_original,NA,8
Station_5_PC,none,NA,chronData,T2L_Station_5_PC_other_date,other_date,NA,8
Station_5_PC,none,NA,chronData,T2L_Station_5_PC_other_1s_err,other_1s_err,NA,8
Station_5_PC,none,NA,chronData,T2L_Station_5_PC_other_type,other_type,NA,8
Station_6_MC,none,NA,chronData,T2L_Station_6_MC_labcode,labcode,NA,3
Station_6_MC,none,NA,chronData,T2L_Station_6_MC_depth_bottom,depth_bottom,cm,3
Station_6_MC,none,NA,chronData,T2L_Station_6_MC_delta_r_1s_error_original,delta_r_1s_error_original,NA,3
Station_6_MC,none,NA,chronData,T2L_Station_6_MC_other_date,other_date,NA,3
Station_6_MC,none,NA,chronData,T2L_Station_6_MC_other_1s_err,other_1s_err,NA,3
Station_6_MC,none,NA,chronData,T2L_Station_6_MC_other_type,other_type,NA,3
Station_8s_PC,none,NA,chronData,T2L_Station_8s_PC_labcode,labcode,NA,5
Station_8s_PC,none,NA,chronData,T2L_Station_8s_PC_depth_bottom,depth_bottom,cm,5
Station_8s_PC,none,NA,chronData,T2L_Station_8s_PC_delta_r_1s_error_original,delta_r_1s_error_original,NA,5
Station_8s_PC,none,NA,chronData,T2L_Station_8s_PC_other_date,other_date,NA,5
Station_8s_PC,none,NA,chronData,T2L_Station_8s_PC_other_1s_err,other_1s_err,NA,5
Station_8s_PC,none,NA,chronData,T2L_Station_8s_PC_other_type,other_type,NA,5
SteelLake.Geiss.2003,none,NA,chronData,lc-chRdDMZlnHdMUi6iCVX,notes,unitless,32
Steerenmoos.Rosch.2000,none,NA,chronData,lc-chRdSnS73qQKhmpxzqs,notes,unitless,18
Steklin.EPD,none,NA,chronData,cRY2ZcXe0oRgc0Ak8G,thickness,cm,4
Steklin.EPD,none,NA,chronData,cRjaVxFw3jzaPXNtnn,labID,unitless,4
Steregoiu.Bjorkman.2003,none,NA,chronData,lc-chRs32aMg4Bbw71OFMT,notes,unitless,19
StewartBog.JimenezMoreno.2008,none,NA,chronData,lc-chRJSWLWDc5SZEVDdnE,notes,unitless,12
StewartsDark.Peters.1984,none,NA,chronData,M2Ll2b41iqqC,material,NA,6
StewartsDark.Peters.1984,none,NA,chronData,M2LocrmysfpC,notes,NA,6
StewartsDarkLake.Heide.1984,none,NA,chronData,lc-chRrf1rKzyg7IbsVMFP,labID,unitless,6
StewartsDarkLake.Heide.1984,none,NA,chronData,lc-chRJowiNSgMXXeBaeNB,materialDated,unitless,6
StewartsDarkLake.Heide.1984,none,NA,chronData,lc-chRchYWCiBsGvQ99lZc,thickness,cm,6
StewartsDarkLake.Heide.1984,none,NA,chronData,lc-chR1EItUsMfmPgNJWoS,notes,unitless,6
StewartsDarkLake.Heide.1984,none,NA,chronData,lc-chRtXFqwWx3yc3UYH40,depth_top,cm,6
StewartsDarkLake.Heide.1984,none,NA,chronData,lc-chRWF9tR69uYDI8dNnY,depth_bottom,cm,6
StewertPointPond.Wang.1991,none,NA,chronData,lc-chRjDHo2pqeNqgVFMv1,notes,unitless,3
StollLake.Keizer.2015,none,NA,chronData,lc-chRAMEbhO70U4xNTu1c,notes,unitless,14
StonemanLake.Hasbargen.1994,none,NA,chronData,lc-chRWTwgS3zclX39nIx5,notes,unitless,6
StonetorBrook.Fyfe.2008,none,NA,chronData,lc-chRfq4gQ5fDu7X5D3na,materialDated,unitless,8
StonetorBrook.Fyfe.2008,none,NA,chronData,lc-chRuxmwfJbIF2RqCvVY,notes,unitless,8
Storeys.Bowler.1976,none,NA,paleoData,OLS_R7UHPPttzoG,lakeTrend,unitless,32
Storsandvatnet.Birks.2012,none,NA,chronData,lc-chR8pZi3AFze9pPrA6n,notes,unitless,11
StotzelLeisSite.Shane.1976,none,NA,chronData,lc-chR6OKPjroxlGllKcB3,notes,unitless,11
StotzelLeisSite.Watson.2018,none,NA,chronData,lc-chRZW8Sa5Tl3GquVbOZ,notes,unitless,9
Stoyanov2.Artyushenko.1982,none,NA,chronData,lc-chR4xVDdPAQ8NgjI3Zt,thickness,cm,8
Stoyanov2.Artyushenko.1982,none,NA,chronData,lc-chRFZvcQVrU3gK23qIh,notes,unitless,8
Stoyanov2.Artyushenko.1982,none,NA,chronData,lc-chR4VOlh5Npsp1Xz4yF,depth_top,cm,8
Stoyanov2.Artyushenko.1982,none,NA,chronData,lc-chRLr14JapuLlVdYfJz,depth_bottom,cm,8
Strazenskaslat.Svobodova.2001,none,NA,chronData,lc-chRf6R8fukeQYSsRqbx,materialDated,unitless,2
Strazenskaslat.Svobodova.2001,none,NA,chronData,lc-chR6U0y0UJvP0CDNPfk,thickness,cm,2
Strazenskaslat.Svobodova.2001,none,NA,chronData,lc-chRnQTL4qDjzB53MF0O,notes,unitless,2
Strazenskaslat.Svobodova.2001,none,NA,chronData,lc-chRdL8XxSzmxfkQbIaR,depth_top,cm,2
Strazenskaslat.Svobodova.2001,none,NA,chronData,lc-chRFX7hWJb8C1GLr0vh,depth_bottom,cm,2
StrazymLake.EPD,none,NA,chronData,cR4Kpx0CNfykwEd78l,labID,unitless,10
Strbskepleso.Rybnickova.2006,none,NA,chronData,lc-chRhl7v14WjOPuJnLsm,materialDated,unitless,5
Strbskepleso.Rybnickova.2006,none,NA,chronData,lc-chRZCAiG0JnH2SVJsEH,notes,unitless,5
Stupino.Neustadt.1957,none,NA,chronData,lc-chRWWvKFCKXCkfj8geV,notes,unitless,4
Styggtjarnen.Giesecke.2005,none,NA,chronData,lc-chRr63ldMh26tLlk8Uy,notes,unitless,6
SuancigouFeng.Feng.2007,none,NA,chronData,lc-chRSujlEvMt7CZs9k7n,labID,unitless,15
SuancigouFeng.Feng.2007,none,NA,chronData,lc-chRcXCEGivomwd5F4wX,thickness,cm,15
SuancigouFeng.Feng.2007,none,NA,chronData,lc-chRfdo2Z2S3mEmufQN8,notes,unitless,15
SuancigouFeng.Feng.2007,none,NA,chronData,lc-chRXsKWtyop5oEUSec9,depth_top,cm,15
SuancigouFeng.Feng.2007,none,NA,chronData,lc-chRTvIRDUOx7i14qwhA,depth_bottom,cm,15
SuancigouTang.Tang.2007,none,NA,chronData,lc-chR9PhWaIGLnwOftVud,labID,unitless,9
SuancigouTang.Tang.2007,none,NA,chronData,lc-chROKw937X44CEkUpRU,thickness,cm,9
SuancigouTang.Tang.2007,none,NA,chronData,lc-chRxCSa7BjNtGkgo08J,notes,unitless,9
SuancigouTang.Tang.2007,none,NA,chronData,lc-chR0oN4rzz52KFaJvzC,depth_top,cm,9
SuancigouTang.Tang.2007,none,NA,chronData,lc-chRttfMhOKxVbgLfL7t,depth_bottom,cm,9
Sud_duLac_duNoyer.Larouche.1977,none,NA,chronData,M2L291wus2qC,notes,NA,5
SudduLacduNoyer.Richard.1977,none,NA,chronData,lc-chR9XuprFrPFWi3M6Dj,notes,unitless,5
SudobleLake.Elovicheva.1985Legacy,none,NA,chronData,lc-chRxeABcRLjqa2PFqdR,notes,unitless,8
Suftenenegg.Welten.1982,none,NA,chronData,lc-chR9gm6mNrarZsCoqFb,thickness,cm,3
Suftenenegg.Welten.1982,none,NA,chronData,lc-chRdSIPw0rMNW7Wo5Ws,notes,unitless,3
Suftenenegg.Welten.1982,none,NA,chronData,lc-chR9PtwvTG8OnXEeQrN,depth_top,cm,3
Suftenenegg.Welten.1982,none,NA,chronData,lc-chRvXG1TxCOz4MV3rIj,depth_bottom,cm,3
Suguta.Truckle.1976,none,NA,paleoData,dc_Rv8sksfYSVDn49JJC,sampleID,unitless,74
SuhoezeroII.Bozilova.1979,none,NA,chronData,lc-chRpZGOidnhPMvKe8Tj,materialDated,unitless,2
SuhoezeroII.Bozilova.1979,none,NA,chronData,lc-chR5LrzzM6EbvGuDsTD,notes,unitless,2
Sujiawan2006.Feng.2006,none,NA,chronData,lc-chR0arB3pNt89ob9Lb0,labID,unitless,8
Sujiawan2006.Feng.2006,none,NA,chronData,lc-chRUuVQBLxORzFgLG2n,notes,unitless,8
SulphurLake.Lacourse.2000,none,NA,chronData,lc-chRVbHiVwZh6RS6HuyY,notes,unitless,7
SuminskoyeZaimitschyePeatExposure.Anderson.2002,none,NA,chronData,lc-chRbeEDz4zSgAPCpyhd,notes,unitless,7
SummitLake.Calder.2016,none,NA,chronData,lc-chRKUR4O2t85jybKRkM,notes,unitless,11
Sumxi.VanCampo.1993,none,NA,chronData,lc-chRDY4L4CHlE2gcyRWk,labID,unitless,6
Sumxi.VanCampo.1993,none,NA,chronData,lc-chRfHYlzPsOdkImIV6S,thickness,cm,6
Sumxi.VanCampo.1993,none,NA,chronData,lc-chRUDX7mhbsCHgQ3Ang,notes,unitless,6
Sumxi.VanCampo.1993,none,NA,chronData,lc-chRGxHsTFCKAUTcq1y6,depth_top,cm,6
Sumxi.VanCampo.1993,none,NA,chronData,lc-chRZkr6zen17lCpCPi9,depth_bottom,cm,6
SunkenIslandLake.Anderson.2019,none,NA,chronData,lc-chRCDRkDj62CaJb7yJp,notes,unitless,17
SunmoonLake.Lu.1996,none,NA,chronData,lc-chRGlsui5F2qYLSl6t9,labID,unitless,2
SunmoonLake.Lu.1996,none,NA,chronData,lc-chRMkaixdw8v9SsqKS0,notes,unitless,2
SunsetLake.Pisaric.2001,none,NA,chronData,lc-chRwFt40cYPKCJGIqwg,notes,unitless,4
Suollakh.Andreev.1991,none,NA,chronData,lc-chRxGezSUSW00CJOXcH,notes,unitless,7
Suoma.Lei.1990,none,NA,chronData,lc-chRfs16iOncWX8hwD9w,labID,unitless,2
Suoma.Lei.1990,none,NA,chronData,lc-chRQwdtGfomwgvzEOnL,thickness,cm,2
Suoma.Lei.1990,none,NA,chronData,lc-chRk3glCnVUjmDbVm6Z,notes,unitless,2
Suoma.Lei.1990,none,NA,chronData,lc-chR340uZVGkWGIj7smF,depth_top,cm,2
Suoma.Lei.1990,none,NA,chronData,lc-chROnIjcvHlvDW4iqDu,depth_bottom,cm,2
Suovalampi.Hyvarinen.1975,none,NA,chronData,lc-chRym32j7pGLdyggdrT,notes,unitless,5
SurpriseLake.Mathewes.1973,none,NA,chronData,lc-chRDJvqXp0FJ43ELHng,notes,unitless,6
SutherlandPond.MaenzaGmelch.1997,none,NA,chronData,lc-chR2gbU58qB6BV9bB9x,notes,unitless,11
Svarcenberk.Pokorny.2002,none,NA,chronData,lc-chR1wn8b70g2A2Qk0po,notes,unitless,6
Svarcenberk.Pokorny.2008,none,NA,chronData,lc-chRVLdnhiXbfidBT4Vl,notes,unitless,3
Svartvatnet.Birks.2012,none,NA,chronData,lc-chRVTGD7FjG32OuJe3i,labID,unitless,12
Svartvatnet.Birks.2012,none,NA,chronData,lc-chRmNUly4AC1Y9506Xw,materialDated,unitless,12
Svartvatnet.Birks.2012,none,NA,chronData,lc-chRBlxLtQHKLvPkx0Qv,thickness,cm,12
Svartvatnet.Birks.2012,none,NA,chronData,lc-chRRwKGTEz6g3jnCusq,notes,unitless,12
Svartvatnet.Birks.2012,none,NA,chronData,lc-chRXRbJZmUYL6tqDLWc,depth_top,cm,12
Svartvatnet.Birks.2012,none,NA,chronData,lc-chR6ONeHCHHjsAzMlTw,depth_bottom,cm,12
SvatoboriceMistrin.Svobodova.1989,none,NA,chronData,lc-chRAerSBpLLk58AgFf6,notes,unitless,5
SvenceleBog.author.1111,none,NA,chronData,lc-chRneqtV5DrH73weotM,thickness,cm,4
SvenceleBog.author.1111,none,NA,chronData,lc-chRlpxTlyZDWHaabNdl,notes,unitless,4
SvenceleBog.author.1111,none,NA,chronData,lc-chRaqZ905wLwG3IsfzS,depth_top,cm,4
SvenceleBog.author.1111,none,NA,chronData,lc-chRm0PW3GM3Q23ceZRh,depth_bottom,cm,4
Sverdrup.Tarasov.1995,none,NA,chronData,lc-chRf85rvLU0Zv4LfCu4,notes,unitless,3
Svyatoye2.EPD,none,NA,chronData,cRq7LdAKffcOk9DCyO,thickness,cm,2
Svyatoye2.EPD,none,NA,chronData,cRF6N73bdSDMI6NIay,labID,unitless,2
SwallowLagoon.Barr.2019,none,NA,chronData,WEB-1c620-a35e-4821-b081-56c38,labNo.,unitless,18
SwallowLagoon.Barr.2019,none,NA,chronData,WEB-af20d-4e8f-4c6d-b46c-34748,MaterialDated,unitless,18
SwampLake.Smith.1989,none,NA,chronData,lc-chRkwVTB4girLLpwwRj,materialDated,unitless,6
SwampLake.Smith.1989,none,NA,chronData,lc-chR1a5CruKWVQAVM16z,notes,unitless,6
SwampbuggyLake.Rohr.2001,none,NA,chronData,lc-chR8xlBqxtX8fziYGJA,notes,unitless,10
Swan.Wright.1985,none,NA,paleoData,OLS_RKmVJt6Cs6q,lakeTrend,unitless,32
SwanLake.Albert.2005,none,NA,chronData,lc-chRc8tyK20M9NRWOuBa,notes,unitless,4
SwanLake.Stuiver.1969,none,NA,chronData,lc-chRfGmBbZHvBPPs2lyI,notes,unitless,2
SwansonFen.Jones.2010,none,NA,chronData,lc-chRC1lBAt5CEIbxYOoQ,notes,unitless,9
SweetLittleLake.Ritchie.1984,none,NA,chronData,lc-chRwvdQ3eetwLWNWPh5,notes,unitless,4
SweetonPond.Nanavati.2019,none,NA,chronData,lc-chRF554oQ4UMWETAx7S,notes,unitless,11
SwietokrzyskieLake.Makohonienko.1991,none,NA,chronData,cRWMhhhT1dlynhbaCL,labID,unitless,12
Syrjalansuo.author.1111,none,NA,chronData,lc-chR1WRZbiCr6WT18VV0,notes,unitless,7
SzaboPond.Watts.1979,none,NA,chronData,lc-chRUgA4ngAMSjTvnJlJ,materialDated,unitless,3
SzaboPond.Watts.1979,none,NA,chronData,lc-chRTcFz16DfCQ3BnlV0,notes,unitless,3
Szymbark.Gil.1974,none,NA,chronData,lc-chR3xuAVR6A8OZDNHnQ,notes,unitless,5
TK2Lake.Seppa.1996,none,NA,chronData,lc-chRNNGQDbSeJhvkKcTV,notes,unitless,8
TN057_21PC,none,NA,chronData,T2L_TN057_21PC_delta_r_1s_error_original,delta_r_1s_error_original,NA,33
TN057_21PC,none,NA,chronData,T2L_TN057_21PC_other_date,other_date,NA,33
TN057_21PC,none,NA,chronData,T2L_TN057_21PC_other_1s_err,other_1s_err,NA,33
TR163_19,none,NA,chronData,T2L_TR163_19_labcode,labcode,NA,2
TR163_19,none,NA,chronData,T2L_TR163_19_depth_bottom,depth_bottom,cm,2
TR163_19,none,NA,chronData,T2L_TR163_19_other_date,other_date,NA,2
TR163_19,none,NA,chronData,T2L_TR163_19_other_1s_err,other_1s_err,NA,2
TR163_19,none,NA,chronData,T2L_TR163_19_other_type,other_type,NA,2
TR163_22.Lea.2006,none,NA,chronData,T2L_TR163_22_other_date,other_date,NA,9
TR163_22.Lea.2006,none,NA,chronData,T2L_TR163_22_other_1s_err,other_1s_err,NA,9
TR163_22.Lea.2006,none,NA,chronData,T2L_TR163_22_other_type,other_type,NA,9
TR163_31.Dubois.2009,none,NA,chronData,T2L_TR163_31_labcode,labcode,NA,21
TR163_31.Dubois.2009,none,NA,chronData,T2L_TR163_31_delta_r_original,delta_r_original,NA,21
TR163_31.Dubois.2009,none,NA,chronData,T2L_TR163_31_delta_r_1s_error_original,delta_r_1s_error_original,NA,21
TR163_31.Dubois.2009,none,NA,chronData,T2L_TR163_31_other_date,other_date,NA,21
TR163_31.Dubois.2009,none,NA,chronData,T2L_TR163_31_other_1s_err,other_1s_err,NA,21
TR163_31.Dubois.2009,none,NA,chronData,T2L_TR163_31_other_type,other_type,NA,21
Tabuk.Mcclure.1984,none,NA,paleoData,OLS_RWZBlyyYJ89,lakeTrend,unitless,32
Tageru.Pachur.1987,none,NA,paleoData,OLS_RfT1jii5cSO,lakeTrend,unitless,32
TagnoutChaggaret.HillaireMarcel.1983,none,NA,paleoData,OLS_RlYCvA93G6j,lakeTrend,unitless,32
TaguaTagua.Montane.1968,none,NA,paleoData,OLS_RhhU7HshePW,lakeTrend,unitless,32
TaibaiLakeTN1.Tong.2009,none,NA,chronData,lc-chRu7AEt9LPy0b5WvgT,labID,unitless,5
TaibaiLakeTN1.Tong.2009,none,NA,chronData,lc-chRRM6KmsNw5HthnB1r,thickness,cm,5
TaibaiLakeTN1.Tong.2009,none,NA,chronData,lc-chRZ0gKALFNC8KMIHqH,notes,unitless,5
TaibaiLakeTN1.Tong.2009,none,NA,chronData,lc-chRvPBDTXSU57sW1tOe,depth_top,cm,5
TaibaiLakeTN1.Tong.2009,none,NA,chronData,lc-chR8fkc3ljFMEvp61L0,depth_bottom,cm,5
TaloyeLake.Anderson.2002,none,NA,chronData,lc-chRInGiasZZl5xEt1cr,notes,unitless,7
TamarackCreek.Davis.1977,none,NA,chronData,lc-chRW1ck7qGFlTdd2nFg,materialDated,unitless,4
TamarackCreek.Davis.1977,none,NA,chronData,lc-chRYCxgdtxQILYP37jI,thickness,cm,4
TamarackCreek.Davis.1977,none,NA,chronData,lc-chRykmRHyAsiokOAWph,notes,unitless,4
TamarackCreek.Davis.1977,none,NA,chronData,lc-chRq47nFbzMbRwv8MaD,depth_top,cm,4
TamarackCreek.Davis.1977,none,NA,chronData,lc-chRxz0I0W4ocFs5SI6H,depth_bottom,cm,4
TamayaMellet.Durand.1986,none,NA,paleoData,OLS_RjEt6fgzxIu,lakeTrend,unitless,32
Tamborilcave.Wortham.2017,none,NA,paleoData,S2LR50297hr1XR,notes,NA,869
Tamborilcave.Wortham.2017,none,NA,chronData,S2LcRiddOYB7xRv,materialDated,unitless,15
Tamborilcave.Wortham.2017,none,NA,chronData,S2LcRr0gjY2YF3M,retained,unitless,15
Tamborilcave.Wortham.2017,none,NA,chronData,S2LcR1FrvpAan11,decayConstant,unitless,15
Tamborilcave.Wortham.2017,none,NA,chronData,S2LcRbLndu6qITE,age_type,unitless,15
Tamborilcave.Wortham.2017,none,NA,chronData,S2LcRuygwHDo9dA,labID,unitless,7
Tamborilcave.Wortham.2017,none,NA,chronData,S2LcRBnvektjANw,materialDated,unitless,7
Tamborilcave.Wortham.2017,none,NA,chronData,S2LcRDKfI9hI9ky,retained,unitless,7
Tamborilcave.Wortham.2017,none,NA,chronData,S2LcRViyqxlF3KN,decayConstant,unitless,7
Tamborilcave.Wortham.2017,none,NA,chronData,S2LcR4KaB14XTJp,age_type,unitless,7
Tamborilcave.Wortham.2017,none,NA,chronData,S2LcRNh95Yuexmd,materialDated,unitless,15
Tamborilcave.Wortham.2017,none,NA,chronData,S2LcR0lxvQoLdD9,retained,unitless,15
Tamborilcave.Wortham.2017,none,NA,chronData,S2LcRglP1Lyu83G,decayConstant,unitless,15
Tamborilcave.Wortham.2017,none,NA,chronData,S2LcRRXTfU5xYxw,age_type,unitless,15
Tangbei94A.Xia.1996,none,NA,chronData,lc-chR8KiUsACSlIRUvJKs,labID,unitless,3
Tangbei94A.Xia.1996,none,NA,chronData,lc-chRkUnte8mQURTS7tIw,notes,unitless,3
TangleLakes.Ager.1981,none,NA,chronData,lc-chR6vJ8LT0JZyN89sKQ,materialDated,unitless,2
TangleLakes.Ager.1981,none,NA,chronData,lc-chReLXuAniMUMFtMvmg,notes,unitless,2
TankHillRoad.Waller.2012,none,NA,chronData,lc-chR98gNedifnoqBHssk,thickness,cm,6
TankHillRoad.Waller.2012,none,NA,chronData,lc-chRpZ0sKMRYyTojPw8g,notes,unitless,6
TankHillRoad.Waller.2012,none,NA,chronData,lc-chRou7vvcNGQjuBSDdo,depth_top,cm,6
TankHillRoad.Waller.2012,none,NA,chronData,lc-chRkhB7i1rxCUlPeVMW,depth_bottom,cm,6
TannersvilleBog.Cai.2011,none,NA,chronData,lc-chRjeTOOznV2TasVIlM,notes,unitless,11
TannersvilleBog.Watts.1979,none,NA,chronData,lc-chR04WU6pUSLmlj2xUT,materialDated,unitless,5
TannersvilleBog.Watts.1979,none,NA,chronData,lc-chRdQ3qNpnjuyWdNrhg,thickness,cm,5
TannersvilleBog.Watts.1979,none,NA,chronData,lc-chRsBbQ7S8WOkvC49s8,notes,unitless,5
TannersvilleBog.Watts.1979,none,NA,chronData,lc-chR5C3a1DfY3fKzSVWS,depth_top,cm,5
TannersvilleBog.Watts.1979,none,NA,chronData,lc-chRsV4Jb4Av5QbiLiTq,depth_bottom,cm,5
Tanneurs.Visset.2001,none,NA,chronData,lc-chR5E3i7EqsQqVQyvwr,thickness,cm,5
Tanneurs.Visset.2001,none,NA,chronData,lc-chRwIhZIEdf2k0DmpKz,notes,unitless,5
Tanneurs.Visset.2001,none,NA,chronData,lc-chRqRwF3A3cGcVqLGyN,depth_top,cm,5
Tanneurs.Visset.2001,none,NA,chronData,lc-chRaTVF2y8Sun105Nw2,depth_bottom,cm,5
TanonRiverQuarrySite.Anderson.2002,none,NA,chronData,lc-chRSVf85JmjdhMNgBAt,notes,unitless,11
Taoudenni.Cour.1976,none,NA,paleoData,OLS_RgLUOb4oPEL,lakeTrend,unitless,32
TaquitzMeadow.Wahl.2002,none,NA,chronData,lc-chRxC2ZqcC6QhRt3XUU,notes,unitless,8
Tarada.Durand.1986,none,NA,paleoData,OLS_RR42EaYEXDK,lakeTrend,unitless,32
TarnawaWyzna.EPD,none,NA,chronData,cRoUtT1iTHhVOS743C,thickness,cm,6
TarnawaWyzna.EPD,none,NA,chronData,cR5nsO4iNUJcsMoLiB,labID,unitless,6
TarnawaWyzna.RalskaJasiewiczowa.1989,none,NA,chronData,lc-chRQ2iPKKpLVCDsXV5X,labID,unitless,8
TarnawaWyzna.RalskaJasiewiczowa.1989,none,NA,chronData,lc-chRfTS2ryQFYYlJjwpO,notes,unitless,8
TarsoYega.Geyh.1974a,none,NA,paleoData,OLS_Rqorx9htHfx,lakeTrend,unitless,32
Tassara.Durand.1986,none,NA,paleoData,OLS_Rxz0vZalSn7,lakeTrend,unitless,32
Tauernmoos.Krisai.2006,none,NA,chronData,lc-chRhqlfB6IN83M2Q1eV,notes,unitless,2
TaulZanogutii.Farcas.1999,none,NA,chronData,lc-chReSOuNS1VK7ApC264,labID,unitless,12
TaulZanogutii.Farcas.1999,none,NA,chronData,lc-chR7B7ycVcCu3J0npRC,materialDated,unitless,12
TaulZanogutii.Farcas.1999,none,NA,chronData,lc-chRiqoPRrBcxk5XY4Nq,thickness,cm,12
TaulZanogutii.Farcas.1999,none,NA,chronData,lc-chR7lnnaFDIkSyFNgJk,notes,unitless,12
TaulZanogutii.Farcas.1999,none,NA,chronData,lc-chRhaT0731yTfDRErhZ,depth_top,cm,12
TaulZanogutii.Farcas.1999,none,NA,chronData,lc-chRVG6CCci4Cp7OjT63,depth_bottom,cm,12
TaupawshasBog.Dunwiddie.1989,none,NA,chronData,lc-chRRlwX9Gp9E8dp1RrU,materialDated,unitless,3
TawnyPond.Keizer.2015,none,NA,chronData,lc-chRccx39yPmbrJ7ILKi,notes,unitless,17
TaylorCreekSite2.Willard.1997,none,NA,chronData,lc-chRJpG1yWK8rMtVshz9,notes,unitless,3
TaylorLake.Long.2002,none,NA,chronData,lc-chRsZY1H6ia7nuPJpSp,notes,unitless,5
TaylorSloughSite15.Willard.1997,none,NA,chronData,lc-chRuwAZOaIna3n6v7tt,notes,unitless,5
TaylorSloughSite7.Willard.1997,none,NA,chronData,lc-chRBHhp5uNIeTQRKsYl,notes,unitless,4
TeReingacave.Lorrey.2008,none,NA,paleoData,S2LRsIBu259yRi,notes,NA,429
TeReingacave.Lorrey.2008,none,NA,chronData,S2LcRoocy3HYujb,materialDated,unitless,7
TeReingacave.Lorrey.2008,none,NA,chronData,S2LcRhikZgUQ5DS,retained,unitless,7
TeReingacave.Lorrey.2008,none,NA,chronData,S2LcRxR812xZjyg,decayConstant,unitless,7
TeReingacave.Lorrey.2008,none,NA,chronData,S2LcRpd0iI7sSfq,age_type,unitless,7
TeReingacave.Lorrey.2008,none,NA,chronData,S2LcRuZS2lUc5ud,materialDated,unitless,5
TeReingacave.Lorrey.2008,none,NA,chronData,S2LcRnaammmDIYZ,retained,unitless,5
TeReingacave.Lorrey.2008,none,NA,chronData,S2LcR9RwXGFYS9u,decayConstant,unitless,5
TeReingacave.Lorrey.2008,none,NA,chronData,S2LcRxz0P9tyWor,age_type,unitless,5
Teanga.author.1111,none,NA,chronData,lc-chR7QV1RUGnRSunXW0U,labID,unitless,9
Teanga.author.1111,none,NA,chronData,lc-chRkT6QAjTGtIxgeeTC,materialDated,unitless,9
Teanga.author.1111,none,NA,chronData,lc-chRd8nXrMzQTCEYSpPr,thickness,cm,9
Teanga.author.1111,none,NA,chronData,lc-chRX1VL5QbqN3pV5nn6,notes,unitless,9
Teanga.author.1111,none,NA,chronData,lc-chR8adJim8g390MFJkX,depth_top,cm,9
Teanga.author.1111,none,NA,chronData,lc-chRj2ylb3A9giB8V1e6,depth_bottom,cm,9
Teel.Crane.1965,none,NA,paleoData,OLS_R8PoSsBiK8K,lakeTrend,unitless,32
TegelerSee.Brande.1996,none,NA,chronData,lc-chRGq0nlmlNC6xNdc91,labID,unitless,3
TegelerSee.Brande.1996,none,NA,chronData,lc-chRCU3MSJgHFcxbpyZQ,materialDated,unitless,3
TegelerSee.Brande.1996,none,NA,chronData,lc-chRmQSzr7mtWZJTH9hS,thickness,cm,3
TegelerSee.Brande.1996,none,NA,chronData,lc-chRcJMyZr4CCb9BaXu3,notes,unitless,3
TegelerSee.Brande.1996,none,NA,chronData,lc-chRr68fio44tEYTFp5l,depth_top,cm,3
TegelerSee.Brande.1996,none,NA,chronData,lc-chR1UofVULM2H8cM1Ee,depth_bottom,cm,3
Teguldet.Blyakharchuk.1989,none,NA,chronData,lc-chR1NSe5Dd75QSigKRF,labID,unitless,3
Teguldet.Blyakharchuk.1989,none,NA,chronData,lc-chRnTk8VtmFGo4EIRmu,notes,unitless,3
TenMileLake.Anderson.1994,none,NA,chronData,lc-chR4R4kbZnSvecbWEoY,notes,unitless,5
TenaghiPhilippon.Turner.1975,none,NA,chronData,lc-chR1Rir0DQ0VJjnENuj,thickness,cm,6
TenaghiPhilippon.Turner.1975,none,NA,chronData,lc-chR9PuwbayKQ6mhOmxF,notes,unitless,6
TenaghiPhilippon.Turner.1975,none,NA,chronData,lc-chRoexa78eaKr2y2uCe,depth_top,cm,6
TenaghiPhilippon.Turner.1975,none,NA,chronData,lc-chRB9XmWCMC0WB4jko0,depth_bottom,cm,6
Teplickeudoli.Kunes.2000,none,NA,chronData,lc-chRWuE3z9BG0lmzjuPJ,thickness,cm,5
Teplickeudoli.Kunes.2000,none,NA,chronData,lc-chRYdp1iZSCiraW1zon,notes,unitless,5
Teplickeudoli.Kunes.2000,none,NA,chronData,lc-chRJsmBXrjPPElI6iz9,depth_top,cm,5
Teplickeudoli.Kunes.2000,none,NA,chronData,lc-chRbH7zGDKQXuJ8VBub,depth_bottom,cm,5
TheBogRoos.Beckett.1975,none,NA,chronData,lc-chRLGalSM1uwFAQ7eKz,notes,unitless,8
TheDowelsWallandmarsh.Waller.1999,none,NA,chronData,lc-chRde1fEoGrvAgNdvRw,materialDated,unitless,4
TheMereStowBedon.Bennett.1986,none,NA,chronData,lc-chRcsk21lfB8ReldQop,materialDated,unitless,10
TheMereStowBedon.Bennett.1986,none,NA,chronData,lc-chRt1PMYPFaq38VfN9i,notes,unitless,10
Thibaudeau.Dredge.2003,none,NA,chronData,lc-chRxX8m82AMldtJNH9a,notes,unitless,3
ThompsonLanding.Nichols.1975,none,NA,chronData,lc-chRfeSJyqWw1Dv0fQTe,notes,unitless,4
ThorpeBulmer.Bartley.1990,none,NA,chronData,lc-chRQFMFLqNGo7b6WJij,notes,unitless,7
ThreePinesBog.Gordon.1990,none,NA,chronData,lc-chRXGj80wwTI36MIQV2,notes,unitless,2
ThreePinesBog.McAndrews.1990,none,NA,chronData,M2L2ozg4dy7C,notes,NA,2
ThunderLake.Chase.2008,none,NA,chronData,WEBa4ccde63,OriginalDateID,unitless,9
TianchiLake.Sun.2011,none,NA,chronData,lc-chR8Z6amwg8KjIdt9DL,notes,unitless,19
Tianmen.Cai.2010,none,NA,paleoData,S2LRd0hAPk97Gb-dup,notes,NA,1401
Tianmen.Cai.2010,none,NA,chronData,S2LcR4JWY1AyZ4G,labID,unitless,20
Tianmen.Cai.2010,none,NA,chronData,S2LcR245iH9f5Ba,materialDated,unitless,20
Tianmen.Cai.2010,none,NA,chronData,S2LcRuXDcmmJraj,retained,unitless,20
Tianmen.Cai.2010,none,NA,chronData,S2LcRpqd3ng0JSj,decayConstant,unitless,20
Tianmen.Cai.2010,none,NA,chronData,S2LcRutztIBqccE,age_type,unitless,20
Tianmen.Cai.2010,none,NA,chronData,S2LcRfG51N5tlei,labID,unitless,4
Tianmen.Cai.2010,none,NA,chronData,S2LcR2KM9dQ6Jig,materialDated,unitless,4
Tianmen.Cai.2010,none,NA,chronData,S2LcRcKfpGYXSn6,retained,unitless,4
Tianmen.Cai.2010,none,NA,chronData,S2LcRDIVgeaYPCU,decayConstant,unitless,4
Tianmen.Cai.2010,none,NA,chronData,S2LcRBW5ZDx0KFQ,age_type,unitless,4
Tianmen.Cai.2010,none,NA,chronData,S2LcRlcHXr8N84p,labID,unitless,10
Tianmen.Cai.2010,none,NA,chronData,S2LcRRmLLDn3knS,materialDated,unitless,10
Tianmen.Cai.2010,none,NA,chronData,S2LcRUZFkO1lTIV,retained,unitless,10
Tianmen.Cai.2010,none,NA,chronData,S2LcRTZRxDuOKAj,decayConstant,unitless,10
Tianmen.Cai.2010,none,NA,chronData,S2LcRWb7hGWOGxB,age_type,unitless,10
Tianmen.Cai.2010,none,NA,chronData,S2LcROc3cxcAGTj,labID,unitless,5
Tianmen.Cai.2010,none,NA,chronData,S2LcRxO6gEpamgx,materialDated,unitless,5
Tianmen.Cai.2010,none,NA,chronData,S2LcRckRMh5UfLn,retained,unitless,5
Tianmen.Cai.2010,none,NA,chronData,S2LcR3JmD3cNU9t,decayConstant,unitless,5
Tianmen.Cai.2010,none,NA,chronData,S2LcRMjF38g3vAR,age_type,unitless,5
TianyangTY1.Lei.1993,none,NA,chronData,lc-chRKRXwdOUZPoKZ1lJm,labID,unitless,8
TianyangTY1.Lei.1993,none,NA,chronData,lc-chRjF5UcW5CV5mwxCWu,thickness,cm,8
TianyangTY1.Lei.1993,none,NA,chronData,lc-chRkyIFZxHaMppmUh88,notes,unitless,8
TianyangTY1.Lei.1993,none,NA,chronData,lc-chRtUqwFaEbMv2MeAw8,depth_top,cm,8
TianyangTY1.Lei.1993,none,NA,chronData,lc-chR2FD4cHJqo3Yj38KK,depth_bottom,cm,8
Tiavatnet.Birks.2012,none,NA,chronData,lc-chRppuOzRQFx5AbeBH1,notes,unitless,9
Tiguent.Medus.1979,none,NA,paleoData,OLS_RlDQV8Ysdyc,lakeTrend,unitless,32
TiinkdhulLake.Anderson.1988,none,NA,chronData,lc-chRkvAth8p1Aqg7Njr2,notes,unitless,7
TikhangouExposure.Anderson.2002,none,NA,chronData,lc-chR99D4mIX89ECRDOT1,notes,unitless,5
TilburyFort.Batchelor.2009,none,NA,chronData,lc-chRsk5Fmtmtvc9AuZlT,notes,unitless,4
TinGuettai.PetitMaire.1983,none,NA,paleoData,OLS_R5Y1rtag5Ma,lakeTrend,unitless,32
TinyLake.Galloway.2006,none,NA,chronData,lc-chRlSfc6MZMUXzU4O1Q,notes,unitless,2
Tisice.Dreslerova.2004,none,NA,chronData,lc-chRcocoFPNHDpm2UYzL,thickness,cm,4
Tisice.Dreslerova.2004,none,NA,chronData,lc-chRjNFbDfO8YfiSAdZC,notes,unitless,4
Tisice.Dreslerova.2004,none,NA,chronData,lc-chRWn0u5CuGGPMM3wAt,depth_top,cm,4
Tisice.Dreslerova.2004,none,NA,chronData,lc-chRLTLj47sNm05saqxw,depth_bottom,cm,4
TiticutSwamp.Bender.1981,none,NA,chronData,lc-chRAZfr1DRSnKcwD6Yt,notes,unitless,7
Tlstahora.Rybnickova.2005,none,NA,chronData,lc-chRnUvFmYXnUyvndlVl,materialDated,unitless,4
Tlstahora.Rybnickova.2005,none,NA,chronData,lc-chRkPcV5rmOyo8vMnWQ,notes,unitless,4
ToadlenaLakeDeadManLake.Bent.1960,none,NA,chronData,lc-chR5s9o1z26vc7mb88B,notes,unitless,3
ToadlenaLakeDeadManLake.WrightJr.1964,none,NA,chronData,lc-chRYNfUhepbbRortQag,notes,unitless,3
TobogganLake.MacDonald.1989,none,NA,chronData,lc-chRnOQAaBnX0KmOUI1L,notes,unitless,7
TolmachevskoKrivodanovskiiPeat.Anderson.2002,none,NA,chronData,lc-chRBqnKLxTQDjWHy2Ge,notes,unitless,5
TomRiverPeat.Anderson.2002,none,NA,chronData,lc-chR6feysapABkDaE0rX,notes,unitless,6
TomSwamp.Gaudreau.1986,none,NA,chronData,lc-chRnxYIATfsFffIEpaK,notes,unitless,8
TonawaLake.McAndrews.1993,none,NA,chronData,lc-chRtDc5IW0mOwRbOl75,materialDated,unitless,3
TonawaLake.McAndrews.1993,none,NA,chronData,lc-chRN4DNtjFpNTljG9IX,notes,unitless,3
Tondi.Kimmel.1996,none,NA,chronData,lc-chROQvaYKnnjKzO3mBa,notes,unitless,3
Tonnelnayacave.Cheng.2016,none,NA,paleoData,S2LRW46OmbbDyY,notes,unitless,6269
Tonnelnayacave.Cheng.2016,none,NA,chronData,S2LcRmCN0bQ96iH,labID,unitless,34
Tonnelnayacave.Cheng.2016,none,NA,chronData,S2LcRRkwgY6HpdU,materialDated,unitless,34
Tonnelnayacave.Cheng.2016,none,NA,chronData,S2LcRwoI5l7LqDI,retained,unitless,34
Tonnelnayacave.Cheng.2016,none,NA,chronData,S2LcRL6ENgaiZ8p,decayConstant,unitless,34
Tonnelnayacave.Cheng.2016,none,NA,chronData,S2LcRUkuvYWNB3c,age_type,unitless,34
Tonnelnayacave.Cheng.2016,none,NA,chronData,S2LcRzxdKILUByl,labID,unitless,55
Tonnelnayacave.Cheng.2016,none,NA,chronData,S2LcRug7bBfgMbR,materialDated,unitless,55
Tonnelnayacave.Cheng.2016,none,NA,chronData,S2LcRQIbR65PGYy,retained,unitless,55
Tonnelnayacave.Cheng.2016,none,NA,chronData,S2LcRU7mIDafAA5,decayConstant,unitless,55
Tonnelnayacave.Cheng.2016,none,NA,chronData,S2LcRZavMN4dVm9,age_type,unitless,55
TonquinCreek.Kearney.1981,none,NA,chronData,lc-chR6RNV9sma1dYod0AT,notes,unitless,4
TopLake.McLaren.2008,none,NA,chronData,lc-chR2CJhL0IBTZLdvxv0,notes,unitless,5
TorbieradelBiecai.Ortu.2008,none,NA,chronData,lc-chRu98qvKw8X4XYbfnF,notes,unitless,8
Torveraz.Miras.2006,none,NA,chronData,lc-chRYiruOGO9FXR5O5Io,thickness,cm,5
Torveraz.Miras.2006,none,NA,chronData,lc-chRll0KAWin501vZsQk,depth_top,cm,5
Torveraz.Miras.2006,none,NA,chronData,lc-chRfZ2byfOxP6dd4KVU,depth_bottom,cm,5
TourbiereCaribou.Richard.1977,none,NA,chronData,lc-chRGh7ad0GRuxNtHbTw,notes,unitless,2
Tourbiere_deLanoraieJoseph.Comtois.1982,none,NA,chronData,M2LencyibddC,notes,NA,3
Tourbiere_deLanorie_CoteauJaune.Comtois.1982,none,NA,chronData,M2Lt1xrphsaC,notes,NA,5
TourbieredeCenseau.Gauthier.2001,none,NA,chronData,lc-chRFHO7RCFWZybRxDlh,notes,unitless,2
TourbieredeChamplong.Brugiapaglia.1996,none,NA,chronData,lc-chRCwQhXWlcEVomjPo0,notes,unitless,4
TourbieredeChavannes.Vanniere.2005,none,NA,chronData,lc-chR6KlNF40OPs5V1OAL,thickness,cm,3
TourbieredeChavannes.Vanniere.2005,none,NA,chronData,lc-chRziLBQYpUY0Yu2yeF,notes,unitless,3
TourbieredeChavannes.Vanniere.2005,none,NA,chronData,lc-chRPkJXwOjGyB860vn3,depth_top,cm,3
TourbieredeChavannes.Vanniere.2005,none,NA,chronData,lc-chRs4ukW1woxJf5OkcL,depth_bottom,cm,3
TourbieredeFarnham.author.1111,none,NA,chronData,lc-chRUnEhSwb4ldXBeOFI,notes,unitless,4
TourbieredeLandemarais.Visset.1989,none,NA,chronData,lc-chRE2LNop8u7PfQLTYJ,materialDated,unitless,3
TourbieredeLandemarais.Visset.1989,none,NA,chronData,lc-chRyafcoReurzO17002,notes,unitless,3
TourbieredeLanoraieCOTEAUJAUNE.Comtois.1982,none,NA,chronData,lc-chRbVtQLNtXjIJlzCCn,notes,unitless,5
TourbieredeLanoraieHENRI.Comtois.1979,none,NA,chronData,lc-chR7bBB7xbPxhjA6Tmp,notes,unitless,6
TourbieredeLanoraieJOSEPH.Comtois.1979,none,NA,chronData,lc-chRGL3PBex8hTFdHWB4,notes,unitless,4
TourbieredeLanoraieSTJEAN.Comtois.1979,none,NA,chronData,lc-chRCD2m7UX0nnX6i2T7,notes,unitless,4
TourbieredeMathon.EPD,none,NA,chronData,cRH0qycxHuYruURFGM,thickness,cm,2
TourbieredeMathon.EPD,none,NA,chronData,cRZWIq22byWaNjCpgA,labID,unitless,2
TourbieredeMontSec.Nakagawa.1998,none,NA,chronData,lc-chRByodmJKemfYpBuB7,notes,unitless,7
TourbieredeMurdeSologne.Planchais.1970,none,NA,chronData,lc-chRrD4H8l7g2PZvH9Ow,materialDated,unitless,7
TourbieredeMurdeSologne.Planchais.1970,none,NA,chronData,lc-chRlBsoHvFBtSe3QQTa,notes,unitless,7
TourbieredeNarbief.Gauthier.2001,none,NA,chronData,lc-chRQiqNnLGzyMAR8VBz,notes,unitless,4
TourbieredeParcaysurVienne.Cyprien.2006,none,NA,chronData,lc-chRDCVweHBq9DEt2xSJ,notes,unitless,12
TourbieredePilaz.Brugiapaglia.1996,none,NA,chronData,lc-chRqkvyEKTSjbF1LJrl,notes,unitless,10
TourbieredeSantaAnna.Brugiapaglia.1996,none,NA,chronData,lc-chRjUj4MHXmmlJtL8MO,materialDated,unitless,4
TourbieredeSantaAnna.Brugiapaglia.1996,none,NA,chronData,lc-chRKBXE1sYjl6b1bTVv,notes,unitless,4
TourbieredelaLande.Pulido.2006,none,NA,chronData,lc-chR5HuS0x9X5a3bKrw7,notes,unitless,5
TourbieredelaRiviereauxFeuilles.Richard.1981,none,NA,chronData,lc-chRD3JXT9TswItFK44L,notes,unitless,4
TourbieredesNarsesMortes.Pulido.2006,none,NA,chronData,lc-chRAfHv2uFI5A6rnvlj,notes,unitless,7
TourbieredesNarsesMortes.deBeaulieu.1974,none,NA,chronData,lc-chR6pDWU6UrDzv3PP5d,materialDated,unitless,3
TourbieredesNarsesMortes.deBeaulieu.1974,none,NA,chronData,lc-chRo79pMsdhare63yvN,notes,unitless,3
TourbiereduMoudePleure.Gauthier.2001,none,NA,chronData,lc-chRz9giVnyfJqwaDA4A,notes,unitless,4
TourbiereduPeschio.EPD,none,NA,chronData,cRqDvYJYAfyuVf3jMp,thickness,cm,3
TourbiereduPeschio.EPD,none,NA,chronData,cRyXuZoR0Wis51BNmj,labID,unitless,3
TourbiereduPeschio.Pulido.2006,none,NA,chronData,lc-chRDKPBaZSLeHIBfzgh,materialDated,unitless,4
TourbiereduPeschio.Pulido.2006,none,NA,chronData,lc-chR0iT7YSIR7CfZm2qc,notes,unitless,4
TourbieredulacJoncas.Richard.1977,none,NA,chronData,lc-chRmTHxVG12cj3yFRu9,notes,unitless,2
TourbieredulacMalbaie.Richard.1975,none,NA,chronData,lc-chRdwU34l56cNIddRrS,notes,unitless,2
TourbieresdesGrangesdesChavants.Reich.1989,none,NA,chronData,lc-chRkYADgV1l026SlIhZ,labID,unitless,8
TourbieresdesGrangesdesChavants.Reich.1989,none,NA,chronData,lc-chRYmS8Xi0Vcc7RgNHH,materialDated,unitless,8
TourbieresdesGrangesdesChavants.Reich.1989,none,NA,chronData,lc-chRP2NKFY03cFa2kgLA,notes,unitless,8
Tourves.NicolPichard.1987,none,NA,chronData,lc-chRDvytlUM3SSlDzpdm,materialDated,unitless,8
Tourves.NicolPichard.1987,none,NA,chronData,lc-chRngsuWae1CqyAalp4,thickness,cm,8
Tourves.NicolPichard.1987,none,NA,chronData,lc-chRVK3IJWolfNVPV6hr,notes,unitless,8
Tourves.NicolPichard.1987,none,NA,chronData,lc-chRhQgrkBhCk5FY49NZ,depth_top,cm,8
Tourves.NicolPichard.1987,none,NA,chronData,lc-chRVi1QwhSvknstVS46,depth_bottom,cm,8
TousheLake.Liew.1998,none,NA,chronData,lc-chRuV3rFyjmbDfqNyYb,labID,unitless,1
TousheLake.Liew.1998,none,NA,chronData,lc-chRZbjQCdpkTfBaix2R,notes,unitless,1
TowerLake.Jackson.2014,none,NA,chronData,lc-chRsst0Txo5zTMoaEGg,notes,unitless,11
Trettetjorn.Bjune.2005Legacy,none,NA,chronData,lc-chRtQ74DyZ6sUCkMrFe,notes,unitless,10
TriangleLakeBog.Jensen.2021,none,NA,chronData,lc-chRkOet0Q3dP9c7kA1H,notes,unitless,8
TrinityRiverbayhead.Anderson.2008,none,NA,chronData,lc-chR4TmvGN3e7TsJhprz,notes,unitless,6
Tritrivakely.Burney.1987,none,NA,paleoData,OLS_RUtZsexG9rw,lakeTrend,unitless,32
TroarnSaintSamson.Lespez.2010,none,NA,chronData,lc-chRfGzfmIlnuJhplonw,notes,unitless,5
Trogenmoos.EPD,none,NA,chronData,cRVstpFvmQH1y29QbQ,thickness,cm,5
Trogenmoos.vanderKnaap.2000,none,NA,chronData,lc-chR5w6u3jvb2ARk1grz,notes,unitless,2
TroisOeufs.Pastore.1987,none,NA,chronData,lc-chRjW9PkrdVk5k5yVji,notes,unitless,2
Trollvatnet.Hyvarinen.1985,none,NA,chronData,lc-chRgS9A9rsDnB18xGSG,notes,unitless,5
Trondheimsfjord.SanchezGoni.2016,none,NA,chronData,lc-chRWh1KG5biKmgLwhgg,thickness,cm,11
Trondheimsfjord.SanchezGoni.2016,none,NA,chronData,lc-chRWwYis4tv9pERqmnD,notes,unitless,11
Trondheimsfjord.SanchezGoni.2016,none,NA,chronData,lc-chRi06BRe3Mpu9LlXRV,depth_top,cm,11
Trondheimsfjord.SanchezGoni.2016,none,NA,chronData,lc-chR09r2P9iaor0pL5Tv,depth_bottom,cm,11
TrouAuNatron.Maley.1970,none,NA,paleoData,OLS_RBCY1dnErVF,lakeTrend,unitless,32
TroutLake.Fritz.2012,none,NA,chronData,lc-chRV317Xm6tSYHXVEsV,thickness,cm,5
TroutLake.Fritz.2012,none,NA,chronData,lc-chRRPqZphcTVlA9KCE2,notes,unitless,5
TroutLake.Fritz.2012,none,NA,chronData,lc-chRLJ6NuoVl9jyDBJ6M,depth_top,cm,5
TroutLake.Fritz.2012,none,NA,chronData,lc-chRdyaneTf45ejaRGFe,depth_bottom,cm,5
TschokljovoMarsh.Bozilova.1985,none,NA,chronData,lc-chR15aCl7klg8OASgHO,materialDated,unitless,6
TschokljovoMarsh.Bozilova.1985,none,NA,chronData,lc-chRj0KU63kughF2bGb2,notes,unitless,6
Tsondab.Seely.1974,none,NA,paleoData,OLS_RaALPUBksCh,lakeTrend,unitless,32
TubilladelLago.MoralesMolino.2017,none,NA,chronData,lc-chRIf4hYztu9CetRKCw,notes,unitless,11
Tuktoyaktuk5.Ritchie.1971,none,NA,chronData,lc-chRrlEdVcwbqz48wVxq,materialDated,unitless,5
Tuktoyaktuk5.Ritchie.1971,none,NA,chronData,lc-chRScqUEsCYwhrkuPi3,notes,unitless,5
TuleLake.West.1982,none,NA,chronData,lc-chR3MfKoJimDCuzmDgw,materialDated,unitless,2
TuleLake.West.1982,none,NA,chronData,lc-chRBeEkDE8hhcH0L0SZ,notes,unitless,2
Tullerinsuo.Vuorela.1991,none,NA,chronData,lc-chRkY8agCIXLLAzsXqJ,notes,unitless,4
TumaloLake.Long.2011,none,NA,chronData,lc-chRuiF6tpXjYiCXe3ZX,notes,unitless,8
TunturiLake.Stravers.1981,none,NA,chronData,lc-chRjL6VkhjAUBvbtgIX,materialDated,unitless,3
TunturiLake.Stravers.1981,none,NA,chronData,lc-chRflQg0SOaTFESyWMX,thickness,cm,3
TunturiLake.Stravers.1981,none,NA,chronData,lc-chRGWsCDE3qZQd2XIMf,notes,unitless,3
TunturiLake.Stravers.1981,none,NA,chronData,lc-chRGUq08kZtoZUswxVc,depth_top,cm,3
TunturiLake.Stravers.1981,none,NA,chronData,lc-chRVoX00C9pfbaquHdo,depth_bottom,cm,3
Tuqiang.Xia.1996,none,NA,chronData,lc-chRBqZU5dHMkkuxtWI6,labID,unitless,3
Tuqiang.Xia.1996,none,NA,chronData,lc-chRfNpT2z3Oovm3wN1v,notes,unitless,3
TurovaDacha.Chernavskaya.1988,none,NA,chronData,lc-chRKPghY8PkWPoYtk71,notes,unitless,4
TuskegeePond.Steventon.1983,none,NA,chronData,lc-chRqVB5odvl6oKFkRyR,notes,unitless,3
TwinLakes.Alt.2018,none,NA,chronData,lc-chRvOVtAuiH5i66JR0t,thickness,cm,12
TwinLakes.Alt.2018,none,NA,chronData,lc-chRoNQxuJJB4Rwtm9Qf,notes,unitless,12
TwinLakes.Alt.2018,none,NA,chronData,lc-chRak8N5LNVI8uhmqXY,depth_top,cm,12
TwinLakes.Alt.2018,none,NA,chronData,lc-chRy27cFVjMWWA2hn0B,depth_bottom,cm,12
TwoFrogLake.Galloway.2007,none,NA,chronData,lc-chRpXdQqCSkzHkozk8U,notes,unitless,4
TwoYurtsLakePG18575.Hoff.2015,none,NA,chronData,lc-chRkNHfeOLjbYnPAnCv,labID,unitless,5
TwoYurtsLakePG18575.Hoff.2015,none,NA,chronData,lc-chRixwEdhOkzboWj4Fi,notes,unitless,5
Tyapka.Bazarova.2008,none,NA,chronData,lc-chRnHfLEaWUBX7Rwejy,labID,unitless,8
Tyapka.Bazarova.2008,none,NA,chronData,lc-chRQnJClIo1zJU4PFat,thickness,cm,8
Tyapka.Bazarova.2008,none,NA,chronData,lc-chRr4a5GsnOLiIhbrGv,notes,unitless,8
Tyapka.Bazarova.2008,none,NA,chronData,lc-chRq4PzscMTo8CrGzUD,depth_top,cm,8
Tyapka.Bazarova.2008,none,NA,chronData,lc-chR3GcZIYICUfuJE0vf,depth_bottom,cm,8
TyrrellLake.Ritchie.1982,none,NA,chronData,lc-chRtUOj1qClOf5XeBJ1,notes,unitless,5
U938,none,NA,chronData,T2L_U938_delta_r_original,delta_r_original,NA,5
U938,none,NA,chronData,T2L_U938_delta_r_1s_error_original,delta_r_1s_error_original,NA,5
U938,none,NA,chronData,T2L_U938_other_date,other_date,NA,5
U938,none,NA,chronData,T2L_U938_other_1s_err,other_1s_err,NA,5
U938,none,NA,chronData,T2L_U938_other_type,other_type,NA,5
UbukaBasin.Hatanaka.1980,none,NA,chronData,lc-chRfZvw4IMZnAZTO4CN,thickness,cm,3
UbukaBasin.Hatanaka.1980,none,NA,chronData,lc-chRSCqzEDhGk5sn7sop,notes,unitless,3
UbukaBasin.Hatanaka.1980,none,NA,chronData,lc-chRa9PxPzwQKFeySwyk,depth_top,cm,3
UbukaBasin.Hatanaka.1980,none,NA,chronData,lc-chRyADAWTu2jJPsOIRY,depth_bottom,cm,3
Uddelermeer.Bohncke.1988,none,NA,chronData,lc-chRmchB1rb4KMVEjl70,notes,unitless,4
Uitbergen.Verbruggen.1979Legacy,none,NA,chronData,lc-chRMMxavVkqLdOrUHLG,notes,unitless,2
UlakhanExposureAdychaRiver.Anderson.2002,none,NA,chronData,lc-chR8elnlnetUBCvuABo,notes,unitless,3
Uluu-Toocave.Wolff.2017,none,NA,chronData,S2LcRqeKwAQdPU4,materialDated,unitless,25
Uluu-Toocave.Wolff.2017,none,NA,chronData,S2LcRD5HpeFf93j,retained,unitless,25
Uluu-Toocave.Wolff.2017,none,NA,chronData,S2LcRnLvG1JllhI,decayConstant,unitless,25
Uluu-Toocave.Wolff.2017,none,NA,chronData,S2LcRqDn1CK0Lvl,age_type,unitless,25
Umbrail.Welten.1982,none,NA,chronData,lc-chRLFuzMkGmtI1Z4MfJ,notes,unitless,3
UnaschiExposure.Anderson.2002,none,NA,chronData,lc-chRDrxtMf4jLtzI4A5x,notes,unitless,2
UncleSethsPond.Oswald.2018,none,NA,chronData,lc-chRI0h277i2nDlte9uY,notes,unitless,8
UnitLake.Camill.2012Legacy,none,NA,chronData,lc-chRYfGwGGQWrw3Tg35r,thickness,cm,17
UnitLake.Camill.2012Legacy,none,NA,chronData,lc-chROxhiRNo7kQgmo0NW,notes,unitless,17
UnitLake.Camill.2012Legacy,none,NA,chronData,lc-chRHA7CUjhWQPueuczo,depth_top,cm,17
UnitLake.Camill.2012Legacy,none,NA,chronData,lc-chR2n3HCOLWkkV0QkWs,depth_bottom,cm,17
UnterUckersee.Jahns.2001,none,NA,chronData,lc-chRdUK2ZdM3UWgAHLz7,notes,unitless,12
UpperGravenLake.AlmquistJacobson.1992,none,NA,chronData,lc-chRe5FDpJqwLynwV8RL,notes,unitless,6
UpperMallotLake.McAndrews.1993,none,NA,chronData,lc-chRdL0fW2CoA5M36ZR1,materialDated,unitless,3
UpperMallotLake.McAndrews.1993,none,NA,chronData,lc-chRi3o7dDT6Bi11vGES,thickness,cm,3
UpperMallotLake.McAndrews.1993,none,NA,chronData,lc-chRYLTGcklbISigYNdP,notes,unitless,3
UpperMallotLake.McAndrews.1993,none,NA,chronData,lc-chRE2iUkbM0SZtkhICY,depth_top,cm,3
UpperMallotLake.McAndrews.1993,none,NA,chronData,lc-chRAtu6PR8i0dYQQy9k,depth_bottom,cm,3
UpperSoperLake.Doner.2001,none,NA,chronData,lc-chRZLYtw5yD8zekqkzS,notes,unitless,4
UpperSquawLake.Colombaroli.2010,none,NA,chronData,lc-chRyrxwGq0tiQX9moje,notes,unitless,7
UpperWallfacePond.Whitehead.1990,none,NA,chronData,lc-chRY0YODlXAkZHnGpWs,notes,unitless,7
Upskeraseliniste.Speranza.2000,none,NA,chronData,lc-chRc5CrmsAUZQrtFJ5R,materialDated,unitless,7
Upskeraseliniste.Speranza.2000,none,NA,chronData,lc-chRIy518AcMj6fxmcZb,thickness,cm,7
Upskeraseliniste.Speranza.2000,none,NA,chronData,lc-chRqx7MPOATPMjavaX4,notes,unitless,7
Upskeraseliniste.Speranza.2000,none,NA,chronData,lc-chRFDaStttsiZHlaPWl,depth_top,cm,7
Upskeraseliniste.Speranza.2000,none,NA,chronData,lc-chRkxwb4sx14uVwrVpd,depth_bottom,cm,7
Upskeraseliniste.Svobodova.2002,none,NA,chronData,lc-chRXBJDW7HpyNBibmxr,materialDated,unitless,3
Upskeraseliniste.Svobodova.2002,none,NA,chronData,lc-chR8BxSK27dXMVqwuGq,thickness,cm,3
Upskeraseliniste.Svobodova.2002,none,NA,chronData,lc-chRqVRea5SZDo57EYqP,notes,unitless,3
Upskeraseliniste.Svobodova.2002,none,NA,chronData,lc-chRnl3nQjVMUxj650Gv,depth_top,cm,3
Upskeraseliniste.Svobodova.2002,none,NA,chronData,lc-chRmSeSRC12ufoYss43,depth_bottom,cm,3
Upskeraseliniste.Svobodova.2004,none,NA,chronData,lc-chR8WXr4tdofyv4Ta6g,notes,unitless,3
UraghWood.Little.1996,none,NA,chronData,lc-chRpr79aXBfEgGSmuSO,notes,unitless,5
UrgoPietraGiordano.Tinner.2016,none,NA,chronData,lc-chRjdMByW80b63AGIfl,notes,unitless,9
UrioQuattrocchi.Bisculm.2012,none,NA,chronData,lc-chRdPNmTanw3dp7TGpt,notes,unitless,12
Urmia.Kelts.1986,none,NA,paleoData,OLS_RNS38QrVnfK,lakeTrend,unitless,32
Urwi.Lancaster.1979c,none,NA,paleoData,OLS_RZ9Use3WSpj,lakeTrend,unitless,32
UstMashevskoe.Panova.1996,none,NA,chronData,lc-chR2HozfirhgmakJOSE,notes,unitless,5
UzunkolLake.Blyakharchuk.2004,none,NA,chronData,lc-chRfC9Uhs5qT0LGPFf4,labID,unitless,5
UzunkolLake.Blyakharchuk.2004,none,NA,chronData,lc-chRQuNfO7oiyMXmAspG,notes,unitless,5
VM12_107.Schmidt.2012,none,NA,chronData,T2L_VM12_107_labcode,labcode,NA,19
VM12_107.Schmidt.2012,none,NA,chronData,T2L_VM12_107_depth_bottom,depth_bottom,cm,19
VM12_107.Schmidt.2012,none,NA,chronData,T2L_VM12_107_delta_r_1s_error_original,delta_r_1s_error_original,NA,19
VM12_107.Schmidt.2012,none,NA,chronData,T2L_VM12_107_other_date,other_date,NA,19
VM12_107.Schmidt.2012,none,NA,chronData,T2L_VM12_107_other_1s_err,other_1s_err,NA,19
VM12_107.Schmidt.2012,none,NA,chronData,T2L_VM12_107_other_type,other_type,NA,19
VM17_178,none,NA,chronData,T2L_VM17_178_depth_bottom,depth_bottom,cm,8
VM17_178,none,NA,chronData,T2L_VM17_178_delta_r_1s_error_original,delta_r_1s_error_original,NA,8
VM17_178,none,NA,chronData,T2L_VM17_178_other_date,other_date,NA,8
VM17_178,none,NA,chronData,T2L_VM17_178_other_1s_err,other_1s_err,NA,8
VM17_178,none,NA,chronData,T2L_VM17_178_other_type,other_type,NA,8
VM17_179,none,NA,chronData,T2L_VM17_179_depth_bottom,depth_bottom,cm,2
VM17_179,none,NA,chronData,T2L_VM17_179_delta_r_1s_error_original,delta_r_1s_error_original,NA,2
VM17_179,none,NA,chronData,T2L_VM17_179_other_date,other_date,NA,2
VM17_179,none,NA,chronData,T2L_VM17_179_other_1s_err,other_1s_err,NA,2
VM17_179,none,NA,chronData,T2L_VM17_179_other_type,other_type,NA,2
VM19_27,none,NA,chronData,T2L_VM19_27_depth_bottom,depth_bottom,cm,4
VM19_27,none,NA,chronData,T2L_VM19_27_delta_r_1s_error_original,delta_r_1s_error_original,NA,4
VM19_27,none,NA,chronData,T2L_VM19_27_other_date,other_date,NA,4
VM19_27,none,NA,chronData,T2L_VM19_27_other_1s_err,other_1s_err,NA,4
VM19_27,none,NA,chronData,T2L_VM19_27_other_type,other_type,NA,4
VM19_28,none,NA,chronData,T2L_VM19_28_depth_bottom,depth_bottom,cm,5
VM19_28,none,NA,chronData,T2L_VM19_28_delta_r_1s_error_original,delta_r_1s_error_original,NA,5
VM19_28,none,NA,chronData,T2L_VM19_28_other_date,other_date,NA,5
VM19_28,none,NA,chronData,T2L_VM19_28_other_1s_err,other_1s_err,NA,5
VM19_28,none,NA,chronData,T2L_VM19_28_other_type,other_type,NA,5
VM19_30,none,NA,chronData,T2L_VM19_30_labcode,labcode,NA,2
VM19_30,none,NA,chronData,T2L_VM19_30_depth_bottom,depth_bottom,cm,2
VM19_30,none,NA,chronData,T2L_VM19_30_mat_dated,mat_dated,NA,2
VM19_30,none,NA,chronData,T2L_VM19_30_delta_r_original,delta_r_original,NA,2
VM19_30,none,NA,chronData,T2L_VM19_30_delta_r_1s_error_original,delta_r_1s_error_original,NA,2
VM19_30,none,NA,chronData,T2L_VM19_30_other_date,other_date,NA,2
VM19_30,none,NA,chronData,T2L_VM19_30_other_1s_err,other_1s_err,NA,2
VM19_30,none,NA,chronData,T2L_VM19_30_other_type,other_type,NA,2
VM21_29,none,NA,chronData,T2L_VM21_29_depth_bottom,depth_bottom,cm,3
VM21_29,none,NA,chronData,T2L_VM21_29_delta_r_1s_error_original,delta_r_1s_error_original,NA,3
VM21_29,none,NA,chronData,T2L_VM21_29_other_date,other_date,NA,3
VM21_29,none,NA,chronData,T2L_VM21_29_other_1s_err,other_1s_err,NA,3
VM21_29,none,NA,chronData,T2L_VM21_29_other_type,other_type,NA,3
VM21_30.Koutavas.2003,none,NA,chronData,T2L_VM21_30_labcode,labcode,NA,10
VM21_30.Koutavas.2003,none,NA,chronData,T2L_VM21_30_depth_bottom,depth_bottom,cm,10
VM21_30.Koutavas.2003,none,NA,chronData,T2L_VM21_30_delta_r_1s_error_original,delta_r_1s_error_original,NA,10
VM21_30.Koutavas.2003,none,NA,chronData,T2L_VM21_30_other_date,other_date,NA,10
VM21_30.Koutavas.2003,none,NA,chronData,T2L_VM21_30_other_1s_err,other_1s_err,NA,10
VM21_30.Koutavas.2003,none,NA,chronData,T2L_VM21_30_other_type,other_type,NA,10
VM21_40,none,NA,chronData,T2L_VM21_40_depth_bottom,depth_bottom,cm,4
VM21_40,none,NA,chronData,T2L_VM21_40_delta_r_1s_error_original,delta_r_1s_error_original,NA,4
VM21_40,none,NA,chronData,T2L_VM21_40_other_date,other_date,NA,4
VM21_40,none,NA,chronData,T2L_VM21_40_other_1s_err,other_1s_err,NA,4
VM21_40,none,NA,chronData,T2L_VM21_40_other_type,other_type,NA,4
VM25_59,none,NA,chronData,T2L_VM25_59_labcode,labcode,NA,5
VM25_59,none,NA,chronData,T2L_VM25_59_depth_bottom,depth_bottom,cm,5
VM25_59,none,NA,chronData,T2L_VM25_59_delta_r_original,delta_r_original,NA,5
VM25_59,none,NA,chronData,T2L_VM25_59_delta_r_1s_error_original,delta_r_1s_error_original,NA,5
VM25_59,none,NA,chronData,T2L_VM25_59_other_date,other_date,NA,5
VM25_59,none,NA,chronData,T2L_VM25_59_other_1s_err,other_1s_err,NA,5
VM25_59,none,NA,chronData,T2L_VM25_59_other_type,other_type,NA,5
VM28_122.Schmidt.2004,none,NA,chronData,T2L_VM28_122_labcode,labcode,NA,8
VM28_122.Schmidt.2004,none,NA,chronData,T2L_VM28_122_depth_bottom,depth_bottom,cm,8
VM28_122.Schmidt.2004,none,NA,chronData,T2L_VM28_122_delta_r_original,delta_r_original,NA,8
VM28_122.Schmidt.2004,none,NA,chronData,T2L_VM28_122_delta_r_1s_error_original,delta_r_1s_error_original,NA,8
VM28_122.Schmidt.2004,none,NA,chronData,T2L_VM28_122_other_date,other_date,NA,8
VM28_122.Schmidt.2004,none,NA,chronData,T2L_VM28_122_other_1s_err,other_1s_err,NA,8
VM28_122.Schmidt.2004,none,NA,chronData,T2L_VM28_122_other_type,other_type,NA,8
VM30_40,none,NA,chronData,T2L_VM30_40_labcode,labcode,NA,5
VM30_40,none,NA,chronData,T2L_VM30_40_depth_bottom,depth_bottom,cm,5
VM30_40,none,NA,chronData,T2L_VM30_40_delta_r_original,delta_r_original,NA,5
VM30_40,none,NA,chronData,T2L_VM30_40_delta_r_1s_error_original,delta_r_1s_error_original,NA,5
VM30_40,none,NA,chronData,T2L_VM30_40_other_date,other_date,NA,5
VM30_40,none,NA,chronData,T2L_VM30_40_other_1s_err,other_1s_err,NA,5
VM30_40,none,NA,chronData,T2L_VM30_40_other_type,other_type,NA,5
VaikeJuusa.Kangur.2009,none,NA,chronData,lc-chR7TCvtE5aRVzTLRFg,notes,unitless,6
Valdeyernosbog.DoradoValino.2014,none,NA,chronData,lc-chR2gNOvJXMdYVPlFuO,notes,unitless,4
ValhallaHollow.Kearsley.1995,none,NA,chronData,lc-chRrrc5Zyjg2E4zYTwv,notes,unitless,3
Vallamae.Punning.1995,none,NA,chronData,lc-chRKoayndKVj2iemWk7,notes,unitless,10
ValleedelaVoise.vanZeist.1980,none,NA,chronData,lc-chRyasSbOgzphvhHmYH,notes,unitless,5
VallondeProvence.deBeaulieu.1977,none,NA,chronData,lc-chRDZ3B6peGdBU2SZu3,materialDated,unitless,6
VallondeProvence.deBeaulieu.1977,none,NA,chronData,lc-chROSoZtpoRIckLlzAq,notes,unitless,6
Van.Degens.1978,none,NA,paleoData,OLS_RXXx6QsZdLS,lakeTrend,unitless,32
Van.VanZeist.1978,none,NA,chronData,cRecbjoLBXMp8t9tQ8,thickness,cm,8
Van.VanZeist.1978,none,NA,chronData,cRJeAHoq52fOGbmQwn,labID,unitless,8
VanNostrandLake.McAndrews.1973,none,NA,chronData,lc-chR2XWpXhIAAuqy8kaV,labID,unitless,2
VanNostrandLake.McAndrews.1973,none,NA,chronData,lc-chRZGNWu3KV2y7pEfnO,materialDated,unitless,2
VanNostrandLake.McAndrews.1973,none,NA,chronData,lc-chRcZH8txcxuS4OJhQr,thickness,cm,2
VanNostrandLake.McAndrews.1973,none,NA,chronData,lc-chRZITMVKCorkoOyU8j,notes,unitless,2
VanNostrandLake.McAndrews.1973,none,NA,chronData,lc-chRsDRFTqo9CWJzazZg,depth_top,cm,2
VanNostrandLake.McAndrews.1973,none,NA,chronData,lc-chR6fthY7aMcnsJaIOw,depth_bottom,cm,2
VanWyck.Doerner.1999,none,NA,chronData,lc-chRnwpmGKIJ8sQmicbA,notes,unitless,4
Vasikkasuo.EPD,none,NA,chronData,cRCRZelJPKzHxOYDk5,thickness,cm,2
Vasikkasuo.EPD,none,NA,chronData,cRaW87XOlB8rdT5XyG,labID,unitless,2
Vasikkasuo.Vuorela.1990,none,NA,chronData,lc-chR61YFkSOncje8tCsJ,notes,unitless,2
Vatnamyri.Caseldine.2006,none,NA,chronData,WEB3d18edfc,OriginalDateID,unitless,10
Vatnamyri.Holmes.2011,none,NA,chronData,RBPnGFSOto3,depth_bottom,cm,13
Vauville.Lespez.2003,none,NA,chronData,lc-chRO8L3dNX7iWqRNBQ2,labID,unitless,2
Vauville.Lespez.2003,none,NA,chronData,lc-chRCz3WQhoVRPOkMpcy,materialDated,unitless,2
Vauville.Lespez.2003,none,NA,chronData,lc-chRfv3j0Zcc8wrYqFX6,notes,unitless,2
VecherniiRiver.Anderson.2002,none,NA,chronData,lc-chRHZBKDrEqdDVIKMEA,notes,unitless,8
Velikoyeraisedbog.Arslanov.2011,none,NA,chronData,lc-chRYHyP1BF4pqcOUJeG,notes,unitless,30
VelkyDed.Rybnicek.2004,none,NA,chronData,lc-chRpLYhMCNcj3sKq8nR,notes,unitless,3
VelkyMaj.Rybnicek.2004,none,NA,chronData,lc-chRgNIwxrUakCdYYGxY,notes,unitless,4
Venyukovka1Exposure.Anderson.2002,none,NA,chronData,lc-chRl62sLNoZzTi6HnIT,notes,unitless,2
Venyukovka2Exposure.Anderson.2002,none,NA,chronData,lc-chRzVpU1aCykCy5l2tx,notes,unitless,2
Venyukovka3Exposure.Anderson.2002,none,NA,chronData,lc-chR9AFEEUSch0NDvuyu,notes,unitless,3
Verkhnee.Beer.2008,none,NA,chronData,lc-chRqZzMS5mJ7nrRoiSj,notes,unitless,4
VerkhneeLake.Beer.2008,none,NA,chronData,lc-chRQRniz2448nv9WfJZ,labID,unitless,4
VerkhneeLake.Beer.2008,none,NA,chronData,lc-chR3p1w8GeAFtvz2M6k,notes,unitless,4
Vernerovice.Rybnickova.1996,none,NA,chronData,lc-chRqjPZFGuHqPXooELb,materialDated,unitless,10
Vernerovice.Rybnickova.1996,none,NA,chronData,lc-chRUnnpMXA0V4GZyaqB,notes,unitless,10
Vertonne.Joly.2006,none,NA,chronData,lc-chRZ4wl5b1tCHD45TN2,notes,unitless,5
VestreOykjamyrtjorn.Bjune.2005,none,NA,chronData,lc-chRlp6U7qUvK0sklM12,notes,unitless,12
Victoria.Gill.1973,none,NA,paleoData,OLS_RF0I6WmWLGr,lakeTrend,unitless,32
ViitnaLinajarv.Punning.2003,none,NA,chronData,lc-chRPbst5E2OY6Lb6isc,thickness,cm,7
ViitnaLinajarv.Punning.2003,none,NA,chronData,lc-chRdThDXeoO38Dxv4k8,notes,unitless,7
ViitnaLinajarv.Punning.2003,none,NA,chronData,lc-chRoiBcpNhwaueudS2J,depth_top,cm,7
ViitnaLinajarv.Punning.2003,none,NA,chronData,lc-chREXpxTNdDCEBT4Zxf,depth_bottom,cm,7
ViitnaLinajarv.Saarse.1998,none,NA,chronData,lc-chR6oBFKnaL0xvKgIYn,materialDated,unitless,8
ViitnaLinajarv.Saarse.1998,none,NA,chronData,lc-chRsnG5W5mtsqpgfH5W,thickness,cm,8
ViitnaLinajarv.Saarse.1998,none,NA,chronData,lc-chRJxL6OHIV26xEkgI5,notes,unitless,8
ViitnaLinajarv.Saarse.1998,none,NA,chronData,lc-chRctyxEq33xGLcP0DN,depth_top,cm,8
ViitnaLinajarv.Saarse.1998,none,NA,chronData,lc-chRbXAsQeMXGPBYz5bk,depth_bottom,cm,8
VinderhouteKale.Verbruggen.1979,none,NA,chronData,lc-chRetpD8pQq024NMel9,notes,unitless,3
Vingolen.Svensson.1989,none,NA,chronData,lc-chRrf1SzMH0JvJhQnM8,notes,unitless,7
Vinogradov_BC_26,none,NA,chronData,T2L_Vinogradov_BC_26_delta_r_1s_error_original,delta_r_1s_error_original,NA,3
Vinogradov_BC_26,none,NA,chronData,T2L_Vinogradov_BC_26_other_date,other_date,NA,3
Vinogradov_BC_26,none,NA,chronData,T2L_Vinogradov_BC_26_other_1s_err,other_1s_err,NA,3
Vinogradov_BC_26,none,NA,chronData,T2L_Vinogradov_BC_26_other_type,other_type,NA,3
Vinogradov_GGC_37,none,NA,chronData,T2L_Vinogradov_GGC_37_delta_r_1s_error_original,delta_r_1s_error_original,NA,13
Vinogradov_GGC_37,none,NA,chronData,T2L_Vinogradov_GGC_37_other_date,other_date,NA,13
Vinogradov_GGC_37,none,NA,chronData,T2L_Vinogradov_GGC_37_other_1s_err,other_1s_err,NA,13
Vinogradov_GGC_37,none,NA,chronData,T2L_Vinogradov_GGC_37_other_type,other_type,NA,13
VitoshaMountainsPeatBog.Filipovitch.1985,none,NA,chronData,lc-chRZuMN37nwvwS1twNr,notes,unitless,2
Vladar.Pokorny.2006,none,NA,chronData,lc-chRhUgMuFC1g9FVK7iT,thickness,cm,6
Vladar.Pokorny.2006,none,NA,chronData,lc-chRhPEA0LcfsusYcGv6,notes,unitless,6
Vladar.Pokorny.2006,none,NA,chronData,lc-chRhdU5TbU3dgnBGrni,depth_top,cm,6
Vladar.Pokorny.2006,none,NA,chronData,lc-chROK6USVJYV53ONii8,depth_bottom,cm,6
Vlcirokle.Kunes.2007,none,NA,chronData,lc-chR1QUhRCmOx0elkeXm,thickness,cm,5
Vlcirokle.Kunes.2007,none,NA,chronData,lc-chRjBWrRnDWN30Gyum3,notes,unitless,5
Vlcirokle.Kunes.2007,none,NA,chronData,lc-chRqKMdtD1dC4hjFQLr,depth_top,cm,5
Vlcirokle.Kunes.2007,none,NA,chronData,lc-chRYqvUiWl4EV72xGAB,depth_bottom,cm,5
VohmaMire.author.1111,none,NA,chronData,lc-chRc7RcWrOzWVz4r3og,notes,unitless,14
VoloBog.King.1981,none,NA,chronData,lc-chRUuMZDjgz38tL9cZC,notes,unitless,6
Vorosmocsar.author.1111,none,NA,chronData,lc-chRzcxR57eyIrg2ZN0b,notes,unitless,5
VostokGulf.Anderson.2002,none,NA,chronData,lc-chRx3WfogujJhFO2GHh,notes,unitless,4
Vracov.Rybicek.1983,none,NA,chronData,lc-chRpY2jQkzMCR6YGZe0,materialDated,unitless,8
Vracov.Rybicek.1983,none,NA,chronData,lc-chRiJzzcmkzqrbzEu5c,notes,unitless,8
Vracov.Svobodova.1992,none,NA,chronData,lc-chRK2TH6SIsDYnaQNZ1,notes,unitless,9
Vrbka.Pokorny.2016,none,NA,chronData,lc-chRp3n9HEz4A2wIvDHm,notes,unitless,2
Vuoksjavratje.Berntsson.2014,none,NA,chronData,RkXtx4Toxkr,OriginalDateID,unitless,15
Vuoskkujavri.Bigler.2002,none,NA,chronData,lc-chRnw6zPt3ic7yEkmgI,notes,unitless,10
W8709A_8PC,none,NA,chronData,T2L_W8709A_8PC_labcode,labcode,NA,4
W8709A_8PC,none,NA,chronData,T2L_W8709A_8PC_delta_r_original,delta_r_original,NA,4
W8709A_8PC,none,NA,chronData,T2L_W8709A_8PC_delta_r_1s_error_original,delta_r_1s_error_original,NA,4
W8709A_8PC,none,NA,chronData,T2L_W8709A_8PC_other_date,other_date,NA,4
W8709A_8PC,none,NA,chronData,T2L_W8709A_8PC_other_1s_err,other_1s_err,NA,4
W8709A_8PC,none,NA,chronData,T2L_W8709A_8PC_other_type,other_type,NA,4
W8709A_8TC,none,NA,chronData,T2L_W8709A_8TC_labcode,labcode,NA,5
W8709A_8TC,none,NA,chronData,T2L_W8709A_8TC_delta_r_original,delta_r_original,NA,5
W8709A_8TC,none,NA,chronData,T2L_W8709A_8TC_delta_r_1s_error_original,delta_r_1s_error_original,NA,5
W8709A_8TC,none,NA,chronData,T2L_W8709A_8TC_other_date,other_date,NA,5
W8709A_8TC,none,NA,chronData,T2L_W8709A_8TC_other_1s_err,other_1s_err,NA,5
W8709A_8TC,none,NA,chronData,T2L_W8709A_8TC_other_type,other_type,NA,5
WCA3B_GumboLimboWetHead.Willard.2001,none,NA,chronData,M2Lfg39fhocC,material,NA,4
WCA3B_GumboLimboWetHead.Willard.2001,none,NA,chronData,M2Lyj80ub41C,notes,NA,4
WIND28K.Kiefer.2006,none,NA,chronData,T2L_WIND28K_delta_r_original,delta_r_original,NA,9
WIND28K.Kiefer.2006,none,NA,chronData,T2L_WIND28K_delta_r_1s_error_original,delta_r_1s_error_original,NA,9
WIND28K.Kiefer.2006,none,NA,chronData,T2L_WIND28K_other_date,other_date,NA,9
WIND28K.Kiefer.2006,none,NA,chronData,T2L_WIND28K_other_1s_err,other_1s_err,NA,9
WIND28K.Kiefer.2006,none,NA,chronData,T2L_WIND28K_other_type,other_type,NA,9
WaccamawRiverTurkeyCreekHeavilySaltImpactedSwamp.Jones.2017,none,NA,chronData,lc-chRga0glQ6bHFZ69nM3,notes,unitless,5
WaccamawRiverTurkeyCreekOligohalineMarsh.Jones.2017,none,NA,chronData,lc-chRc4J3i1hvhvGNJDd5,notes,unitless,6
WachseldornUntermoos.Ammann.1989,none,NA,chronData,lc-chRykr0ZBXwXM9S32tf,thickness,cm,30
WachseldornUntermoos.Ammann.1989,none,NA,chronData,lc-chRZz30QHveDwOp3rJh,notes,unitless,30
WachseldornUntermoos.Ammann.1989,none,NA,chronData,lc-chRdl13VA22z0iGuJMv,depth_top,cm,30
WachseldornUntermoos.Ammann.1989,none,NA,chronData,lc-chRHNXNxONG8txPmFmI,depth_bottom,cm,30
WachseldornUntermoos.Oeschger.1980,none,NA,chronData,cR5t9XtQTu5ZSZT6dl,thickness,cm,23
WachseldornUntermoos.vanderKnaap.1997,none,NA,chronData,lc-chRDu5cS5kMpr6NNZDu,notes,unitless,21
WalkerLake.Brown.2002,none,NA,chronData,lc-chRkDJ9VEVeZn3zStAb,notes,unitless,5
WallbachLenk.vanderKnaap.1997,none,NA,chronData,lc-chRhlodbIwjbByL6vf6,thickness,cm,12
WallbachLenk.vanderKnaap.1997,none,NA,chronData,lc-chRNPDH3IRD8mQmDFhp,notes,unitless,12
WallbachLenk.vanderKnaap.1997,none,NA,chronData,lc-chRU8ashi7aHqaSHa0D,depth_top,cm,12
WallbachLenk.vanderKnaap.1997,none,NA,chronData,lc-chRvWHdROMX9kEfRAvd,depth_bottom,cm,12
Wallywash.Hales.MS,none,NA,paleoData,OLS_RrDIoR4YJ7s,lakeTrend,unitless,32
Wangguantun.Kong.1996,none,NA,chronData,lc-chRg5thIptOLtFGLMQi,labID,unitless,2
Wangguantun.Kong.1996,none,NA,chronData,lc-chRR72OLPAnAg55SBU5,thickness,cm,2
Wangguantun.Kong.1996,none,NA,chronData,lc-chRLTBntCkpfhPDrIRM,notes,unitless,2
Wangguantun.Kong.1996,none,NA,chronData,lc-chRYFaXOwAjncAyxACk,depth_top,cm,2
Wangguantun.Kong.1996,none,NA,chronData,lc-chRFBozcvyJ0St16fC9,depth_bottom,cm,2
Wangjiadianprofile.Cao.2010,none,NA,chronData,lc-chR8FVuVy6anlI2UCxQ,labID,unitless,6
Wangjiadianprofile.Cao.2010,none,NA,chronData,lc-chREbvbuvJeMOsensxN,thickness,cm,6
Wangjiadianprofile.Cao.2010,none,NA,chronData,lc-chRzQICdJGWz7Cnze0e,notes,unitless,6
Wangjiadianprofile.Cao.2010,none,NA,chronData,lc-chRSumgKO7GJr7RPM0t,depth_top,cm,6
Wangjiadianprofile.Cao.2010,none,NA,chronData,lc-chR6i8NEd4EwMxWM8r3,depth_bottom,cm,6
Wapizagonke.Richard.1977,none,NA,chronData,lc-chRt4akekD5CvmlccfL,notes,unitless,2
WarePond.Oswald.2018,none,NA,chronData,lc-chRh5O5pgnxfcjOJ88n,notes,unitless,10
WarnerLake.Tweiten.2009,none,NA,chronData,lc-chRyUuRIbV4uXXS6xGQ,notes,unitless,5
WarnerValley.Weide.1974,none,NA,paleoData,OLS_RKDCGXQnIXt,lakeTrend,unitless,32
Waschhorn.Kuhl.1998,none,NA,chronData,lc-chRrHcfFfC4W5alfI01,notes,unitless,6
Wasenmoos.Bortenschlager.1976,none,NA,chronData,lc-chRibdSvWm26h8cm2de,notes,unitless,3
WatanaTrianglePond.author.1111,none,NA,chronData,lc-chRUyaKqykS3efh0D1v,labID,unitless,5
WatanaTrianglePond.author.1111,none,NA,chronData,lc-chRIsfI1nc7CkNsHSA6,materialDated,unitless,5
WatanaTrianglePond.author.1111,none,NA,chronData,lc-chRjM18cbkzCFvFEYC5,notes,unitless,5
WatchtowerBasin.Kearney.1981,none,NA,chronData,lc-chRjjPm0OAMkoMu0hXE,materialDated,unitless,4
WatchtowerBasin.Kearney.1981,none,NA,chronData,lc-chRsupDPEtelxfdFetP,notes,unitless,4
WaterConservationArea2ASite2SiteF1.Willard.1997,none,NA,chronData,lc-chRPEGzVzrqFKDXfcek,notes,unitless,7
WaterConservationArea2ASite3SiteU3.Willard.1997,none,NA,chronData,lc-chRYB4R7OJvRQSstUW6,notes,unitless,6
WaterConservationArea3ASite4CA315AAS.Willard.1997,none,NA,chronData,lc-chRE9xszbHPoQ7fnE2H,notes,unitless,5
WaterConservationArea3BGumboLimboFarTail.Willard.2001,none,NA,chronData,lc-chRR2LTK8abyEebaOvB,labID,unitless,4
WaterConservationArea3BGumboLimboFarTail.Willard.2001,none,NA,chronData,lc-chREKneKQVkWNfH8pLH,materialDated,unitless,4
WaterConservationArea3BGumboLimboFarTail.Willard.2001,none,NA,chronData,lc-chRRbnwilRP8xvZWXe1,notes,unitless,4
WaterConservationArea3BGumboLimboMarsh.Willard.2001,none,NA,chronData,lc-chRveLLlkcWMFKg4j6c,labID,unitless,5
WaterConservationArea3BGumboLimboMarsh.Willard.2001,none,NA,chronData,lc-chRfCl0JjDD5dT2uujZ,materialDated,unitless,5
WaterConservationArea3BGumboLimboMarsh.Willard.2001,none,NA,chronData,lc-chR5mHuT8WmPitzPefr,notes,unitless,5
WaterConservationArea3BGumboLimboNearTail.Willard.2001,none,NA,chronData,lc-chRCezxX36fWzME76ia,labID,unitless,3
WaterConservationArea3BGumboLimboNearTail.Willard.2001,none,NA,chronData,lc-chRGSpIoS8kOZqxRvF4,materialDated,unitless,3
WaterConservationArea3BGumboLimboNearTail.Willard.2001,none,NA,chronData,lc-chR0aJhnKVtM8PCv2i0,notes,unitless,3
WaterConservationArea3BNuthouseFarTail.Willard.2001,none,NA,chronData,lc-chRjF4kVey6UnBAMN2t,labID,unitless,3
WaterConservationArea3BNuthouseFarTail.Willard.2001,none,NA,chronData,lc-chR1hiJhoipS9DGMEof,materialDated,unitless,3
WaterConservationArea3BNuthouseFarTail.Willard.2001,none,NA,chronData,lc-chRG5fJA7A9xt1QcEJb,notes,unitless,3
WaterConservationArea3BNuthouseHead.Willard.2001,none,NA,chronData,lc-chRHKgYcASTW1INJu04,labID,unitless,4
WaterConservationArea3BNuthouseHead.Willard.2001,none,NA,chronData,lc-chRBtbh3Ol6wEa1amsy,materialDated,unitless,4
WaterConservationArea3BNuthouseHead.Willard.2001,none,NA,chronData,lc-chR3Fqz0QapMHBpVV07,notes,unitless,4
Watten.Gandouin.2002,none,NA,chronData,lc-chRDfbHpdg19dGPkfFr,thickness,cm,6
Watten.Gandouin.2002,none,NA,chronData,lc-chRvnS4gV7FlbAjh4Il,notes,unitless,6
Watten.Gandouin.2002,none,NA,chronData,lc-chR6RJxqVyUeTaj5eDD,depth_top,cm,6
Watten.Gandouin.2002,none,NA,chronData,lc-chR9hDCtN1wKMq0sP4P,depth_bottom,cm,6
WawonaMeadow.Anderson.2013,none,NA,chronData,lc-chRQ3d7GRA2ujzzvDUA,notes,unitless,6
Waxeckalm.Heuberger.1977,none,NA,chronData,lc-chREtEh9gSKlddHsOUK,notes,unitless,4
Waxeckalm.Huettemann.1987,none,NA,chronData,cRaRiehWgW2E1Zdjsc,thickness,cm,5
WebbsLake.author.1111,none,NA,chronData,lc-chREFlKqLBm1OqSdZpA,materialDated,unitless,2
WebbsLake.author.1111,none,NA,chronData,lc-chRIAxoiMyT9d0mlsLz,notes,unitless,2
Weeranganuk.Currey.1964,none,NA,paleoData,OLS_RvfF3MEvpT6,lakeTrend,unitless,32
Weiherlohe.Knipping.1989,none,NA,chronData,lc-chRFp5utM4o3vPz2frT,materialDated,unitless,6
Weiherlohe.Knipping.1989,none,NA,chronData,lc-chRRgr8J1ugdsDS7iSf,notes,unitless,6
WeissenstadterForst.Hahne.1992,none,NA,chronData,lc-chR1QjJkinfZ6Be1bxF,labID,unitless,3
WeissenstadterForst.Hahne.1992,none,NA,chronData,lc-chRxIybjvzMl9EvVRvG,notes,unitless,3
WelneyWashes.Waller.1994,none,NA,chronData,lc-chR93scwEkCCFgnLj9S,notes,unitless,8
Wendelsite.Yansa.2007,none,NA,chronData,lc-chRZUDBIIM9a1mhd3YU,notes,unitless,5
Wenquanwetland.Li.2020,none,NA,chronData,lc-chR1JlN7tnCCcGUarEO,notes,unitless,8
WentworthLake.Gavin.2015,none,NA,chronData,lc-chRCNYlTfoXMWqgZu8q,notes,unitless,6
WestHawkLake.Teller.2008,none,NA,chronData,lc-chRE6bgcnlXQ4K3LOec,labID,unitless,12
WestHawkLake.Teller.2008,none,NA,chronData,lc-chRFBEFA0ODGmnJnFCP,materialDated,unitless,12
WestHawkLake.Teller.2008,none,NA,chronData,lc-chRVi7DqXSLGyEzmAVP,thickness,cm,12
WestHawkLake.Teller.2008,none,NA,chronData,lc-chRpvWDhkaojLl0ehsC,notes,unitless,12
WestHawkLake.Teller.2008,none,NA,chronData,lc-chRctVb49mmvfw70xKE,depth_top,cm,12
WestHawkLake.Teller.2008,none,NA,chronData,lc-chREO3RGWnFNBHlgvMB,depth_bottom,cm,12
WestLaSalle.White.2014,none,NA,chronData,lc-chRNU5Mo3sI5RQGaG95,notes,unitless,8
WestNaniskakLake.Wilson.1981,none,NA,chronData,lc-chR7m6AROMsH6wpR6ss,notes,unitless,2
WestOkobojiLake.vanZant.1979,none,NA,chronData,lc-chRBJzbM4z9Hd6lMEdy,thickness,cm,11
WestOkobojiLake.vanZant.1979,none,NA,chronData,lc-chROoHvAmUV1V4kieND,notes,unitless,11
WestOkobojiLake.vanZant.1979,none,NA,chronData,lc-chR8mypqqqoV68XPWKJ,depth_top,cm,11
WestOkobojiLake.vanZant.1979,none,NA,chronData,lc-chRIv60R7whehz7mKVf,depth_bottom,cm,11
WestOlafLake.Nelson.2008,none,NA,chronData,lc-chRy5JSi6DPvLJvC6Kh,notes,unitless,10
WestSandLakePeatBog.Gaudreau.1986,none,NA,chronData,lc-chR2CLVZUQvhsR37f8q,notes,unitless,6
WestSidePond.Lacourse.2005,none,NA,chronData,lc-chR7Tcz5ITdDlldnXI5,notes,unitless,7
WestSidePond.Oswald.2018,none,NA,chronData,lc-chRfXg8jAQiKg9C8jJt,notes,unitless,12
Whatever.Wolfe.1996,none,NA,chronData,PYT7PM1U99J,cal_age_error,1s,4
Whatever.Wolfe.1996,none,NA,chronData,PYTWDWBIESQ,note,unitless,4
White.Reeves.1965,none,NA,paleoData,OLS_Rl9JA2feIWQ,lakeTrend,unitless,32
WhiteLake.Yu.2007,none,NA,chronData,lc-chRAbDUVQVoymTiLVgD,notes,unitless,5
WhitePond.Krause.2019Legacy,none,NA,chronData,lc-chRRD99JmNSXP4Vhkak,notes,unitless,15
WhitePond.Watts.1980,none,NA,chronData,lc-chRscYsERFADVRIomEG,thickness,cm,3
WhitePond.Watts.1980,none,NA,chronData,lc-chRdcWLrGuLsylJgu9Y,notes,unitless,3
WhitePond.Watts.1980,none,NA,chronData,lc-chRKF71E86ENUXod4zR,depth_top,cm,3
WhitePond.Watts.1980,none,NA,chronData,lc-chRjRCklrtuxRwsBaCw,depth_bottom,cm,3
WhitebarkMorainePond.Kelly.2014,none,NA,chronData,lc-chRwXbLu7YajflSgu3G,notes,unitless,23
WhitneysGulch.Lamb.1978,none,NA,chronData,lc-chRah6JCebZRtvh9j2l,notes,unitless,6
WienLake.Hu.1993,none,NA,chronData,lc-chR5sQhVBhOz2Mz6YlJ,notes,unitless,9
WiggenhallStGermans.Waller.1994,none,NA,chronData,lc-chRKodXVGNg24Srn0mU,notes,unitless,3
WilcoxLake.McAndrews.1997,none,NA,chronData,lc-chRBAn8uvFIgDvuZnLT,notes,unitless,5
WilcoxPass.Beaudoin.1984,none,NA,chronData,lc-chRjJLXfiESQ3UUBIwT,notes,unitless,4
WildTussockLake.Higuera.2006,none,NA,chronData,lc-chRh2Cef92csLnXrXtB,notes,unitless,6
WilderSeeamRuhestein.Rosch.2009,none,NA,chronData,lc-chRqDIGOOSIupgS3aCD,notes,unitless,16
WildseemoorKaltenbronn.Rosch.2009,none,NA,chronData,lc-chRCxezXEkcA1Sgfvxd,notes,unitless,12
WilliamKingFlourMill.Grant.2014,none,NA,chronData,lc-chRrlGQuKmbJIAgyeO5,notes,unitless,5
WillowRiverPond.JacobsonJr.1975,none,NA,chronData,lc-chR6Kb6bqnPXgg3KWpP,notes,unitless,2
Windbruch.Knipping.1989,none,NA,chronData,lc-chRgbmsUceCBUhfIlVO,materialDated,unitless,5
Windbruch.Knipping.1989,none,NA,chronData,lc-chRXbEvqPS96gghNQvW,notes,unitless,5
WindmillLake.Bigelow.1997,none,NA,chronData,lc-chRotiNuXE0CyJZbf7R,notes,unitless,10
WindmillRough.Fyfe.2004,none,NA,chronData,lc-chRIIj0tR8UP8lY3d3X,materialDated,unitless,3
WindmillRough.Fyfe.2004,none,NA,chronData,lc-chRdDgfWrzs4HNNGcuR,notes,unitless,3
WinneconnetPond.Suter.1985,none,NA,chronData,lc-chRevRJYfvIyDPqtOAR,labID,unitless,12
WinneconnetPond.Suter.1985,none,NA,chronData,lc-chRoITrbI0cOectdfdA,materialDated,unitless,12
WinneconnetPond.Suter.1985,none,NA,chronData,lc-chRdUmckbdHSmpn8jra,thickness,cm,12
WinneconnetPond.Suter.1985,none,NA,chronData,lc-chRBkaNmR9SXF7F321U,notes,unitless,12
WinneconnetPond.Suter.1985,none,NA,chronData,lc-chRgvQlkEQlBWmiBgFO,depth_top,cm,12
WinneconnetPond.Suter.1985,none,NA,chronData,lc-chRDugOrgwwKV6NsmjM,depth_bottom,cm,12
WinneysDown.Fyfe.2012,none,NA,chronData,lc-chRAzKBW2giJ2PluKWb,materialDated,unitless,13
WinneysDown.Fyfe.2012,none,NA,chronData,lc-chRbnlCO4HNqrB5Vh9i,thickness,cm,13
WinneysDown.Fyfe.2012,none,NA,chronData,lc-chR2AkybXRiYIkFKRo5,notes,unitless,13
WinneysDown.Fyfe.2012,none,NA,chronData,lc-chRK7OafL54pEKE5tpm,depth_top,cm,13
WinneysDown.Fyfe.2012,none,NA,chronData,lc-chRtzObmtcgIw6W1XvF,depth_bottom,cm,13
WinterGulfSite.Calkin.1980,none,NA,chronData,lc-chRlafcehhNnZm8QG5c,notes,unitless,2
WintergreenLake.Manny.1978,none,NA,chronData,lc-chRfLhcMuMzFKvDKVnJ,notes,unitless,12
Wolbrom.Latalowa.1976,none,NA,chronData,lc-chRkp9Z2DERdMiPtirX,labID,unitless,10
Wolbrom.Latalowa.1976,none,NA,chronData,lc-chRYnSIQ9R9LLgP1iOM,materialDated,unitless,10
WolfCreek.Birks.1976,none,NA,chronData,lc-chRdg5cXLGvB9xKr2kC,materialDated,unitless,15
WolfCreek.Birks.1976,none,NA,chronData,lc-chRNauaUiwff7dBkZMc,thickness,cm,15
WolfCreek.Birks.1976,none,NA,chronData,lc-chRGy64dchIv7u4T1Hu,notes,unitless,15
WolfCreek.Birks.1976,none,NA,chronData,lc-chRlTJxpjr9UKOcikGR,depth_top,cm,15
WolfCreek.Birks.1976,none,NA,chronData,lc-chRC3Qfs9x5DALykg9Y,depth_bottom,cm,15
Wolfslohe.Hahne.1992,none,NA,chronData,lc-chRjkpwTpXdB0JSdqjD,labID,unitless,2
Wolfslohe.Hahne.1992,none,NA,chronData,lc-chR4AIuA5blCr6E5ghP,materialDated,unitless,2
Wolfslohe.Hahne.1992,none,NA,chronData,lc-chRsifdbHHqvNnPxm5B,notes,unitless,2
WolinII.Latalowa.1992,none,NA,chronData,lc-chRg0LLkcJSDHq7Re33,notes,unitless,9
Wolverine.Mann.2002,none,NA,chronData,WEBf3244349,age_type,NA,23
Wolverine.Mann.2002,none,NA,chronData,WEB2a860818,rejected,NA,23
Wolverine.Mann.2002,none,NA,chronData,WEBbe291c7f,notes,NA,23
WolverineLake.author.1111,none,NA,chronData,lc-chRBgTVYIl25fYXIalH,labID,unitless,5
WolverineLake.author.1111,none,NA,chronData,lc-chR8j8hrGtDEB52y3Ec,materialDated,unitless,5
WolverineLake.author.1111,none,NA,chronData,lc-chRsPJbZDgXOS7OX9lo,thickness,cm,5
WolverineLake.author.1111,none,NA,chronData,lc-chRU7fItG7o8KstDR0Q,notes,unitless,5
WolverineLake.author.1111,none,NA,chronData,lc-chRu57fJExiW8AlNwrA,depth_top,cm,5
WolverineLake.author.1111,none,NA,chronData,lc-chRGNrO8gc5XzrP8NFM,depth_bottom,cm,5
Wonchi.Smeds.1964,none,NA,paleoData,OLS_RJJMNY4ru7f,lakeTrend,unitless,32
WonderLake.Anderson.1994,none,NA,chronData,lc-chR1HrfYz0S9lpxd1aU,notes,unitless,7
WoodLake.Bender.1981,none,NA,chronData,lc-chR09OjwMKrondFzRMg,notes,unitless,7
WoodsLake.Stolze.2007,none,NA,chronData,lc-chRhTFW2cQmu2TRsvrl,notes,unitless,4
WoolwichTradePark.Batchelor.2009,none,NA,chronData,lc-chROKUiveb4URgbD54U,notes,unitless,4
WoskiPond.Anderson.1987,none,NA,chronData,lc-chRtsjCxh14T2d8vY33,materialDated,unitless,3
WoskiPond.Anderson.1987,none,NA,chronData,lc-chRcwhc4TeSr8Vda4Es,notes,unitless,3
WulunguLakeWLG2004.Liu.2008,none,NA,chronData,lc-chRTJFIDe1dH9Wgxydb,labID,unitless,7
WulunguLakeWLG2004.Liu.2008,none,NA,chronData,lc-chRoaJ7WH4bA3poMvUG,thickness,cm,7
WulunguLakeWLG2004.Liu.2008,none,NA,chronData,lc-chR2G129QBpb60ckIou,notes,unitless,7
WulunguLakeWLG2004.Liu.2008,none,NA,chronData,lc-chR13XDE535DeveabWQ,depth_top,cm,7
WulunguLakeWLG2004.Liu.2008,none,NA,chronData,lc-chRMKXN0WbS4rrn8ulq,depth_bottom,cm,7
Wumaqu.Wang.1988,none,NA,chronData,lc-chRHUlr3A8GIkoqZNIC,labID,unitless,3
Wumaqu.Wang.1988,none,NA,chronData,lc-chRARTxejzqwlmA2BGK,thickness,cm,3
Wumaqu.Wang.1988,none,NA,chronData,lc-chRpeVfcTeOK3ZJ9CPn,notes,unitless,3
Wumaqu.Wang.1988,none,NA,chronData,lc-chRoqbdt8YRX3jSmCBf,depth_top,cm,3
Wumaqu.Wang.1988,none,NA,chronData,lc-chR3JI9pGjoEFA4iNH2,depth_bottom,cm,3
WuyaCave.Tan.2020,none,NA,paleoData,WEB-d34e8-73d7-4e50-8de4-56f16,core,unitless,2409
WuyingRiver.Xia.1998,none,NA,chronData,lc-chReVUhUyf7nmpPZSlt,labID,unitless,4
WuyingRiver.Xia.1998,none,NA,chronData,lc-chRgnMpHooRCraCOjXy,thickness,cm,4
WuyingRiver.Xia.1998,none,NA,chronData,lc-chRDArqrMhJ62Y8fyry,notes,unitless,4
WuyingRiver.Xia.1998,none,NA,chronData,lc-chREF2azW4sQu7mGMPF,depth_top,cm,4
WuyingRiver.Xia.1998,none,NA,chronData,lc-chRxJxvQsY2G9xqTx6w,depth_bottom,cm,4
WyldeBog.author.1111,none,NA,chronData,lc-chRwQ0EAbC2DX8ZWbY4,materialDated,unitless,3
WyldeBog.author.1111,none,NA,chronData,lc-chRfT27nllaro1zavFJ,notes,unitless,3
WyldeLake.author.1111,none,NA,chronData,lc-chRwLDMIkYhz9VExZXX,materialDated,unitless,3
WyldeLake.author.1111,none,NA,chronData,lc-chRUknOllQTcfyLeM0d,notes,unitless,3
XandeLlamas.MoralesMolino.2011,none,NA,chronData,lc-chRElJmIhcA7myhFP2u,notes,unitless,5
Xianglongcave.Tan.2018,none,NA,paleoData,S2LROEOb5wVTaQ,notes,unitless,667
Xianglongcave.Tan.2018,none,NA,chronData,S2LcRrhSwrRj74Y,labID,unitless,23
Xianglongcave.Tan.2018,none,NA,chronData,S2LcRglEwWgGsE1,materialDated,unitless,23
Xianglongcave.Tan.2018,none,NA,chronData,S2LcR7YCl9WXljr,retained,unitless,23
Xianglongcave.Tan.2018,none,NA,chronData,S2LcRVLgm8wSGry,decayConstant,unitless,23
Xianglongcave.Tan.2018,none,NA,chronData,S2LcR5QUpQwVMqd,age_type,unitless,23
Xianglongcave.Tan.2018,none,NA,chronData,S2LcRmpWqmHkM7f,labID,unitless,19
Xianglongcave.Tan.2018,none,NA,chronData,S2LcRT9EzFx2fcT,materialDated,unitless,19
Xianglongcave.Tan.2018,none,NA,chronData,S2LcR4gHx3JhBYF,retained,unitless,19
Xianglongcave.Tan.2018,none,NA,chronData,S2LcRdhnocEpyzH,decayConstant,unitless,19
Xianglongcave.Tan.2018,none,NA,chronData,S2LcRfrLl0PUiRe,age_type,unitless,19
Xianglongcave.Tan.2018,none,NA,chronData,S2LcRiyNsi9KUXq,labID,unitless,15
Xianglongcave.Tan.2018,none,NA,chronData,S2LcRafN4QNpBG5,materialDated,unitless,15
Xianglongcave.Tan.2018,none,NA,chronData,S2LcR6xMQld9OTY,retained,unitless,15
Xianglongcave.Tan.2018,none,NA,chronData,S2LcRv4DqYUXXil,decayConstant,unitless,15
Xianglongcave.Tan.2018,none,NA,chronData,S2LcRs7hWGxXwBK,age_type,unitless,15
XiaoQaidam.Bowler.1986,none,NA,paleoData,OLS_Rrs6ggg4JeZ,lakeTrend,unitless,32
Xiaoheitu.Chen.1994,none,NA,chronData,lc-chRKQyV218ctE8z5Xt0,labID,unitless,5
Xiaoheitu.Chen.1994,none,NA,chronData,lc-chRxefcaArPLDDAdzs1,thickness,cm,5
Xiaoheitu.Chen.1994,none,NA,chronData,lc-chR6oJ4tD2R3NYjIoLh,notes,unitless,5
Xiaoheitu.Chen.1994,none,NA,chronData,lc-chRhBwn5DDQqyo7gCyx,depth_top,cm,5
Xiaoheitu.Chen.1994,none,NA,chronData,lc-chR7ZeEshoCf84GKR8w,depth_bottom,cm,5
Xiaonan.Wang.1988,none,NA,chronData,lc-chR6mA03w6PfCNyqPmA,labID,unitless,3
Xiaonan.Wang.1988,none,NA,chronData,lc-chRWdoU3Z7YKA1FcNVq,notes,unitless,3
Xiaoxigou.Zhang.2006,none,NA,chronData,lc-chR72CCPJPUKAboGlqT,labID,unitless,3
Xiaoxigou.Zhang.2006,none,NA,chronData,lc-chRbM3w2W4Gz5CnOKWA,notes,unitless,3
XindiLake.Higuera.2006,none,NA,chronData,lc-chRUKX3MSE5yKIUPrH1,notes,unitless,11
XinghuaXH1.Shu.2008,none,NA,chronData,lc-chR30Kq1omFZWw2bK00,labID,unitless,4
XinghuaXH1.Shu.2008,none,NA,chronData,lc-chRvUZD3YETuXansGZI,thickness,cm,4
XinghuaXH1.Shu.2008,none,NA,chronData,lc-chRa7STzZKiBcZVk2kA,notes,unitless,4
XinghuaXH1.Shu.2008,none,NA,chronData,lc-chRwFQLxEhLJcEf6pBw,depth_top,cm,4
XinghuaXH1.Shu.2008,none,NA,chronData,lc-chRgsXdr2OHDle5fGyy,depth_bottom,cm,4
Xinyacave.TingYong.2007,none,NA,paleoData,S2LRqjqgWsIe6e,notes,NA,985
Xinyacave.TingYong.2007,none,NA,chronData,S2LcRINHz7oQKQ9,labID,unitless,4
Xinyacave.TingYong.2007,none,NA,chronData,S2LcRFNy7N47G2E,materialDated,unitless,4
Xinyacave.TingYong.2007,none,NA,chronData,S2LcRhr2DPlw29r,retained,unitless,4
Xinyacave.TingYong.2007,none,NA,chronData,S2LcR2VON0d8wvU,decayConstant,unitless,4
Xinyacave.TingYong.2007,none,NA,chronData,S2LcRP8FZWJwHtM,age_type,unitless,4
Xinyacave.TingYong.2007,none,NA,chronData,S2LcR5mf2MceWiE,labID,unitless,20
Xinyacave.TingYong.2007,none,NA,chronData,S2LcRXWt4VNQ9bb,materialDated,unitless,20
Xinyacave.TingYong.2007,none,NA,chronData,S2LcRLI3fZxg65y,calibration,unitless,20
Xinyacave.TingYong.2007,none,NA,chronData,S2LcRejRiE3DXJc,retained,unitless,20
Xinyacave.TingYong.2007,none,NA,chronData,S2LcRaNdLoPYpOX,age_type,unitless,20
Xishan.Wang.2004,none,NA,chronData,lc-chRUdxzsSxSE4PoNbcw,labID,unitless,5
Xishan.Wang.2004,none,NA,chronData,lc-chRCAseTIU9Omg3are6,notes,unitless,5
Yabitsuyachi.Morita.1987,none,NA,chronData,lc-chRM0KqYDysHLgig9U7,notes,unitless,5
YahooLake.Gavin.2015,none,NA,chronData,lc-chR5vUTI9DiJrycxB4T,notes,unitless,6
Yangerzhuang.Xu.1993,none,NA,chronData,lc-chRdHBYp8mzIB8Kqxo7,labID,unitless,7
Yangerzhuang.Xu.1993,none,NA,chronData,lc-chRLImaIbSTZy1dx2ii,thickness,cm,7
Yangerzhuang.Xu.1993,none,NA,chronData,lc-chRhZXo88czr6TzmNrJ,notes,unitless,7
Yangerzhuang.Xu.1993,none,NA,chronData,lc-chRYN2NykQFcmZi7O4Z,depth_top,cm,7
Yangerzhuang.Xu.1993,none,NA,chronData,lc-chRh65DzAMKsrGDnmKL,depth_bottom,cm,7
Yangjiapo.Xu.2002,none,NA,chronData,lc-chR4lJRpdblOTevxamU,labID,unitless,4
Yangjiapo.Xu.2002,none,NA,chronData,lc-chRQsaw0MVSOaCyA8Pc,thickness,cm,4
Yangjiapo.Xu.2002,none,NA,chronData,lc-chRbduQ7j7sb55ACrDM,notes,unitless,4
Yangjiapo.Xu.2002,none,NA,chronData,lc-chRy9uYDVxlzNW3gHBx,depth_top,cm,4
Yangjiapo.Xu.2002,none,NA,chronData,lc-chRJJJdaAt6mjmy6lvt,depth_bottom,cm,4
YangyuanCaocunYangyuanCountyHebeiProvince.Wang.2003,none,NA,chronData,lc-chRMO6UdeHME0sNB9Qh,labID,unitless,3
YangyuanCaocunYangyuanCountyHebeiProvince.Wang.2003,none,NA,chronData,lc-chR8TzhQgxIOfWCfB0O,thickness,cm,3
YangyuanCaocunYangyuanCountyHebeiProvince.Wang.2003,none,NA,chronData,lc-chRKTNFcn0Xs58NJmdS,notes,unitless,3
YangyuanCaocunYangyuanCountyHebeiProvince.Wang.2003,none,NA,chronData,lc-chRY6BMnXvmTvXT3jRb,depth_top,cm,3
YangyuanCaocunYangyuanCountyHebeiProvince.Wang.2003,none,NA,chronData,lc-chRAHSpx5glecAUsAqK,depth_bottom,cm,3
YangyuanXipu.Wang.2003,none,NA,chronData,lc-chRWOazNTKOUqdTtdDy,labID,unitless,6
YangyuanXipu.Wang.2003,none,NA,chronData,lc-chR4fWA7OonelH4puCA,thickness,cm,6
YangyuanXipu.Wang.2003,none,NA,chronData,lc-chRY8vxSWXCq3KJiTpT,notes,unitless,6
YangyuanXipu.Wang.2003,none,NA,chronData,lc-chRGsglQV3b3XlmlGCR,depth_top,cm,6
YangyuanXipu.Wang.2003,none,NA,chronData,lc-chRwDIDZMICb8KuXCVo,depth_bottom,cm,6
Yanshengang.Kong.2000,none,NA,chronData,lc-chRbOnusTjl7gfl9Mmv,labID,unitless,4
Yanshengang.Kong.2000,none,NA,chronData,lc-chRRNjag7fdSdJB2OtW,notes,unitless,4
YellowDogPond.Brubaker.1975,none,NA,chronData,lc-chRK9uJXApAlHFfC80F,labID,unitless,10
YellowDogPond.Brubaker.1975,none,NA,chronData,lc-chRCWybKBXm1dxvWuN9,materialDated,unitless,10
YellowDogPond.Brubaker.1975,none,NA,chronData,lc-chR1sGVFH5PNHMHXt1X,thickness,cm,10
YellowDogPond.Brubaker.1975,none,NA,chronData,lc-chRNQaBWki6P3iOKxME,notes,unitless,10
YellowDogPond.Brubaker.1975,none,NA,chronData,lc-chRdK3ITm9e6O0oBpbS,depth_top,cm,10
YellowDogPond.Brubaker.1975,none,NA,chronData,lc-chRkoXsBSLsHheARYn6,depth_bottom,cm,10
YenicagaGolu.Bottema.1993,none,NA,chronData,lc-chRIw9ydro4WmXEh5AQ,notes,unitless,6
Yenisei.Andreev.2000,none,NA,chronData,lc-chR95cMCcWBSD95FAzb,labID,unitless,8
Yenisei.Andreev.2000,none,NA,chronData,lc-chR7HzekVLpkwuOwXwk,notes,unitless,8
YesterdayLake.MacDonald.1984,none,NA,chronData,lc-chRjQ7Meid8YKp6ekQe,notes,unitless,3
Ylimysneva.Huttunen.1990Legacy,none,NA,chronData,lc-chRvSnaxkTjSnXcS4Up,materialDated,unitless,4
Ylimysneva.Huttunen.1990Legacy,none,NA,chronData,lc-chRlH8XnwKcobDJcg3O,notes,unitless,4
Yuetegan2.Wang.2003,none,NA,chronData,lc-chRY6MndojdSENgmsr6,labID,unitless,5
Yuetegan2.Wang.2003,none,NA,chronData,lc-chR6Iq69a6xLb2SDvp7,notes,unitless,5
ZabuyeLakeZK2.Wu.1996,none,NA,paleoData,lcRMYFOg2L5jzElDlMe,uncertainty,degC,40
ZabuyeLakeZK2.Wu.1996,none,NA,paleoData,lcRaccMcCvuMJ968r7c,precipitation,mm/yr,40
ZabuyeLakeZK2.Wu.1996,none,NA,paleoData,lcRgp6ziAQ9icTO7cse,uncertainty,mm/yr,40
ZabuyeLakeZK2.Wu.1996,none,NA,paleoData,lcRLOR8X4lqubHbxfJJ,uncertainty,degC,40
ZabuyeLakeZK2.Wu.1996,none,NA,paleoData,lcRzTHo9JthbfreoSHk,precipitation,mm/yr,40
ZabuyeLakeZK2.Wu.1996,none,NA,paleoData,lcRZDcqXQ7vBpKZp473,uncertainty,mm/yr,40
ZabuyeLakeZK2.Wu.1996,none,NA,paleoData,lcRJNDup13Oub6cc7PD,temperature,degC,40
ZabuyeLakeZK2.Wu.1996,none,NA,paleoData,lcRU4hjl8rhasiL36uT,uncertainty,degC,40
ZabuyeLakeZK2.Wu.1996,none,NA,paleoData,lcRVwPuAEpcEpXO9rKS,temperature,degC,40
ZabuyeLakeZK2.Wu.1996,none,NA,paleoData,lcRHGwU1S8dNOm4Pg46,uncertainty,degC,40
ZabuyeLakeZK2.Wu.1996,none,NA,paleoData,lcR4G1ADDvZLfuNCQFj,uncertainty,mm/yr,40
ZabuyeLakeZK2.Wu.1996,none,NA,chronData,lc-chRcqH9yNuVeoOrICQN,labID,unitless,5
ZabuyeLakeZK2.Wu.1996,none,NA,chronData,lc-chR0ZIYCBWMWfbnpuZ6,thickness,cm,5
ZabuyeLakeZK2.Wu.1996,none,NA,chronData,lc-chRJnXKJ7vwyGojWhk5,notes,unitless,5
ZabuyeLakeZK2.Wu.1996,none,NA,chronData,lc-chRlMaGlyR68UGV5QXn,depth_top,cm,5
ZabuyeLakeZK2.Wu.1996,none,NA,chronData,lc-chRnDxo7610awyEOZWg,depth_bottom,cm,5
ZagoskinLake.Ager.2003,none,NA,chronData,lc-chR4nYwKK1hqWjeqhfk,notes,unitless,11
Zalavar.Zatyko.2007,none,NA,chronData,lc-chRTqV2NCEQHDobErvE,materialDated,unitless,6
Zalavar.Zatyko.2007,none,NA,chronData,lc-chRI0t1lRRU7KpzthWs,notes,unitless,6
Zalozhtsy.Artyushenko.1982,none,NA,chronData,lc-chRuxGUkxmvGqLleByW,thickness,cm,15
Zalozhtsy.Artyushenko.1982,none,NA,chronData,lc-chRFHSUXnYrQOfTjBuj,notes,unitless,15
Zalozhtsy.Artyushenko.1982,none,NA,chronData,lc-chRzXPJbqZcMB1GSO8U,depth_top,cm,15
Zalozhtsy.Artyushenko.1982,none,NA,chronData,lc-chRZOVdPvYKSmmnIOH4,depth_bottom,cm,15
Zalozhtsy.Bezusko.1992,none,NA,chronData,cRJS0dn6giWimhlMuS,thickness,cm,15
Zapovednoe.Elina.1981,none,NA,chronData,lc-chRH1tBi4Eb3Kze3FP8,notes,unitless,2
ZarnowiecPeatBog.Latalowa.1982,none,NA,chronData,lc-chRUkwrL4fspfJgfZrf,notes,unitless,8
Zaruckoe.Elina.1981,none,NA,chronData,lc-chROfaw86qPyKADjhgy,notes,unitless,5
Zawiyah.Evin.1978,none,NA,paleoData,OLS_RFdlzJE15VA,lakeTrend,unitless,32
Zbudovskablata.Rybnickova.1982,none,NA,chronData,lc-chRreB9OeFkNqQyBTYq,notes,unitless,3
ZhangzangChaka.Qi.1981,none,NA,paleoData,OLS_RgKnhILsohl,lakeTrend,unitless,32
Zhaoxiang.Cai.2001,none,NA,chronData,lc-chRrUxYbenjnBVO2QtS,labID,unitless,5
Zhaoxiang.Cai.2001,none,NA,chronData,lc-chRinxB3CoVUyLXOZBv,thickness,cm,5
Zhaoxiang.Cai.2001,none,NA,chronData,lc-chRJUmlwE6KwDleWvFy,notes,unitless,5
Zhaoxiang.Cai.2001,none,NA,chronData,lc-chRbNHmOcpGjwhqMbNd,depth_top,cm,5
Zhaoxiang.Cai.2001,none,NA,chronData,lc-chRLxzN1TGSa7CbeJ9k,depth_bottom,cm,5
Zharinanmuco.Wang.1987,none,NA,paleoData,OLS_RMOVlqQDbVj,lakeTrend,unitless,32
Zhenjiang.Xu.1984,none,NA,chronData,lc-chRY59BTVUnyHMqh0zl,labID,unitless,7
Zhenjiang.Xu.1984,none,NA,chronData,lc-chROSXSb7Gedg8EYVpI,thickness,cm,7
Zhenjiang.Xu.1984,none,NA,chronData,lc-chRysZrCSj5LEc8QWte,notes,unitless,7
Zhenjiang.Xu.1984,none,NA,chronData,lc-chRoXe8SgzLiJfaGLXo,depth_top,cm,7
Zhenjiang.Xu.1984,none,NA,chronData,lc-chRyJJrbWBZa9hPkmPq,depth_bottom,cm,7
ZhongshanPK19.Huang.1982,none,NA,chronData,lc-chRjxRKtj6XlxinJSMh,labID,unitless,4
ZhongshanPK19.Huang.1982,none,NA,chronData,lc-chRtRdHz9U5nml6oX7p,thickness,cm,4
ZhongshanPK19.Huang.1982,none,NA,chronData,lc-chRzBpsg726BTjdcWFe,notes,unitless,4
ZhongshanPK19.Huang.1982,none,NA,chronData,lc-chRpaXd3X8bjru6saQE,depth_top,cm,4
ZhongshanPK19.Huang.1982,none,NA,chronData,lc-chR2Xt0UdtO777mdMlG,depth_bottom,cm,4
Zhoulao.Gu.2004,none,NA,chronData,lc-chRtN8ic0J66RR0KDeF,labID,unitless,3
Zhoulao.Gu.2004,none,NA,chronData,lc-chRZ4Gm2tXwcxuD02a1,notes,unitless,3
Zirbenwaldmoor.Rybnicek.1977,none,NA,chronData,lc-chRv9ACArGgbmEPKuwK,materialDated,unitless,7
Zirbenwaldmoor.Rybnicek.1977,none,NA,chronData,lc-chRjCGS9UJKAuIX4Nh7,notes,unitless,7
ZlatnickaDolina.Rybnicek.1985,none,NA,chronData,lc-chRUw7SK1n3aX9xVUcy,notes,unitless,5
ZoigeBasin.Zhao.2011,none,NA,chronData,lc-chRcv0TPYTyyaxjhKhP,notes,unitless,9
ZoigeDC.Liu.1995,none,NA,chronData,lc-chRU9BlwzLlPtpQkLlS,labID,unitless,3
ZoigeDC.Liu.1995,none,NA,chronData,lc-chR3qaExCKUeib0mWl7,notes,unitless,3
ZoigeRH.Tang.1996,none,NA,chronData,lc-chRW1wjTcCH7wlRFEUB,labID,unitless,4
ZoigeRH.Tang.1996,none,NA,chronData,lc-chR8XiWit3kLXefVHih,notes,unitless,4
ZoigeRM.Sheng.1996,none,NA,chronData,lc-chRkuAVAOx0TmmFbJbk,labID,unitless,5
ZoigeRM.Sheng.1996,none,NA,chronData,lc-chRHwTLCcBlb6pNHbMK,notes,unitless,5
ZooBaba.Baumhauer.1987,none,NA,paleoData,OLS_Rf1cEYILMBW,lakeTrend,unitless,32
Zotensenk.Bortenschlager.1984,none,NA,chronData,lc-chRvFZs6dibgklkSAPJ,notes,unitless,5
ZsomboSwamp.author.1111,none,NA,paleoData,lcRAzwBc87zZLxH0kbI,uncertainty,degC,54
ZsomboSwamp.author.1111,none,NA,paleoData,lcR2RkN99YaTbQM9hBq,precipitation,mm/yr,54
ZsomboSwamp.author.1111,none,NA,paleoData,lcRelJCJeLxQGZLRPX9,uncertainty,mm/yr,54
ZsomboSwamp.author.1111,none,NA,paleoData,lcRM3UwKKPdV1v1ALrH,uncertainty,degC,54
ZsomboSwamp.author.1111,none,NA,paleoData,lcRNB0j4w4oC8KHDVvc,precipitation,mm/yr,54
ZsomboSwamp.author.1111,none,NA,paleoData,lcRL7MPAnwTyGDzzZ9J,uncertainty,mm/yr,54
ZsomboSwamp.author.1111,none,NA,paleoData,lcRtqmnBUQF2nAGc0K5,temperature,degC,54
ZsomboSwamp.author.1111,none,NA,paleoData,lcR50MdH4o8mq7P1oGf,uncertainty,degC,54
ZsomboSwamp.author.1111,none,NA,paleoData,lcRPoreX8FStsaNXSRX,temperature,degC,54
ZsomboSwamp.author.1111,none,NA,paleoData,lcRXYGyf3PNNOvrakPU,uncertainty,degC,54
ZsomboSwamp.author.1111,none,NA,paleoData,lcRv5SLsocVSL90ordN,uncertainty,mm/yr,54
ZsomboSwamp.author.1111,none,NA,chronData,lc-chRo2x5w2MdY4DqNQxm,notes,unitless,3
ZuehlFarmSite.Kim.1982,none,NA,chronData,lc-chRrMSRZzQ2YcL8sSF7,notes,unitless,5
Zuni.Haynes.1967,none,NA,paleoData,OLS_RaU8YXnDJSQ,lakeTrend,unitless,32
Zuratkul'.EPD,none,NA,chronData,cRPeAlioxSuJHjej4i,thickness,cm,4
Zuratkul'.EPD,none,NA,chronData,cRJDadRL5u1GB9TQyb,labID,unitless,4
igelsjon..2003,none,NA,chronData,PYTECVLIICC,ageType,unitless,22
saintMalodeGuersac.Visset.1985,none,NA,chronData,lc-chRuZW445EWrMi8wBsJ,notes,unitless,5
