file,key,value,disposition,remove
AB08MEN01.lpd,environmentInterpretation1_interpretationApplies,NA,duplicate,TRUE
AB08MEN01.lpd,environmentInterpretation2_interpretationApplies,NA,duplicate,TRUE
AB20MEN01.lpd,environmentInterpretation1_interpretationApplies,NA,duplicate,TRUE
AB20MEN01.lpd,environmentInterpretation2_interpretationApplies,NA,duplicate,TRUE
AB20MEN02.lpd,environmentInterpretation1_interpretationApplies,NA,duplicate,TRUE
AB20MEN02.lpd,environmentInterpretation2_interpretationApplies,NA,duplicate,TRUE
AB20MEN04.lpd,environmentInterpretation1_interpretationApplies,NA,duplicate,TRUE
AB20MEN04.lpd,environmentInterpretation2_interpretationApplies,NA,duplicate,TRUE
AB20MEN05.lpd,environmentInterpretation1_interpretationApplies,NA,duplicate,TRUE
AB20MEN05.lpd,environmentInterpretation2_interpretationApplies,NA,duplicate,TRUE
AB20MEN06.lpd,environmentInterpretation1_interpretationApplies,NA,duplicate,TRUE
AB20MEN06.lpd,environmentInterpretation2_interpretationApplies,NA,duplicate,TRUE
AB20MEN07.lpd,environmentInterpretation1_interpretationApplies,NA,duplicate,TRUE
AB20MEN07.lpd,environmentInterpretation2_interpretationApplies,NA,duplicate,TRUE
AguadeNieves.Humanes-Fuente.2020.lpd,Interpretation1_direction,,empty,TRUE
AguadeNieves.Humanes-Fuente.2020.lpd,Interpretation1_scope,,empty,TRUE
AguadeNieves.Humanes-Fuente.2020.lpd,Interpretation1_variableDetail,,empty,TRUE
AL16PUR01.lpd,environmentInterpretation1_interpretationApplies,NA,duplicate,TRUE
AL16PUR01.lpd,environmentInterpretation2_interpretationApplies,NA,duplicate,TRUE
AL16PUR02.lpd,environmentInterpretation1_interpretationApplies,NA,duplicate,TRUE
AL16PUR02.lpd,environmentInterpretation2_interpretationApplies,NA,duplicate,TRUE
Altiplano.Morales.2012.lpd,Interpretation1_direction,,empty,TRUE
Altiplano.Morales.2012.lpd,Interpretation1_scope,,empty,TRUE
Altiplano.Morales.2012.lpd,Interpretation1_variableDetail,,empty,TRUE
Alumine.Hadad.2021.lpd,Interpretation1_direction,,empty,TRUE
Alumine.Hadad.2021.lpd,Interpretation1_scope,,empty,TRUE
Alumine.Hadad.2021.lpd,Interpretation1_variableDetail,,empty,TRUE
AndesPeru.Humanes-Fuente.2020.lpd,Interpretation1_direction,,empty,TRUE
AndesPeru.Humanes-Fuente.2020.lpd,Interpretation1_scope,,empty,TRUE
AndesPeru.Humanes-Fuente.2020.lpd,Interpretation1_variableDetail,,empty,TRUE
Anshupa.Palar.2025.lpd,Interpretation1_direction,,empty,TRUE
Anshupa.Palar.2025.lpd,Interpretation1_scope,,empty,TRUE
Anshupa.Palar.2025.lpd,Interpretation1_variableDetail,,empty,TRUE
AS05GUA01.lpd,environmentInterpretation1_interpretationApplies,NA,duplicate,TRUE
AS05GUA01.lpd,environmentInterpretation2_interpretationApplies,NA,duplicate,TRUE
Atlas.Esper.2007.lpd,Interpretation1_direction,,empty,TRUE
Atlas.Esper.2007.lpd,Interpretation1_scope,,empty,TRUE
Atlas.Esper.2007.lpd,Interpretation1_variableDetail,,empty,TRUE
Attacave.Niggemann.2003.lpd,environmentInterpretation1_interpretationApplies,NA,duplicate,TRUE
Attacave.Niggemann.2003.lpd,environmentInterpretation2_interpretationApplies,NA,duplicate,TRUE
Aus-MarxUpperSnowy.lpd,environmentInterpretation1_interpretationApplies,NA,duplicate,TRUE
Aus-MarxUpperSnowy.lpd,environmentInterpretation2_interpretationApplies,NA,duplicate,TRUE
BA04FIJ01.lpd,environmentInterpretation1_interpretationApplies,NA,duplicate,TRUE
BA04FIJ01.lpd,environmentInterpretation2_interpretationApplies,NA,duplicate,TRUE
BA04FIJ02.lpd,environmentInterpretation1_interpretationApplies,NA,duplicate,TRUE
BA04FIJ02.lpd,environmentInterpretation2_interpretationApplies,NA,duplicate,TRUE
Baeg-nyongcave.K..2017.lpd,environmentInterpretation1_interpretationApplies,NA,duplicate,TRUE
Baeg-nyongcave.K..2017.lpd,environmentInterpretation2_interpretationApplies,NA,duplicate,TRUE
Bakony.Kern.2009.lpd,Interpretation1_direction,,empty,TRUE
Bakony.Kern.2009.lpd,Interpretation1_scope,,empty,TRUE
Bakony.Kern.2009.lpd,Interpretation1_variableDetail,,empty,TRUE
BAM80-E17.Harris.2025.lpd,Interpretation1_direction,,empty,TRUE
BAM80-E17.Harris.2025.lpd,Interpretation1_scope,,empty,TRUE
BAM80-E17.Harris.2025.lpd,Interpretation1_variableDetail,,empty,TRUE
BAP82-30BC.Harris.2025.lpd,Interpretation1_direction,,empty,TRUE
BAP82-30BC.Harris.2025.lpd,Interpretation1_scope,,empty,TRUE
BAP82-30BC.Harris.2025.lpd,Interpretation1_variableDetail,,empty,TRUE
Basin.Gajewski.1988.lpd,environmentInterpretation1_interpretationApplies,NA,duplicate,TRUE
Basin.Gajewski.1988.lpd,environmentInterpretation2_interpretationApplies,NA,duplicate,TRUE
BavarianForest.Wilson.2005.lpd,Interpretation1_direction,,empty,TRUE
BavarianForest.Wilson.2005.lpd,Interpretation1_scope,,empty,TRUE
BavarianForest.Wilson.2005.lpd,Interpretation1_variableDetail,,empty,TRUE
BeaverLake.Schmieder.2011.lpd,environmentInterpretation1_interpretationApplies,NA,duplicate,TRUE
BeaverLake.Schmieder.2011.lpd,environmentInterpretation2_interpretationApplies,NA,duplicate,TRUE
BO14HTI01.lpd,environmentInterpretation1_interpretationApplies,NA,duplicate,TRUE
BO14HTI01.lpd,environmentInterpretation2_interpretationApplies,NA,duplicate,TRUE
BO14HTI02.lpd,environmentInterpretation1_interpretationApplies,NA,duplicate,TRUE
BO14HTI02.lpd,environmentInterpretation2_interpretationApplies,NA,duplicate,TRUE
BO99MOO01.lpd,environmentInterpretation1_interpretationApplies,NA,duplicate,TRUE
BO99MOO01.lpd,environmentInterpretation2_interpretationApplies,NA,duplicate,TRUE
Botuvercave.Bernal.2016.lpd,environmentInterpretation1_interpretationApplies,NA,duplicate,TRUE
Botuvercave.Bernal.2016.lpd,environmentInterpretation2_interpretationApplies,NA,duplicate,TRUE
BR19RED01.lpd,environmentInterpretation1_interpretationApplies,NA,duplicate,TRUE
BR19RED01.lpd,environmentInterpretation2_interpretationApplies,NA,duplicate,TRUE
BucadellaRenella.Drysdale.2006.lpd,environmentInterpretation1_interpretationApplies,NA,duplicate,TRUE
BucadellaRenella.Drysdale.2006.lpd,environmentInterpretation2_interpretationApplies,NA,duplicate,TRUE
BukitAssamcave.Carolin.2013.lpd,environmentInterpretation1_interpretationApplies,NA,duplicate,TRUE
BukitAssamcave.Carolin.2013.lpd,environmentInterpretation2_interpretationApplies,NA,duplicate,TRUE
Bunkercave.Fohlmeister.2012.lpd,environmentInterpretation1_interpretationApplies,NA,duplicate,TRUE
Bunkercave.Fohlmeister.2012.lpd,environmentInterpretation2_interpretationApplies,NA,duplicate,TRUE
Burabai.Akkemik.2020.lpd,Interpretation1_direction,,empty,TRUE
Burabai.Akkemik.2020.lpd,Interpretation1_scope,,empty,TRUE
Burabai.Akkemik.2020.lpd,Interpretation1_variableDetail,,empty,TRUE
BuracaGloriosa.Denniston.2017.lpd,environmentInterpretation1_interpretationApplies,NA,duplicate,TRUE
BuracaGloriosa.Denniston.2017.lpd,environmentInterpretation2_interpretationApplies,NA,duplicate,TRUE
CA07FLI01.lpd,environmentInterpretation1_interpretationApplies,NA,duplicate,TRUE
CA07FLI01.lpd,environmentInterpretation2_interpretationApplies,NA,duplicate,TRUE
CA13DIA01.lpd,environmentInterpretation1_interpretationApplies,NA,duplicate,TRUE
CA13DIA01.lpd,environmentInterpretation2_interpretationApplies,NA,duplicate,TRUE
CA13PEL01.lpd,environmentInterpretation1_interpretationApplies,NA,duplicate,TRUE
CA13PEL01.lpd,environmentInterpretation2_interpretationApplies,NA,duplicate,TRUE
CA13SAP01.lpd,environmentInterpretation1_interpretationApplies,NA,duplicate,TRUE
CA13SAP01.lpd,environmentInterpretation2_interpretationApplies,NA,duplicate,TRUE
CA13TUR01.lpd,environmentInterpretation1_interpretationApplies,NA,duplicate,TRUE
CA13TUR01.lpd,environmentInterpretation2_interpretationApplies,NA,duplicate,TRUE
CA14BUT01.lpd,environmentInterpretation1_interpretationApplies,NA,duplicate,TRUE
CA14BUT01.lpd,environmentInterpretation2_interpretationApplies,NA,duplicate,TRUE
CA14TIM01.lpd,environmentInterpretation1_interpretationApplies,NA,duplicate,TRUE
CA14TIM01.lpd,environmentInterpretation2_interpretationApplies,NA,duplicate,TRUE
Caquellas.Morales.20121.lpd,Interpretation1_direction,,empty,TRUE
Caquellas.Morales.20121.lpd,Interpretation1_scope,,empty,TRUE
Caquellas.Morales.20121.lpd,Interpretation1_variableDetail,,empty,TRUE
CarreriMalal_Hadad_2016.lpd,Interpretation1_direction,,empty,TRUE
CarreriMalal_Hadad_2016.lpd,Interpretation1_scope,,empty,TRUE
CarreriMalal_Hadad_2016.lpd,Interpretation1_variableDetail,,empty,TRUE
CentralAlps.Arosio.2025.lpd,Interpretation1_direction,,empty,TRUE
CentralAlps.Arosio.2025.lpd,Interpretation1_scope,,empty,TRUE
CentralAlps.Arosio.2025.lpd,Interpretation1_variableDetail,,empty,TRUE
CentralMexico.Sthale.2011.lpd,Interpretation1_direction,,empty,TRUE
CentralMexico.Sthale.2011.lpd,Interpretation1_scope,,empty,TRUE
CentralMexico.Sthale.2011.lpd,Interpretation1_variableDetail,,empty,TRUE
CH03BUN01.lpd,environmentInterpretation1_interpretationApplies,NA,duplicate,TRUE
CH03BUN01.lpd,environmentInterpretation2_interpretationApplies,NA,duplicate,TRUE
CH03LOM01.lpd,environmentInterpretation1_interpretationApplies,NA,duplicate,TRUE
CH03LOM01.lpd,environmentInterpretation2_interpretationApplies,NA,duplicate,TRUE
CH97BVB01.lpd,environmentInterpretation1_interpretationApplies,NA,duplicate,TRUE
CH97BVB01.lpd,environmentInterpretation2_interpretationApplies,NA,duplicate,TRUE
CH98PIR01.lpd,environmentInterpretation1_interpretationApplies,NA,duplicate,TRUE
CH98PIR01.lpd,environmentInterpretation2_interpretationApplies,NA,duplicate,TRUE
Chaaracave.AitBrahim.2018.lpd,environmentInterpretation1_interpretationApplies,NA,duplicate,TRUE
Chaaracave.AitBrahim.2018.lpd,environmentInterpretation2_interpretationApplies,NA,duplicate,TRUE
Chauvin.Laird.2003.lpd,environmentInterpretation1_interpretationApplies,NA,duplicate,TRUE
Chauvin.Laird.2003.lpd,environmentInterpretation2_interpretationApplies,NA,duplicate,TRUE
ClelandLake.Steinman.2016.lpd,environmentInterpretation1_interpretationApplies,NA,duplicate,TRUE
ClelandLake.Steinman.2016.lpd,environmentInterpretation2_interpretationApplies,NA,duplicate,TRUE
CO00COKY.lpd,environmentInterpretation1_variable,sea surface temperature,restatement,TRUE
CO00COKY.lpd,environmentInterpretation1_direction,negative,duplicate,TRUE
CO00COKY.lpd,environmentInterpretation1_interpretationApplies,NA,duplicate,TRUE
CO00COKY.lpd,environmentInterpretation2_interpretationApplies,NA,duplicate,TRUE
CO00MAL01.lpd,environmentInterpretation1_interpretationApplies,NA,duplicate,TRUE
CO00MAL01.lpd,environmentInterpretation2_interpretationApplies,NA,duplicate,TRUE
CO00URMA.lpd,environmentInterpretation1_variable,sea surface temperature,restatement,TRUE
CO00URMA.lpd,environmentInterpretation1_direction,negative,duplicate,TRUE
CO00URMA.lpd,environmentInterpretation1_interpretationApplies,NA,duplicate,TRUE
CO00URMA.lpd,environmentInterpretation2_interpretationApplies,NA,duplicate,TRUE
CO01TUNG.lpd,environmentInterpretation1_variable,sea surface temperature,restatement,TRUE
CO01TUNG.lpd,environmentInterpretation1_direction,negative,duplicate,TRUE
CO01TUNG.lpd,environmentInterpretation1_interpretationApplies,NA,duplicate,TRUE
CO01TUNG.lpd,environmentInterpretation2_interpretationApplies,NA,duplicate,TRUE
CO02KUBE.lpd,environmentInterpretation1_variable,sea surface temperature,restatement,TRUE
CO02KUBE.lpd,environmentInterpretation1_direction,negative,duplicate,TRUE
CO02KUBE.lpd,environmentInterpretation1_interpretationApplies,NA,duplicate,TRUE
CO02KUBE.lpd,environmentInterpretation2_interpretationApplies,NA,duplicate,TRUE
CO03CHBA.lpd,environmentInterpretation1_variable,seawaterIsotope,duplicate,TRUE
CO03CHBA.lpd,environmentInterpretation1_direction,positive,duplicate,TRUE
CO03CHBA.lpd,environmentInterpretation1_seasonality,subannual,duplicate,TRUE
CO03CHBA.lpd,environmentInterpretation1_interpretationApplies,NA,duplicate,TRUE
CO03CHBA.lpd,environmentInterpretation2_variable,temperature,duplicate,TRUE
CO03CHBA.lpd,environmentInterpretation2_direction,negative,duplicate,TRUE
CO03CHBA.lpd,environmentInterpretation2_interpretationApplies,NA,duplicate,TRUE
CO03CHBU.lpd,environmentInterpretation1_variable,seawaterIsotope,duplicate,TRUE
CO03CHBU.lpd,environmentInterpretation1_direction,positive,duplicate,TRUE
CO03CHBU.lpd,environmentInterpretation1_seasonality,subannual,duplicate,TRUE
CO03CHBU.lpd,environmentInterpretation1_interpretationApplies,NA,duplicate,TRUE
CO03CHBU.lpd,environmentInterpretation2_variable,temperature,duplicate,TRUE
CO03CHBU.lpd,environmentInterpretation2_direction,negative,duplicate,TRUE
CO03CHBU.lpd,environmentInterpretation2_interpretationApplies,NA,duplicate,TRUE
CO03COPM.lpd,environmentInterpretation1_variable,sea surface temperature,restatement,TRUE
CO03COPM.lpd,environmentInterpretation1_direction,negative,duplicate,TRUE
CO03COPM.lpd,environmentInterpretation1_interpretationApplies,NA,duplicate,TRUE
CO03COPM.lpd,environmentInterpretation2_interpretationApplies,NA,duplicate,TRUE
CO03PAL01.lpd,environmentInterpretation1_interpretationApplies,NA,duplicate,TRUE
CO03PAL01.lpd,environmentInterpretation2_interpretationApplies,NA,duplicate,TRUE
CO03PAL02.lpd,environmentInterpretation1_interpretationApplies,NA,duplicate,TRUE
CO03PAL02.lpd,environmentInterpretation2_interpretationApplies,NA,duplicate,TRUE
CO03PAL03.lpd,environmentInterpretation1_interpretationApplies,NA,duplicate,TRUE
CO03PAL03.lpd,environmentInterpretation2_interpretationApplies,NA,duplicate,TRUE
CO03PAL04.lpd,environmentInterpretation1_interpretationApplies,NA,duplicate,TRUE
CO03PAL04.lpd,environmentInterpretation2_interpretationApplies,NA,duplicate,TRUE
CO03PAL05.lpd,environmentInterpretation1_interpretationApplies,NA,duplicate,TRUE
CO03PAL05.lpd,environmentInterpretation2_interpretationApplies,NA,duplicate,TRUE
CO03PAL06.lpd,environmentInterpretation1_interpretationApplies,NA,duplicate,TRUE
CO03PAL06.lpd,environmentInterpretation2_interpretationApplies,NA,duplicate,TRUE
CO03PAL07.lpd,environmentInterpretation1_interpretationApplies,NA,duplicate,TRUE
CO03PAL07.lpd,environmentInterpretation2_interpretationApplies,NA,duplicate,TRUE
CO03PAL08.lpd,environmentInterpretation1_interpretationApplies,NA,duplicate,TRUE
CO03PAL08.lpd,environmentInterpretation2_interpretationApplies,NA,duplicate,TRUE
CO03PAL09.lpd,environmentInterpretation1_interpretationApplies,NA,duplicate,TRUE
CO03PAL09.lpd,environmentInterpretation2_interpretationApplies,NA,duplicate,TRUE
CO03PAL10.lpd,environmentInterpretation1_interpretationApplies,NA,duplicate,TRUE
CO03PAL10.lpd,environmentInterpretation2_interpretationApplies,NA,duplicate,TRUE
CO04BAFI.lpd,environmentInterpretation1_variable,sea surface temperature,restatement,TRUE
CO04BAFI.lpd,environmentInterpretation1_direction,negative,duplicate,TRUE
CO04BAFI.lpd,environmentInterpretation1_interpretationApplies,NA,duplicate,TRUE
CO04BAFI.lpd,environmentInterpretation2_interpretationApplies,NA,duplicate,TRUE
CO04KIVA.lpd,environmentInterpretation1_variable,sea surface temperature,restatement,TRUE
CO04KIVA.lpd,environmentInterpretation1_direction,negative,duplicate,TRUE
CO04KIVA.lpd,environmentInterpretation1_interpretationApplies,NA,duplicate,TRUE
CO04KIVA.lpd,environmentInterpretation2_interpretationApplies,NA,duplicate,TRUE
CO04LIFI.lpd,environmentInterpretation1_variable,sea surface temperature,restatement,TRUE
CO04LIFI.lpd,environmentInterpretation1_direction,negative,duplicate,TRUE
CO04LIFI.lpd,environmentInterpretation1_interpretationApplies,NA,duplicate,TRUE
CO04LIFI.lpd,environmentInterpretation2_interpretationApplies,NA,duplicate,TRUE
CO04LIRA.lpd,environmentInterpretation1_variable,sea surface temperature,restatement,TRUE
CO04LIRA.lpd,environmentInterpretation1_direction,negative,duplicate,TRUE
CO04LIRA.lpd,environmentInterpretation1_interpretationApplies,NA,duplicate,TRUE
CO04LIRA.lpd,environmentInterpretation2_interpretationApplies,NA,duplicate,TRUE
CO04MGNG.lpd,environmentInterpretation1_variable,seawaterIsotope,duplicate,TRUE
CO04MGNG.lpd,environmentInterpretation1_direction,positive,duplicate,TRUE
CO04MGNG.lpd,environmentInterpretation1_seasonality,Annual,duplicate,TRUE
CO04MGNG.lpd,environmentInterpretation1_interpretationApplies,NA,duplicate,TRUE
CO04MGNG.lpd,environmentInterpretation2_variable,temperature,duplicate,TRUE
CO04MGNG.lpd,environmentInterpretation2_direction,negative,duplicate,TRUE
CO04MGNG.lpd,environmentInterpretation2_interpretationApplies,NA,duplicate,TRUE
CO04PFCH.lpd,environmentInterpretation1_variable,seawaterIsotope,duplicate,TRUE
CO04PFCH.lpd,environmentInterpretation1_direction,positive,duplicate,TRUE
CO04PFCH.lpd,environmentInterpretation1_seasonality,subannual,duplicate,TRUE
CO04PFCH.lpd,environmentInterpretation1_interpretationApplies,NA,duplicate,TRUE
CO04PFCH.lpd,environmentInterpretation2_variable,temperature,duplicate,TRUE
CO04PFCH.lpd,environmentInterpretation2_direction,negative,duplicate,TRUE
CO04PFCH.lpd,environmentInterpretation2_interpretationApplies,NA,duplicate,TRUE
CO04PFRE.lpd,environmentInterpretation1_variable,sea surface temperature,restatement,TRUE
CO04PFRE.lpd,environmentInterpretation1_direction,negative,duplicate,TRUE
CO04PFRE.lpd,environmentInterpretation1_interpretationApplies,NA,duplicate,TRUE
CO04PFRE.lpd,environmentInterpretation2_interpretationApplies,NA,duplicate,TRUE
CO04ZIMG.lpd,environmentInterpretation1_variable,sea surface temperature,restatement,TRUE
CO04ZIMG.lpd,environmentInterpretation1_direction,negative,duplicate,TRUE
CO04ZIMG.lpd,environmentInterpretation1_interpretationApplies,NA,duplicate,TRUE
CO04ZIMG.lpd,environmentInterpretation2_interpretationApplies,NA,duplicate,TRUE
CO05ASGU.lpd,environmentInterpretation1_variable,sea surface temperature,restatement,TRUE
CO05ASGU.lpd,environmentInterpretation1_direction,negative,duplicate,TRUE
CO05ASGU.lpd,environmentInterpretation1_interpretationApplies,NA,duplicate,TRUE
CO05ASGU.lpd,environmentInterpretation2_interpretationApplies,NA,duplicate,TRUE
CO05KUBE.lpd,environmentInterpretation1_variable,sea surface temperature,restatement,TRUE
CO05KUBE.lpd,environmentInterpretation1_direction,negative,duplicate,TRUE
CO05KUBE.lpd,environmentInterpretation1_interpretationApplies,NA,duplicate,TRUE
CO05KUBE.lpd,environmentInterpretation2_interpretationApplies,NA,duplicate,TRUE
CO06DATZ.lpd,environmentInterpretation1_variable,sea surface temperature,restatement,TRUE
CO06DATZ.lpd,environmentInterpretation1_direction,negative,duplicate,TRUE
CO06DATZ.lpd,environmentInterpretation1_interpretationApplies,NA,duplicate,TRUE
CO06DATZ.lpd,environmentInterpretation2_interpretationApplies,NA,duplicate,TRUE
CO06LIFI.lpd,environmentInterpretation1_variable,sea surface temperature,restatement,TRUE
CO06LIFI.lpd,environmentInterpretation1_direction,negative,duplicate,TRUE
CO06LIFI.lpd,environmentInterpretation1_interpretationApplies,NA,duplicate,TRUE
CO06LIFI.lpd,environmentInterpretation2_interpretationApplies,NA,duplicate,TRUE
CO06MOTO.lpd,environmentInterpretation1_variable,sea surface temperature,restatement,TRUE
CO06MOTO.lpd,environmentInterpretation1_direction,negative,duplicate,TRUE
CO06MOTO.lpd,environmentInterpretation1_interpretationApplies,NA,duplicate,TRUE
CO06MOTO.lpd,environmentInterpretation2_interpretationApplies,NA,duplicate,TRUE
CO06QUNG.lpd,environmentInterpretation1_variable,sea surface temperature,restatement,TRUE
CO06QUNG.lpd,environmentInterpretation1_direction,negative,duplicate,TRUE
CO06QUNG.lpd,environmentInterpretation1_interpretationApplies,NA,duplicate,TRUE
CO06QUNG.lpd,environmentInterpretation2_interpretationApplies,NA,duplicate,TRUE
CO07CAFR.lpd,environmentInterpretation1_variable,seawaterIsotope,duplicate,TRUE
CO07CAFR.lpd,environmentInterpretation1_direction,positive,duplicate,TRUE
CO07CAFR.lpd,environmentInterpretation1_seasonality,Annual,duplicate,TRUE
CO07CAFR.lpd,environmentInterpretation1_interpretationApplies,NA,duplicate,TRUE
CO07CAFR.lpd,environmentInterpretation2_variable,temperature,duplicate,TRUE
CO07CAFR.lpd,environmentInterpretation2_direction,negative,duplicate,TRUE
CO07CAFR.lpd,environmentInterpretation2_interpretationApplies,NA,duplicate,TRUE
CO08ABSU.lpd,environmentInterpretation1_variable,sea surface temperature,restatement,TRUE
CO08ABSU.lpd,environmentInterpretation1_direction,negative,duplicate,TRUE
CO08ABSU.lpd,environmentInterpretation1_interpretationApplies,NA,duplicate,TRUE
CO08ABSU.lpd,environmentInterpretation2_interpretationApplies,NA,duplicate,TRUE
CO08GOBE.lpd,environmentInterpretation1_variable,sea surface temperature,restatement,TRUE
CO08GOBE.lpd,environmentInterpretation1_direction,negative,duplicate,TRUE
CO08GOBE.lpd,environmentInterpretation1_interpretationApplies,NA,duplicate,TRUE
CO08GOBE.lpd,environmentInterpretation2_interpretationApplies,NA,duplicate,TRUE
CO08HEVE.lpd,environmentInterpretation1_variable,sea surface temperature,restatement,TRUE
CO08HEVE.lpd,environmentInterpretation1_direction,negative,duplicate,TRUE
CO08HEVE.lpd,environmentInterpretation1_interpretationApplies,NA,duplicate,TRUE
CO08HEVE.lpd,environmentInterpretation2_interpretationApplies,NA,duplicate,TRUE
CO08KIPR.lpd,environmentInterpretation1_variable,sea surface temperature,restatement,TRUE
CO08KIPR.lpd,environmentInterpretation1_direction,negative,duplicate,TRUE
CO08KIPR.lpd,environmentInterpretation1_interpretationApplies,NA,duplicate,TRUE
CO08KIPR.lpd,environmentInterpretation2_interpretationApplies,NA,duplicate,TRUE
CO09NAKY.lpd,environmentInterpretation1_variable,sea surface temperature,restatement,TRUE
CO09NAKY.lpd,environmentInterpretation1_direction,negative,duplicate,TRUE
CO09NAKY.lpd,environmentInterpretation1_interpretationApplies,NA,duplicate,TRUE
CO09NAKY.lpd,environmentInterpretation2_interpretationApplies,NA,duplicate,TRUE
CO09NUTB.lpd,environmentInterpretation1_variable,seawaterIsotope,duplicate,TRUE
CO09NUTB.lpd,environmentInterpretation1_direction,positive,duplicate,TRUE
CO09NUTB.lpd,environmentInterpretation1_seasonality,subannual,duplicate,TRUE
CO09NUTB.lpd,environmentInterpretation1_interpretationApplies,NA,duplicate,TRUE
CO09NUTB.lpd,environmentInterpretation2_interpretationApplies,NA,duplicate,TRUE
CO10HEIG.lpd,environmentInterpretation1_variable,sea surface temperature,restatement,TRUE
CO10HEIG.lpd,environmentInterpretation1_direction,negative,duplicate,TRUE
CO10HEIG.lpd,environmentInterpretation1_interpretationApplies,NA,duplicate,TRUE
CO10HEIG.lpd,environmentInterpretation2_interpretationApplies,NA,duplicate,TRUE
CO11NUPM.lpd,environmentInterpretation1_variable,seawaterIsotope,duplicate,TRUE
CO11NUPM.lpd,environmentInterpretation1_direction,positive,duplicate,TRUE
CO11NUPM.lpd,environmentInterpretation1_interpretationApplies,NA,duplicate,TRUE
CO11NUPM.lpd,environmentInterpretation2_interpretationApplies,NA,duplicate,TRUE
CO12GOVA.lpd,environmentInterpretation1_variable,seawaterIsotope,duplicate,TRUE
CO12GOVA.lpd,environmentInterpretation1_direction,positive,duplicate,TRUE
CO12GOVA.lpd,environmentInterpretation1_seasonality,subannual,duplicate,TRUE
CO12GOVA.lpd,environmentInterpretation1_interpretationApplies,NA,duplicate,TRUE
CO12GOVA.lpd,environmentInterpretation2_variable,temperature,duplicate,TRUE
CO12GOVA.lpd,environmentInterpretation2_direction,negative,duplicate,TRUE
CO12GOVA.lpd,environmentInterpretation2_interpretationApplies,NA,duplicate,TRUE
CO13CABL.lpd,environmentInterpretation1_variable,sea surface temperature,restatement,TRUE
CO13CABL.lpd,environmentInterpretation1_direction,negative,duplicate,TRUE
CO13CABL.lpd,environmentInterpretation1_interpretationApplies,NA,duplicate,TRUE
CO13CABL.lpd,environmentInterpretation2_interpretationApplies,NA,duplicate,TRUE
CO13CAHN.lpd,environmentInterpretation1_variable,sea surface temperature,restatement,TRUE
CO13CAHN.lpd,environmentInterpretation1_direction,negative,duplicate,TRUE
CO13CAHN.lpd,environmentInterpretation1_interpretationApplies,NA,duplicate,TRUE
CO13CAHN.lpd,environmentInterpretation2_interpretationApplies,NA,duplicate,TRUE
CO13COTB.lpd,environmentInterpretation1_variable,sea surface temperature,restatement,TRUE
CO13COTB.lpd,environmentInterpretation1_direction,negative,duplicate,TRUE
CO13COTB.lpd,environmentInterpretation1_interpretationApplies,NA,duplicate,TRUE
CO13COTB.lpd,environmentInterpretation2_interpretationApplies,NA,duplicate,TRUE
CO13COXM.lpd,environmentInterpretation1_variable,sea surface temperature,restatement,TRUE
CO13COXM.lpd,environmentInterpretation1_direction,negative,duplicate,TRUE
CO13COXM.lpd,environmentInterpretation1_interpretationApplies,NA,duplicate,TRUE
CO13COXM.lpd,environmentInterpretation2_interpretationApplies,NA,duplicate,TRUE
CO13HENG.lpd,environmentInterpretation1_variable,seawaterIsotope,duplicate,TRUE
CO13HENG.lpd,environmentInterpretation1_direction,positive,duplicate,TRUE
CO13HENG.lpd,environmentInterpretation1_seasonality,subannual,duplicate,TRUE
CO13HENG.lpd,environmentInterpretation1_interpretationApplies,NA,duplicate,TRUE
CO13HENG.lpd,environmentInterpretation2_variable,temperature,duplicate,TRUE
CO13HENG.lpd,environmentInterpretation2_direction,negative,duplicate,TRUE
CO13HENG.lpd,environmentInterpretation2_interpretationApplies,NA,duplicate,TRUE
CO14CABT.lpd,environmentInterpretation1_variable,seawaterIsotope,duplicate,TRUE
CO14CABT.lpd,environmentInterpretation1_direction,positive,duplicate,TRUE
CO14CABT.lpd,environmentInterpretation1_seasonality,subannual,duplicate,TRUE
CO14CABT.lpd,environmentInterpretation1_interpretationApplies,NA,duplicate,TRUE
CO14CABT.lpd,environmentInterpretation2_interpretationApplies,NA,duplicate,TRUE
CO14CATI.lpd,environmentInterpretation1_variable,seawaterIsotope,duplicate,TRUE
CO14CATI.lpd,environmentInterpretation1_direction,positive,duplicate,TRUE
CO14CATI.lpd,environmentInterpretation1_seasonality,subannual,duplicate,TRUE
CO14CATI.lpd,environmentInterpretation1_interpretationApplies,NA,duplicate,TRUE
CO14CATI.lpd,environmentInterpretation2_interpretationApplies,NA,duplicate,TRUE
CO14OSPA.lpd,environmentInterpretation1_variable,seawaterIsotope,duplicate,TRUE
CO14OSPA.lpd,environmentInterpretation1_direction,positive,duplicate,TRUE
CO14OSPA.lpd,environmentInterpretation1_seasonality,subannual,duplicate,TRUE
CO14OSPA.lpd,environmentInterpretation1_interpretationApplies,NA,duplicate,TRUE
CO14OSPA.lpd,environmentInterpretation2_variable,temperature,duplicate,TRUE
CO14OSPA.lpd,environmentInterpretation2_direction,negative,duplicate,TRUE
CO14OSPA.lpd,environmentInterpretation2_interpretationApplies,NA,duplicate,TRUE
CO14WUCL.lpd,environmentInterpretation1_variable,sea surface temperature,restatement,TRUE
CO14WUCL.lpd,environmentInterpretation1_direction,negative,duplicate,TRUE
CO14WUCL.lpd,environmentInterpretation1_interpretationApplies,NA,duplicate,TRUE
CO14WUCL.lpd,environmentInterpretation2_interpretationApplies,NA,duplicate,TRUE
CO14ZIHO.lpd,environmentInterpretation1_variable,sea surface temperature,restatement,TRUE
CO14ZIHO.lpd,environmentInterpretation1_direction,negative,duplicate,TRUE
CO14ZIHO.lpd,environmentInterpretation1_interpretationApplies,NA,duplicate,TRUE
CO14ZIHO.lpd,environmentInterpretation2_interpretationApplies,NA,duplicate,TRUE
CO14ZIMG.lpd,environmentInterpretation1_variable,sea surface temperature,restatement,TRUE
CO14ZIMG.lpd,environmentInterpretation1_direction,negative,duplicate,TRUE
CO14ZIMG.lpd,environmentInterpretation1_interpretationApplies,NA,duplicate,TRUE
CO14ZIMG.lpd,environmentInterpretation2_interpretationApplies,NA,duplicate,TRUE
CO15ABSP.lpd,environmentInterpretation1_variable,sea surface temperature,restatement,TRUE
CO15ABSP.lpd,environmentInterpretation1_direction,negative,duplicate,TRUE
CO15ABSP.lpd,environmentInterpretation1_interpretationApplies,NA,duplicate,TRUE
CO15ABSP.lpd,environmentInterpretation2_interpretationApplies,NA,duplicate,TRUE
CO18HECO01A.lpd,environmentInterpretation1_interpretationApplies,NA,duplicate,TRUE
CO18HECO01A.lpd,environmentInterpretation2_interpretationApplies,NA,duplicate,TRUE
CO92SHPU.lpd,environmentInterpretation1_variable,sea surface temperature,restatement,TRUE
CO92SHPU.lpd,environmentInterpretation1_direction,negative,duplicate,TRUE
CO92SHPU.lpd,environmentInterpretation1_interpretationApplies,NA,duplicate,TRUE
CO92SHPU.lpd,environmentInterpretation2_interpretationApplies,NA,duplicate,TRUE
CO93COTW.lpd,environmentInterpretation1_variable,seawaterIsotope,duplicate,TRUE
CO93COTW.lpd,environmentInterpretation1_direction,positive,duplicate,TRUE
CO93COTW.lpd,environmentInterpretation1_seasonality,subannual,duplicate,TRUE
CO93COTW.lpd,environmentInterpretation1_interpretationApplies,NA,duplicate,TRUE
CO93COTW.lpd,environmentInterpretation2_variable,temperature,duplicate,TRUE
CO93COTW.lpd,environmentInterpretation2_direction,negative,duplicate,TRUE
CO93COTW.lpd,environmentInterpretation2_interpretationApplies,NA,duplicate,TRUE
CO93TAR01.lpd,environmentInterpretation1_interpretationApplies,NA,duplicate,TRUE
CO93TAR01.lpd,environmentInterpretation2_interpretationApplies,NA,duplicate,TRUE
CO94HEAQ.lpd,environmentInterpretation1_variable,sea surface temperature,restatement,TRUE
CO94HEAQ.lpd,environmentInterpretation1_direction,negative,duplicate,TRUE
CO94HEAQ.lpd,environmentInterpretation1_interpretationApplies,NA,duplicate,TRUE
CO94HEAQ.lpd,environmentInterpretation2_interpretationApplies,NA,duplicate,TRUE
CO94LISE.lpd,environmentInterpretation1_variable,seawaterIsotope,duplicate,TRUE
CO94LISE.lpd,environmentInterpretation1_direction,positive,duplicate,TRUE
CO94LISE.lpd,environmentInterpretation1_seasonality,subannual,duplicate,TRUE
CO94LISE.lpd,environmentInterpretation1_interpretationApplies,NA,duplicate,TRUE
CO94LISE.lpd,environmentInterpretation2_variable,temperature,duplicate,TRUE
CO94LISE.lpd,environmentInterpretation2_direction,negative,duplicate,TRUE
CO94LISE.lpd,environmentInterpretation2_interpretationApplies,NA,duplicate,TRUE
CO95TUNG.lpd,environmentInterpretation1_variable,seawaterIsotope,duplicate,TRUE
CO95TUNG.lpd,environmentInterpretation1_direction,positive,duplicate,TRUE
CO95TUNG.lpd,environmentInterpretation1_seasonality,subannual,duplicate,TRUE
CO95TUNG.lpd,environmentInterpretation1_interpretationApplies,NA,duplicate,TRUE
CO95TUNG.lpd,environmentInterpretation2_variable,temperature,duplicate,TRUE
CO95TUNG.lpd,environmentInterpretation2_direction,negative,duplicate,TRUE
CO95TUNG.lpd,environmentInterpretation2_interpretationApplies,NA,duplicate,TRUE
CO96QUVA.lpd,environmentInterpretation1_variable,sea surface temperature,restatement,TRUE
CO96QUVA.lpd,environmentInterpretation1_direction,negative,duplicate,TRUE
CO96QUVA.lpd,environmentInterpretation1_interpretationApplies,NA,duplicate,TRUE
CO96QUVA.lpd,environmentInterpretation2_interpretationApplies,NA,duplicate,TRUE
CO96SWBB.lpd,environmentInterpretation1_variable,effectivePrecipitation,duplicate,TRUE
CO96SWBB.lpd,environmentInterpretation1_direction,negative,duplicate,TRUE
CO96SWBB.lpd,environmentInterpretation1_seasonality,subannual,duplicate,TRUE
CO96SWBB.lpd,environmentInterpretation1_interpretationApplies,NA,duplicate,TRUE
CO96SWBB.lpd,environmentInterpretation2_variable,temperature,duplicate,TRUE
CO96SWBB.lpd,environmentInterpretation2_interpretationApplies,NA,duplicate,TRUE
CO96SWFB.lpd,environmentInterpretation1_variable,seawaterIsotope,duplicate,TRUE
CO96SWFB.lpd,environmentInterpretation1_direction,positive,duplicate,TRUE
CO96SWFB.lpd,environmentInterpretation1_seasonality,Annual,duplicate,TRUE
CO96SWFB.lpd,environmentInterpretation1_interpretationApplies,NA,duplicate,TRUE
CO96SWFB.lpd,environmentInterpretation2_variable,temperature,duplicate,TRUE
CO96SWFB.lpd,environmentInterpretation2_interpretationApplies,NA,duplicate,TRUE
CO97CHSY.lpd,environmentInterpretation1_variable,sea surface temperature,restatement,TRUE
CO97CHSY.lpd,environmentInterpretation1_direction,negative,duplicate,TRUE
CO97CHSY.lpd,environmentInterpretation1_interpretationApplies,NA,duplicate,TRUE
CO97CHSY.lpd,environmentInterpretation2_interpretationApplies,NA,duplicate,TRUE
CO98BOFP.lpd,environmentInterpretation1_variable,sea surface temperature,restatement,TRUE
CO98BOFP.lpd,environmentInterpretation1_direction,negative,duplicate,TRUE
CO98BOFP.lpd,environmentInterpretation1_interpretationApplies,NA,duplicate,TRUE
CO98BOFP.lpd,environmentInterpretation2_interpretationApplies,NA,duplicate,TRUE
CO98CHPI.lpd,environmentInterpretation1_variable,sea surface temperature,restatement,TRUE
CO98CHPI.lpd,environmentInterpretation1_direction,negative,duplicate,TRUE
CO98CHPI.lpd,environmentInterpretation1_interpretationApplies,NA,duplicate,TRUE
CO98CHPI.lpd,environmentInterpretation2_interpretationApplies,NA,duplicate,TRUE
CO98EVXM.lpd,environmentInterpretation1_variable,sea surface temperature,restatement,TRUE
CO98EVXM.lpd,environmentInterpretation1_direction,negative,duplicate,TRUE
CO98EVXM.lpd,environmentInterpretation1_interpretationApplies,NA,duplicate,TRUE
CO98EVXM.lpd,environmentInterpretation2_interpretationApplies,NA,duplicate,TRUE
CO98QUNC.lpd,environmentInterpretation1_variable,sea surface temperature,restatement,TRUE
CO98QUNC.lpd,environmentInterpretation1_direction,negative,duplicate,TRUE
CO98QUNC.lpd,environmentInterpretation1_interpretationApplies,NA,duplicate,TRUE
CO98QUNC.lpd,environmentInterpretation2_interpretationApplies,NA,duplicate,TRUE
CO98SWPR.lpd,environmentInterpretation1_variable,seawaterIsotope,duplicate,TRUE
CO98SWPR.lpd,environmentInterpretation1_direction,positive,duplicate,TRUE
CO98SWPR.lpd,environmentInterpretation1_seasonality,Annual,duplicate,TRUE
CO98SWPR.lpd,environmentInterpretation1_interpretationApplies,NA,duplicate,TRUE
CO98SWPR.lpd,environmentInterpretation2_interpretationApplies,NA,duplicate,TRUE
CO99DRGB.lpd,environmentInterpretation1_variable,sea surface temperature,restatement,TRUE
CO99DRGB.lpd,environmentInterpretation1_direction,negative,duplicate,TRUE
CO99DRGB.lpd,environmentInterpretation1_interpretationApplies,NA,duplicate,TRUE
CO99DRGB.lpd,environmentInterpretation2_interpretationApplies,NA,duplicate,TRUE
CO99GUMI.lpd,environmentInterpretation1_variable,sea surface temperature,restatement,TRUE
CO99GUMI.lpd,environmentInterpretation1_direction,negative,duplicate,TRUE
CO99GUMI.lpd,environmentInterpretation1_interpretationApplies,NA,duplicate,TRUE
CO99GUMI.lpd,environmentInterpretation2_interpretationApplies,NA,duplicate,TRUE
CO99LICL.lpd,environmentInterpretation1_variable,sea surface temperature,restatement,TRUE
CO99LICL.lpd,environmentInterpretation1_direction,negative,duplicate,TRUE
CO99LICL.lpd,environmentInterpretation1_interpretationApplies,NA,duplicate,TRUE
CO99LICL.lpd,environmentInterpretation2_interpretationApplies,NA,duplicate,TRUE
CO99SWFB.lpd,environmentInterpretation1_variable,seawaterIsotope,duplicate,TRUE
CO99SWFB.lpd,environmentInterpretation1_direction,positive,duplicate,TRUE
CO99SWFB.lpd,environmentInterpretation1_seasonality,subannual,duplicate,TRUE
CO99SWFB.lpd,environmentInterpretation1_interpretationApplies,NA,duplicate,TRUE
CO99SWFB.lpd,environmentInterpretation2_interpretationApplies,NA,duplicate,TRUE
Corsica.Esper.2022.lpd,Interpretation1_direction,,empty,TRUE
Corsica.Esper.2022.lpd,Interpretation1_scope,,empty,TRUE
Corsica.Esper.2022.lpd,Interpretation1_variableDetail,,empty,TRUE
CuevadeAsiul.Smith.2016.lpd,environmentInterpretation1_interpretationApplies,NA,duplicate,TRUE
CuevadeAsiul.Smith.2016.lpd,environmentInterpretation2_interpretationApplies,NA,duplicate,TRUE
CuevadelTigrePerdido.vanBreukelen.2008.lpd,environmentInterpretation1_interpretationApplies,NA,duplicate,TRUE
CuevadelTigrePerdido.vanBreukelen.2008.lpd,environmentInterpretation2_interpretationApplies,NA,duplicate,TRUE
DA06MAF01.lpd,environmentInterpretation1_interpretationApplies,NA,duplicate,TRUE
DA06MAF01.lpd,environmentInterpretation2_interpretationApplies,NA,duplicate,TRUE
DA06MAF02.lpd,environmentInterpretation1_interpretationApplies,NA,duplicate,TRUE
DA06MAF02.lpd,environmentInterpretation2_interpretationApplies,NA,duplicate,TRUE
Dantecave.Sletten.2013.lpd,environmentInterpretation1_interpretationApplies,NA,duplicate,TRUE
Dantecave.Sletten.2013.lpd,environmentInterpretation2_interpretationApplies,NA,duplicate,TRUE
Darkcave.Jiang.2013.lpd,environmentInterpretation1_interpretationApplies,NA,duplicate,TRUE
Darkcave.Jiang.2013.lpd,environmentInterpretation2_interpretationApplies,NA,duplicate,TRUE
DE12ANC01.lpd,environmentInterpretation1_interpretationApplies,NA,duplicate,TRUE
DE12ANC01.lpd,environmentInterpretation2_interpretationApplies,NA,duplicate,TRUE
DE13HAI01.lpd,environmentInterpretation1_interpretationApplies,NA,duplicate,TRUE
DE13HAI01.lpd,environmentInterpretation2_interpretationApplies,NA,duplicate,TRUE
DE14DTO01.lpd,environmentInterpretation1_interpretationApplies,NA,duplicate,TRUE
DE14DTO01.lpd,environmentInterpretation2_interpretationApplies,NA,duplicate,TRUE
DE14DTO02.lpd,environmentInterpretation1_interpretationApplies,NA,duplicate,TRUE
DE14DTO02.lpd,environmentInterpretation2_interpretationApplies,NA,duplicate,TRUE
DE14DTO03.lpd,environmentInterpretation1_interpretationApplies,NA,duplicate,TRUE
DE14DTO03.lpd,environmentInterpretation2_interpretationApplies,NA,duplicate,TRUE
DE14DTO04.lpd,environmentInterpretation1_interpretationApplies,NA,duplicate,TRUE
DE14DTO04.lpd,environmentInterpretation2_interpretationApplies,NA,duplicate,TRUE
DeSotocaverns.Aharon.2013.lpd,environmentInterpretation1_interpretationApplies,NA,duplicate,TRUE
DeSotocaverns.Aharon.2013.lpd,environmentInterpretation2_interpretationApplies,NA,duplicate,TRUE
Domogled.Levanic.2013.lpd,Interpretation1_direction,,empty,TRUE
Domogled.Levanic.2013.lpd,Interpretation1_scope,,empty,TRUE
Domogled.Levanic.2013.lpd,Interpretation1_variableDetail,,empty,TRUE
Donggecave.Yuan.2004.lpd,environmentInterpretation1_interpretationApplies,NA,duplicate,TRUE
Donggecave.Yuan.2004.lpd,environmentInterpretation2_interpretationApplies,NA,duplicate,TRUE
DosAnascave.Fensterer.2013.lpd,environmentInterpretation1_interpretationApplies,NA,duplicate,TRUE
DosAnascave.Fensterer.2013.lpd,environmentInterpretation2_interpretationApplies,NA,duplicate,TRUE
DR99ABR01.lpd,environmentInterpretation1_interpretationApplies,NA,duplicate,TRUE
DR99ABR01.lpd,environmentInterpretation2_interpretationApplies,NA,duplicate,TRUE
DU94URV01.lpd,environmentInterpretation1_interpretationApplies,NA,duplicate,TRUE
DU94URV01.lpd,environmentInterpretation2_interpretationApplies,NA,duplicate,TRUE
EasternAmazonBasin.GuimaraesPereira.2025.lpd,Interpretation1_direction,,empty,TRUE
EasternAmazonBasin.GuimaraesPereira.2025.lpd,Interpretation1_scope,,empty,TRUE
EasternAmazonBasin.GuimaraesPereira.2025.lpd,Interpretation1_variableDetail,,empty,TRUE
EasternEquatorialAmazon.GranatoSouza.2018.lpd,Interpretation1_direction,,empty,TRUE
EasternEquatorialAmazon.GranatoSouza.2018.lpd,Interpretation1_scope,,empty,TRUE
EasternEquatorialAmazon.GranatoSouza.2018.lpd,Interpretation1_variableDetail,,empty,TRUE
ElJunco.Conroy.2008.lpd,Interpretation1_direction,,empty,TRUE
ElJunco.Conroy.2008.lpd,Interpretation1_scope,,empty,TRUE
ElJunco.Conroy.2008.lpd,Interpretation1_variableDetail,,empty,TRUE
ElJunco.Zhang.2014.lpd,environmentInterpretation1_direction,negative,unmatched,TRUE
ElJunco.Zhang.2014.lpd,environmentInterpretation1_seasonality,Annual,unmatched,TRUE
ElJunco.Zhang.2014.lpd,environmentInterpretation1_variable,effectivePrecipitation,unmatched,TRUE
ElJunco.Zhang.2014.lpd,Interpretation1_direction,,empty,TRUE
ElJunco.Zhang.2014.lpd,Interpretation1_scope,,empty,TRUE
ElJunco.Zhang.2014.lpd,Interpretation1_variableDetail,,empty,TRUE
EnglandWales.Loader.2020.lpd,environmentInterpretation1_interpretationApplies,NA,duplicate,TRUE
EnglandWales.Loader.2020.lpd,environmentInterpretation2_interpretationApplies,NA,duplicate,TRUE
EnglandWales.Loader.2020.lpd,Interpretation1_direction,,empty,TRUE
EnglandWales.Loader.2020.lpd,Interpretation1_scope,,empty,TRUE
EnglandWales.Loader.2020.lpd,Interpretation1_variableDetail,,empty,TRUE
EsternAmazon.Granato-Souza.2020.lpd,Interpretation1_direction,,empty,TRUE
EsternAmazon.Granato-Souza.2020.lpd,Interpretation1_scope,,empty,TRUE
EsternAmazon.Granato-Souza.2020.lpd,Interpretation1_variableDetail,,empty,TRUE
EV18ROC01.lpd,environmentInterpretation1_interpretationApplies,NA,duplicate,TRUE
EV18ROC01.lpd,environmentInterpretation2_interpretationApplies,NA,duplicate,TRUE
EV98KIR01.lpd,environmentInterpretation1_interpretationApplies,NA,duplicate,TRUE
EV98KIR01.lpd,environmentInterpretation2_interpretationApplies,NA,duplicate,TRUE
Fanning.Sanchez.2020.lpd,Interpretation1_direction,,empty,TRUE
Fanning.Sanchez.2020.lpd,Interpretation1_scope,,empty,TRUE
Fanning.Sanchez.2020.lpd,Interpretation1_variableDetail,,empty,TRUE
FE09OGA01.lpd,environmentInterpretation1_interpretationApplies,NA,duplicate,TRUE
FE09OGA01.lpd,environmentInterpretation2_interpretationApplies,NA,duplicate,TRUE
FE18RUS01.lpd,environmentInterpretation1_interpretationApplies,NA,duplicate,TRUE
FE18RUS01.lpd,environmentInterpretation2_interpretationApplies,NA,duplicate,TRUE
FerdeLanceEtang.ONeill-Sanger.2021.lpd,environmentInterpretation1_interpretationApplies,NA,duplicate,TRUE
FerdeLanceEtang.ONeill-Sanger.2021.lpd,environmentInterpretation2_interpretationApplies,NA,duplicate,TRUE
FL17DTO01.lpd,environmentInterpretation1_interpretationApplies,NA,duplicate,TRUE
FL17DTO01.lpd,environmentInterpretation2_interpretationApplies,NA,duplicate,TRUE
FL17DTO02.lpd,environmentInterpretation1_interpretationApplies,NA,duplicate,TRUE
FL17DTO02.lpd,environmentInterpretation2_interpretationApplies,NA,duplicate,TRUE
Fsabaya.Morales.2012.lpd,Interpretation1_direction,,empty,TRUE
Fsabaya.Morales.2012.lpd,Interpretation1_scope,,empty,TRUE
Fsabaya.Morales.2012.lpd,Interpretation1_variableDetail,,empty,TRUE
Fukugaguchicave.Sone.2013.lpd,environmentInterpretation1_interpretationApplies,NA,duplicate,TRUE
Fukugaguchicave.Sone.2013.lpd,environmentInterpretation2_interpretationApplies,NA,duplicate,TRUE
Furongcave.T.-Y..2011.lpd,environmentInterpretation1_interpretationApplies,NA,duplicate,TRUE
Furongcave.T.-Y..2011.lpd,environmentInterpretation2_interpretationApplies,NA,duplicate,TRUE
Gempabumicave.Krause.2019.lpd,environmentInterpretation1_interpretationApplies,NA,duplicate,TRUE
Gempabumicave.Krause.2019.lpd,environmentInterpretation2_interpretationApplies,NA,duplicate,TRUE
GO08BER01.lpd,environmentInterpretation1_interpretationApplies,NA,duplicate,TRUE
GO08BER01.lpd,environmentInterpretation2_interpretationApplies,NA,duplicate,TRUE
GO12SBV01.lpd,environmentInterpretation1_interpretationApplies,NA,duplicate,TRUE
GO12SBV01.lpd,environmentInterpretation2_interpretationApplies,NA,duplicate,TRUE
GooseBayMarsh.Rippke.2010.lpd,environmentInterpretation1_interpretationApplies,NA,duplicate,TRUE
GooseBayMarsh.Rippke.2010.lpd,environmentInterpretation2_interpretationApplies,NA,duplicate,TRUE
GR13MAD01.lpd,environmentInterpretation1_interpretationApplies,NA,duplicate,TRUE
GR13MAD01.lpd,environmentInterpretation2_interpretationApplies,NA,duplicate,TRUE
GR13MAD02.lpd,environmentInterpretation1_interpretationApplies,NA,duplicate,TRUE
GR13MAD02.lpd,environmentInterpretation2_interpretationApplies,NA,duplicate,TRUE
GRIP_accumulation.Vinther.2006.lpd,environmentInterpretation1_interpretationApplies,NA,duplicate,TRUE
GRIP_accumulation.Vinther.2006.lpd,environmentInterpretation2_interpretationApplies,NA,duplicate,TRUE
GrottedePiste.AitBrahim.2018.lpd,environmentInterpretation1_interpretationApplies,NA,duplicate,TRUE
GrottedePiste.AitBrahim.2018.lpd,environmentInterpretation2_interpretationApplies,NA,duplicate,TRUE
GU99NAU01.lpd,environmentInterpretation1_interpretationApplies,NA,duplicate,TRUE
GU99NAU01.lpd,environmentInterpretation2_interpretationApplies,NA,duplicate,TRUE
GU99NAU02.lpd,environmentInterpretation1_interpretationApplies,NA,duplicate,TRUE
GU99NAU02.lpd,environmentInterpretation2_interpretationApplies,NA,duplicate,TRUE
Guallatire.Morales.2012.lpd,Interpretation1_direction,,empty,TRUE
Guallatire.Morales.2012.lpd,Interpretation1_scope,,empty,TRUE
Guallatire.Morales.2012.lpd,Interpretation1_variableDetail,,empty,TRUE
Gunung-budacavesnailshellcave.Partin.2007.lpd,environmentInterpretation1_interpretationApplies,NA,duplicate,TRUE
Gunung-budacavesnailshellcave.Partin.2007.lpd,environmentInterpretation2_interpretationApplies,NA,duplicate,TRUE
HE02GBR01.lpd,environmentInterpretation1_interpretationApplies,NA,duplicate,TRUE
HE02GBR01.lpd,environmentInterpretation2_interpretationApplies,NA,duplicate,TRUE
HE08LRA01.lpd,environmentInterpretation1_interpretationApplies,NA,duplicate,TRUE
HE08LRA01.lpd,environmentInterpretation2_interpretationApplies,NA,duplicate,TRUE
HE10GUA01.lpd,environmentInterpretation1_interpretationApplies,NA,duplicate,TRUE
HE10GUA01.lpd,environmentInterpretation2_interpretationApplies,NA,duplicate,TRUE
HE13MIS01.lpd,environmentInterpretation1_interpretationApplies,NA,duplicate,TRUE
HE13MIS01.lpd,environmentInterpretation2_interpretationApplies,NA,duplicate,TRUE
HE18COC01.lpd,environmentInterpretation1_interpretationApplies,NA,duplicate,TRUE
HE18COC01.lpd,environmentInterpretation2_interpretationApplies,NA,duplicate,TRUE
Heshangcave.C..2008.lpd,environmentInterpretation1_interpretationApplies,NA,duplicate,TRUE
Heshangcave.C..2008.lpd,environmentInterpretation2_interpretationApplies,NA,duplicate,TRUE
Hollywoodcave.Whittaker.2011.lpd,environmentInterpretation1_interpretationApplies,NA,duplicate,TRUE
Hollywoodcave.Whittaker.2011.lpd,environmentInterpretation2_interpretationApplies,NA,duplicate,TRUE
Hoqcave.VanRampelbergh.2013.lpd,environmentInterpretation1_interpretationApplies,NA,duplicate,TRUE
Hoqcave.VanRampelbergh.2013.lpd,environmentInterpretation2_interpretationApplies,NA,duplicate,TRUE
Huagapocave.Kanner.2013.lpd,environmentInterpretation1_variable,precipitationisotope,unmatched,TRUE
Huagapocave.Kanner.2013.lpd,environmentInterpretation1_interpretationApplies,NA,duplicate,TRUE
Huagapocave.Kanner.2013.lpd,environmentInterpretation2_interpretationApplies,NA,duplicate,TRUE
Humboldt.Laird.2003.lpd,environmentInterpretation1_interpretationApplies,NA,duplicate,TRUE
Humboldt.Laird.2003.lpd,environmentInterpretation2_interpretationApplies,NA,duplicate,TRUE
IC00COPR.lpd,environmentInterpretation1_variable,precipitationIsotope,duplicate,TRUE
IC00COPR.lpd,environmentInterpretation1_direction,positive,duplicate,TRUE
IC00COPR.lpd,environmentInterpretation1_seasonality,Annual,duplicate,TRUE
IC00COPR.lpd,environmentInterpretation1_interpretationApplies,NA,duplicate,TRUE
IC00COPR.lpd,environmentInterpretation2_interpretationApplies,NA,duplicate,TRUE
IC00EIGG.lpd,environmentInterpretation1_variable,precipitationIsotope,duplicate,TRUE
IC00EIGG.lpd,environmentInterpretation1_direction,positive,duplicate,TRUE
IC00EIGG.lpd,environmentInterpretation1_seasonality,Annual,duplicate,TRUE
IC00EIGG.lpd,environmentInterpretation1_interpretationApplies,NA,duplicate,TRUE
IC00EIGG.lpd,environmentInterpretation2_interpretationApplies,NA,duplicate,TRUE
IC00OE02.lpd,environmentInterpretation1_variable,precipitationIsotope,duplicate,TRUE
IC00OE02.lpd,environmentInterpretation1_direction,positive,duplicate,TRUE
IC00OE02.lpd,environmentInterpretation1_seasonality,Annual,duplicate,TRUE
IC00OE02.lpd,environmentInterpretation1_interpretationApplies,NA,duplicate,TRUE
IC00OE02.lpd,environmentInterpretation2_interpretationApplies,NA,duplicate,TRUE
IC00OE03.lpd,environmentInterpretation1_variable,precipitationIsotope,duplicate,TRUE
IC00OE03.lpd,environmentInterpretation1_direction,positive,duplicate,TRUE
IC00OE03.lpd,environmentInterpretation1_seasonality,Annual,duplicate,TRUE
IC00OE03.lpd,environmentInterpretation1_interpretationApplies,NA,duplicate,TRUE
IC00OE03.lpd,environmentInterpretation2_interpretationApplies,NA,duplicate,TRUE
IC00OE05.lpd,environmentInterpretation1_variable,precipitationIsotope,duplicate,TRUE
IC00OE05.lpd,environmentInterpretation1_direction,positive,duplicate,TRUE
IC00OE05.lpd,environmentInterpretation1_seasonality,Annual,duplicate,TRUE
IC00OE05.lpd,environmentInterpretation1_interpretationApplies,NA,duplicate,TRUE
IC00OE05.lpd,environmentInterpretation2_interpretationApplies,NA,duplicate,TRUE
IC00OE11.lpd,environmentInterpretation1_variable,precipitationIsotope,duplicate,TRUE
IC00OE11.lpd,environmentInterpretation1_direction,positive,duplicate,TRUE
IC00OE11.lpd,environmentInterpretation1_seasonality,Annual,duplicate,TRUE
IC00OE11.lpd,environmentInterpretation1_interpretationApplies,NA,duplicate,TRUE
IC00OE11.lpd,environmentInterpretation2_interpretationApplies,NA,duplicate,TRUE
IC00OE12.lpd,environmentInterpretation1_variable,precipitationIsotope,duplicate,TRUE
IC00OE12.lpd,environmentInterpretation1_direction,positive,duplicate,TRUE
IC00OE12.lpd,environmentInterpretation1_seasonality,Annual,duplicate,TRUE
IC00OE12.lpd,environmentInterpretation1_interpretationApplies,NA,duplicate,TRUE
IC00OE12.lpd,environmentInterpretation2_interpretationApplies,NA,duplicate,TRUE
IC00OE13.lpd,environmentInterpretation1_variable,precipitationIsotope,duplicate,TRUE
IC00OE13.lpd,environmentInterpretation1_direction,positive,duplicate,TRUE
IC00OE13.lpd,environmentInterpretation1_seasonality,Annual,duplicate,TRUE
IC00OE13.lpd,environmentInterpretation1_interpretationApplies,NA,duplicate,TRUE
IC00OE13.lpd,environmentInterpretation2_interpretationApplies,NA,duplicate,TRUE
IC00OE14.lpd,environmentInterpretation1_variable,precipitationIsotope,duplicate,TRUE
IC00OE14.lpd,environmentInterpretation1_direction,positive,duplicate,TRUE
IC00OE14.lpd,environmentInterpretation1_seasonality,Annual,duplicate,TRUE
IC00OE14.lpd,environmentInterpretation1_interpretationApplies,NA,duplicate,TRUE
IC00OE14.lpd,environmentInterpretation2_interpretationApplies,NA,duplicate,TRUE
IC00OE15.lpd,environmentInterpretation1_variable,precipitationIsotope,duplicate,TRUE
IC00OE15.lpd,environmentInterpretation1_direction,positive,duplicate,TRUE
IC00OE15.lpd,environmentInterpretation1_seasonality,Annual,duplicate,TRUE
IC00OE15.lpd,environmentInterpretation1_interpretationApplies,NA,duplicate,TRUE
IC00OE15.lpd,environmentInterpretation2_interpretationApplies,NA,duplicate,TRUE
IC00OE16.lpd,environmentInterpretation1_variable,precipitationIsotope,duplicate,TRUE
IC00OE16.lpd,environmentInterpretation1_direction,positive,duplicate,TRUE
IC00OE16.lpd,environmentInterpretation1_seasonality,Annual,duplicate,TRUE
IC00OE16.lpd,environmentInterpretation1_interpretationApplies,NA,duplicate,TRUE
IC00OE16.lpd,environmentInterpretation2_interpretationApplies,NA,duplicate,TRUE
IC00OE18.lpd,environmentInterpretation1_variable,precipitationIsotope,duplicate,TRUE
IC00OE18.lpd,environmentInterpretation1_direction,positive,duplicate,TRUE
IC00OE18.lpd,environmentInterpretation1_seasonality,Annual,duplicate,TRUE
IC00OE18.lpd,environmentInterpretation1_interpretationApplies,NA,duplicate,TRUE
IC00OE18.lpd,environmentInterpretation2_interpretationApplies,NA,duplicate,TRUE
IC00OE19.lpd,environmentInterpretation1_variable,precipitationIsotope,duplicate,TRUE
IC00OE19.lpd,environmentInterpretation1_direction,positive,duplicate,TRUE
IC00OE19.lpd,environmentInterpretation1_seasonality,Annual,duplicate,TRUE
IC00OE19.lpd,environmentInterpretation1_interpretationApplies,NA,duplicate,TRUE
IC00OE19.lpd,environmentInterpretation2_interpretationApplies,NA,duplicate,TRUE
IC00OE20.lpd,environmentInterpretation1_variable,precipitationIsotope,duplicate,TRUE
IC00OE20.lpd,environmentInterpretation1_direction,positive,duplicate,TRUE
IC00OE20.lpd,environmentInterpretation1_seasonality,Annual,duplicate,TRUE
IC00OE20.lpd,environmentInterpretation1_interpretationApplies,NA,duplicate,TRUE
IC00OE20.lpd,environmentInterpretation2_interpretationApplies,NA,duplicate,TRUE
IC00OE21.lpd,environmentInterpretation1_variable,precipitationIsotope,duplicate,TRUE
IC00OE21.lpd,environmentInterpretation1_direction,positive,duplicate,TRUE
IC00OE21.lpd,environmentInterpretation1_seasonality,Annual,duplicate,TRUE
IC00OE21.lpd,environmentInterpretation1_interpretationApplies,NA,duplicate,TRUE
IC00OE21.lpd,environmentInterpretation2_interpretationApplies,NA,duplicate,TRUE
IC00OE22.lpd,environmentInterpretation1_variable,precipitationIsotope,duplicate,TRUE
IC00OE22.lpd,environmentInterpretation1_direction,positive,duplicate,TRUE
IC00OE22.lpd,environmentInterpretation1_seasonality,Annual,duplicate,TRUE
IC00OE22.lpd,environmentInterpretation1_interpretationApplies,NA,duplicate,TRUE
IC00OE22.lpd,environmentInterpretation2_interpretationApplies,NA,duplicate,TRUE
IC00OE23.lpd,environmentInterpretation1_variable,precipitationIsotope,duplicate,TRUE
IC00OE23.lpd,environmentInterpretation1_direction,positive,duplicate,TRUE
IC00OE23.lpd,environmentInterpretation1_seasonality,Annual,duplicate,TRUE
IC00OE23.lpd,environmentInterpretation1_interpretationApplies,NA,duplicate,TRUE
IC00OE23.lpd,environmentInterpretation2_interpretationApplies,NA,duplicate,TRUE
IC00OEKC.lpd,environmentInterpretation1_variable,precipitationIsotope,duplicate,TRUE
IC00OEKC.lpd,environmentInterpretation1_direction,positive,duplicate,TRUE
IC00OEKC.lpd,environmentInterpretation1_seasonality,Annual,duplicate,TRUE
IC00OEKC.lpd,environmentInterpretation1_interpretationApplies,NA,duplicate,TRUE
IC00OEKC.lpd,environmentInterpretation2_interpretationApplies,NA,duplicate,TRUE
IC00SC16.lpd,environmentInterpretation1_variable,precipitationIsotope,duplicate,TRUE
IC00SC16.lpd,environmentInterpretation1_direction,positive,duplicate,TRUE
IC00SC16.lpd,environmentInterpretation1_seasonality,Annual,duplicate,TRUE
IC00SC16.lpd,environmentInterpretation1_interpretationApplies,NA,duplicate,TRUE
IC00SC16.lpd,environmentInterpretation2_interpretationApplies,NA,duplicate,TRUE
IC00SC18.lpd,environmentInterpretation1_variable,precipitationIsotope,duplicate,TRUE
IC00SC18.lpd,environmentInterpretation1_direction,positive,duplicate,TRUE
IC00SC18.lpd,environmentInterpretation1_seasonality,Annual,duplicate,TRUE
IC00SC18.lpd,environmentInterpretation1_interpretationApplies,NA,duplicate,TRUE
IC00SC18.lpd,environmentInterpretation2_interpretationApplies,NA,duplicate,TRUE
IC00SC21.lpd,environmentInterpretation1_variable,precipitationIsotope,duplicate,TRUE
IC00SC21.lpd,environmentInterpretation1_direction,positive,duplicate,TRUE
IC00SC21.lpd,environmentInterpretation1_seasonality,Annual,duplicate,TRUE
IC00SC21.lpd,environmentInterpretation1_interpretationApplies,NA,duplicate,TRUE
IC00SC21.lpd,environmentInterpretation2_interpretationApplies,NA,duplicate,TRUE
IC00SC26.lpd,environmentInterpretation1_variable,precipitationIsotope,duplicate,TRUE
IC00SC26.lpd,environmentInterpretation1_direction,positive,duplicate,TRUE
IC00SC26.lpd,environmentInterpretation1_seasonality,Annual,duplicate,TRUE
IC00SC26.lpd,environmentInterpretation1_interpretationApplies,NA,duplicate,TRUE
IC00SC26.lpd,environmentInterpretation2_interpretationApplies,NA,duplicate,TRUE
IC00SC29.lpd,environmentInterpretation1_variable,precipitationIsotope,duplicate,TRUE
IC00SC29.lpd,environmentInterpretation1_direction,positive,duplicate,TRUE
IC00SC29.lpd,environmentInterpretation1_seasonality,Annual,duplicate,TRUE
IC00SC29.lpd,environmentInterpretation1_interpretationApplies,NA,duplicate,TRUE
IC00SC29.lpd,environmentInterpretation2_interpretationApplies,NA,duplicate,TRUE
IC00STHN.lpd,environmentInterpretation1_variable,precipitationIsotope,duplicate,TRUE
IC00STHN.lpd,environmentInterpretation1_direction,positive,duplicate,TRUE
IC00STHN.lpd,environmentInterpretation1_seasonality,Annual,duplicate,TRUE
IC00STHN.lpd,environmentInterpretation1_interpretationApplies,NA,duplicate,TRUE
IC00STHN.lpd,environmentInterpretation2_interpretationApplies,NA,duplicate,TRUE
IC00STTY.lpd,environmentInterpretation1_variable,precipitationIsotope,duplicate,TRUE
IC00STTY.lpd,environmentInterpretation1_direction,positive,duplicate,TRUE
IC00STTY.lpd,environmentInterpretation1_seasonality,Annual,duplicate,TRUE
IC00STTY.lpd,environmentInterpretation1_interpretationApplies,NA,duplicate,TRUE
IC00STTY.lpd,environmentInterpretation2_interpretationApplies,NA,duplicate,TRUE
IC00THDS.lpd,environmentInterpretation1_variable,precipitationIsotope,duplicate,TRUE
IC00THDS.lpd,environmentInterpretation1_direction,positive,duplicate,TRUE
IC00THDS.lpd,environmentInterpretation1_seasonality,Jun-Aug,duplicate,TRUE
IC00THDS.lpd,environmentInterpretation1_interpretationApplies,NA,duplicate,TRUE
IC00THDS.lpd,environmentInterpretation2_interpretationApplies,NA,duplicate,TRUE
IC01JO01.lpd,environmentInterpretation1_variable,precipitationIsotope,duplicate,TRUE
IC01JO01.lpd,environmentInterpretation1_direction,positive,duplicate,TRUE
IC01JO01.lpd,environmentInterpretation1_seasonality,Annual,duplicate,TRUE
IC01JO01.lpd,environmentInterpretation1_interpretationApplies,NA,duplicate,TRUE
IC01JO01.lpd,environmentInterpretation2_interpretationApplies,NA,duplicate,TRUE
IC02GR05.lpd,environmentInterpretation1_variable,precipitationIsotope,duplicate,TRUE
IC02GR05.lpd,environmentInterpretation1_direction,positive,duplicate,TRUE
IC02GR05.lpd,environmentInterpretation1_seasonality,Annual,duplicate,TRUE
IC02GR05.lpd,environmentInterpretation1_interpretationApplies,NA,duplicate,TRUE
IC02GR05.lpd,environmentInterpretation2_interpretationApplies,NA,duplicate,TRUE
IC02GR07.lpd,environmentInterpretation1_variable,precipitationIsotope,duplicate,TRUE
IC02GR07.lpd,environmentInterpretation1_direction,positive,duplicate,TRUE
IC02GR07.lpd,environmentInterpretation1_seasonality,Annual,duplicate,TRUE
IC02GR07.lpd,environmentInterpretation1_interpretationApplies,NA,duplicate,TRUE
IC02GR07.lpd,environmentInterpretation2_interpretationApplies,NA,duplicate,TRUE
IC02GR17.lpd,environmentInterpretation1_variable,precipitationIsotope,duplicate,TRUE
IC02GR17.lpd,environmentInterpretation1_direction,positive,duplicate,TRUE
IC02GR17.lpd,environmentInterpretation1_seasonality,Annual,duplicate,TRUE
IC02GR17.lpd,environmentInterpretation1_interpretationApplies,NA,duplicate,TRUE
IC02GR17.lpd,environmentInterpretation2_interpretationApplies,NA,duplicate,TRUE
IC02HEWD.lpd,environmentInterpretation1_variable,precipitationIsotope,duplicate,TRUE
IC02HEWD.lpd,environmentInterpretation1_direction,positive,duplicate,TRUE
IC02HEWD.lpd,environmentInterpretation1_seasonality,Annual,duplicate,TRUE
IC02HEWD.lpd,environmentInterpretation1_interpretationApplies,NA,duplicate,TRUE
IC02HEWD.lpd,environmentInterpretation2_interpretationApplies,NA,duplicate,TRUE
IC02MUBI.lpd,environmentInterpretation1_variable,precipitationIsotope,duplicate,TRUE
IC02MUBI.lpd,environmentInterpretation1_direction,positive,duplicate,TRUE
IC02MUBI.lpd,environmentInterpretation1_seasonality,Annual,duplicate,TRUE
IC02MUBI.lpd,environmentInterpretation1_interpretationApplies,NA,duplicate,TRUE
IC02MUBI.lpd,environmentInterpretation2_interpretationApplies,NA,duplicate,TRUE
IC02SCGN.lpd,environmentInterpretation1_variable,precipitationIsotope,duplicate,TRUE
IC02SCGN.lpd,environmentInterpretation1_direction,positive,duplicate,TRUE
IC02SCGN.lpd,environmentInterpretation1_seasonality,Annual,duplicate,TRUE
IC02SCGN.lpd,environmentInterpretation1_interpretationApplies,NA,duplicate,TRUE
IC02SCGN.lpd,environmentInterpretation2_interpretationApplies,NA,duplicate,TRUE
IC02STTA.lpd,environmentInterpretation1_variable,precipitationIsotope,duplicate,TRUE
IC02STTA.lpd,environmentInterpretation1_direction,positive,duplicate,TRUE
IC02STTA.lpd,environmentInterpretation1_seasonality,Annual,duplicate,TRUE
IC02STTA.lpd,environmentInterpretation1_interpretationApplies,NA,duplicate,TRUE
IC02STTA.lpd,environmentInterpretation2_interpretationApplies,NA,duplicate,TRUE
IC02THKI.lpd,environmentInterpretation1_variable,precipitationIsotope,duplicate,TRUE
IC02THKI.lpd,environmentInterpretation1_direction,positive,duplicate,TRUE
IC02THKI.lpd,environmentInterpretation1_seasonality,Annual,duplicate,TRUE
IC02THKI.lpd,environmentInterpretation1_interpretationApplies,NA,duplicate,TRUE
IC02THKI.lpd,environmentInterpretation2_interpretationApplies,NA,duplicate,TRUE
IC03HOIL.lpd,environmentInterpretation1_variable,precipitationIsotope,duplicate,TRUE
IC03HOIL.lpd,environmentInterpretation1_direction,positive,duplicate,TRUE
IC03HOIL.lpd,environmentInterpretation1_seasonality,Annual,duplicate,TRUE
IC03HOIL.lpd,environmentInterpretation1_interpretationApplies,NA,duplicate,TRUE
IC03HOIL.lpd,environmentInterpretation2_interpretationApplies,NA,duplicate,TRUE
IC03HORB.lpd,environmentInterpretation1_variable,precipitationIsotope,duplicate,TRUE
IC03HORB.lpd,environmentInterpretation1_seasonality,Annual,duplicate,TRUE
IC03HORB.lpd,environmentInterpretation1_interpretationApplies,NA,duplicate,TRUE
IC03HORB.lpd,environmentInterpretation2_interpretationApplies,NA,duplicate,TRUE
IC04FIML.lpd,environmentInterpretation1_variable,precipitationIsotope,duplicate,TRUE
IC04FIML.lpd,environmentInterpretation1_direction,positive,duplicate,TRUE
IC04FIML.lpd,environmentInterpretation1_seasonality,Annual,duplicate,TRUE
IC04FIML.lpd,environmentInterpretation1_interpretationApplies,NA,duplicate,TRUE
IC04FIML.lpd,environmentInterpretation2_interpretationApplies,NA,duplicate,TRUE
IC05ISAU.lpd,environmentInterpretation1_variable,precipitationIsotope,duplicate,TRUE
IC05ISAU.lpd,environmentInterpretation1_direction,positive,duplicate,TRUE
IC05ISAU.lpd,environmentInterpretation1_seasonality,Annual,duplicate,TRUE
IC05ISAU.lpd,environmentInterpretation1_interpretationApplies,NA,duplicate,TRUE
IC05ISAU.lpd,environmentInterpretation2_interpretationApplies,NA,duplicate,TRUE
IC06KAS1.lpd,environmentInterpretation1_variable,precipitationIsotope,duplicate,TRUE
IC06KAS1.lpd,environmentInterpretation1_direction,positive,duplicate,TRUE
IC06KAS1.lpd,environmentInterpretation1_seasonality,Annual,duplicate,TRUE
IC06KAS1.lpd,environmentInterpretation1_interpretationApplies,NA,duplicate,TRUE
IC06KAS1.lpd,environmentInterpretation2_interpretationApplies,NA,duplicate,TRUE
IC06THDD.lpd,environmentInterpretation1_variable,precipitationIsotope,duplicate,TRUE
IC06THDD.lpd,environmentInterpretation1_direction,positive,duplicate,TRUE
IC06THDD.lpd,environmentInterpretation1_seasonality,Annual,duplicate,TRUE
IC06THDD.lpd,environmentInterpretation1_interpretationApplies,NA,duplicate,TRUE
IC06THDD.lpd,environmentInterpretation2_interpretationApplies,NA,duplicate,TRUE
IC06THPR.lpd,environmentInterpretation1_variable,precipitationIsotope,duplicate,TRUE
IC06THPR.lpd,environmentInterpretation1_direction,positive,duplicate,TRUE
IC06THPR.lpd,environmentInterpretation1_seasonality,Annual,duplicate,TRUE
IC06THPR.lpd,environmentInterpretation1_interpretationApplies,NA,duplicate,TRUE
IC06THPR.lpd,environmentInterpretation2_interpretationApplies,NA,duplicate,TRUE
IC06VID3.lpd,environmentInterpretation1_variable,precipitationIsotope,duplicate,TRUE
IC06VID3.lpd,environmentInterpretation1_direction,positive,duplicate,TRUE
IC06VID3.lpd,environmentInterpretation1_seasonality,Annual,duplicate,TRUE
IC06VID3.lpd,environmentInterpretation1_interpretationApplies,NA,duplicate,TRUE
IC06VID3.lpd,environmentInterpretation2_interpretationApplies,NA,duplicate,TRUE
IC06VIGR.lpd,environmentInterpretation1_variable,precipitationIsotope,duplicate,TRUE
IC06VIGR.lpd,environmentInterpretation1_direction,positive,duplicate,TRUE
IC06VIGR.lpd,environmentInterpretation1_seasonality,Annual,duplicate,TRUE
IC06VIGR.lpd,environmentInterpretation1_interpretationApplies,NA,duplicate,TRUE
IC06VIGR.lpd,environmentInterpretation2_interpretationApplies,NA,duplicate,TRUE
IC06VING.lpd,environmentInterpretation1_variable,precipitationIsotope,duplicate,TRUE
IC06VING.lpd,environmentInterpretation1_direction,positive,duplicate,TRUE
IC06VING.lpd,environmentInterpretation1_seasonality,Annual,duplicate,TRUE
IC06VING.lpd,environmentInterpretation1_interpretationApplies,NA,duplicate,TRUE
IC06VING.lpd,environmentInterpretation2_interpretationApplies,NA,duplicate,TRUE
IC06WAML.lpd,environmentInterpretation1_variable,precipitationIsotope,duplicate,TRUE
IC06WAML.lpd,environmentInterpretation1_direction,positive,duplicate,TRUE
IC06WAML.lpd,environmentInterpretation1_seasonality,Annual,duplicate,TRUE
IC06WAML.lpd,environmentInterpretation1_interpretationApplies,NA,duplicate,TRUE
IC06WAML.lpd,environmentInterpretation2_interpretationApplies,NA,duplicate,TRUE
IC07KADF.lpd,environmentInterpretation1_variable,precipitationIsotope,duplicate,TRUE
IC07KADF.lpd,environmentInterpretation1_direction,positive,duplicate,TRUE
IC07KADF.lpd,environmentInterpretation1_seasonality,Annual,duplicate,TRUE
IC07KADF.lpd,environmentInterpretation1_interpretationApplies,NA,duplicate,TRUE
IC07KADF.lpd,environmentInterpretation2_interpretationApplies,NA,duplicate,TRUE
IC07KARB.lpd,environmentInterpretation1_variable,precipitationIsotope,duplicate,TRUE
IC07KARB.lpd,environmentInterpretation1_direction,positive,duplicate,TRUE
IC07KARB.lpd,environmentInterpretation1_seasonality,Annual,duplicate,TRUE
IC07KARB.lpd,environmentInterpretation1_interpretationApplies,NA,duplicate,TRUE
IC07KARB.lpd,environmentInterpretation2_interpretationApplies,NA,duplicate,TRUE
IC08DILO.lpd,environmentInterpretation1_variable,precipitationIsotope,duplicate,TRUE
IC08DILO.lpd,environmentInterpretation1_direction,positive,duplicate,TRUE
IC08DILO.lpd,environmentInterpretation1_seasonality,Annual,duplicate,TRUE
IC08DILO.lpd,environmentInterpretation1_interpretationApplies,NA,duplicate,TRUE
IC08DILO.lpd,environmentInterpretation2_interpretationApplies,NA,duplicate,TRUE
IC08HODF.lpd,environmentInterpretation1_variable,precipitationIsotope,duplicate,TRUE
IC08HODF.lpd,environmentInterpretation1_direction,positive,duplicate,TRUE
IC08HODF.lpd,environmentInterpretation1_seasonality,Annual,duplicate,TRUE
IC08HODF.lpd,environmentInterpretation1_interpretationApplies,NA,duplicate,TRUE
IC08HODF.lpd,environmentInterpretation2_interpretationApplies,NA,duplicate,TRUE
IC08THGZ.lpd,environmentInterpretation1_variable,precipitationIsotope,duplicate,TRUE
IC08THGZ.lpd,environmentInterpretation1_direction,positive,duplicate,TRUE
IC08THGZ.lpd,environmentInterpretation1_seasonality,Annual,duplicate,TRUE
IC08THGZ.lpd,environmentInterpretation1_interpretationApplies,NA,duplicate,TRUE
IC08THGZ.lpd,environmentInterpretation2_interpretationApplies,NA,duplicate,TRUE
IC08VI77.lpd,environmentInterpretation1_variable,precipitationIsotope,duplicate,TRUE
IC08VI77.lpd,environmentInterpretation1_direction,positive,duplicate,TRUE
IC08VI77.lpd,environmentInterpretation1_seasonality,Annual,duplicate,TRUE
IC08VI77.lpd,environmentInterpretation1_interpretationApplies,NA,duplicate,TRUE
IC08VI77.lpd,environmentInterpretation2_interpretationApplies,NA,duplicate,TRUE
IC08VI79.lpd,environmentInterpretation1_variable,precipitationIsotope,duplicate,TRUE
IC08VI79.lpd,environmentInterpretation1_direction,positive,duplicate,TRUE
IC08VI79.lpd,environmentInterpretation1_seasonality,Annual,duplicate,TRUE
IC08VI79.lpd,environmentInterpretation1_interpretationApplies,NA,duplicate,TRUE
IC08VI79.lpd,environmentInterpretation2_interpretationApplies,NA,duplicate,TRUE
IC08VI84.lpd,environmentInterpretation1_variable,precipitationIsotope,duplicate,TRUE
IC08VI84.lpd,environmentInterpretation1_direction,positive,duplicate,TRUE
IC08VI84.lpd,environmentInterpretation1_seasonality,Annual,duplicate,TRUE
IC08VI84.lpd,environmentInterpretation1_interpretationApplies,NA,duplicate,TRUE
IC08VI84.lpd,environmentInterpretation2_interpretationApplies,NA,duplicate,TRUE
IC08VI87.lpd,environmentInterpretation1_variable,precipitationIsotope,duplicate,TRUE
IC08VI87.lpd,environmentInterpretation1_direction,positive,duplicate,TRUE
IC08VI87.lpd,environmentInterpretation1_seasonality,Annual,duplicate,TRUE
IC08VI87.lpd,environmentInterpretation1_interpretationApplies,NA,duplicate,TRUE
IC08VI87.lpd,environmentInterpretation2_interpretationApplies,NA,duplicate,TRUE
IC08VIRE.lpd,environmentInterpretation1_variable,precipitationIsotope,duplicate,TRUE
IC08VIRE.lpd,environmentInterpretation1_direction,positive,duplicate,TRUE
IC08VIRE.lpd,environmentInterpretation1_seasonality,Annual,duplicate,TRUE
IC08VIRE.lpd,environmentInterpretation1_interpretationApplies,NA,duplicate,TRUE
IC08VIRE.lpd,environmentInterpretation2_interpretationApplies,NA,duplicate,TRUE
IC08VISV.lpd,environmentInterpretation1_variable,precipitationIsotope,duplicate,TRUE
IC08VISV.lpd,environmentInterpretation1_direction,positive,duplicate,TRUE
IC08VISV.lpd,environmentInterpretation1_seasonality,Annual,duplicate,TRUE
IC08VISV.lpd,environmentInterpretation1_interpretationApplies,NA,duplicate,TRUE
IC08VISV.lpd,environmentInterpretation2_interpretationApplies,NA,duplicate,TRUE
IC09EIBE.lpd,environmentInterpretation1_variable,precipitationIsotope,duplicate,TRUE
IC09EIBE.lpd,environmentInterpretation1_direction,positive,duplicate,TRUE
IC09EIBE.lpd,environmentInterpretation1_seasonality,Annual,duplicate,TRUE
IC09EIBE.lpd,environmentInterpretation1_interpretationApplies,NA,duplicate,TRUE
IC09EIBE.lpd,environmentInterpretation2_interpretationApplies,NA,duplicate,TRUE
IC09KA79.lpd,environmentInterpretation1_variable,precipitationIsotope,duplicate,TRUE
IC09KA79.lpd,environmentInterpretation1_direction,positive,duplicate,TRUE
IC09KA79.lpd,environmentInterpretation1_seasonality,Annual,duplicate,TRUE
IC09KA79.lpd,environmentInterpretation1_interpretationApplies,NA,duplicate,TRUE
IC09KA79.lpd,environmentInterpretation2_interpretationApplies,NA,duplicate,TRUE
IC09KAD3.lpd,environmentInterpretation1_variable,precipitationIsotope,duplicate,TRUE
IC09KAD3.lpd,environmentInterpretation1_direction,positive,duplicate,TRUE
IC09KAD3.lpd,environmentInterpretation1_seasonality,Annual,duplicate,TRUE
IC09KAD3.lpd,environmentInterpretation1_interpretationApplies,NA,duplicate,TRUE
IC09KAD3.lpd,environmentInterpretation2_interpretationApplies,NA,duplicate,TRUE
IC09KANG.lpd,environmentInterpretation1_variable,precipitationIsotope,duplicate,TRUE
IC09KANG.lpd,environmentInterpretation1_direction,positive,duplicate,TRUE
IC09KANG.lpd,environmentInterpretation1_seasonality,Annual,duplicate,TRUE
IC09KANG.lpd,environmentInterpretation1_interpretationApplies,NA,duplicate,TRUE
IC09KANG.lpd,environmentInterpretation2_interpretationApplies,NA,duplicate,TRUE
IC09OPAN.lpd,environmentInterpretation1_variable,precipitationIsotope,duplicate,TRUE
IC09OPAN.lpd,environmentInterpretation1_direction,positive,duplicate,TRUE
IC09OPAN.lpd,environmentInterpretation1_seasonality,Annual,duplicate,TRUE
IC09OPAN.lpd,environmentInterpretation1_interpretationApplies,NA,duplicate,TRUE
IC09OPAN.lpd,environmentInterpretation2_interpretationApplies,NA,duplicate,TRUE
IC09VIA8.lpd,environmentInterpretation1_variable,precipitationIsotope,duplicate,TRUE
IC09VIA8.lpd,environmentInterpretation1_direction,positive,duplicate,TRUE
IC09VIA8.lpd,environmentInterpretation1_seasonality,Annual,duplicate,TRUE
IC09VIA8.lpd,environmentInterpretation1_interpretationApplies,NA,duplicate,TRUE
IC09VIA8.lpd,environmentInterpretation2_interpretationApplies,NA,duplicate,TRUE
IC09VICC.lpd,environmentInterpretation1_variable,precipitationIsotope,duplicate,TRUE
IC09VICC.lpd,environmentInterpretation1_direction,positive,duplicate,TRUE
IC09VICC.lpd,environmentInterpretation1_seasonality,Annual,duplicate,TRUE
IC09VICC.lpd,environmentInterpretation1_interpretationApplies,NA,duplicate,TRUE
IC09VICC.lpd,environmentInterpretation2_interpretationApplies,NA,duplicate,TRUE
IC09VIRE.lpd,environmentInterpretation1_variable,precipitationIsotope,duplicate,TRUE
IC09VIRE.lpd,environmentInterpretation1_direction,positive,duplicate,TRUE
IC09VIRE.lpd,environmentInterpretation1_seasonality,Annual,duplicate,TRUE
IC09VIRE.lpd,environmentInterpretation1_interpretationApplies,NA,duplicate,TRUE
IC09VIRE.lpd,environmentInterpretation2_interpretationApplies,NA,duplicate,TRUE
IC10NAB5.lpd,environmentInterpretation1_variable,precipitationIsotope,duplicate,TRUE
IC10NAB5.lpd,environmentInterpretation1_direction,positive,duplicate,TRUE
IC10NAB5.lpd,environmentInterpretation1_seasonality,Annual,duplicate,TRUE
IC10NAB5.lpd,environmentInterpretation1_interpretationApplies,NA,duplicate,TRUE
IC10NAB5.lpd,environmentInterpretation2_interpretationApplies,NA,duplicate,TRUE
IC10VICR.lpd,environmentInterpretation1_variable,precipitationIsotope,duplicate,TRUE
IC10VICR.lpd,environmentInterpretation1_direction,positive,duplicate,TRUE
IC10VICR.lpd,environmentInterpretation1_seasonality,Annual,duplicate,TRUE
IC10VICR.lpd,environmentInterpretation1_interpretationApplies,NA,duplicate,TRUE
IC10VICR.lpd,environmentInterpretation2_interpretationApplies,NA,duplicate,TRUE
IC10VID3.lpd,environmentInterpretation1_interpretationApplies,NA,duplicate,TRUE
IC10VID3.lpd,environmentInterpretation2_interpretationApplies,NA,duplicate,TRUE
IC10VIGI.lpd,environmentInterpretation1_variable,precipitationIsotope,duplicate,TRUE
IC10VIGI.lpd,environmentInterpretation1_direction,positive,duplicate,TRUE
IC10VIGI.lpd,environmentInterpretation1_seasonality,Dec-Feb,duplicate,TRUE
IC10VIGI.lpd,environmentInterpretation1_interpretationApplies,NA,duplicate,TRUE
IC10VIGI.lpd,environmentInterpretation2_interpretationApplies,NA,duplicate,TRUE
IC10VIGR.lpd,environmentInterpretation1_variable,precipitationIsotope,duplicate,TRUE
IC10VIGR.lpd,environmentInterpretation1_direction,positive,duplicate,TRUE
IC10VIGR.lpd,environmentInterpretation1_seasonality,Dec-Feb,duplicate,TRUE
IC10VIGR.lpd,environmentInterpretation1_interpretationApplies,NA,duplicate,TRUE
IC10VIGR.lpd,environmentInterpretation2_interpretationApplies,NA,duplicate,TRUE
IC10VIMI.lpd,environmentInterpretation1_variable,precipitationIsotope,duplicate,TRUE
IC10VIMI.lpd,environmentInterpretation1_direction,positive,duplicate,TRUE
IC10VIMI.lpd,environmentInterpretation1_seasonality,Dec-Feb,duplicate,TRUE
IC10VIMI.lpd,environmentInterpretation1_interpretationApplies,NA,duplicate,TRUE
IC10VIMI.lpd,environmentInterpretation2_interpretationApplies,NA,duplicate,TRUE
IC10VIP1.lpd,environmentInterpretation1_variable,precipitationIsotope,duplicate,TRUE
IC10VIP1.lpd,environmentInterpretation1_direction,positive,duplicate,TRUE
IC10VIP1.lpd,environmentInterpretation1_seasonality,Winter,duplicate,TRUE
IC10VIP1.lpd,environmentInterpretation1_interpretationApplies,NA,duplicate,TRUE
IC10VIP1.lpd,environmentInterpretation2_interpretationApplies,NA,duplicate,TRUE
IC10VIP2.lpd,environmentInterpretation1_variable,precipitationIsotope,duplicate,TRUE
IC10VIP2.lpd,environmentInterpretation1_direction,positive,duplicate,TRUE
IC10VIP2.lpd,environmentInterpretation1_seasonality,Winter,duplicate,TRUE
IC10VIP2.lpd,environmentInterpretation1_interpretationApplies,NA,duplicate,TRUE
IC10VIP2.lpd,environmentInterpretation2_interpretationApplies,NA,duplicate,TRUE
IC10VIP3.lpd,environmentInterpretation1_variable,precipitationIsotope,duplicate,TRUE
IC10VIP3.lpd,environmentInterpretation1_direction,positive,duplicate,TRUE
IC10VIP3.lpd,environmentInterpretation1_seasonality,Winter,duplicate,TRUE
IC10VIP3.lpd,environmentInterpretation1_interpretationApplies,NA,duplicate,TRUE
IC10VIP3.lpd,environmentInterpretation2_interpretationApplies,NA,duplicate,TRUE
IC10VIRE.lpd,environmentInterpretation1_variable,precipitationIsotope,duplicate,TRUE
IC10VIRE.lpd,environmentInterpretation1_direction,positive,duplicate,TRUE
IC10VIRE.lpd,environmentInterpretation1_seasonality,Dec-Feb,duplicate,TRUE
IC10VIRE.lpd,environmentInterpretation1_interpretationApplies,NA,duplicate,TRUE
IC10VIRE.lpd,environmentInterpretation2_interpretationApplies,NA,duplicate,TRUE
IC10VISA.lpd,environmentInterpretation1_variable,precipitationIsotope,duplicate,TRUE
IC10VISA.lpd,environmentInterpretation1_direction,positive,duplicate,TRUE
IC10VISA.lpd,environmentInterpretation1_seasonality,Dec-Feb,duplicate,TRUE
IC10VISA.lpd,environmentInterpretation1_interpretationApplies,NA,duplicate,TRUE
IC10VISA.lpd,environmentInterpretation2_interpretationApplies,NA,duplicate,TRUE
IC10VISD.lpd,environmentInterpretation1_variable,precipitationIsotope,duplicate,TRUE
IC10VISD.lpd,environmentInterpretation1_direction,positive,duplicate,TRUE
IC10VISD.lpd,environmentInterpretation1_seasonality,Dec-Feb,duplicate,TRUE
IC10VISD.lpd,environmentInterpretation1_interpretationApplies,NA,duplicate,TRUE
IC10VISD.lpd,environmentInterpretation2_interpretationApplies,NA,duplicate,TRUE
IC10VISE.lpd,environmentInterpretation1_variable,precipitationIsotope,duplicate,TRUE
IC10VISE.lpd,environmentInterpretation1_direction,positive,duplicate,TRUE
IC10VISE.lpd,environmentInterpretation1_seasonality,Dec-Feb,duplicate,TRUE
IC10VISE.lpd,environmentInterpretation1_interpretationApplies,NA,duplicate,TRUE
IC10VISE.lpd,environmentInterpretation2_interpretationApplies,NA,duplicate,TRUE
IC10VISG.lpd,environmentInterpretation1_variable,precipitationIsotope,duplicate,TRUE
IC10VISG.lpd,environmentInterpretation1_direction,positive,duplicate,TRUE
IC10VISG.lpd,environmentInterpretation1_seasonality,Dec-Feb,duplicate,TRUE
IC10VISG.lpd,environmentInterpretation1_interpretationApplies,NA,duplicate,TRUE
IC10VISG.lpd,environmentInterpretation2_interpretationApplies,NA,duplicate,TRUE
IC11BEVL.lpd,environmentInterpretation1_variable,precipitationIsotope,duplicate,TRUE
IC11BEVL.lpd,environmentInterpretation1_direction,positive,duplicate,TRUE
IC11BEVL.lpd,environmentInterpretation1_seasonality,Annual,duplicate,TRUE
IC11BEVL.lpd,environmentInterpretation1_interpretationApplies,NA,duplicate,TRUE
IC11BEVL.lpd,environmentInterpretation2_interpretationApplies,NA,duplicate,TRUE
IC11DILO.lpd,environmentInterpretation1_variable,precipitationIsotope,duplicate,TRUE
IC11DILO.lpd,environmentInterpretation1_direction,positive,duplicate,TRUE
IC11DILO.lpd,environmentInterpretation1_seasonality,Annual,duplicate,TRUE
IC11DILO.lpd,environmentInterpretation1_interpretationApplies,NA,duplicate,TRUE
IC11DILO.lpd,environmentInterpretation2_interpretationApplies,NA,duplicate,TRUE
IC11KIPW.lpd,environmentInterpretation1_variable,precipitationIsotope,duplicate,TRUE
IC11KIPW.lpd,environmentInterpretation1_direction,positive,duplicate,TRUE
IC11KIPW.lpd,environmentInterpretation1_seasonality,Annual,duplicate,TRUE
IC11KIPW.lpd,environmentInterpretation1_interpretationApplies,NA,duplicate,TRUE
IC11KIPW.lpd,environmentInterpretation2_interpretationApplies,NA,duplicate,TRUE
IC11LAB4.lpd,environmentInterpretation1_variable,precipitationIsotope,duplicate,TRUE
IC11LAB4.lpd,environmentInterpretation1_direction,positive,duplicate,TRUE
IC11LAB4.lpd,environmentInterpretation1_seasonality,Annual,duplicate,TRUE
IC11LAB4.lpd,environmentInterpretation1_interpretationApplies,NA,duplicate,TRUE
IC11LAB4.lpd,environmentInterpretation2_interpretationApplies,NA,duplicate,TRUE
IC11LIMI.lpd,environmentInterpretation1_variable,precipitationIsotope,duplicate,TRUE
IC11LIMI.lpd,environmentInterpretation1_direction,positive,duplicate,TRUE
IC11LIMI.lpd,environmentInterpretation1_seasonality,Annual,duplicate,TRUE
IC11LIMI.lpd,environmentInterpretation1_interpretationApplies,NA,duplicate,TRUE
IC11LIMI.lpd,environmentInterpretation2_interpretationApplies,NA,duplicate,TRUE
IC11STTA.lpd,environmentInterpretation1_variable,precipitationIsotope,duplicate,TRUE
IC11STTA.lpd,environmentInterpretation1_direction,positive,duplicate,TRUE
IC11STTA.lpd,environmentInterpretation1_seasonality,Annual,duplicate,TRUE
IC11STTA.lpd,environmentInterpretation1_interpretationApplies,NA,duplicate,TRUE
IC11STTA.lpd,environmentInterpretation2_interpretationApplies,NA,duplicate,TRUE
IC12MUJR.lpd,environmentInterpretation1_variable,precipitationIsotope,duplicate,TRUE
IC12MUJR.lpd,environmentInterpretation1_direction,positive,duplicate,TRUE
IC12MUJR.lpd,environmentInterpretation1_seasonality,Annual,duplicate,TRUE
IC12MUJR.lpd,environmentInterpretation1_interpretationApplies,NA,duplicate,TRUE
IC12MUJR.lpd,environmentInterpretation2_interpretationApplies,NA,duplicate,TRUE
IC12RHME.lpd,environmentInterpretation1_variable,precipitationIsotope,duplicate,TRUE
IC12RHME.lpd,environmentInterpretation1_direction,positive,duplicate,TRUE
IC12RHME.lpd,environmentInterpretation1_seasonality,Annual,duplicate,TRUE
IC12RHME.lpd,environmentInterpretation1_interpretationApplies,NA,duplicate,TRUE
IC12RHME.lpd,environmentInterpretation2_interpretationApplies,NA,duplicate,TRUE
IC12SIWG.lpd,environmentInterpretation1_variable,precipitationIsotope,duplicate,TRUE
IC12SIWG.lpd,environmentInterpretation1_direction,positive,duplicate,TRUE
IC12SIWG.lpd,environmentInterpretation1_seasonality,Annual,duplicate,TRUE
IC12SIWG.lpd,environmentInterpretation1_interpretationApplies,NA,duplicate,TRUE
IC12SIWG.lpd,environmentInterpretation2_interpretationApplies,NA,duplicate,TRUE
IC12WACD.lpd,environmentInterpretation1_variable,precipitationIsotope,duplicate,TRUE
IC12WACD.lpd,environmentInterpretation1_direction,positive,duplicate,TRUE
IC12WACD.lpd,environmentInterpretation1_seasonality,Annual,duplicate,TRUE
IC12WACD.lpd,environmentInterpretation1_interpretationApplies,NA,duplicate,TRUE
IC12WACD.lpd,environmentInterpretation2_interpretationApplies,NA,duplicate,TRUE
IC13BOCG.lpd,environmentInterpretation1_variable,precipitationIsotope,duplicate,TRUE
IC13BOCG.lpd,environmentInterpretation1_direction,positive,duplicate,TRUE
IC13BOCG.lpd,environmentInterpretation1_seasonality,Annual,duplicate,TRUE
IC13BOCG.lpd,environmentInterpretation1_interpretationApplies,NA,duplicate,TRUE
IC13BOCG.lpd,environmentInterpretation2_interpretationApplies,NA,duplicate,TRUE
IC13OPAN.lpd,environmentInterpretation1_variable,precipitationIsotope,duplicate,TRUE
IC13OPAN.lpd,environmentInterpretation1_direction,positive,duplicate,TRUE
IC13OPAN.lpd,environmentInterpretation1_seasonality,Annual,duplicate,TRUE
IC13OPAN.lpd,environmentInterpretation1_interpretationApplies,NA,duplicate,TRUE
IC13OPAN.lpd,environmentInterpretation2_interpretationApplies,NA,duplicate,TRUE
IC13PALD.lpd,environmentInterpretation1_variable,precipitationIsotope,duplicate,TRUE
IC13PALD.lpd,environmentInterpretation1_direction,positive,duplicate,TRUE
IC13PALD.lpd,environmentInterpretation1_seasonality,Annual,duplicate,TRUE
IC13PALD.lpd,environmentInterpretation1_interpretationApplies,NA,duplicate,TRUE
IC13PALD.lpd,environmentInterpretation2_interpretationApplies,NA,duplicate,TRUE
IC13ST01.lpd,environmentInterpretation1_variable,precipitationIsotope,duplicate,TRUE
IC13ST01.lpd,environmentInterpretation1_direction,positive,duplicate,TRUE
IC13ST01.lpd,environmentInterpretation1_seasonality,Annual,duplicate,TRUE
IC13ST01.lpd,environmentInterpretation1_interpretationApplies,NA,duplicate,TRUE
IC13ST01.lpd,environmentInterpretation2_interpretationApplies,NA,duplicate,TRUE
IC13ST03.lpd,environmentInterpretation1_variable,precipitationIsotope,duplicate,TRUE
IC13ST03.lpd,environmentInterpretation1_direction,positive,duplicate,TRUE
IC13ST03.lpd,environmentInterpretation1_seasonality,Annual,duplicate,TRUE
IC13ST03.lpd,environmentInterpretation1_interpretationApplies,NA,duplicate,TRUE
IC13ST03.lpd,environmentInterpretation2_interpretationApplies,NA,duplicate,TRUE
IC13ST04.lpd,environmentInterpretation1_variable,precipitationIsotope,duplicate,TRUE
IC13ST04.lpd,environmentInterpretation1_direction,positive,duplicate,TRUE
IC13ST04.lpd,environmentInterpretation1_seasonality,Annual,duplicate,TRUE
IC13ST04.lpd,environmentInterpretation1_interpretationApplies,NA,duplicate,TRUE
IC13ST04.lpd,environmentInterpretation2_interpretationApplies,NA,duplicate,TRUE
IC13ST05.lpd,environmentInterpretation1_variable,precipitationIsotope,duplicate,TRUE
IC13ST05.lpd,environmentInterpretation1_direction,positive,duplicate,TRUE
IC13ST05.lpd,environmentInterpretation1_seasonality,Annual,duplicate,TRUE
IC13ST05.lpd,environmentInterpretation1_interpretationApplies,NA,duplicate,TRUE
IC13ST05.lpd,environmentInterpretation2_interpretationApplies,NA,duplicate,TRUE
IC13ST06.lpd,environmentInterpretation1_variable,precipitationIsotope,duplicate,TRUE
IC13ST06.lpd,environmentInterpretation1_direction,positive,duplicate,TRUE
IC13ST06.lpd,environmentInterpretation1_seasonality,Annual,duplicate,TRUE
IC13ST06.lpd,environmentInterpretation1_interpretationApplies,NA,duplicate,TRUE
IC13ST06.lpd,environmentInterpretation2_interpretationApplies,NA,duplicate,TRUE
IC13ST12.lpd,environmentInterpretation1_variable,precipitationIsotope,duplicate,TRUE
IC13ST12.lpd,environmentInterpretation1_direction,positive,duplicate,TRUE
IC13ST12.lpd,environmentInterpretation1_seasonality,Annual,duplicate,TRUE
IC13ST12.lpd,environmentInterpretation1_interpretationApplies,NA,duplicate,TRUE
IC13ST12.lpd,environmentInterpretation2_interpretationApplies,NA,duplicate,TRUE
IC13ST13.lpd,environmentInterpretation1_variable,precipitationIsotope,duplicate,TRUE
IC13ST13.lpd,environmentInterpretation1_direction,positive,duplicate,TRUE
IC13ST13.lpd,environmentInterpretation1_seasonality,Annual,duplicate,TRUE
IC13ST13.lpd,environmentInterpretation1_interpretationApplies,NA,duplicate,TRUE
IC13ST13.lpd,environmentInterpretation2_interpretationApplies,NA,duplicate,TRUE
IC13ST15.lpd,environmentInterpretation1_variable,precipitationIsotope,duplicate,TRUE
IC13ST15.lpd,environmentInterpretation1_direction,positive,duplicate,TRUE
IC13ST15.lpd,environmentInterpretation1_seasonality,Annual,duplicate,TRUE
IC13ST15.lpd,environmentInterpretation1_interpretationApplies,NA,duplicate,TRUE
IC13ST15.lpd,environmentInterpretation2_interpretationApplies,NA,duplicate,TRUE
IC13ST21.lpd,environmentInterpretation1_variable,precipitationIsotope,duplicate,TRUE
IC13ST21.lpd,environmentInterpretation1_direction,positive,duplicate,TRUE
IC13ST21.lpd,environmentInterpretation1_seasonality,Annual,duplicate,TRUE
IC13ST21.lpd,environmentInterpretation1_interpretationApplies,NA,duplicate,TRUE
IC13ST21.lpd,environmentInterpretation2_interpretationApplies,NA,duplicate,TRUE
IC13ST22.lpd,environmentInterpretation1_variable,precipitationIsotope,duplicate,TRUE
IC13ST22.lpd,environmentInterpretation1_direction,positive,duplicate,TRUE
IC13ST22.lpd,environmentInterpretation1_seasonality,Annual,duplicate,TRUE
IC13ST22.lpd,environmentInterpretation1_interpretationApplies,NA,duplicate,TRUE
IC13ST22.lpd,environmentInterpretation2_interpretationApplies,NA,duplicate,TRUE
IC13ST24.lpd,environmentInterpretation1_variable,precipitationIsotope,duplicate,TRUE
IC13ST24.lpd,environmentInterpretation1_direction,positive,duplicate,TRUE
IC13ST24.lpd,environmentInterpretation1_seasonality,Annual,duplicate,TRUE
IC13ST24.lpd,environmentInterpretation1_interpretationApplies,NA,duplicate,TRUE
IC13ST24.lpd,environmentInterpretation2_interpretationApplies,NA,duplicate,TRUE
IC13ST91.lpd,environmentInterpretation1_variable,precipitationIsotope,duplicate,TRUE
IC13ST91.lpd,environmentInterpretation1_direction,positive,duplicate,TRUE
IC13ST91.lpd,environmentInterpretation1_seasonality,Annual,duplicate,TRUE
IC13ST91.lpd,environmentInterpretation1_interpretationApplies,NA,duplicate,TRUE
IC13ST91.lpd,environmentInterpretation2_interpretationApplies,NA,duplicate,TRUE
IC13STN7.lpd,environmentInterpretation1_variable,precipitationIsotope,duplicate,TRUE
IC13STN7.lpd,environmentInterpretation1_direction,positive,duplicate,TRUE
IC13STN7.lpd,environmentInterpretation1_seasonality,Annual,duplicate,TRUE
IC13STN7.lpd,environmentInterpretation1_interpretationApplies,NA,duplicate,TRUE
IC13STN7.lpd,environmentInterpretation2_interpretationApplies,NA,duplicate,TRUE
IC13STN8.lpd,environmentInterpretation1_variable,precipitationIsotope,duplicate,TRUE
IC13STN8.lpd,environmentInterpretation1_direction,positive,duplicate,TRUE
IC13STN8.lpd,environmentInterpretation1_seasonality,Annual,duplicate,TRUE
IC13STN8.lpd,environmentInterpretation1_interpretationApplies,NA,duplicate,TRUE
IC13STN8.lpd,environmentInterpretation2_interpretationApplies,NA,duplicate,TRUE
IC13STSP.lpd,environmentInterpretation1_variable,precipitationIsotope,duplicate,TRUE
IC13STSP.lpd,environmentInterpretation1_direction,positive,duplicate,TRUE
IC13STSP.lpd,environmentInterpretation1_seasonality,Annual,duplicate,TRUE
IC13STSP.lpd,environmentInterpretation1_interpretationApplies,NA,duplicate,TRUE
IC13STSP.lpd,environmentInterpretation2_interpretationApplies,NA,duplicate,TRUE
IC13STWD.lpd,environmentInterpretation1_variable,precipitationIsotope,duplicate,TRUE
IC13STWD.lpd,environmentInterpretation1_direction,positive,duplicate,TRUE
IC13STWD.lpd,environmentInterpretation1_seasonality,Annual,duplicate,TRUE
IC13STWD.lpd,environmentInterpretation1_interpretationApplies,NA,duplicate,TRUE
IC13STWD.lpd,environmentInterpretation2_interpretationApplies,NA,duplicate,TRUE
IC13THFE.lpd,environmentInterpretation1_variable,precipitationIsotope,duplicate,TRUE
IC13THFE.lpd,environmentInterpretation1_direction,positive,duplicate,TRUE
IC13THFE.lpd,environmentInterpretation1_seasonality,Annual,duplicate,TRUE
IC13THFE.lpd,environmentInterpretation1_interpretationApplies,NA,duplicate,TRUE
IC13THFE.lpd,environmentInterpretation2_interpretationApplies,NA,duplicate,TRUE
IC13THQU.lpd,environmentInterpretation1_variable,precipitationIsotope,duplicate,TRUE
IC13THQU.lpd,environmentInterpretation1_direction,positive,duplicate,TRUE
IC13THQU.lpd,environmentInterpretation1_seasonality,Dec-Feb,duplicate,TRUE
IC13THQU.lpd,environmentInterpretation1_interpretationApplies,NA,duplicate,TRUE
IC13THQU.lpd,environmentInterpretation2_interpretationApplies,NA,duplicate,TRUE
IC14EKVK.lpd,environmentInterpretation1_variable,precipitationIsotope,duplicate,TRUE
IC14EKVK.lpd,environmentInterpretation1_direction,positive,duplicate,TRUE
IC14EKVK.lpd,environmentInterpretation1_seasonality,Annual,duplicate,TRUE
IC14EKVK.lpd,environmentInterpretation1_interpretationApplies,NA,duplicate,TRUE
IC14EKVK.lpd,environmentInterpretation2_interpretationApplies,NA,duplicate,TRUE
IC14MAFH.lpd,environmentInterpretation1_variable,precipitationIsotope,duplicate,TRUE
IC14MAFH.lpd,environmentInterpretation1_direction,positive,duplicate,TRUE
IC14MAFH.lpd,environmentInterpretation1_seasonality,Annual,duplicate,TRUE
IC14MAFH.lpd,environmentInterpretation1_interpretationApplies,NA,duplicate,TRUE
IC14MAFH.lpd,environmentInterpretation2_interpretationApplies,NA,duplicate,TRUE
IC14VL1K.lpd,environmentInterpretation1_variable,precipitationIsotope,duplicate,TRUE
IC14VL1K.lpd,environmentInterpretation1_direction,positive,duplicate,TRUE
IC14VL1K.lpd,environmentInterpretation1_seasonality,Annual,duplicate,TRUE
IC14VL1K.lpd,environmentInterpretation1_interpretationApplies,NA,duplicate,TRUE
IC14VL1K.lpd,environmentInterpretation2_interpretationApplies,NA,duplicate,TRUE
IC15GANK.lpd,environmentInterpretation1_variable,precipitationIsotope,duplicate,TRUE
IC15GANK.lpd,environmentInterpretation1_direction,positive,duplicate,TRUE
IC15GANK.lpd,environmentInterpretation1_seasonality,Annual,duplicate,TRUE
IC15GANK.lpd,environmentInterpretation1_interpretationApplies,NA,duplicate,TRUE
IC15GANK.lpd,environmentInterpretation2_interpretationApplies,NA,duplicate,TRUE
IC15MANE.lpd,environmentInterpretation1_variable,precipitationIsotope,duplicate,TRUE
IC15MANE.lpd,environmentInterpretation1_direction,positive,duplicate,TRUE
IC15MANE.lpd,environmentInterpretation1_seasonality,Annual,duplicate,TRUE
IC15MANE.lpd,environmentInterpretation1_interpretationApplies,NA,duplicate,TRUE
IC15MANE.lpd,environmentInterpretation2_interpretationApplies,NA,duplicate,TRUE
IC16GOBP.lpd,environmentInterpretation1_variable,precipitationIsotope,duplicate,TRUE
IC16GOBP.lpd,environmentInterpretation1_direction,positive,duplicate,TRUE
IC16GOBP.lpd,environmentInterpretation1_seasonality,Annual,duplicate,TRUE
IC16GOBP.lpd,environmentInterpretation1_interpretationApplies,NA,duplicate,TRUE
IC16GOBP.lpd,environmentInterpretation2_interpretationApplies,NA,duplicate,TRUE
IC16WE17.lpd,environmentInterpretation1_variable,precipitationIsotope,duplicate,TRUE
IC16WE17.lpd,environmentInterpretation1_direction,positive,duplicate,TRUE
IC16WE17.lpd,environmentInterpretation1_seasonality,Annual,duplicate,TRUE
IC16WE17.lpd,environmentInterpretation1_interpretationApplies,NA,duplicate,TRUE
IC16WE17.lpd,environmentInterpretation2_interpretationApplies,NA,duplicate,TRUE
IC16WE19.lpd,environmentInterpretation1_variable,precipitationIsotope,duplicate,TRUE
IC16WE19.lpd,environmentInterpretation1_direction,positive,duplicate,TRUE
IC16WE19.lpd,environmentInterpretation1_seasonality,Annual,duplicate,TRUE
IC16WE19.lpd,environmentInterpretation1_interpretationApplies,NA,duplicate,TRUE
IC16WE19.lpd,environmentInterpretation2_interpretationApplies,NA,duplicate,TRUE
IC16WE20.lpd,environmentInterpretation1_variable,precipitationIsotope,duplicate,TRUE
IC16WE20.lpd,environmentInterpretation1_direction,positive,duplicate,TRUE
IC16WE20.lpd,environmentInterpretation1_seasonality,Annual,duplicate,TRUE
IC16WE20.lpd,environmentInterpretation1_interpretationApplies,NA,duplicate,TRUE
IC16WE20.lpd,environmentInterpretation2_interpretationApplies,NA,duplicate,TRUE
IC16WE22.lpd,environmentInterpretation1_variable,precipitationIsotope,duplicate,TRUE
IC16WE22.lpd,environmentInterpretation1_direction,positive,duplicate,TRUE
IC16WE22.lpd,environmentInterpretation1_seasonality,Annual,duplicate,TRUE
IC16WE22.lpd,environmentInterpretation1_interpretationApplies,NA,duplicate,TRUE
IC16WE22.lpd,environmentInterpretation2_interpretationApplies,NA,duplicate,TRUE
IC16WE23.lpd,environmentInterpretation1_variable,precipitationIsotope,duplicate,TRUE
IC16WE23.lpd,environmentInterpretation1_direction,positive,duplicate,TRUE
IC16WE23.lpd,environmentInterpretation1_seasonality,Annual,duplicate,TRUE
IC16WE23.lpd,environmentInterpretation1_interpretationApplies,NA,duplicate,TRUE
IC16WE23.lpd,environmentInterpretation2_interpretationApplies,NA,duplicate,TRUE
IC16WE27.lpd,environmentInterpretation1_variable,precipitationIsotope,duplicate,TRUE
IC16WE27.lpd,environmentInterpretation1_direction,positive,duplicate,TRUE
IC16WE27.lpd,environmentInterpretation1_seasonality,Annual,duplicate,TRUE
IC16WE27.lpd,environmentInterpretation1_interpretationApplies,NA,duplicate,TRUE
IC16WE27.lpd,environmentInterpretation2_interpretationApplies,NA,duplicate,TRUE
IC16WE28.lpd,environmentInterpretation1_variable,precipitationIsotope,duplicate,TRUE
IC16WE28.lpd,environmentInterpretation1_direction,positive,duplicate,TRUE
IC16WE28.lpd,environmentInterpretation1_seasonality,Annual,duplicate,TRUE
IC16WE28.lpd,environmentInterpretation1_interpretationApplies,NA,duplicate,TRUE
IC16WE28.lpd,environmentInterpretation2_interpretationApplies,NA,duplicate,TRUE
IC16WE30.lpd,environmentInterpretation1_variable,precipitationIsotope,duplicate,TRUE
IC16WE30.lpd,environmentInterpretation1_direction,positive,duplicate,TRUE
IC16WE30.lpd,environmentInterpretation1_seasonality,Annual,duplicate,TRUE
IC16WE30.lpd,environmentInterpretation1_interpretationApplies,NA,duplicate,TRUE
IC16WE30.lpd,environmentInterpretation2_interpretationApplies,NA,duplicate,TRUE
IC16WENG.lpd,environmentInterpretation1_variable,precipitationIsotope,duplicate,TRUE
IC16WENG.lpd,environmentInterpretation1_direction,positive,duplicate,TRUE
IC16WENG.lpd,environmentInterpretation1_seasonality,Annual,duplicate,TRUE
IC16WENG.lpd,environmentInterpretation1_interpretationApplies,NA,duplicate,TRUE
IC16WENG.lpd,environmentInterpretation2_interpretationApplies,NA,duplicate,TRUE
IC17BERI.lpd,environmentInterpretation1_variable,precipitationIsotope,duplicate,TRUE
IC17BERI.lpd,environmentInterpretation1_direction,positive,duplicate,TRUE
IC17BERI.lpd,environmentInterpretation1_seasonality,Annual,duplicate,TRUE
IC17BERI.lpd,environmentInterpretation1_interpretationApplies,NA,duplicate,TRUE
IC17BERI.lpd,environmentInterpretation2_interpretationApplies,NA,duplicate,TRUE
IC17EK4K.lpd,environmentInterpretation1_variable,precipitationIsotope,duplicate,TRUE
IC17EK4K.lpd,environmentInterpretation1_direction,positive,duplicate,TRUE
IC17EK4K.lpd,environmentInterpretation1_seasonality,Annual,duplicate,TRUE
IC17EK4K.lpd,environmentInterpretation1_interpretationApplies,NA,duplicate,TRUE
IC17EK4K.lpd,environmentInterpretation2_interpretationApplies,NA,duplicate,TRUE
IC17EKN1.lpd,environmentInterpretation1_variable,precipitationIsotope,duplicate,TRUE
IC17EKN1.lpd,environmentInterpretation1_direction,positive,duplicate,TRUE
IC17EKN1.lpd,environmentInterpretation1_seasonality,Annual,duplicate,TRUE
IC17EKN1.lpd,environmentInterpretation1_interpretationApplies,NA,duplicate,TRUE
IC17EKN1.lpd,environmentInterpretation2_interpretationApplies,NA,duplicate,TRUE
IC17EKN3.lpd,environmentInterpretation1_variable,precipitationIsotope,duplicate,TRUE
IC17EKN3.lpd,environmentInterpretation1_direction,positive,duplicate,TRUE
IC17EKN3.lpd,environmentInterpretation1_seasonality,Annual,duplicate,TRUE
IC17EKN3.lpd,environmentInterpretation1_interpretationApplies,NA,duplicate,TRUE
IC17EKN3.lpd,environmentInterpretation2_interpretationApplies,NA,duplicate,TRUE
IC17EKPV.lpd,environmentInterpretation1_variable,precipitationIsotope,duplicate,TRUE
IC17EKPV.lpd,environmentInterpretation1_direction,positive,duplicate,TRUE
IC17EKPV.lpd,environmentInterpretation1_seasonality,Annual,duplicate,TRUE
IC17EKPV.lpd,environmentInterpretation1_interpretationApplies,NA,duplicate,TRUE
IC17EKPV.lpd,environmentInterpretation2_interpretationApplies,NA,duplicate,TRUE
IC17KOEL.lpd,environmentInterpretation1_variable,precipitationIsotope,duplicate,TRUE
IC17KOEL.lpd,environmentInterpretation1_direction,positive,duplicate,TRUE
IC17KOEL.lpd,environmentInterpretation1_seasonality,Annual,duplicate,TRUE
IC17KOEL.lpd,environmentInterpretation1_interpretationApplies,NA,duplicate,TRUE
IC17KOEL.lpd,environmentInterpretation2_interpretationApplies,NA,duplicate,TRUE
IC76FIDE.lpd,environmentInterpretation1_variable,precipitationIsotope,duplicate,TRUE
IC76FIDE.lpd,environmentInterpretation1_direction,positive,duplicate,TRUE
IC76FIDE.lpd,environmentInterpretation1_seasonality,Annual,duplicate,TRUE
IC76FIDE.lpd,environmentInterpretation1_interpretationApplies,NA,duplicate,TRUE
IC76FIDE.lpd,environmentInterpretation2_interpretationApplies,NA,duplicate,TRUE
IC82STVE.lpd,environmentInterpretation1_variable,precipitationIsotope,duplicate,TRUE
IC82STVE.lpd,environmentInterpretation1_direction,positive,duplicate,TRUE
IC82STVE.lpd,environmentInterpretation1_seasonality,Annual,duplicate,TRUE
IC82STVE.lpd,environmentInterpretation1_interpretationApplies,NA,duplicate,TRUE
IC82STVE.lpd,environmentInterpretation2_interpretationApplies,NA,duplicate,TRUE
IC85LAD2.lpd,environmentInterpretation1_variable,precipitationIsotope,duplicate,TRUE
IC85LAD2.lpd,environmentInterpretation1_direction,positive,duplicate,TRUE
IC85LAD2.lpd,environmentInterpretation1_seasonality,Annual,duplicate,TRUE
IC85LAD2.lpd,environmentInterpretation1_interpretationApplies,NA,duplicate,TRUE
IC85LAD2.lpd,environmentInterpretation2_interpretationApplies,NA,duplicate,TRUE
IC92HOML.lpd,environmentInterpretation1_variable,precipitationIsotope,duplicate,TRUE
IC92HOML.lpd,environmentInterpretation1_direction,positive,duplicate,TRUE
IC92HOML.lpd,environmentInterpretation1_seasonality,Annual,duplicate,TRUE
IC92HOML.lpd,environmentInterpretation1_interpretationApplies,NA,duplicate,TRUE
IC92HOML.lpd,environmentInterpretation2_interpretationApplies,NA,duplicate,TRUE
IC93BAGI.lpd,environmentInterpretation1_variable,precipitationIsotope,duplicate,TRUE
IC93BAGI.lpd,environmentInterpretation1_direction,positive,duplicate,TRUE
IC93BAGI.lpd,environmentInterpretation1_seasonality,Annual,duplicate,TRUE
IC93BAGI.lpd,environmentInterpretation1_interpretationApplies,NA,duplicate,TRUE
IC93BAGI.lpd,environmentInterpretation2_interpretationApplies,NA,duplicate,TRUE
IC94THDP.lpd,environmentInterpretation1_variable,precipitationIsotope,duplicate,TRUE
IC94THDP.lpd,environmentInterpretation1_direction,positive,duplicate,TRUE
IC94THDP.lpd,environmentInterpretation1_seasonality,Annual,duplicate,TRUE
IC94THDP.lpd,environmentInterpretation1_interpretationApplies,NA,duplicate,TRUE
IC94THDP.lpd,environmentInterpretation2_interpretationApplies,NA,duplicate,TRUE
IC95FI87.lpd,environmentInterpretation1_variable,precipitationIsotope,duplicate,TRUE
IC95FI87.lpd,environmentInterpretation1_direction,positive,duplicate,TRUE
IC95FI87.lpd,environmentInterpretation1_seasonality,Annual,duplicate,TRUE
IC95FI87.lpd,environmentInterpretation1_interpretationApplies,NA,duplicate,TRUE
IC95FI87.lpd,environmentInterpretation2_interpretationApplies,NA,duplicate,TRUE
IC95THHU.lpd,environmentInterpretation1_variable,precipitationIsotope,duplicate,TRUE
IC95THHU.lpd,environmentInterpretation1_direction,positive,duplicate,TRUE
IC95THHU.lpd,environmentInterpretation1_seasonality,Annual,duplicate,TRUE
IC95THHU.lpd,environmentInterpretation1_interpretationApplies,NA,duplicate,TRUE
IC95THHU.lpd,environmentInterpretation2_interpretationApplies,NA,duplicate,TRUE
IC96ISE9.lpd,environmentInterpretation1_variable,precipitationIsotope,duplicate,TRUE
IC96ISE9.lpd,environmentInterpretation1_direction,positive,duplicate,TRUE
IC96ISE9.lpd,environmentInterpretation1_seasonality,Annual,duplicate,TRUE
IC96ISE9.lpd,environmentInterpretation1_interpretationApplies,NA,duplicate,TRUE
IC96ISE9.lpd,environmentInterpretation2_interpretationApplies,NA,duplicate,TRUE
IC96MOSS.lpd,environmentInterpretation1_variable,precipitationIsotope,duplicate,TRUE
IC96MOSS.lpd,environmentInterpretation1_direction,positive,duplicate,TRUE
IC96MOSS.lpd,environmentInterpretation1_seasonality,Annual,duplicate,TRUE
IC96MOSS.lpd,environmentInterpretation1_interpretationApplies,NA,duplicate,TRUE
IC96MOSS.lpd,environmentInterpretation2_interpretationApplies,NA,duplicate,TRUE
IC97GRGI.lpd,environmentInterpretation1_variable,precipitationIsotope,duplicate,TRUE
IC97GRGI.lpd,environmentInterpretation1_direction,positive,duplicate,TRUE
IC97GRGI.lpd,environmentInterpretation1_seasonality,Annual,duplicate,TRUE
IC97GRGI.lpd,environmentInterpretation1_interpretationApplies,NA,duplicate,TRUE
IC97GRGI.lpd,environmentInterpretation2_interpretationApplies,NA,duplicate,TRUE
IC97THGL.lpd,environmentInterpretation1_variable,precipitationIsotope,duplicate,TRUE
IC97THGL.lpd,environmentInterpretation1_direction,positive,duplicate,TRUE
IC97THGL.lpd,environmentInterpretation1_seasonality,Annual,duplicate,TRUE
IC97THGL.lpd,environmentInterpretation1_interpretationApplies,NA,duplicate,TRUE
IC97THGL.lpd,environmentInterpretation2_interpretationApplies,NA,duplicate,TRUE
IC98FIPE.lpd,environmentInterpretation1_variable,precipitationIsotope,duplicate,TRUE
IC98FIPE.lpd,environmentInterpretation1_direction,positive,duplicate,TRUE
IC98FIPE.lpd,environmentInterpretation1_seasonality,Annual,duplicate,TRUE
IC98FIPE.lpd,environmentInterpretation1_interpretationApplies,NA,duplicate,TRUE
IC98FIPE.lpd,environmentInterpretation2_interpretationApplies,NA,duplicate,TRUE
IC99IS89.lpd,environmentInterpretation1_variable,precipitationIsotope,duplicate,TRUE
IC99IS89.lpd,environmentInterpretation1_direction,positive,duplicate,TRUE
IC99IS89.lpd,environmentInterpretation1_seasonality,Annual,duplicate,TRUE
IC99IS89.lpd,environmentInterpretation1_interpretationApplies,NA,duplicate,TRUE
IC99IS89.lpd,environmentInterpretation2_interpretationApplies,NA,duplicate,TRUE
IC99ISS2.lpd,environmentInterpretation1_variable,precipitationIsotope,duplicate,TRUE
IC99ISS2.lpd,environmentInterpretation1_direction,positive,duplicate,TRUE
IC99ISS2.lpd,environmentInterpretation1_seasonality,Annual,duplicate,TRUE
IC99ISS2.lpd,environmentInterpretation1_interpretationApplies,NA,duplicate,TRUE
IC99ISS2.lpd,environmentInterpretation2_interpretationApplies,NA,duplicate,TRUE
IC99OE01.lpd,environmentInterpretation1_variable,precipitationIsotope,duplicate,TRUE
IC99OE01.lpd,environmentInterpretation1_direction,positive,duplicate,TRUE
IC99OE01.lpd,environmentInterpretation1_seasonality,Annual,duplicate,TRUE
IC99OE01.lpd,environmentInterpretation1_interpretationApplies,NA,duplicate,TRUE
IC99OE01.lpd,environmentInterpretation2_interpretationApplies,NA,duplicate,TRUE
IC99OE02.lpd,environmentInterpretation1_variable,precipitationIsotope,duplicate,TRUE
IC99OE02.lpd,environmentInterpretation1_direction,positive,duplicate,TRUE
IC99OE02.lpd,environmentInterpretation1_seasonality,Annual,duplicate,TRUE
IC99OE02.lpd,environmentInterpretation1_interpretationApplies,NA,duplicate,TRUE
IC99OE02.lpd,environmentInterpretation2_interpretationApplies,NA,duplicate,TRUE
IC99OE03.lpd,environmentInterpretation1_variable,precipitationIsotope,duplicate,TRUE
IC99OE03.lpd,environmentInterpretation1_direction,positive,duplicate,TRUE
IC99OE03.lpd,environmentInterpretation1_seasonality,Annual,duplicate,TRUE
IC99OE03.lpd,environmentInterpretation1_interpretationApplies,NA,duplicate,TRUE
IC99OE03.lpd,environmentInterpretation2_interpretationApplies,NA,duplicate,TRUE
IC99OE04.lpd,environmentInterpretation1_variable,precipitationIsotope,duplicate,TRUE
IC99OE04.lpd,environmentInterpretation1_direction,positive,duplicate,TRUE
IC99OE04.lpd,environmentInterpretation1_seasonality,Annual,duplicate,TRUE
IC99OE04.lpd,environmentInterpretation1_interpretationApplies,NA,duplicate,TRUE
IC99OE04.lpd,environmentInterpretation2_interpretationApplies,NA,duplicate,TRUE
IC99OE05.lpd,environmentInterpretation1_variable,precipitationIsotope,duplicate,TRUE
IC99OE05.lpd,environmentInterpretation1_direction,positive,duplicate,TRUE
IC99OE05.lpd,environmentInterpretation1_seasonality,Annual,duplicate,TRUE
IC99OE05.lpd,environmentInterpretation1_interpretationApplies,NA,duplicate,TRUE
IC99OE05.lpd,environmentInterpretation2_interpretationApplies,NA,duplicate,TRUE
IC99OE06.lpd,environmentInterpretation1_variable,precipitationIsotope,duplicate,TRUE
IC99OE06.lpd,environmentInterpretation1_direction,positive,duplicate,TRUE
IC99OE06.lpd,environmentInterpretation1_seasonality,Annual,duplicate,TRUE
IC99OE06.lpd,environmentInterpretation1_interpretationApplies,NA,duplicate,TRUE
IC99OE06.lpd,environmentInterpretation2_interpretationApplies,NA,duplicate,TRUE
IC99OE07.lpd,environmentInterpretation1_variable,precipitationIsotope,duplicate,TRUE
IC99OE07.lpd,environmentInterpretation1_direction,positive,duplicate,TRUE
IC99OE07.lpd,environmentInterpretation1_seasonality,Annual,duplicate,TRUE
IC99OE07.lpd,environmentInterpretation1_interpretationApplies,NA,duplicate,TRUE
IC99OE07.lpd,environmentInterpretation2_interpretationApplies,NA,duplicate,TRUE
IC99OE08.lpd,environmentInterpretation1_variable,precipitationIsotope,duplicate,TRUE
IC99OE08.lpd,environmentInterpretation1_direction,positive,duplicate,TRUE
IC99OE08.lpd,environmentInterpretation1_seasonality,Annual,duplicate,TRUE
IC99OE08.lpd,environmentInterpretation1_interpretationApplies,NA,duplicate,TRUE
IC99OE08.lpd,environmentInterpretation2_interpretationApplies,NA,duplicate,TRUE
IC99OE09.lpd,environmentInterpretation1_variable,precipitationIsotope,duplicate,TRUE
IC99OE09.lpd,environmentInterpretation1_direction,positive,duplicate,TRUE
IC99OE09.lpd,environmentInterpretation1_seasonality,Annual,duplicate,TRUE
IC99OE09.lpd,environmentInterpretation1_interpretationApplies,NA,duplicate,TRUE
IC99OE09.lpd,environmentInterpretation2_interpretationApplies,NA,duplicate,TRUE
IC99OE10.lpd,environmentInterpretation1_variable,precipitationIsotope,duplicate,TRUE
IC99OE10.lpd,environmentInterpretation1_direction,positive,duplicate,TRUE
IC99OE10.lpd,environmentInterpretation1_seasonality,Annual,duplicate,TRUE
IC99OE10.lpd,environmentInterpretation1_interpretationApplies,NA,duplicate,TRUE
IC99OE10.lpd,environmentInterpretation2_interpretationApplies,NA,duplicate,TRUE
IC99SCFH.lpd,environmentInterpretation1_variable,precipitationIsotope,duplicate,TRUE
IC99SCFH.lpd,environmentInterpretation1_direction,positive,duplicate,TRUE
IC99SCFH.lpd,environmentInterpretation1_seasonality,Annual,duplicate,TRUE
IC99SCFH.lpd,environmentInterpretation1_interpretationApplies,NA,duplicate,TRUE
IC99SCFH.lpd,environmentInterpretation2_interpretationApplies,NA,duplicate,TRUE
InnValley.Oberhuber.2002.lpd,Interpretation1_direction,,empty,TRUE
InnValley.Oberhuber.2002.lpd,Interpretation1_scope,,empty,TRUE
InnValley.Oberhuber.2002.lpd,Interpretation1_variableDetail,,empty,TRUE
Jaragucave.Novello.2017.lpd,environmentInterpretation1_interpretationApplies,NA,duplicate,TRUE
Jaragucave.Novello.2017.lpd,environmentInterpretation2_interpretationApplies,NA,duplicate,TRUE
Jeitacave.Cheng.2015.lpd,environmentInterpretation1_interpretationApplies,NA,duplicate,TRUE
Jeitacave.Cheng.2015.lpd,environmentInterpretation2_interpretationApplies,NA,duplicate,TRUE
JI18GAL01.lpd,environmentInterpretation1_interpretationApplies,NA,duplicate,TRUE
JI18GAL01.lpd,environmentInterpretation2_interpretationApplies,NA,duplicate,TRUE
JI18GAL02.lpd,environmentInterpretation1_interpretationApplies,NA,duplicate,TRUE
JI18GAL02.lpd,environmentInterpretation2_interpretationApplies,NA,duplicate,TRUE
Jiuxiancave.Cai.2010.lpd,environmentInterpretation1_interpretationApplies,NA,duplicate,TRUE
Jiuxiancave.Cai.2010.lpd,environmentInterpretation2_interpretationApplies,NA,duplicate,TRUE
JuninPeru1.Humanes-Fuente.2020.lpd,Interpretation1_direction,,empty,TRUE
JuninPeru1.Humanes-Fuente.2020.lpd,Interpretation1_scope,,empty,TRUE
JuninPeru1.Humanes-Fuente.2020.lpd,Interpretation1_variableDetail,,empty,TRUE
JuninPeru2.Humanes-Fuente.2020.lpd,Interpretation1_direction,,empty,TRUE
JuninPeru2.Humanes-Fuente.2020.lpd,Interpretation1_scope,,empty,TRUE
JuninPeru2.Humanes-Fuente.2020.lpd,Interpretation1_variableDetail,,empty,TRUE
KA17RYU01.lpd,environmentInterpretation1_interpretationApplies,NA,duplicate,TRUE
KA17RYU01.lpd,environmentInterpretation2_interpretationApplies,NA,duplicate,TRUE
KecheLake.Chipman.2012.lpd,environmentInterpretation1_interpretationApplies,NA,duplicate,TRUE
KecheLake.Chipman.2012.lpd,environmentInterpretation2_interpretationApplies,NA,duplicate,TRUE
KellyLake.Broadman.2022.lpd,Interpretation1_direction,,empty,TRUE
KellyLake.Broadman.2022.lpd,Interpretation1_scope,,empty,TRUE
KellyLake.Broadman.2022.lpd,Interpretation1_variableDetail,,empty,TRUE
Kesangcave.Cheng.2016.lpd,environmentInterpretation1_interpretationApplies,NA,duplicate,TRUE
Kesangcave.Cheng.2016.lpd,environmentInterpretation2_interpretationApplies,NA,duplicate,TRUE
KI04MCV01.lpd,environmentInterpretation1_interpretationApplies,NA,duplicate,TRUE
KI04MCV01.lpd,environmentInterpretation2_interpretationApplies,NA,duplicate,TRUE
KI08PAR01.lpd,environmentInterpretation1_interpretationApplies,NA,duplicate,TRUE
KI08PAR01.lpd,environmentInterpretation2_interpretationApplies,NA,duplicate,TRUE
KI14PAR01.lpd,environmentInterpretation1_interpretationApplies,NA,duplicate,TRUE
KI14PAR01.lpd,environmentInterpretation2_interpretationApplies,NA,duplicate,TRUE
KL97DAH01.lpd,environmentInterpretation1_interpretationApplies,NA,duplicate,TRUE
KL97DAH01.lpd,environmentInterpretation2_interpretationApplies,NA,duplicate,TRUE
KNI-51.Denniston.2013.lpd,environmentInterpretation1_interpretationApplies,NA,duplicate,TRUE
KNI-51.Denniston.2013.lpd,environmentInterpretation2_interpretationApplies,NA,duplicate,TRUE
Kongtong.Fang.2012.lpd,Interpretation1_direction,,empty,TRUE
Kongtong.Fang.2012.lpd,Interpretation1_scope,,empty,TRUE
Kongtong.Fang.2012.lpd,Interpretation1_variableDetail,,empty,TRUE
KR20SAR01.lpd,environmentInterpretation1_interpretationApplies,NA,duplicate,TRUE
KR20SAR01.lpd,environmentInterpretation2_interpretationApplies,NA,duplicate,TRUE
KU00NIN01.lpd,environmentInterpretation1_interpretationApplies,NA,duplicate,TRUE
KU00NIN01.lpd,environmentInterpretation2_interpretationApplies,NA,duplicate,TRUE
KU99HOU01.lpd,environmentInterpretation1_interpretationApplies,NA,duplicate,TRUE
KU99HOU01.lpd,environmentInterpretation2_interpretationApplies,NA,duplicate,TRUE
Laduo.Cai.2026.lpd,Interpretation1_direction,,empty,TRUE
Laduo.Cai.2026.lpd,Interpretation1_scope,,empty,TRUE
Laduo.Cai.2026.lpd,Interpretation1_variableDetail,,empty,TRUE
LakeBarrine.Sun.2023.lpd,Interpretation1_direction,,empty,TRUE
LakeBarrine.Sun.2023.lpd,Interpretation1_scope,,empty,TRUE
LakeBarrine.Sun.2023.lpd,Interpretation1_variableDetail,,empty,TRUE
LakeElingamite.Barr.2014.lpd,environmentInterpretation1_variable,lake water salinity,restatement,TRUE
LakeElingamite.Barr.2014.lpd,environmentInterpretation1_direction,positive,duplicate,TRUE
LakeElingamite.Barr.2014.lpd,environmentInterpretation1_seasonality,annual,duplicate,TRUE
LakeElingamite.Barr.2014.lpd,environmentInterpretation1_basis,location-specific diatom-conductivity transfer function - from observed diatom species assemblages,unmatched,TRUE
LakeElingamite.Barr.2014.lpd,environmentInterpretation1_interpretationApplies,NA,duplicate,TRUE
LakeElingamite.Barr.2014.lpd,environmentInterpretation2_interpretationApplies,NA,duplicate,TRUE
LakeNaivasha.Richardson.1972.lpd,environmentInterpretation1_interpretationApplies,NA,duplicate,TRUE
LakeNaivasha.Richardson.1972.lpd,environmentInterpretation2_interpretationApplies,NA,duplicate,TRUE
LakeSurprise.Barr.2014.lpd,environmentInterpretation1_variable,lake water salinity,restatement,TRUE
LakeSurprise.Barr.2014.lpd,environmentInterpretation1_direction,positive,duplicate,TRUE
LakeSurprise.Barr.2014.lpd,environmentInterpretation1_seasonality,annual,duplicate,TRUE
LakeSurprise.Barr.2014.lpd,environmentInterpretation1_basis,location-specific diatom-conductivity transfer function - from observed diatom species assemblages,unmatched,TRUE
LakeSurprise.Barr.2014.lpd,environmentInterpretation1_interpretationApplies,NA,duplicate,TRUE
LakeSurprise.Barr.2014.lpd,environmentInterpretation2_interpretationApplies,NA,duplicate,TRUE
Lapagrandecave.Strikis.2011.lpd,environmentInterpretation1_interpretationApplies,NA,duplicate,TRUE
Lapagrandecave.Strikis.2011.lpd,environmentInterpretation2_interpretationApplies,NA,duplicate,TRUE
Leviathan.Lachniet.2014.lpd,environmentInterpretation1_interpretationApplies,NA,duplicate,TRUE
Leviathan.Lachniet.2014.lpd,environmentInterpretation2_interpretationApplies,NA,duplicate,TRUE
LI00RAR01.lpd,environmentInterpretation1_interpretationApplies,NA,duplicate,TRUE
LI00RAR01.lpd,environmentInterpretation2_interpretationApplies,NA,duplicate,TRUE
LI04FIJ01.lpd,environmentInterpretation1_interpretationApplies,NA,duplicate,TRUE
LI04FIJ01.lpd,environmentInterpretation2_interpretationApplies,NA,duplicate,TRUE
LI06FIJ01.lpd,environmentInterpretation1_interpretationApplies,NA,duplicate,TRUE
LI06FIJ01.lpd,environmentInterpretation2_interpretationApplies,NA,duplicate,TRUE
LI06RAR01.lpd,environmentInterpretation1_interpretationApplies,NA,duplicate,TRUE
LI06RAR01.lpd,environmentInterpretation2_interpretationApplies,NA,duplicate,TRUE
LI06RAR02.lpd,environmentInterpretation1_interpretationApplies,NA,duplicate,TRUE
LI06RAR02.lpd,environmentInterpretation2_interpretationApplies,NA,duplicate,TRUE
LI94SEC01.lpd,environmentInterpretation1_interpretationApplies,NA,duplicate,TRUE
LI94SEC01.lpd,environmentInterpretation2_interpretationApplies,NA,duplicate,TRUE
LiangLuar.Griffiths.2016.lpd,environmentInterpretation1_interpretationApplies,NA,duplicate,TRUE
LiangLuar.Griffiths.2016.lpd,environmentInterpretation2_interpretationApplies,NA,duplicate,TRUE
LianhuacaveHunan.Cosford.2008.lpd,environmentInterpretation1_interpretationApplies,NA,duplicate,TRUE
LianhuacaveHunan.Cosford.2008.lpd,environmentInterpretation2_interpretationApplies,NA,duplicate,TRUE
LianhuacaveShanxi.Dong.2018.lpd,environmentInterpretation1_interpretationApplies,NA,duplicate,TRUE
LianhuacaveShanxi.Dong.2018.lpd,environmentInterpretation2_interpretationApplies,NA,duplicate,TRUE
LimeLake.Steinman.2016.lpd,environmentInterpretation1_interpretationApplies,NA,duplicate,TRUE
LimeLake.Steinman.2016.lpd,environmentInterpretation2_interpretationApplies,NA,duplicate,TRUE
Lom-Janj.An2023.lpd,Interpretation1_direction,,empty,TRUE
Lom-Janj.An2023.lpd,Interpretation1_scope,,empty,TRUE
Lom-Janj.An2023.lpd,Interpretation1_variableDetail,,empty,TRUE
LS01HOCH.lpd,environmentInterpretation1_variable,effectivePrecipitation,duplicate,TRUE
LS01HOCH.lpd,environmentInterpretation1_direction,negative,duplicate,TRUE
LS01HOCH.lpd,environmentInterpretation1_interpretationApplies,NA,duplicate,TRUE
LS01HOCH.lpd,environmentInterpretation2_variable,temperature,duplicate,TRUE
LS01HOCH.lpd,environmentInterpretation2_direction,negative,duplicate,TRUE
LS01HOCH.lpd,environmentInterpretation2_interpretationApplies,NA,duplicate,TRUE
LS01HUFA.lpd,environmentInterpretation1_variable,lake water temperature,restatement,TRUE
LS01HUFA.lpd,environmentInterpretation1_direction,negative,duplicate,TRUE
LS01HUFA.lpd,environmentInterpretation1_interpretationApplies,NA,duplicate,TRUE
LS01HUFA.lpd,environmentInterpretation2_interpretationApplies,NA,duplicate,TRUE
LS02ROSA.lpd,environmentInterpretation1_variable,effectivePrecipitation,duplicate,TRUE
LS02ROSA.lpd,environmentInterpretation1_direction,negative,duplicate,TRUE
LS02ROSA.lpd,environmentInterpretation1_interpretationApplies,NA,duplicate,TRUE
LS02ROSA.lpd,environmentInterpretation2_direction,increase,duplicate,TRUE
LS02ROSA.lpd,environmentInterpretation2_interpretationApplies,NA,duplicate,TRUE
LS03RUED.lpd,environmentInterpretation1_variable,effectivePrecipitation,duplicate,TRUE
LS03RUED.lpd,environmentInterpretation1_direction,negative,duplicate,TRUE
LS03RUED.lpd,environmentInterpretation1_interpretationApplies,NA,duplicate,TRUE
LS03RUED.lpd,environmentInterpretation2_variable,temperature,duplicate,TRUE
LS03RUED.lpd,environmentInterpretation2_direction,negative,duplicate,TRUE
LS03RUED.lpd,environmentInterpretation2_interpretationApplies,NA,duplicate,TRUE
LS05ANJE.lpd,environmentInterpretation1_variable,precipitationIsotope,duplicate,TRUE
LS05ANJE.lpd,environmentInterpretation1_direction,positive,duplicate,TRUE
LS05ANJE.lpd,environmentInterpretation1_seasonality,Annual,duplicate,TRUE
LS05ANJE.lpd,environmentInterpretation1_interpretationApplies,NA,duplicate,TRUE
LS05ANJE.lpd,environmentInterpretation2_variable,temperature,duplicate,TRUE
LS05ANJE.lpd,environmentInterpretation2_direction,negative,duplicate,TRUE
LS05ANJE.lpd,environmentInterpretation2_interpretationApplies,NA,duplicate,TRUE
LS05HOAG.lpd,environmentInterpretation1_variable,hydrologicBalance,duplicate,TRUE
LS05HOAG.lpd,environmentInterpretation1_direction,negative,duplicate,TRUE
LS05HOAG.lpd,environmentInterpretation1_interpretationApplies,NA,duplicate,TRUE
LS05HOAG.lpd,environmentInterpretation2_variable,precipitationIsotope,duplicate,TRUE
LS05HOAG.lpd,environmentInterpretation2_interpretationApplies,NA,duplicate,TRUE
LS06STFO.lpd,environmentInterpretation1_variable,effectivePrecipitation,duplicate,TRUE
LS06STFO.lpd,environmentInterpretation1_direction,negative,duplicate,TRUE
LS06STFO.lpd,environmentInterpretation1_interpretationApplies,NA,duplicate,TRUE
LS06STFO.lpd,environmentInterpretation2_interpretationApplies,NA,duplicate,TRUE
LS07ANMA.lpd,environmentInterpretation1_variable,effectivePrecipitation,duplicate,TRUE
LS07ANMA.lpd,environmentInterpretation1_direction,negative,duplicate,TRUE
LS07ANMA.lpd,environmentInterpretation1_seasonality,Jun-Aug,duplicate,TRUE
LS07ANMA.lpd,environmentInterpretation1_interpretationApplies,NA,duplicate,TRUE
LS07ANMA.lpd,environmentInterpretation2_variable,temperature,duplicate,TRUE
LS07ANMA.lpd,environmentInterpretation2_interpretationApplies,NA,duplicate,TRUE
LS07LAHA.lpd,environmentInterpretation1_variable,effectivePrecipitation,duplicate,TRUE
LS07LAHA.lpd,environmentInterpretation1_direction,negative,duplicate,TRUE
LS07LAHA.lpd,environmentInterpretation1_interpretationApplies,NA,duplicate,TRUE
LS07LAHA.lpd,environmentInterpretation2_variable,temperature,duplicate,TRUE
LS07LAHA.lpd,environmentInterpretation2_direction,negative,duplicate,TRUE
LS07LAHA.lpd,environmentInterpretation2_interpretationApplies,NA,duplicate,TRUE
LS07ROTI.lpd,environmentInterpretation1_variable,precipitationIsotope,duplicate,TRUE
LS07ROTI.lpd,environmentInterpretation1_direction,positive,duplicate,TRUE
LS07ROTI.lpd,environmentInterpretation1_seasonality,Jun-Aug,duplicate,TRUE
LS07ROTI.lpd,environmentInterpretation1_interpretationApplies,NA,duplicate,TRUE
LS07ROTI.lpd,environmentInterpretation2_variable,groundWaterIsotope,duplicate,TRUE
LS07ROTI.lpd,environmentInterpretation2_interpretationApplies,NA,duplicate,TRUE
LS08STCR.lpd,environmentInterpretation1_variable,effectivePrecipitation,duplicate,TRUE
LS08STCR.lpd,environmentInterpretation1_direction,negative,duplicate,TRUE
LS08STCR.lpd,environmentInterpretation1_interpretationApplies,NA,duplicate,TRUE
LS08STCR.lpd,environmentInterpretation2_variable,precipitationIsotope,duplicate,TRUE
LS08STCR.lpd,environmentInterpretation2_direction,negative,duplicate,TRUE
LS08STCR.lpd,environmentInterpretation2_interpretationApplies,NA,duplicate,TRUE
LS09LACA.lpd,environmentInterpretation1_variable,effectivePrecipitation,duplicate,TRUE
LS09LACA.lpd,environmentInterpretation1_direction,negative,duplicate,TRUE
LS09LACA.lpd,environmentInterpretation1_interpretationApplies,NA,duplicate,TRUE
LS09LACA.lpd,environmentInterpretation2_interpretationApplies,NA,duplicate,TRUE
LS09MAAS.lpd,environmentInterpretation1_variable,effectivePrecipitation,duplicate,TRUE
LS09MAAS.lpd,environmentInterpretation1_direction,negative,duplicate,TRUE
LS09MAAS.lpd,environmentInterpretation1_interpretationApplies,NA,duplicate,TRUE
LS09MAAS.lpd,environmentInterpretation2_variable,temperature,duplicate,TRUE
LS09MAAS.lpd,environmentInterpretation2_direction,negative,duplicate,TRUE
LS09MAAS.lpd,environmentInterpretation2_interpretationApplies,NA,duplicate,TRUE
LS09SAJU.lpd,environmentInterpretation1_variable,hydrologicBalance,duplicate,TRUE
LS09SAJU.lpd,environmentInterpretation1_direction,positive,duplicate,TRUE
LS09SAJU.lpd,environmentInterpretation1_interpretationApplies,NA,duplicate,TRUE
LS09SAJU.lpd,environmentInterpretation2_interpretationApplies,NA,duplicate,TRUE
LS10ANBL.lpd,environmentInterpretation1_variable,hydrologicBalance,duplicate,TRUE
LS10ANBL.lpd,environmentInterpretation1_direction,negative,duplicate,TRUE
LS10ANBL.lpd,environmentInterpretation1_interpretationApplies,NA,duplicate,TRUE
LS10ANBL.lpd,environmentInterpretation2_variable,temperature,duplicate,TRUE
LS10ANBL.lpd,environmentInterpretation2_direction,negative,duplicate,TRUE
LS10ANBL.lpd,environmentInterpretation2_interpretationApplies,NA,duplicate,TRUE
LS10CLTA.lpd,environmentInterpretation1_variable,effectivePrecipitation,duplicate,TRUE
LS10CLTA.lpd,environmentInterpretation1_direction,negative,duplicate,TRUE
LS10CLTA.lpd,environmentInterpretation1_seasonality,Dec-Feb,duplicate,TRUE
LS10CLTA.lpd,environmentInterpretation1_interpretationApplies,NA,duplicate,TRUE
LS10CLTA.lpd,environmentInterpretation2_variable,effectivePrecipitation,duplicate,TRUE
LS10CLTA.lpd,environmentInterpretation2_interpretationApplies,NA,duplicate,TRUE
LS10HEQI.lpd,environmentInterpretation1_variable,effectivePrecipitation,duplicate,TRUE
LS10HEQI.lpd,environmentInterpretation1_direction,negative,duplicate,TRUE
LS10HEQI.lpd,environmentInterpretation1_interpretationApplies,NA,duplicate,TRUE
LS10HEQI.lpd,environmentInterpretation2_variable,precipitationIsotope,duplicate,TRUE
LS10HEQI.lpd,environmentInterpretation2_direction,positive,duplicate,TRUE
LS10HEQI.lpd,environmentInterpretation2_interpretationApplies,NA,duplicate,TRUE
LS10HESA.lpd,environmentInterpretation1_variable,hydrologicBalance,duplicate,TRUE
LS10HESA.lpd,environmentInterpretation1_direction,negative,duplicate,TRUE
LS10HESA.lpd,environmentInterpretation1_interpretationApplies,NA,duplicate,TRUE
LS10HESA.lpd,environmentInterpretation2_variable,precipitationIsotope,duplicate,TRUE
LS10HESA.lpd,environmentInterpretation2_direction,positive,duplicate,TRUE
LS10HESA.lpd,environmentInterpretation2_interpretationApplies,NA,duplicate,TRUE
LS11BIPU.lpd,environmentInterpretation1_variable,precipitationIsotope,duplicate,TRUE
LS11BIPU.lpd,environmentInterpretation1_direction,positive,duplicate,TRUE
LS11BIPU.lpd,environmentInterpretation1_interpretationApplies,NA,duplicate,TRUE
LS11BIPU.lpd,environmentInterpretation2_variable,temperature,duplicate,TRUE
LS11BIPU.lpd,environmentInterpretation2_interpretationApplies,NA,duplicate,TRUE
LS11NECA.lpd,environmentInterpretation1_variable,effectivePrecipitation,duplicate,TRUE
LS11NECA.lpd,environmentInterpretation1_direction,negative,duplicate,TRUE
LS11NECA.lpd,environmentInterpretation1_seasonality,Dec-Feb,duplicate,TRUE
LS11NECA.lpd,environmentInterpretation1_interpretationApplies,NA,duplicate,TRUE
LS11NECA.lpd,environmentInterpretation2_interpretationApplies,NA,duplicate,TRUE
LS12ANBI.lpd,environmentInterpretation1_variable,precipitationIsotope,duplicate,TRUE
LS12ANBI.lpd,environmentInterpretation1_direction,positive,duplicate,TRUE
LS12ANBI.lpd,environmentInterpretation1_interpretationApplies,NA,duplicate,TRUE
LS12ANBI.lpd,environmentInterpretation2_interpretationApplies,NA,duplicate,TRUE
LS12ANYE.lpd,environmentInterpretation1_variable,effectivePrecipitation,duplicate,TRUE
LS12ANYE.lpd,environmentInterpretation1_direction,negative,duplicate,TRUE
LS12ANYE.lpd,environmentInterpretation1_interpretationApplies,NA,duplicate,TRUE
LS12ANYE.lpd,environmentInterpretation2_variable,effectivePrecipitation,duplicate,TRUE
LS12ANYE.lpd,environmentInterpretation2_interpretationApplies,NA,duplicate,TRUE
LS12THAY.lpd,environmentInterpretation1_direction,positive,duplicate,TRUE
LS12THAY.lpd,environmentInterpretation1_seasonality,Growing Season,duplicate,TRUE
LS12THAY.lpd,environmentInterpretation1_variable,precipitationIsotope,duplicate,TRUE
LS12THAY.lpd,environmentInterpretation1_interpretationApplies,NA,duplicate,TRUE
LS12THAY.lpd,environmentInterpretation2_interpretationApplies,NA,duplicate,TRUE
LS13KOLA.lpd,environmentInterpretation1_variable,precipitationIsotope,duplicate,TRUE
LS13KOLA.lpd,environmentInterpretation1_direction,positive,duplicate,TRUE
LS13KOLA.lpd,environmentInterpretation1_seasonality,Annual,duplicate,TRUE
LS13KOLA.lpd,environmentInterpretation1_interpretationApplies,NA,duplicate,TRUE
LS13KOLA.lpd,environmentInterpretation2_interpretationApplies,NA,duplicate,TRUE
LS13STEL.lpd,environmentInterpretation1_variable,effectivePrecipitation,duplicate,TRUE
LS13STEL.lpd,environmentInterpretation1_direction,negative,duplicate,TRUE
LS13STEL.lpd,environmentInterpretation1_interpretationApplies,NA,duplicate,TRUE
LS13STEL.lpd,environmentInterpretation2_variable,temperature,duplicate,TRUE
LS13STEL.lpd,environmentInterpretation2_interpretationApplies,NA,duplicate,TRUE
LS13WASU.lpd,environmentInterpretation1_variable,effectivePrecipitation,duplicate,TRUE
LS13WASU.lpd,environmentInterpretation1_direction,negative,duplicate,TRUE
LS13WASU.lpd,environmentInterpretation1_interpretationApplies,NA,duplicate,TRUE
LS13WASU.lpd,environmentInterpretation2_variable,effectivePrecipitation,duplicate,TRUE
LS13WASU.lpd,environmentInterpretation2_direction,negative,duplicate,TRUE
LS13WASU.lpd,environmentInterpretation2_interpretationApplies,NA,duplicate,TRUE
LS14FEZA.lpd,environmentInterpretation1_direction,positive,duplicate,TRUE
LS14FEZA.lpd,environmentInterpretation1_interpretationApplies,NA,duplicate,TRUE
LS14FEZA.lpd,environmentInterpretation2_interpretationApplies,NA,duplicate,TRUE
LS14KOSA.lpd,environmentInterpretation1_variable,precipitationIsotope,duplicate,TRUE
LS14KOSA.lpd,environmentInterpretation1_direction,positive,duplicate,TRUE
LS14KOSA.lpd,environmentInterpretation1_seasonality,Annual,duplicate,TRUE
LS14KOSA.lpd,environmentInterpretation1_interpretationApplies,NA,duplicate,TRUE
LS14KOSA.lpd,environmentInterpretation2_variable,temperature,duplicate,TRUE
LS14KOSA.lpd,environmentInterpretation2_direction,positive,duplicate,TRUE
LS14KOSA.lpd,environmentInterpretation2_interpretationApplies,NA,duplicate,TRUE
LS14LASO.lpd,environmentInterpretation1_interpretationApplies,NA,duplicate,TRUE
LS14LASO.lpd,environmentInterpretation2_interpretationApplies,NA,duplicate,TRUE
LS14LESA.lpd,environmentInterpretation1_variable,effectivePrecipitation,duplicate,TRUE
LS14LESA.lpd,environmentInterpretation1_direction,negative,duplicate,TRUE
LS14LESA.lpd,environmentInterpretation1_interpretationApplies,NA,duplicate,TRUE
LS14LESA.lpd,environmentInterpretation2_direction,positive,duplicate,TRUE
LS14LESA.lpd,environmentInterpretation2_interpretationApplies,NA,duplicate,TRUE
LS14PRLO.lpd,environmentInterpretation1_variable,hydrologicBalance,duplicate,TRUE
LS14PRLO.lpd,environmentInterpretation1_direction,negative,duplicate,TRUE
LS14PRLO.lpd,environmentInterpretation1_interpretationApplies,NA,duplicate,TRUE
LS14PRLO.lpd,environmentInterpretation2_interpretationApplies,NA,duplicate,TRUE
LS14YAHA.lpd,environmentInterpretation1_variable,effectivePrecipitation,duplicate,TRUE
LS14YAHA.lpd,environmentInterpretation1_direction,negative,duplicate,TRUE
LS14YAHA.lpd,environmentInterpretation1_interpretationApplies,NA,duplicate,TRUE
LS14YAHA.lpd,environmentInterpretation2_interpretationApplies,NA,duplicate,TRUE
LS15AIKA.lpd,environmentInterpretation1_variable,precipitationIsotope,duplicate,TRUE
LS15AIKA.lpd,environmentInterpretation1_direction,positive,duplicate,TRUE
LS15AIKA.lpd,environmentInterpretation1_seasonality,Annual,duplicate,TRUE
LS15AIKA.lpd,environmentInterpretation1_interpretationApplies,NA,duplicate,TRUE
LS15AIKA.lpd,environmentInterpretation2_variable,precipitation,duplicate,TRUE
LS15AIKA.lpd,environmentInterpretation2_direction,negative,duplicate,TRUE
LS15AIKA.lpd,environmentInterpretation2_interpretationApplies,NA,duplicate,TRUE
LS15BHAL.lpd,environmentInterpretation1_variable,effectivePrecipitation,duplicate,TRUE
LS15BHAL.lpd,environmentInterpretation1_direction,negative,duplicate,TRUE
LS15BHAL.lpd,environmentInterpretation1_interpretationApplies,NA,duplicate,TRUE
LS15BHAL.lpd,environmentInterpretation2_variable,temperature,duplicate,TRUE
LS15BHAL.lpd,environmentInterpretation2_interpretationApplies,NA,duplicate,TRUE
LS15DOCH.lpd,environmentInterpretation1_variable,effectivePrecipitation,duplicate,TRUE
LS15DOCH.lpd,environmentInterpretation1_direction,negative,duplicate,TRUE
LS15DOCH.lpd,environmentInterpretation1_seasonality,Annual,duplicate,TRUE
LS15DOCH.lpd,environmentInterpretation1_interpretationApplies,NA,duplicate,TRUE
LS15DOCH.lpd,environmentInterpretation2_variable,evaporation,duplicate,TRUE
LS15DOCH.lpd,environmentInterpretation2_direction,negative,duplicate,TRUE
LS15DOCH.lpd,environmentInterpretation2_interpretationApplies,NA,duplicate,TRUE
LS15DOSA.lpd,environmentInterpretation1_variable,effectivePrecipitation,duplicate,TRUE
LS15DOSA.lpd,environmentInterpretation1_direction,negative,duplicate,TRUE
LS15DOSA.lpd,environmentInterpretation1_seasonality,Annual,duplicate,TRUE
LS15DOSA.lpd,environmentInterpretation1_interpretationApplies,NA,duplicate,TRUE
LS15DOSA.lpd,environmentInterpretation2_variable,evaporation,duplicate,TRUE
LS15DOSA.lpd,environmentInterpretation2_direction,negative,duplicate,TRUE
LS15DOSA.lpd,environmentInterpretation2_interpretationApplies,NA,duplicate,TRUE
LS15OEPO.lpd,environmentInterpretation1_variable,hydrologicBalance,duplicate,TRUE
LS15OEPO.lpd,environmentInterpretation1_direction,negative,duplicate,TRUE
LS15OEPO.lpd,environmentInterpretation1_interpretationApplies,NA,duplicate,TRUE
LS15OEPO.lpd,environmentInterpretation2_variable,temperature,duplicate,TRUE
LS15OEPO.lpd,environmentInterpretation2_direction,negative,duplicate,TRUE
LS15OEPO.lpd,environmentInterpretation2_interpretationApplies,NA,duplicate,TRUE
LS91HOMI.lpd,environmentInterpretation1_variable,effectivePrecipitation,duplicate,TRUE
LS91HOMI.lpd,environmentInterpretation1_direction,negative,duplicate,TRUE
LS91HOMI.lpd,environmentInterpretation1_interpretationApplies,NA,duplicate,TRUE
LS91HOMI.lpd,environmentInterpretation2_variable,hydrologicBalance,duplicate,TRUE
LS91HOMI.lpd,environmentInterpretation2_interpretationApplies,NA,duplicate,TRUE
LS96CUPU.lpd,environmentInterpretation1_variable,effectivePrecipitation,duplicate,TRUE
LS96CUPU.lpd,environmentInterpretation1_direction,negative,duplicate,TRUE
LS96CUPU.lpd,environmentInterpretation1_interpretationApplies,NA,duplicate,TRUE
LS96CUPU.lpd,environmentInterpretation2_variable,temperature,duplicate,TRUE
LS96CUPU.lpd,environmentInterpretation2_interpretationApplies,NA,duplicate,TRUE
LS96VOAM.lpd,environmentInterpretation1_variable,precipitationIsotope,duplicate,TRUE
LS96VOAM.lpd,environmentInterpretation1_direction,positive,duplicate,TRUE
LS96VOAM.lpd,environmentInterpretation1_interpretationApplies,NA,duplicate,TRUE
LS96VOAM.lpd,environmentInterpretation2_interpretationApplies,NA,duplicate,TRUE
LS97HOKA.lpd,environmentInterpretation1_variable,hydrologicBalance,duplicate,TRUE
LS97HOKA.lpd,environmentInterpretation1_direction,negative,duplicate,TRUE
LS97HOKA.lpd,environmentInterpretation1_interpretationApplies,NA,duplicate,TRUE
LS97HOKA.lpd,environmentInterpretation2_variable,temperature,duplicate,TRUE
LS97HOKA.lpd,environmentInterpretation2_direction,negative,duplicate,TRUE
LS97HOKA.lpd,environmentInterpretation2_interpretationApplies,NA,duplicate,TRUE
LS98CUPE.lpd,environmentInterpretation1_variable,effectivePrecipitation,duplicate,TRUE
LS98CUPE.lpd,environmentInterpretation1_direction,negative,duplicate,TRUE
LS98CUPE.lpd,environmentInterpretation1_interpretationApplies,NA,duplicate,TRUE
LS98CUPE.lpd,environmentInterpretation2_variable,hydrologicBalance,duplicate,TRUE
LS98CUPE.lpd,environmentInterpretation2_interpretationApplies,NA,duplicate,TRUE
LS99CUVA.lpd,environmentInterpretation1_variable,effectivePrecipitation,duplicate,TRUE
LS99CUVA.lpd,environmentInterpretation1_direction,negative,duplicate,TRUE
LS99CUVA.lpd,environmentInterpretation1_interpretationApplies,NA,duplicate,TRUE
LS99CUVA.lpd,environmentInterpretation2_variable,temperature,duplicate,TRUE
LS99CUVA.lpd,environmentInterpretation2_interpretationApplies,NA,duplicate,TRUE
MA08DTO01.lpd,environmentInterpretation1_interpretationApplies,NA,duplicate,TRUE
MA08DTO01.lpd,environmentInterpretation2_interpretationApplies,NA,duplicate,TRUE
MacalChasm.Akers.2016.lpd,environmentInterpretation1_interpretationApplies,NA,duplicate,TRUE
MacalChasm.Akers.2016.lpd,environmentInterpretation2_interpretationApplies,NA,duplicate,TRUE
MainRegion.Land.2019.lpd,Interpretation1_direction,,empty,TRUE
MainRegion.Land.2019.lpd,Interpretation1_scope,,empty,TRUE
MainRegion.Land.2019.lpd,Interpretation1_variableDetail,,empty,TRUE
Mawmluhcave.Berkelhammer.2013.lpd,environmentInterpretation1_interpretationApplies,NA,duplicate,TRUE
Mawmluhcave.Berkelhammer.2013.lpd,environmentInterpretation2_interpretationApplies,NA,duplicate,TRUE
MC04PNG01.lpd,environmentInterpretation1_interpretationApplies,NA,duplicate,TRUE
MC04PNG01.lpd,environmentInterpretation2_interpretationApplies,NA,duplicate,TRUE
MC11KIR01.lpd,environmentInterpretation1_interpretationApplies,NA,duplicate,TRUE
MC11KIR01.lpd,environmentInterpretation2_interpretationApplies,NA,duplicate,TRUE
Minnetonkacave.Lundeen.2013.lpd,environmentInterpretation1_interpretationApplies,NA,duplicate,TRUE
Minnetonkacave.Lundeen.2013.lpd,environmentInterpretation2_interpretationApplies,NA,duplicate,TRUE
Minucua.Goman.2018.lpd,environmentInterpretation1_interpretationApplies,NA,duplicate,TRUE
Minucua.Goman.2018.lpd,environmentInterpretation2_interpretationApplies,NA,duplicate,TRUE
MO06PED01.lpd,environmentInterpretation1_interpretationApplies,NA,duplicate,TRUE
MO06PED01.lpd,environmentInterpretation2_interpretationApplies,NA,duplicate,TRUE
MoonLake.Laird.1996.lpd,environmentInterpretation1_interpretationApplies,NA,duplicate,TRUE
MoonLake.Laird.1996.lpd,environmentInterpretation2_interpretationApplies,NA,duplicate,TRUE
MS02FLPC.lpd,environmentInterpretation1_variable,subsurface seawater temperature,restatement,TRUE
MS02FLPC.lpd,environmentInterpretation1_direction,negative,duplicate,TRUE
MS02FLPC.lpd,environmentInterpretation1_interpretationApplies,NA,duplicate,TRUE
MS02FLPC.lpd,environmentInterpretation2_interpretationApplies,NA,duplicate,TRUE
MS03BRNS.lpd,environmentInterpretation1_variable,subsurface seawater temperature,restatement,TRUE
MS03BRNS.lpd,environmentInterpretation1_direction,negative,duplicate,TRUE
MS03BRNS.lpd,environmentInterpretation1_interpretationApplies,NA,duplicate,TRUE
MS03BRNS.lpd,environmentInterpretation2_interpretationApplies,NA,duplicate,TRUE
MS03KTCB.lpd,environmentInterpretation1_variable,subsurface seawater temperature,restatement,TRUE
MS03KTCB.lpd,environmentInterpretation1_direction,negative,duplicate,TRUE
MS03KTCB.lpd,environmentInterpretation1_interpretationApplies,NA,duplicate,TRUE
MS03KTCB.lpd,environmentInterpretation2_interpretationApplies,NA,duplicate,TRUE
MS03LKNS.lpd,environmentInterpretation1_variable,subsurface seawater temperature,restatement,TRUE
MS03LKNS.lpd,environmentInterpretation1_direction,negative,duplicate,TRUE
MS03LKNS.lpd,environmentInterpretation1_interpretationApplies,NA,duplicate,TRUE
MS03LKNS.lpd,environmentInterpretation2_interpretationApplies,NA,duplicate,TRUE
MS03SMAS.lpd,environmentInterpretation1_variable,sea surface temperature,restatement,TRUE
MS03SMAS.lpd,environmentInterpretation1_direction,negative,duplicate,TRUE
MS03SMAS.lpd,environmentInterpretation1_interpretationApplies,NA,duplicate,TRUE
MS03SMAS.lpd,environmentInterpretation2_interpretationApplies,NA,duplicate,TRUE
MS04BLCB.lpd,environmentInterpretation1_variable,sea surface temperature,restatement,TRUE
MS04BLCB.lpd,environmentInterpretation1_direction,negative,duplicate,TRUE
MS04BLCB.lpd,environmentInterpretation1_interpretationApplies,NA,duplicate,TRUE
MS04BLCB.lpd,environmentInterpretation2_interpretationApplies,NA,duplicate,TRUE
MS04ICNI.lpd,environmentInterpretation1_variable,subsurface seawater temperature,restatement,TRUE
MS04ICNI.lpd,environmentInterpretation1_direction,negative,duplicate,TRUE
MS04ICNI.lpd,environmentInterpretation1_interpretationApplies,NA,duplicate,TRUE
MS04ICNI.lpd,environmentInterpretation2_interpretationApplies,NA,duplicate,TRUE
MS05LKLF.lpd,environmentInterpretation1_variable,subsurface seawater temperature,restatement,TRUE
MS05LKLF.lpd,environmentInterpretation1_direction,negative,duplicate,TRUE
MS05LKLF.lpd,environmentInterpretation1_interpretationApplies,NA,duplicate,TRUE
MS05LKLF.lpd,environmentInterpretation2_interpretationApplies,NA,duplicate,TRUE
MS06DLDS.lpd,environmentInterpretation1_variable,seawaterIsotope,duplicate,TRUE
MS06DLDS.lpd,environmentInterpretation1_direction,positive,duplicate,TRUE
MS06DLDS.lpd,environmentInterpretation1_seasonality,Annual,duplicate,TRUE
MS06DLDS.lpd,environmentInterpretation1_interpretationApplies,NA,duplicate,TRUE
MS06DLDS.lpd,environmentInterpretation2_interpretationApplies,NA,duplicate,TRUE
MS06DLGS.lpd,environmentInterpretation1_interpretationApplies,NA,duplicate,TRUE
MS06DLGS.lpd,environmentInterpretation2_interpretationApplies,NA,duplicate,TRUE
MS07JRGM.lpd,environmentInterpretation1_interpretationApplies,NA,duplicate,TRUE
MS07JRGM.lpd,environmentInterpretation2_interpretationApplies,NA,duplicate,TRUE
MS07LSSP.lpd,environmentInterpretation1_interpretationApplies,NA,duplicate,TRUE
MS07LSSP.lpd,environmentInterpretation2_interpretationApplies,NA,duplicate,TRUE
MS07MMNP.lpd,environmentInterpretation1_variable,subsurface seawater temperature,restatement,TRUE
MS07MMNP.lpd,environmentInterpretation1_direction,negative,duplicate,TRUE
MS07MMNP.lpd,environmentInterpretation1_interpretationApplies,NA,duplicate,TRUE
MS07MMNP.lpd,environmentInterpretation2_interpretationApplies,NA,duplicate,TRUE
MS07RCNA.lpd,environmentInterpretation1_variable,subsurface seawater temperature,restatement,TRUE
MS07RCNA.lpd,environmentInterpretation1_direction,negative,duplicate,TRUE
MS07RCNA.lpd,environmentInterpretation1_interpretationApplies,NA,duplicate,TRUE
MS07RCNA.lpd,environmentInterpretation2_interpretationApplies,NA,duplicate,TRUE
MS07SWGG.lpd,environmentInterpretation1_interpretationApplies,NA,duplicate,TRUE
MS07SWGG.lpd,environmentInterpretation2_interpretationApplies,NA,duplicate,TRUE
MS08UAPM.lpd,environmentInterpretation1_variable,sea surface temperature,restatement,TRUE
MS08UAPM.lpd,environmentInterpretation1_direction,negative,duplicate,TRUE
MS08UAPM.lpd,environmentInterpretation1_interpretationApplies,NA,duplicate,TRUE
MS08UAPM.lpd,environmentInterpretation2_interpretationApplies,NA,duplicate,TRUE
MS09DOIP.lpd,environmentInterpretation1_variable,seawaterIsotope,duplicate,TRUE
MS09DOIP.lpd,environmentInterpretation1_direction,positive,duplicate,TRUE
MS09DOIP.lpd,environmentInterpretation1_seasonality,Annual,duplicate,TRUE
MS09DOIP.lpd,environmentInterpretation1_interpretationApplies,NA,duplicate,TRUE
MS09DOIP.lpd,environmentInterpretation2_interpretationApplies,NA,duplicate,TRUE
MS09TCIS.lpd,environmentInterpretation1_variable,sea surface temperature,restatement,TRUE
MS09TCIS.lpd,environmentInterpretation1_direction,negative,duplicate,TRUE
MS09TCIS.lpd,environmentInterpretation1_interpretationApplies,NA,duplicate,TRUE
MS09TCIS.lpd,environmentInterpretation2_interpretationApplies,NA,duplicate,TRUE
MS10BLMS.lpd,environmentInterpretation1_variable,seawaterIsotope,duplicate,TRUE
MS10BLMS.lpd,environmentInterpretation1_direction,positive,duplicate,TRUE
MS10BLMS.lpd,environmentInterpretation1_seasonality,Annual,duplicate,TRUE
MS10BLMS.lpd,environmentInterpretation1_interpretationApplies,NA,duplicate,TRUE
MS10BLMS.lpd,environmentInterpretation2_interpretationApplies,NA,duplicate,TRUE
MS10JTMA.lpd,environmentInterpretation1_variable,precipitationIsotope,duplicate,TRUE
MS10JTMA.lpd,environmentInterpretation1_direction,negative,duplicate,TRUE
MS10JTMA.lpd,environmentInterpretation1_interpretationApplies,NA,duplicate,TRUE
MS10JTMA.lpd,environmentInterpretation2_interpretationApplies,NA,duplicate,TRUE
MS11ANMN.lpd,environmentInterpretation1_interpretationApplies,NA,duplicate,TRUE
MS11ANMN.lpd,environmentInterpretation2_interpretationApplies,NA,duplicate,TRUE
MS11ANMS.lpd,environmentInterpretation1_interpretationApplies,NA,duplicate,TRUE
MS11ANMS.lpd,environmentInterpretation2_interpretationApplies,NA,duplicate,TRUE
MS11CSCN.lpd,environmentInterpretation1_variable,seawaterIsotope,duplicate,TRUE
MS11CSCN.lpd,environmentInterpretation1_direction,positive,duplicate,TRUE
MS11CSCN.lpd,environmentInterpretation1_seasonality,Annual,duplicate,TRUE
MS11CSCN.lpd,environmentInterpretation1_interpretationApplies,NA,duplicate,TRUE
MS11CSCN.lpd,environmentInterpretation2_interpretationApplies,NA,duplicate,TRUE
MS11CSCS.lpd,environmentInterpretation1_variable,seawaterIsotope,duplicate,TRUE
MS11CSCS.lpd,environmentInterpretation1_direction,positive,duplicate,TRUE
MS11CSCS.lpd,environmentInterpretation1_seasonality,Annual,duplicate,TRUE
MS11CSCS.lpd,environmentInterpretation1_interpretationApplies,NA,duplicate,TRUE
MS11CSCS.lpd,environmentInterpretation2_interpretationApplies,NA,duplicate,TRUE
MS11FAPM.lpd,environmentInterpretation1_variable,sea surface temperature,restatement,TRUE
MS11FAPM.lpd,environmentInterpretation1_direction,negative,duplicate,TRUE
MS11FAPM.lpd,environmentInterpretation1_interpretationApplies,NA,duplicate,TRUE
MS11FAPM.lpd,environmentInterpretation2_interpretationApplies,NA,duplicate,TRUE
MS11KWFS.lpd,environmentInterpretation1_variable,subsurface seawater temperature,restatement,TRUE
MS11KWFS.lpd,environmentInterpretation1_direction,negative,duplicate,TRUE
MS11KWFS.lpd,environmentInterpretation1_interpretationApplies,NA,duplicate,TRUE
MS11KWFS.lpd,environmentInterpretation2_interpretationApplies,NA,duplicate,TRUE
MS11SENS.lpd,environmentInterpretation1_variable,subsurface seawater temperature,restatement,TRUE
MS11SENS.lpd,environmentInterpretation1_direction,negative,duplicate,TRUE
MS11SENS.lpd,environmentInterpretation1_interpretationApplies,NA,duplicate,TRUE
MS11SENS.lpd,environmentInterpretation2_interpretationApplies,NA,duplicate,TRUE
MS12CCCH.lpd,environmentInterpretation1_variable,seawaterIsotope,duplicate,TRUE
MS12CCCH.lpd,environmentInterpretation1_direction,positive,duplicate,TRUE
MS12CCCH.lpd,environmentInterpretation1_seasonality,Annual,duplicate,TRUE
MS12CCCH.lpd,environmentInterpretation1_interpretationApplies,NA,duplicate,TRUE
MS12CCCH.lpd,environmentInterpretation2_interpretationApplies,NA,duplicate,TRUE
MS14MOLS.lpd,environmentInterpretation1_variable,sea surface temperature,restatement,TRUE
MS14MOLS.lpd,environmentInterpretation1_direction,negative,duplicate,TRUE
MS14MOLS.lpd,environmentInterpretation1_interpretationApplies,NA,duplicate,TRUE
MS14MOLS.lpd,environmentInterpretation2_interpretationApplies,NA,duplicate,TRUE
MS14MORR.lpd,environmentInterpretation1_variable,seawaterIsotope,duplicate,TRUE
MS14MORR.lpd,environmentInterpretation1_direction,positive,duplicate,TRUE
MS14MORR.lpd,environmentInterpretation1_seasonality,Annual,duplicate,TRUE
MS14MORR.lpd,environmentInterpretation1_interpretationApplies,NA,duplicate,TRUE
MS14MORR.lpd,environmentInterpretation2_interpretationApplies,NA,duplicate,TRUE
MS15BATP.lpd,environmentInterpretation1_variable,subsurface seawater temperature,restatement,TRUE
MS15BATP.lpd,environmentInterpretation1_direction,negative,duplicate,TRUE
MS15BATP.lpd,environmentInterpretation1_interpretationApplies,NA,duplicate,TRUE
MS15BATP.lpd,environmentInterpretation2_interpretationApplies,NA,duplicate,TRUE
MS15VIBC.lpd,environmentInterpretation1_variable,subsurface seawater temperature,restatement,TRUE
MS15VIBC.lpd,environmentInterpretation1_direction,negative,duplicate,TRUE
MS15VIBC.lpd,environmentInterpretation1_interpretationApplies,NA,duplicate,TRUE
MS15VIBC.lpd,environmentInterpretation2_interpretationApplies,NA,duplicate,TRUE
MS96LKSS.lpd,environmentInterpretation1_variable,sea surface temperature,restatement,TRUE
MS96LKSS.lpd,environmentInterpretation1_direction,negative,duplicate,TRUE
MS96LKSS.lpd,environmentInterpretation1_interpretationApplies,NA,duplicate,TRUE
MS96LKSS.lpd,environmentInterpretation2_interpretationApplies,NA,duplicate,TRUE
MS99LWSC.lpd,environmentInterpretation1_variable,sea surface temperature,restatement,TRUE
MS99LWSC.lpd,environmentInterpretation1_direction,negative,duplicate,TRUE
MS99LWSC.lpd,environmentInterpretation1_interpretationApplies,NA,duplicate,TRUE
MS99LWSC.lpd,environmentInterpretation2_interpretationApplies,NA,duplicate,TRUE
MU17DOA01.lpd,environmentInterpretation1_interpretationApplies,NA,duplicate,TRUE
MU17DOA01.lpd,environmentInterpretation2_interpretationApplies,NA,duplicate,TRUE
MU18GSI01.lpd,environmentInterpretation1_interpretationApplies,NA,duplicate,TRUE
MU18GSI01.lpd,environmentInterpretation2_interpretationApplies,NA,duplicate,TRUE
MU18NPI01.lpd,environmentInterpretation1_interpretationApplies,NA,duplicate,TRUE
MU18NPI01.lpd,environmentInterpretation2_interpretationApplies,NA,duplicate,TRUE
MU18RED04.lpd,environmentInterpretation1_interpretationApplies,NA,duplicate,TRUE
MU18RED04.lpd,environmentInterpretation2_interpretationApplies,NA,duplicate,TRUE
Muna.Evans.2026.lpd,Interpretation1_direction,,empty,TRUE
Muna.Evans.2026.lpd,Interpretation1_scope,,empty,TRUE
Muna.Evans.2026.lpd,Interpretation1_variableDetail,,empty,TRUE
NA09MAL01.lpd,environmentInterpretation1_interpretationApplies,NA,duplicate,TRUE
NA09MAL01.lpd,environmentInterpretation2_interpretationApplies,NA,duplicate,TRUE
NAegean.Griggs.2007.lpd,Interpretation1_direction,,empty,TRUE
NAegean.Griggs.2007.lpd,Interpretation1_scope,,empty,TRUE
NAegean.Griggs.2007.lpd,Interpretation1_variableDetail,,empty,TRUE
NaturalBridgecaverns.Wong.2015.lpd,environmentInterpretation1_interpretationApplies,NA,duplicate,TRUE
NaturalBridgecaverns.Wong.2015.lpd,environmentInterpretation2_interpretationApplies,NA,duplicate,TRUE
NegroRiver.Lucas.2022.lpd,Interpretation1_direction,,empty,TRUE
NegroRiver.Lucas.2022.lpd,Interpretation1_scope,,empty,TRUE
NegroRiver.Lucas.2022.lpd,Interpretation1_variableDetail,,empty,TRUE
NegroRiver.Wang.2025.lpd,Interpretation1_direction,,empty,TRUE
NegroRiver.Wang.2025.lpd,Interpretation1_scope,,empty,TRUE
NegroRiver.Wang.2025.lpd,Interpretation1_variableDetail,,empty,TRUE
NETurkey.MartinBenito.2016.lpd,Interpretation1_direction,,empty,TRUE
NETurkey.MartinBenito.2016.lpd,Interpretation1_scope,,empty,TRUE
NETurkey.MartinBenito.2016.lpd,Interpretation1_variableDetail,,empty,TRUE
NeuquenRiver.Mundo.2012.lpd,Interpretation1_direction,,empty,TRUE
NeuquenRiver.Mundo.2012.lpd,Interpretation1_scope,,empty,TRUE
NeuquenRiver.Mundo.2012.lpd,Interpretation1_variableDetail,,empty,TRUE
NightcliffReef.Patterson.2023.lpd,Interpretation1_direction,,empty,TRUE
NightcliffReef.Patterson.2023.lpd,Interpretation1_scope,,empty,TRUE
NightcliffReef.Patterson.2023.lpd,Interpretation1_variableDetail,,empty,TRUE
Nora.Laird.2003.lpd,environmentInterpretation1_interpretationApplies,NA,duplicate,TRUE
Nora.Laird.2003.lpd,environmentInterpretation2_interpretationApplies,NA,duplicate,TRUE
NorthernPatagonia.Hadad.2021.lpd,Interpretation1_direction,,empty,TRUE
NorthernPatagonia.Hadad.2021.lpd,Interpretation1_scope,,empty,TRUE
NorthernPatagonia.Hadad.2021.lpd,Interpretation1_variableDetail,,empty,TRUE
NorthPatagoniaARAR.Neukom.2011.lpd,Interpretation1_direction,,empty,TRUE
NorthPatagoniaARAR.Neukom.2011.lpd,Interpretation1_scope,,empty,TRUE
NorthPatagoniaARAR.Neukom.2011.lpd,Interpretation1_variableDetail,,empty,TRUE
NU09FAN01.lpd,environmentInterpretation1_interpretationApplies,NA,duplicate,TRUE
NU09FAN01.lpd,environmentInterpretation2_interpretationApplies,NA,duplicate,TRUE
NU11PAL01.lpd,environmentInterpretation1_interpretationApplies,NA,duplicate,TRUE
NU11PAL01.lpd,environmentInterpretation2_interpretationApplies,NA,duplicate,TRUE
Olympus.Klesse.2015.lpd,Interpretation1_direction,,empty,TRUE
Olympus.Klesse.2015.lpd,Interpretation1_scope,,empty,TRUE
Olympus.Klesse.2015.lpd,Interpretation1_variableDetail,,empty,TRUE
Oregoncavesnationalmonument.Ersek.2012.lpd,environmentInterpretation1_interpretationApplies,NA,duplicate,TRUE
Oregoncavesnationalmonument.Ersek.2012.lpd,environmentInterpretation2_interpretationApplies,NA,duplicate,TRUE
OS13NGP01.lpd,environmentInterpretation1_interpretationApplies,NA,duplicate,TRUE
OS13NGP01.lpd,environmentInterpretation2_interpretationApplies,NA,duplicate,TRUE
OS14RIP01.lpd,environmentInterpretation1_interpretationApplies,NA,duplicate,TRUE
OS14RIP01.lpd,environmentInterpretation2_interpretationApplies,NA,duplicate,TRUE
OS14UCP01.lpd,environmentInterpretation1_interpretationApplies,NA,duplicate,TRUE
OS14UCP01.lpd,environmentInterpretation2_interpretationApplies,NA,duplicate,TRUE
Palmyra.Sanchez.2020.lpd,Interpretation1_direction,,empty,TRUE
Palmyra.Sanchez.2020.lpd,Interpretation1_scope,,empty,TRUE
Palmyra.Sanchez.2020.lpd,Interpretation1_variableDetail,,empty,TRUE
Paraisocave.Wang.2017.lpd,environmentInterpretation1_interpretationApplies,NA,duplicate,TRUE
Paraisocave.Wang.2017.lpd,environmentInterpretation2_interpretationApplies,NA,duplicate,TRUE
PF04PBA01.lpd,environmentInterpretation1_interpretationApplies,NA,duplicate,TRUE
PF04PBA01.lpd,environmentInterpretation2_interpretationApplies,NA,duplicate,TRUE
PF19LAR01.lpd,environmentInterpretation1_interpretationApplies,NA,duplicate,TRUE
PF19LAR01.lpd,environmentInterpretation2_interpretationApplies,NA,duplicate,TRUE
PinkPanthercave.Asmerom.2007.lpd,environmentInterpretation1_interpretationApplies,NA,duplicate,TRUE
PinkPanthercave.Asmerom.2007.lpd,environmentInterpretation2_interpretationApplies,NA,duplicate,TRUE
Pomamanta.Rodriguez-Morata_2025.lpd,Interpretation1_direction,,empty,TRUE
Pomamanta.Rodriguez-Morata_2025.lpd,Interpretation1_scope,,empty,TRUE
Pomamanta.Rodriguez-Morata_2025.lpd,Interpretation1_variableDetail,,empty,TRUE
Poprad.Bueantgen.2010.lpd,Interpretation1_direction,,empty,TRUE
Poprad.Bueantgen.2010.lpd,Interpretation1_scope,,empty,TRUE
Poprad.Bueantgen.2010.lpd,Interpretation1_variableDetail,,empty,TRUE
PrimerosPinos_Hadad_2016.lpd,Interpretation1_direction,,empty,TRUE
PrimerosPinos_Hadad_2016.lpd,Interpretation1_scope,,empty,TRUE
PrimerosPinos_Hadad_2016.lpd,Interpretation1_variableDetail,,empty,TRUE
QU06RAB01.lpd,environmentInterpretation1_interpretationApplies,NA,duplicate,TRUE
QU06RAB01.lpd,environmentInterpretation2_interpretationApplies,NA,duplicate,TRUE
QU96ESV01.lpd,environmentInterpretation1_interpretationApplies,NA,duplicate,TRUE
QU96ESV01.lpd,environmentInterpretation2_interpretationApplies,NA,duplicate,TRUE
Queniza.Morales.2012.lpd,Interpretation1_direction,,empty,TRUE
Queniza.Morales.2012.lpd,Interpretation1_scope,,empty,TRUE
Queniza.Morales.2012.lpd,Interpretation1_variableDetail,,empty,TRUE
Qunfcave.Fleitmann.2007.lpd,environmentInterpretation1_interpretationApplies,NA,duplicate,TRUE
Qunfcave.Fleitmann.2007.lpd,environmentInterpretation2_interpretationApplies,NA,duplicate,TRUE
RA19PAI01.lpd,environmentInterpretation1_interpretationApplies,NA,duplicate,TRUE
RA19PAI01.lpd,environmentInterpretation2_interpretationApplies,NA,duplicate,TRUE
RA20TAI01.lpd,environmentInterpretation1_interpretationApplies,NA,duplicate,TRUE
RA20TAI01.lpd,environmentInterpretation2_interpretationApplies,NA,duplicate,TRUE
RE18CAY01.lpd,environmentInterpretation1_interpretationApplies,NA,duplicate,TRUE
RE18CAY01.lpd,environmentInterpretation2_interpretationApplies,NA,duplicate,TRUE
Rebolledo.Hadad.2021.lpd,Interpretation1_direction,,empty,TRUE
Rebolledo.Hadad.2021.lpd,Interpretation1_scope,,empty,TRUE
Rebolledo.Hadad.2021.lpd,Interpretation1_variableDetail,,empty,TRUE
Rewalsar.Singh.2020.lpd,Interpretation1_direction,,empty,TRUE
Rewalsar.Singh.2020.lpd,Interpretation1_scope,,empty,TRUE
Rewalsar.Singh.2020.lpd,Interpretation1_variableDetail,,empty,TRUE
RI10PBL01.lpd,environmentInterpretation1_interpretationApplies,NA,duplicate,TRUE
RI10PBL01.lpd,environmentInterpretation2_interpretationApplies,NA,duplicate,TRUE
RioAgrio_HADAD_2016.lpd,Interpretation1_direction,,empty,TRUE
RioAgrio_HADAD_2016.lpd,Interpretation1_scope,,empty,TRUE
RioAgrio_HADAD_2016.lpd,Interpretation1_variableDetail,,empty,TRUE
RioAlumineOeste.Hadad.2021.lpd,Interpretation1_direction,,empty,TRUE
RioAlumineOeste.Hadad.2021.lpd,Interpretation1_scope,,empty,TRUE
RioAlumineOeste.Hadad.2021.lpd,Interpretation1_variableDetail,,empty,TRUE
RO19MAR01.lpd,environmentInterpretation1_interpretationApplies,NA,duplicate,TRUE
RO19MAR01.lpd,environmentInterpretation2_interpretationApplies,NA,duplicate,TRUE
RO19PAR01.lpd,environmentInterpretation1_interpretationApplies,NA,duplicate,TRUE
RO19PAR01.lpd,environmentInterpretation2_interpretationApplies,NA,duplicate,TRUE
RoundLake.Schmieder.2011.lpd,environmentInterpretation1_interpretationApplies,NA,duplicate,TRUE
RoundLake.Schmieder.2011.lpd,environmentInterpretation2_interpretationApplies,NA,duplicate,TRUE
SA16CLA01.lpd,environmentInterpretation1_interpretationApplies,NA,duplicate,TRUE
SA16CLA01.lpd,environmentInterpretation2_interpretationApplies,NA,duplicate,TRUE
SA18GBR01.lpd,environmentInterpretation1_interpretationApplies,NA,duplicate,TRUE
SA18GBR01.lpd,environmentInterpretation2_interpretationApplies,NA,duplicate,TRUE
SA20FAN02.lpd,environmentInterpretation1_interpretationApplies,NA,duplicate,TRUE
SA20FAN02.lpd,environmentInterpretation2_interpretationApplies,NA,duplicate,TRUE
Sahiyacave.Sinha.2015.lpd,environmentInterpretation1_interpretationApplies,NA,duplicate,TRUE
Sahiyacave.Sinha.2015.lpd,environmentInterpretation2_interpretationApplies,NA,duplicate,TRUE
Sanbaocave.Dong.2010.lpd,environmentInterpretation1_interpretationApplies,NA,duplicate,TRUE
Sanbaocave.Dong.2010.lpd,environmentInterpretation2_interpretationApplies,NA,duplicate,TRUE
SH92PUN01.lpd,environmentInterpretation1_interpretationApplies,NA,duplicate,TRUE
SH92PUN01.lpd,environmentInterpretation2_interpretationApplies,NA,duplicate,TRUE
Shatucacave.Bustamante.2016.lpd,environmentInterpretation1_interpretationApplies,NA,duplicate,TRUE
Shatucacave.Bustamante.2016.lpd,environmentInterpretation2_interpretationApplies,NA,duplicate,TRUE
Shigaocave.Jiang.2012.lpd,environmentInterpretation1_interpretationApplies,NA,duplicate,TRUE
Shigaocave.Jiang.2012.lpd,environmentInterpretation2_interpretationApplies,NA,duplicate,TRUE
Shilloi.Yadav.2022.lpd,Interpretation1_direction,,empty,TRUE
Shilloi.Yadav.2022.lpd,Interpretation1_scope,,empty,TRUE
Shilloi.Yadav.2022.lpd,Interpretation1_variableDetail,,empty,TRUE
SJordan.Touchan.1999.lpd,Interpretation1_direction,,empty,TRUE
SJordan.Touchan.1999.lpd,Interpretation1_scope,,empty,TRUE
SJordan.Touchan.1999.lpd,Interpretation1_variableDetail,,empty,TRUE
Skuleskogen.Stridbeck.2026.lpd,Interpretation1_direction,,empty,TRUE
Skuleskogen.Stridbeck.2026.lpd,Interpretation1_scope,,empty,TRUE
Skuleskogen.Stridbeck.2026.lpd,Interpretation1_variableDetail,,empty,TRUE
SM06LKF01.lpd,environmentInterpretation1_interpretationApplies,NA,duplicate,TRUE
SM06LKF01.lpd,environmentInterpretation2_interpretationApplies,NA,duplicate,TRUE
SM06LKF02.lpd,environmentInterpretation1_interpretationApplies,NA,duplicate,TRUE
SM06LKF02.lpd,environmentInterpretation2_interpretationApplies,NA,duplicate,TRUE
Smolikas.Esper.2021.lpd,Interpretation1_direction,,empty,TRUE
Smolikas.Esper.2021.lpd,Interpretation1_scope,,empty,TRUE
Smolikas.Esper.2021.lpd,Interpretation1_variableDetail,,empty,TRUE
Sofularcave.Fleitmann.2009.lpd,environmentInterpretation1_interpretationApplies,NA,duplicate,TRUE
Sofularcave.Fleitmann.2009.lpd,environmentInterpretation2_interpretationApplies,NA,duplicate,TRUE
Soniquera.Morales.2012.lpd,Interpretation1_direction,,empty,TRUE
Soniquera.Morales.2012.lpd,Interpretation1_scope,,empty,TRUE
Soniquera.Morales.2012.lpd,Interpretation1_variableDetail,,empty,TRUE
Soreqcave.Orland.2009.lpd,environmentInterpretation1_interpretationApplies,NA,duplicate,TRUE
Soreqcave.Orland.2009.lpd,environmentInterpretation2_interpretationApplies,NA,duplicate,TRUE
SouthernAmazonBasin.Lopez.2017.lpd,Interpretation1_direction,,empty,TRUE
SouthernAmazonBasin.Lopez.2017.lpd,Interpretation1_scope,,empty,TRUE
SouthernAmazonBasin.Lopez.2017.lpd,Interpretation1_variableDetail,,empty,TRUE
SP05MAAT.lpd,environmentInterpretation1_variable,precipitationIsotope,duplicate,TRUE
SP05MAAT.lpd,environmentInterpretation1_direction,positive,duplicate,TRUE
SP05MAAT.lpd,environmentInterpretation1_seasonality,Dec-Feb,duplicate,TRUE
SP05MAAT.lpd,environmentInterpretation1_interpretationApplies,NA,duplicate,TRUE
SP05MAAT.lpd,environmentInterpretation2_interpretationApplies,NA,duplicate,TRUE
SP10CACN.lpd,environmentInterpretation1_variable,precipitationIsotope,duplicate,TRUE
SP10CACN.lpd,environmentInterpretation1_direction,positive,duplicate,TRUE
SP10CACN.lpd,environmentInterpretation1_interpretationApplies,NA,duplicate,TRUE
SP10CACN.lpd,environmentInterpretation2_interpretationApplies,NA,duplicate,TRUE
SP10HAUS.lpd,environmentInterpretation1_variable,precipitationIsotope,duplicate,TRUE
SP10HAUS.lpd,environmentInterpretation1_direction,positive,duplicate,TRUE
SP10HAUS.lpd,environmentInterpretation1_interpretationApplies,NA,duplicate,TRUE
SP10HAUS.lpd,environmentInterpretation2_interpretationApplies,NA,duplicate,TRUE
SP10SUSE.lpd,environmentInterpretation1_variable,temperature,duplicate,TRUE
SP10SUSE.lpd,environmentInterpretation1_direction,negative,duplicate,TRUE
SP10SUSE.lpd,environmentInterpretation1_interpretationApplies,NA,duplicate,TRUE
SP10SUSE.lpd,environmentInterpretation2_interpretationApplies,NA,duplicate,TRUE
SP10WINZ.lpd,environmentInterpretation1_variable,precipitationIsotope,duplicate,TRUE
SP10WINZ.lpd,environmentInterpretation1_direction,positive,duplicate,TRUE
SP10WINZ.lpd,environmentInterpretation1_seasonality,Annual,duplicate,TRUE
SP10WINZ.lpd,environmentInterpretation1_interpretationApplies,NA,duplicate,TRUE
SP10WINZ.lpd,environmentInterpretation2_interpretationApplies,NA,duplicate,TRUE
SP11STBR.lpd,environmentInterpretation1_variable,precipitationIsotope,duplicate,TRUE
SP11STBR.lpd,environmentInterpretation1_direction,positve,duplicate,TRUE
SP11STBR.lpd,environmentInterpretation1_interpretationApplies,NA,duplicate,TRUE
SP11STBR.lpd,environmentInterpretation2_interpretationApplies,NA,duplicate,TRUE
SP12FOAT.lpd,environmentInterpretation1_variable,precipitationIsotope,duplicate,TRUE
SP12FOAT.lpd,environmentInterpretation1_direction,positive,duplicate,TRUE
SP12FOAT.lpd,environmentInterpretation1_seasonality,Sep-Feb,duplicate,TRUE
SP12FOAT.lpd,environmentInterpretation1_interpretationApplies,NA,duplicate,TRUE
SP12FOAT.lpd,environmentInterpretation2_interpretationApplies,NA,duplicate,TRUE
SP13SUSA.lpd,environmentInterpretation1_variable,precipitationIsotope,duplicate,TRUE
SP13SUSA.lpd,environmentInterpretation1_direction,positive,duplicate,TRUE
SP13SUSA.lpd,environmentInterpretation1_seasonality,Annual,duplicate,TRUE
SP13SUSA.lpd,environmentInterpretation1_interpretationApplies,NA,duplicate,TRUE
SP13SUSA.lpd,environmentInterpretation2_interpretationApplies,NA,duplicate,TRUE
SS03HAJA.lpd,environmentInterpretation1_variable,seawaterIsotope,duplicate,TRUE
SS03HAJA.lpd,environmentInterpretation1_direction,positive,duplicate,TRUE
SS03HAJA.lpd,environmentInterpretation1_interpretationApplies,NA,duplicate,TRUE
SS03HAJA.lpd,environmentInterpretation2_variable,temperature,duplicate,TRUE
SS03HAJA.lpd,environmentInterpretation2_direction,negative,duplicate,TRUE
SS03HAJA.lpd,environmentInterpretation2_interpretationApplies,NA,duplicate,TRUE
SS05ROES.lpd,environmentInterpretation1_variable,subsurface seawater temperature,restatement,TRUE
SS05ROES.lpd,environmentInterpretation1_direction,negative,duplicate,TRUE
SS05ROES.lpd,environmentInterpretation1_interpretationApplies,NA,duplicate,TRUE
SS05ROES.lpd,environmentInterpretation2_interpretationApplies,NA,duplicate,TRUE
SS05ROTN.lpd,environmentInterpretation1_variable,subsurface seawater temperature,restatement,TRUE
SS05ROTN.lpd,environmentInterpretation1_direction,negative,duplicate,TRUE
SS05ROTN.lpd,environmentInterpretation1_interpretationApplies,NA,duplicate,TRUE
SS05ROTN.lpd,environmentInterpretation2_interpretationApplies,NA,duplicate,TRUE
ST13MAL01.lpd,environmentInterpretation1_interpretationApplies,NA,duplicate,TRUE
ST13MAL01.lpd,environmentInterpretation2_interpretationApplies,NA,duplicate,TRUE
Surire.Morales.2012.lpd,Interpretation1_direction,,empty,TRUE
Surire.Morales.2012.lpd,Interpretation1_scope,,empty,TRUE
Surire.Morales.2012.lpd,Interpretation1_variableDetail,,empty,TRUE
SW98STP01.lpd,environmentInterpretation1_interpretationApplies,NA,duplicate,TRUE
SW98STP01.lpd,environmentInterpretation2_interpretationApplies,NA,duplicate,TRUE
SW99LIG01.lpd,environmentInterpretation1_interpretationApplies,NA,duplicate,TRUE
SW99LIG01.lpd,environmentInterpretation2_interpretationApplies,NA,duplicate,TRUE
SW99LIG02.lpd,environmentInterpretation1_interpretationApplies,NA,duplicate,TRUE
SW99LIG02.lpd,environmentInterpretation2_interpretationApplies,NA,duplicate,TRUE
TA18TAS01.lpd,environmentInterpretation1_interpretationApplies,NA,duplicate,TRUE
TA18TAS01.lpd,environmentInterpretation2_interpretationApplies,NA,duplicate,TRUE
TacuaremboRiver.Lucas.2022.lpd,Interpretation1_direction,,empty,TRUE
TacuaremboRiver.Lucas.2022.lpd,Interpretation1_scope,,empty,TRUE
TacuaremboRiver.Lucas.2022.lpd,Interpretation1_variableDetail,,empty,TRUE
Tamborilcave.Wortham.2017.lpd,environmentInterpretation1_interpretationApplies,NA,duplicate,TRUE
Tamborilcave.Wortham.2017.lpd,environmentInterpretation2_interpretationApplies,NA,duplicate,TRUE
TeReingacave.Lorrey.2008.lpd,environmentInterpretation1_interpretationApplies,NA,duplicate,TRUE
TeReingacave.Lorrey.2008.lpd,environmentInterpretation2_interpretationApplies,NA,duplicate,TRUE
Tianmen.Cai.2010.lpd,environmentInterpretation1_interpretationApplies,NA,duplicate,TRUE
Tianmen.Cai.2010.lpd,environmentInterpretation2_interpretationApplies,NA,duplicate,TRUE
Tonnelnayacave.Cheng.2016.lpd,environmentInterpretation1_interpretationApplies,NA,duplicate,TRUE
Tonnelnayacave.Cheng.2016.lpd,environmentInterpretation2_interpretationApplies,NA,duplicate,TRUE
TR04EVLI.lpd,environmentInterpretation1_variable,precipitationIsotope,duplicate,TRUE
TR04EVLI.lpd,environmentInterpretation1_direction,positive,duplicate,TRUE
TR04EVLI.lpd,environmentInterpretation1_seasonality,Annual,duplicate,TRUE
TR04EVLI.lpd,environmentInterpretation1_interpretationApplies,NA,duplicate,TRUE
TR04EVLI.lpd,environmentInterpretation2_interpretationApplies,NA,duplicate,TRUE
TR06TRBO.lpd,environmentInterpretation1_variable,precipitationIsotope,duplicate,TRUE
TR06TRBO.lpd,environmentInterpretation1_direction,positive,duplicate,TRUE
TR06TRBO.lpd,environmentInterpretation1_seasonality,Annual,duplicate,TRUE
TR06TRBO.lpd,environmentInterpretation1_interpretationApplies,NA,duplicate,TRUE
TR06TRBO.lpd,environmentInterpretation2_interpretationApplies,NA,duplicate,TRUE
TR07RECA.lpd,environmentInterpretation1_variable,precipitationIsotope,duplicate,TRUE
TR07RECA.lpd,environmentInterpretation1_direction,positive,duplicate,TRUE
TR07RECA.lpd,environmentInterpretation1_seasonality,May-Jun,duplicate,TRUE
TR07RECA.lpd,environmentInterpretation1_interpretationApplies,NA,duplicate,TRUE
TR07RECA.lpd,environmentInterpretation2_interpretationApplies,NA,duplicate,TRUE
TR07REVI.lpd,environmentInterpretation1_variable,precipitationIsotope,duplicate,TRUE
TR07REVI.lpd,environmentInterpretation1_direction,positive,duplicate,TRUE
TR07REVI.lpd,environmentInterpretation1_seasonality,May-Jun,duplicate,TRUE
TR07REVI.lpd,environmentInterpretation1_interpretationApplies,NA,duplicate,TRUE
TR07REVI.lpd,environmentInterpretation2_interpretationApplies,NA,duplicate,TRUE
TR08HORA.lpd,environmentInterpretation1_variable,precipitationIsotope,duplicate,TRUE
TR08HORA.lpd,environmentInterpretation1_direction,positive,duplicate,TRUE
TR08HORA.lpd,environmentInterpretation1_seasonality,Nov-Feb,duplicate,TRUE
TR08HORA.lpd,environmentInterpretation1_interpretationApplies,NA,duplicate,TRUE
TR08HORA.lpd,environmentInterpretation2_interpretationApplies,NA,duplicate,TRUE
TR08THCO.lpd,environmentInterpretation1_variable,precipitationIsotope,duplicate,TRUE
TR08THCO.lpd,environmentInterpretation1_direction,positive,duplicate,TRUE
TR08THCO.lpd,environmentInterpretation1_seasonality,Dec-Feb,duplicate,TRUE
TR08THCO.lpd,environmentInterpretation1_interpretationApplies,NA,duplicate,TRUE
TR08THCO.lpd,environmentInterpretation2_interpretationApplies,NA,duplicate,TRUE
TR08VOOL.lpd,environmentInterpretation1_variable,precipitationIsotope,duplicate,TRUE
TR08VOOL.lpd,environmentInterpretation1_direction,positive,duplicate,TRUE
TR08VOOL.lpd,environmentInterpretation1_seasonality,Summer,duplicate,TRUE
TR08VOOL.lpd,environmentInterpretation1_interpretationApplies,NA,duplicate,TRUE
TR08VOOL.lpd,environmentInterpretation2_interpretationApplies,NA,duplicate,TRUE
TR10ANMO.lpd,environmentInterpretation1_variable,precipitationIsotope,duplicate,TRUE
TR10ANMO.lpd,environmentInterpretation1_direction,positive,duplicate,TRUE
TR10ANMO.lpd,environmentInterpretation1_seasonality,Jan-Apr,duplicate,TRUE
TR10ANMO.lpd,environmentInterpretation1_interpretationApplies,NA,duplicate,TRUE
TR10ANMO.lpd,environmentInterpretation2_interpretationApplies,NA,duplicate,TRUE
TR11BAPU.lpd,environmentInterpretation1_variable,precipitationIsotope,duplicate,TRUE
TR11BAPU.lpd,environmentInterpretation1_direction,positive,duplicate,TRUE
TR11BAPU.lpd,environmentInterpretation1_seasonality,Jan,duplicate,TRUE
TR11BAPU.lpd,environmentInterpretation1_interpretationApplies,NA,duplicate,TRUE
TR11BAPU.lpd,environmentInterpretation2_interpretationApplies,NA,duplicate,TRUE
TR11BAVO.lpd,environmentInterpretation1_variable,precipitationIsotope,duplicate,TRUE
TR11BAVO.lpd,environmentInterpretation1_direction,positive,duplicate,TRUE
TR11BAVO.lpd,environmentInterpretation1_seasonality,Mar,duplicate,TRUE
TR11BAVO.lpd,environmentInterpretation1_interpretationApplies,NA,duplicate,TRUE
TR11BAVO.lpd,environmentInterpretation2_interpretationApplies,NA,duplicate,TRUE
TR11GRTP.lpd,environmentInterpretation1_variable,precipitationIsotope,duplicate,TRUE
TR11GRTP.lpd,environmentInterpretation1_direction,positive,duplicate,TRUE
TR11GRTP.lpd,environmentInterpretation1_seasonality,Aug,duplicate,TRUE
TR11GRTP.lpd,environmentInterpretation1_interpretationApplies,NA,duplicate,TRUE
TR11GRTP.lpd,environmentInterpretation2_interpretationApplies,NA,duplicate,TRUE
TR11MAJA.lpd,environmentInterpretation1_variable,precipitationIsotope,duplicate,TRUE
TR11MAJA.lpd,environmentInterpretation1_direction,positive,duplicate,TRUE
TR11MAJA.lpd,environmentInterpretation1_seasonality,May-Dec,duplicate,TRUE
TR11MAJA.lpd,environmentInterpretation1_interpretationApplies,NA,duplicate,TRUE
TR11MAJA.lpd,environmentInterpretation2_interpretationApplies,NA,duplicate,TRUE
TR11MAPE.lpd,environmentInterpretation1_variable,precipitationIsotope,duplicate,TRUE
TR11MAPE.lpd,environmentInterpretation1_direction,positive,duplicate,TRUE
TR11MAPE.lpd,environmentInterpretation1_seasonality,May-Dec,duplicate,TRUE
TR11MAPE.lpd,environmentInterpretation1_interpretationApplies,NA,duplicate,TRUE
TR11MAPE.lpd,environmentInterpretation2_interpretationApplies,NA,duplicate,TRUE
TR11SIMO.lpd,environmentInterpretation1_variable,precipitationIsotope,duplicate,TRUE
TR11SIMO.lpd,environmentInterpretation1_direction,positive,duplicate,TRUE
TR11SIMO.lpd,environmentInterpretation1_seasonality,Jul,duplicate,TRUE
TR11SIMO.lpd,environmentInterpretation1_interpretationApplies,NA,duplicate,TRUE
TR11SIMO.lpd,environmentInterpretation2_interpretationApplies,NA,duplicate,TRUE
TR11XUPH.lpd,environmentInterpretation1_variable,effectivePrecipitation,duplicate,TRUE
TR11XUPH.lpd,environmentInterpretation1_direction,negative,duplicate,TRUE
TR11XUPH.lpd,environmentInterpretation1_seasonality,May-Oct,duplicate,TRUE
TR11XUPH.lpd,environmentInterpretation1_interpretationApplies,NA,duplicate,TRUE
TR11XUPH.lpd,environmentInterpretation2_interpretationApplies,NA,duplicate,TRUE
TR12BECO.lpd,environmentInterpretation1_variable,precipitationIsotope,duplicate,TRUE
TR12BECO.lpd,environmentInterpretation1_direction,positive,duplicate,TRUE
TR12BECO.lpd,environmentInterpretation1_seasonality,Apr-Sep,duplicate,TRUE
TR12BECO.lpd,environmentInterpretation1_interpretationApplies,NA,duplicate,TRUE
TR12BECO.lpd,environmentInterpretation2_interpretationApplies,NA,duplicate,TRUE
TR12BRBO.lpd,environmentInterpretation1_variable,precipitationIsotope,duplicate,TRUE
TR12BRBO.lpd,environmentInterpretation1_direction,positive,duplicate,TRUE
TR12BRBO.lpd,environmentInterpretation1_seasonality,Oct-Apr,duplicate,TRUE
TR12BRBO.lpd,environmentInterpretation1_interpretationApplies,NA,duplicate,TRUE
TR12BRBO.lpd,environmentInterpretation2_interpretationApplies,NA,duplicate,TRUE
TR12SAMU.lpd,environmentInterpretation1_variable,effectivePrecipitation,duplicate,TRUE
TR12SAMU.lpd,environmentInterpretation1_direction,negative,duplicate,TRUE
TR12SAMU.lpd,environmentInterpretation1_seasonality,May-Oct,duplicate,TRUE
TR12SAMU.lpd,environmentInterpretation1_interpretationApplies,NA,duplicate,TRUE
TR12SAMU.lpd,environmentInterpretation2_variable,precipitation,duplicate,TRUE
TR12SAMU.lpd,environmentInterpretation2_direction,negative,duplicate,TRUE
TR12SAMU.lpd,environmentInterpretation2_interpretationApplies,NA,duplicate,TRUE
TR13BROA.lpd,environmentInterpretation1_variable,precipitationIsotope,duplicate,TRUE
TR13BROA.lpd,environmentInterpretation1_direction,positive,duplicate,TRUE
TR13BROA.lpd,environmentInterpretation1_seasonality,Jun-Oct,duplicate,TRUE
TR13BROA.lpd,environmentInterpretation1_interpretationApplies,NA,duplicate,TRUE
TR13BROA.lpd,environmentInterpretation2_interpretationApplies,NA,duplicate,TRUE
TR13POMA.lpd,environmentInterpretation1_variable,precipitationIsotope,duplicate,TRUE
TR13POMA.lpd,environmentInterpretation1_direction,positive,duplicate,TRUE
TR13POMA.lpd,environmentInterpretation1_seasonality,Apr-Jul,duplicate,TRUE
TR13POMA.lpd,environmentInterpretation1_interpretationApplies,NA,duplicate,TRUE
TR13POMA.lpd,environmentInterpretation2_interpretationApplies,NA,duplicate,TRUE
TR13SIKO.lpd,environmentInterpretation1_variable,precipitationIsotope,duplicate,TRUE
TR13SIKO.lpd,environmentInterpretation1_direction,positive,duplicate,TRUE
TR13SIKO.lpd,environmentInterpretation1_seasonality,Jul,duplicate,TRUE
TR13SIKO.lpd,environmentInterpretation1_interpretationApplies,NA,duplicate,TRUE
TR13SIKO.lpd,environmentInterpretation2_interpretationApplies,NA,duplicate,TRUE
TR14KOSP.lpd,environmentInterpretation1_variable,evaporation,duplicate,TRUE
TR14KOSP.lpd,environmentInterpretation1_direction,positive,duplicate,TRUE
TR14KOSP.lpd,environmentInterpretation1_seasonality,May,duplicate,TRUE
TR14KOSP.lpd,environmentInterpretation1_interpretationApplies,NA,duplicate,TRUE
TR14KOSP.lpd,environmentInterpretation2_interpretationApplies,NA,duplicate,TRUE
TR15BABO.lpd,environmentInterpretation1_variable,precipitationIsotope,duplicate,TRUE
TR15BABO.lpd,environmentInterpretation1_direction,positive,duplicate,TRUE
TR15BABO.lpd,environmentInterpretation1_seasonality,Annual,duplicate,TRUE
TR15BABO.lpd,environmentInterpretation1_interpretationApplies,NA,duplicate,TRUE
TR15BABO.lpd,environmentInterpretation2_interpretationApplies,NA,duplicate,TRUE
TR15NACA.lpd,environmentInterpretation1_variable,precipitationIsotope,duplicate,TRUE
TR15NACA.lpd,environmentInterpretation1_direction,positive,duplicate,TRUE
TR15NACA.lpd,environmentInterpretation1_seasonality,Jun-Aug,duplicate,TRUE
TR15NACA.lpd,environmentInterpretation1_interpretationApplies,NA,duplicate,TRUE
TR15NACA.lpd,environmentInterpretation2_interpretationApplies,NA,duplicate,TRUE
TR15YOLL.lpd,environmentInterpretation1_variable,precipitationIsotope,duplicate,TRUE
TR15YOLL.lpd,environmentInterpretation1_direction,positive,duplicate,TRUE
TR15YOLL.lpd,environmentInterpretation1_seasonality,Jun-Aug,duplicate,TRUE
TR15YOLL.lpd,environmentInterpretation1_interpretationApplies,NA,duplicate,TRUE
TR15YOLL.lpd,environmentInterpretation2_interpretationApplies,NA,duplicate,TRUE
TR15YONW.lpd,environmentInterpretation1_variable,precipitationIsotope,duplicate,TRUE
TR15YONW.lpd,environmentInterpretation1_direction,positive,duplicate,TRUE
TR15YONW.lpd,environmentInterpretation1_seasonality,Jun-Aug,duplicate,TRUE
TR15YONW.lpd,environmentInterpretation1_interpretationApplies,NA,duplicate,TRUE
TR15YONW.lpd,environmentInterpretation2_interpretationApplies,NA,duplicate,TRUE
TR16LAAN.lpd,environmentInterpretation1_variable,effectivePrecipitation,duplicate,TRUE
TR16LAAN.lpd,environmentInterpretation1_direction,negative,duplicate,TRUE
TR16LAAN.lpd,environmentInterpretation1_seasonality,Jun-Aug,duplicate,TRUE
TR16LAAN.lpd,environmentInterpretation1_interpretationApplies,NA,duplicate,TRUE
TR16LAAN.lpd,environmentInterpretation2_interpretationApplies,NA,duplicate,TRUE
TR16LAFO.lpd,environmentInterpretation1_variable,effectivePrecipitation,duplicate,TRUE
TR16LAFO.lpd,environmentInterpretation1_direction,negative,duplicate,TRUE
TR16LAFO.lpd,environmentInterpretation1_seasonality,Jun-Aug,duplicate,TRUE
TR16LAFO.lpd,environmentInterpretation1_interpretationApplies,NA,duplicate,TRUE
TR16LAFO.lpd,environmentInterpretation2_interpretationApplies,NA,duplicate,TRUE
TR16WEMI.lpd,environmentInterpretation1_variable,precipitationIsotope,duplicate,TRUE
TR16WEMI.lpd,environmentInterpretation1_direction,positive,duplicate,TRUE
TR16WEMI.lpd,environmentInterpretation1_seasonality,Jun-Aug,duplicate,TRUE
TR16WEMI.lpd,environmentInterpretation1_interpretationApplies,NA,duplicate,TRUE
TR16WEMI.lpd,environmentInterpretation2_interpretationApplies,NA,duplicate,TRUE
TR16WEXI.lpd,environmentInterpretation1_variable,evaporation,duplicate,TRUE
TR16WEXI.lpd,environmentInterpretation1_direction,positive,duplicate,TRUE
TR16WEXI.lpd,environmentInterpretation1_seasonality,Jun-Aug,duplicate,TRUE
TR16WEXI.lpd,environmentInterpretation1_interpretationApplies,NA,duplicate,TRUE
TR16WEXI.lpd,environmentInterpretation2_interpretationApplies,NA,duplicate,TRUE
TR17EDSW.lpd,environmentInterpretation1_variable,precipitationIsotope,duplicate,TRUE
TR17EDSW.lpd,environmentInterpretation1_direction,positive,duplicate,TRUE
TR17EDSW.lpd,environmentInterpretation1_seasonality,Feb,duplicate,TRUE
TR17EDSW.lpd,environmentInterpretation1_interpretationApplies,NA,duplicate,TRUE
TR17EDSW.lpd,environmentInterpretation2_interpretationApplies,NA,duplicate,TRUE
TR17GRTP.lpd,environmentInterpretation1_variable,evaporation,duplicate,TRUE
TR17GRTP.lpd,environmentInterpretation1_direction,positive,duplicate,TRUE
TR17GRTP.lpd,environmentInterpretation1_seasonality,May-Sep,duplicate,TRUE
TR17GRTP.lpd,environmentInterpretation1_interpretationApplies,NA,duplicate,TRUE
TR17GRTP.lpd,environmentInterpretation2_interpretationApplies,NA,duplicate,TRUE
Track.lpd,Interpretation1_direction,,empty,TRUE
Track.lpd,Interpretation1_scope,,empty,TRUE
Track.lpd,Interpretation1_variableDetail,,empty,TRUE
TU01DEP01.lpd,environmentInterpretation1_interpretationApplies,NA,duplicate,TRUE
TU01DEP01.lpd,environmentInterpretation2_interpretationApplies,NA,duplicate,TRUE
TU01LAI01.lpd,environmentInterpretation1_interpretationApplies,NA,duplicate,TRUE
TU01LAI01.lpd,environmentInterpretation2_interpretationApplies,NA,duplicate,TRUE
TU95MAD01.lpd,environmentInterpretation1_interpretationApplies,NA,duplicate,TRUE
TU95MAD01.lpd,environmentInterpretation2_interpretationApplies,NA,duplicate,TRUE
Ucayali.Humanes-Fuente.2020.lpd,Interpretation1_direction,,empty,TRUE
Ucayali.Humanes-Fuente.2020.lpd,Interpretation1_scope,,empty,TRUE
Ucayali.Humanes-Fuente.2020.lpd,Interpretation1_variableDetail,,empty,TRUE
Uluu-Toocave.Wolff.2017.lpd,environmentInterpretation1_interpretationApplies,NA,duplicate,TRUE
Uluu-Toocave.Wolff.2017.lpd,environmentInterpretation2_interpretationApplies,NA,duplicate,TRUE
UR00MAI01.lpd,environmentInterpretation1_interpretationApplies,NA,duplicate,TRUE
UR00MAI01.lpd,environmentInterpretation2_interpretationApplies,NA,duplicate,TRUE
Uturunco.Morales.2012.lpd,Interpretation1_direction,,empty,TRUE
Uturunco.Morales.2012.lpd,Interpretation1_scope,,empty,TRUE
Uturunco.Morales.2012.lpd,Interpretation1_variableDetail,,empty,TRUE
Vietnam.Buckley.2010.lpd,Interpretation1_direction,,empty,TRUE
Vietnam.Buckley.2010.lpd,Interpretation1_scope,,empty,TRUE
Vietnam.Buckley.2010.lpd,Interpretation1_variableDetail,,empty,TRUE
Wallywash.Holmes.2023.lpd,environmentInterpretation1_interpretationApplies,NA,duplicate,TRUE
Wallywash.Holmes.2023.lpd,environmentInterpretation2_interpretationApplies,NA,duplicate,TRUE
WCyprus.Griggs.2013.lpd,Interpretation1_direction,,empty,TRUE
WCyprus.Griggs.2013.lpd,Interpretation1_scope,,empty,TRUE
WCyprus.Griggs.2013.lpd,Interpretation1_variableDetail,,empty,TRUE
WE09ARR01.lpd,environmentInterpretation1_interpretationApplies,NA,duplicate,TRUE
WE09ARR01.lpd,environmentInterpretation2_interpretationApplies,NA,duplicate,TRUE
Weinviertel.Karanitsch-Ackerl.2019.lpd,Interpretation1_direction,,empty,TRUE
Weinviertel.Karanitsch-Ackerl.2019.lpd,Interpretation1_scope,,empty,TRUE
Weinviertel.Karanitsch-Ackerl.2019.lpd,Interpretation1_variableDetail,,empty,TRUE
Wolverine.Mann.2002.lpd,environmentInterpretation1_interpretationApplies,NA,duplicate,TRUE
Wolverine.Mann.2002.lpd,environmentInterpretation2_interpretationApplies,NA,duplicate,TRUE
WU13TON01.lpd,environmentInterpretation1_interpretationApplies,NA,duplicate,TRUE
WU13TON01.lpd,environmentInterpretation2_interpretationApplies,NA,duplicate,TRUE
WU14CLI01.lpd,environmentInterpretation1_interpretationApplies,NA,duplicate,TRUE
WU14CLI01.lpd,environmentInterpretation2_interpretationApplies,NA,duplicate,TRUE
WuyaCave.Tan.2020.lpd,environmentInterpretation1_interpretationApplies,NA,duplicate,TRUE
WuyaCave.Tan.2020.lpd,environmentInterpretation2_interpretationApplies,NA,duplicate,TRUE
XI17HAI01.lpd,environmentInterpretation1_interpretationApplies,NA,duplicate,TRUE
XI17HAI01.lpd,environmentInterpretation2_interpretationApplies,NA,duplicate,TRUE
Xianglongcave.Tan.2018.lpd,environmentInterpretation1_interpretationApplies,NA,duplicate,TRUE
Xianglongcave.Tan.2018.lpd,environmentInterpretation2_interpretationApplies,NA,duplicate,TRUE
Xinyacave.TingYong.2007.lpd,environmentInterpretation1_interpretationApplies,NA,duplicate,TRUE
Xinyacave.TingYong.2007.lpd,environmentInterpretation2_interpretationApplies,NA,duplicate,TRUE
XU15BVI02.lpd,environmentInterpretation1_interpretationApplies,NA,duplicate,TRUE
XU15BVI02.lpd,environmentInterpretation2_interpretationApplies,NA,duplicate,TRUE
Zaca.Kirby.2014.lpd,Interpretation1_direction,,empty,TRUE
Zaca.Kirby.2014.lpd,Interpretation1_scope,,empty,TRUE
Zaca.Kirby.2014.lpd,Interpretation1_variableDetail,,empty,TRUE
ZI04IFR01.lpd,environmentInterpretation1_interpretationApplies,NA,duplicate,TRUE
ZI04IFR01.lpd,environmentInterpretation2_interpretationApplies,NA,duplicate,TRUE
ZI08MAY01.lpd,environmentInterpretation1_interpretationApplies,NA,duplicate,TRUE
ZI08MAY01.lpd,environmentInterpretation2_interpretationApplies,NA,duplicate,TRUE
ZI14HOU01.lpd,environmentInterpretation1_interpretationApplies,NA,duplicate,TRUE
ZI14HOU01.lpd,environmentInterpretation2_interpretationApplies,NA,duplicate,TRUE
ZI14IFR02.lpd,environmentInterpretation1_interpretationApplies,NA,duplicate,TRUE
ZI14IFR02.lpd,environmentInterpretation2_interpretationApplies,NA,duplicate,TRUE
ZI14TUR01.lpd,environmentInterpretation1_interpretationApplies,NA,duplicate,TRUE
ZI14TUR01.lpd,environmentInterpretation2_interpretationApplies,NA,duplicate,TRUE
ZI15BUN01.lpd,environmentInterpretation1_interpretationApplies,NA,duplicate,TRUE
ZI15BUN01.lpd,environmentInterpretation2_interpretationApplies,NA,duplicate,TRUE
ZI15CLE01.lpd,environmentInterpretation1_interpretationApplies,NA,duplicate,TRUE
ZI15CLE01.lpd,environmentInterpretation2_interpretationApplies,NA,duplicate,TRUE
ZI15IMP01.lpd,environmentInterpretation1_interpretationApplies,NA,duplicate,TRUE
ZI15IMP01.lpd,environmentInterpretation2_interpretationApplies,NA,duplicate,TRUE
ZI15IMP02.lpd,environmentInterpretation1_interpretationApplies,NA,duplicate,TRUE
ZI15IMP02.lpd,environmentInterpretation2_interpretationApplies,NA,duplicate,TRUE
ZI15MER01.lpd,environmentInterpretation1_interpretationApplies,NA,duplicate,TRUE
ZI15MER01.lpd,environmentInterpretation2_interpretationApplies,NA,duplicate,TRUE
ZI15TAN01.lpd,environmentInterpretation1_interpretationApplies,NA,duplicate,TRUE
ZI15TAN01.lpd,environmentInterpretation2_interpretationApplies,NA,duplicate,TRUE
ZI16ROD01.lpd,environmentInterpretation1_interpretationApplies,NA,duplicate,TRUE
ZI16ROD01.lpd,environmentInterpretation2_interpretationApplies,NA,duplicate,TRUE
ZI16ROD02.lpd,environmentInterpretation1_interpretationApplies,NA,duplicate,TRUE
ZI16ROD02.lpd,environmentInterpretation2_interpretationApplies,NA,duplicate,TRUE
Zimbawe.Therrell.2006.lpd,Interpretation1_direction,,empty,TRUE
Zimbawe.Therrell.2006.lpd,Interpretation1_scope,,empty,TRUE
Zimbawe.Therrell.2006.lpd,Interpretation1_variableDetail,,empty,TRUE
