dataSetName,datasetId,TSid,field_path,class,old_value,new_value
EasternEquatorialAmazon.GranatoSouza.2018,1BVULOfms9ukbUckkUoB,,Interpretation1_direction,only_old,,
BAP82-30BC.Harris.2025,1X5Um4RLaubaHJ4NeTQH,,Interpretation1_direction,only_old,,
NeuquenRiver.Mundo.2012,38YflFKxWz6CVSloNL0D,,Interpretation1_direction,only_old,,
ElJunco.Zhang.2014,5E6SEDAAEpI4Llv1TdfK,,Interpretation1_direction,only_old,,
ElJunco.Conroy.2008,7SumlqQmOTxvlEdbkmqk,,Interpretation1_direction,only_old,,
Palmyra.Sanchez.2020,7cMQD22Jg12wquYlnbvY,,Interpretation1_direction,only_old,,
EasternAmazonBasin.GuimaraesPereira.2025,8inVEw46fQ9vtT4t0roY,,Interpretation1_direction,only_old,,
MainRegion.Land.2019,9nvT9at1SMGIdevcHk0O,,Interpretation1_direction,only_old,,
Pomamanta.Rodriguez-Morata_2025,AYOtiRg3FBRvGBVc4bnu,,Interpretation1_direction,only_old,,
Smolikas.Esper.2021,AyQ5EC0YJnjd2ZPmT8pf,,Interpretation1_direction,only_old,,
Weinviertel.Karanitsch-Ackerl.2019,B3XLnbFojPvjvetUJ1WI,,Interpretation1_direction,only_old,,
SouthernAmazonBasin.Lopez.2017,BZ7buHntr34jW2NrrpZp,,Interpretation1_direction,only_old,,
Corsica.Esper.2022,CDvBphC8WVyUJecM95Z9,,Interpretation1_direction,only_old,,
Track,DQNXPoAMzaxQBUgeP5Jm,,Interpretation1_direction,only_old,,
Atlas.Esper.2007,E0gUHg8jrcrhgjzYMxX1,,Interpretation1_direction,only_old,,
InnValley.Oberhuber.2002,EYQVUivPyBfwbAKhry7C,,Interpretation1_direction,only_old,,
WCyprus.Griggs.2013,EzLImvSGlpKmY5xWxxCW,,Interpretation1_direction,only_old,,
Vietnam.Buckley.2010,FMJhUM9g564hj0yTTgqX,,Interpretation1_direction,only_old,,
NorthernPatagonia.Hadad.2021,I04f8Loq1VFyNj4uMcE8,,Interpretation1_direction,only_old,,
TacuaremboRiver.Lucas.2022,ITMvPnOqpSLCtJJvem1T,,Interpretation1_direction,only_old,,
NETurkey.MartinBenito.2016,JtV9mZbr5sohKxrzTZNd,,Interpretation1_direction,only_old,,
Caquellas.Morales.20121,JzEFTgw9gntS1qQZI676,,Interpretation1_direction,only_old,,
EsternAmazon.Granato-Souza.2020,K3drH0wQ5GyqtKk3XkAt,,Interpretation1_direction,only_old,,
Guallatire.Morales.2012,L60tah8OOGt9k5gt73Bo,,Interpretation1_direction,only_old,,
AguadeNieves.Humanes-Fuente.2020,L6tQfyYkjCveguv4Z4px,,Interpretation1_direction,only_old,,
Fanning.Sanchez.2020,LhxL2dEkeaXxA9ID0sRh,,Interpretation1_direction,only_old,,
NightcliffReef.Patterson.2023,LsIr2FsjrdSTxXYQIZGS,,Interpretation1_direction,only_old,,
Uturunco.Morales.2012,McwW73N6k9wItpjA5tkM,,Interpretation1_direction,only_old,,
Queniza.Morales.2012,Qc0zA4vIJhqzrl3jkNUH,,Interpretation1_direction,only_old,,
Zimbawe.Therrell.2006,RVlLKqVsiYDDwmvtUpMb,,Interpretation1_direction,only_old,,
Laduo.Cai.2026,RqKABxIfMRl9GIfyHjEl,,Interpretation1_direction,only_old,,
Rewalsar.Singh.2020,SVkYdQjui87HzAxHG2cd,,Interpretation1_direction,only_old,,
LakeBarrine.Sun.2023,TxHiWEzA0lRX5gQydgvo,,Interpretation1_direction,only_old,,
CentralAlps.Arosio.2025,U1A5uFuPCLBvVJkPIO19,,Interpretation1_direction,only_old,,
AndesPeru.Humanes-Fuente.2020,UAMrwlkobiRs63dSP3U2,,Interpretation1_direction,only_old,,
Kongtong.Fang.2012,W3PFPpYRUSmmRzSDrRDK,,Interpretation1_direction,only_old,,
Surire.Morales.2012,WFI0jK00NPzbCc2u0GUl,,Interpretation1_direction,only_old,,
BAM80-E17.Harris.2025,WIExJgJF9RYbv9PD3526,,Interpretation1_direction,only_old,,
NAegean.Griggs.2007,WXkkK0eoYhSlmu1b38At,,Interpretation1_direction,only_old,,
CarreriMalal_Hadad_2016,WYUqfF5h2lZ6j1GceYtb,,Interpretation1_direction,only_old,,
Alumine.Hadad.2021,XXDkfEIe0P1eDbElrseH,,Interpretation1_direction,only_old,,
Rebolledo.Hadad.2021,Xfmam0aYGrXCZhlDxgaV,,Interpretation1_direction,only_old,,
Domogled.Levanic.2013,XrzQ4hBZRNdyEXmV2oNK,,Interpretation1_direction,only_old,,
NegroRiver.Lucas.2022,ZHCLH4D6MaQ0xDKx2HK9,,Interpretation1_direction,only_old,,
Shilloi.Yadav.2022,aMaSE3JRpeFKjYNL2aej,,Interpretation1_direction,only_old,,
Fsabaya.Morales.2012,aiLdrtt9pSVUbjKwLJfU,,Interpretation1_direction,only_old,,
Muna.Evans.2026,aiNZzgaMvwfDPQAitizs,,Interpretation1_direction,only_old,,
Zaca.Kirby.2014,bLfvaX6A3qLMSB7jzFI4,,Interpretation1_direction,only_old,,
Olympus.Klesse.2015,bsZdDyCIuO43a7xpGef1,,Interpretation1_direction,only_old,,
SJordan.Touchan.1999,c5UCHFsAYIpGziJxZbnQ,,Interpretation1_direction,only_old,,
Skuleskogen.Stridbeck.2026,gMsXPjuoERD1CnZCu4sN,,Interpretation1_direction,only_old,,
PrimerosPinos_Hadad_2016,h0fwW5wuNiOsEE31OVcN,,Interpretation1_direction,only_old,,
Bakony.Kern.2009,hGFOLp5hxrpuUH0bmcz1,,Interpretation1_direction,only_old,,
Soniquera.Morales.2012,hMkCpy5gV2Z0l7Uv98RT,,Interpretation1_direction,only_old,,
JuninPeru1.Humanes-Fuente.2020,hYeWRvWVn3O0eRHPqXx1,,Interpretation1_direction,only_old,,
Altiplano.Morales.2012,hsLfdtBpPXP3yJ7KgOgh,,Interpretation1_direction,only_old,,
CentralMexico.Sthale.2011,iKPzOgCVDjKMID2tufYE,,Interpretation1_direction,only_old,,
BavarianForest.Wilson.2005,iR8dYvLy6ICNBcb59PUi,,Interpretation1_direction,only_old,,
Lom-Janj.An2023,jEAGWWW2H6r3LI9jS0NY,,Interpretation1_direction,only_old,,
RioAlumineOeste.Hadad.2021,mcyX3awYfHnhK4dk07By,,Interpretation1_direction,only_old,,
NorthPatagoniaARAR.Neukom.2011,ms2zGQbIX9IfZrcrvReq,,Interpretation1_direction,only_old,,
Anshupa.Palar.2025,nmpaCCddwDOnHN0UGpNO,,Interpretation1_direction,only_old,,
Ucayali.Humanes-Fuente.2020,nnWKsBJntAPWTbzAYlHa,,Interpretation1_direction,only_old,,
Burabai.Akkemik.2020,nv4Po1B0megxo5reBEDi,,Interpretation1_direction,only_old,,
JuninPeru2.Humanes-Fuente.2020,oF3J0Bf4YMHFPDl2ZcyU,,Interpretation1_direction,only_old,,
NegroRiver.Wang.2025,uG1ksrUrRTz2xGYcS9yG,,Interpretation1_direction,only_old,,
EnglandWales.Loader.2020,vPMBa9uShpLXDd0n1Ske,,Interpretation1_direction,only_old,,
KellyLake.Broadman.2022,vzmYOOfD62zpcH4hvL2e,,Interpretation1_direction,only_old,,
Poprad.Bueantgen.2010,wmpCMuEp7vLkKNWMzVKf,,Interpretation1_direction,only_old,,
RioAgrio_HADAD_2016,yD2KOnpy6EzR228n47CO,,Interpretation1_direction,only_old,,
EasternEquatorialAmazon.GranatoSouza.2018,1BVULOfms9ukbUckkUoB,,Interpretation1_scope,only_old,,
BAP82-30BC.Harris.2025,1X5Um4RLaubaHJ4NeTQH,,Interpretation1_scope,only_old,,
NeuquenRiver.Mundo.2012,38YflFKxWz6CVSloNL0D,,Interpretation1_scope,only_old,,
ElJunco.Zhang.2014,5E6SEDAAEpI4Llv1TdfK,,Interpretation1_scope,only_old,,
ElJunco.Conroy.2008,7SumlqQmOTxvlEdbkmqk,,Interpretation1_scope,only_old,,
Palmyra.Sanchez.2020,7cMQD22Jg12wquYlnbvY,,Interpretation1_scope,only_old,,
EasternAmazonBasin.GuimaraesPereira.2025,8inVEw46fQ9vtT4t0roY,,Interpretation1_scope,only_old,,
MainRegion.Land.2019,9nvT9at1SMGIdevcHk0O,,Interpretation1_scope,only_old,,
Pomamanta.Rodriguez-Morata_2025,AYOtiRg3FBRvGBVc4bnu,,Interpretation1_scope,only_old,,
Smolikas.Esper.2021,AyQ5EC0YJnjd2ZPmT8pf,,Interpretation1_scope,only_old,,
Weinviertel.Karanitsch-Ackerl.2019,B3XLnbFojPvjvetUJ1WI,,Interpretation1_scope,only_old,,
SouthernAmazonBasin.Lopez.2017,BZ7buHntr34jW2NrrpZp,,Interpretation1_scope,only_old,,
Corsica.Esper.2022,CDvBphC8WVyUJecM95Z9,,Interpretation1_scope,only_old,,
Track,DQNXPoAMzaxQBUgeP5Jm,,Interpretation1_scope,only_old,,
Atlas.Esper.2007,E0gUHg8jrcrhgjzYMxX1,,Interpretation1_scope,only_old,,
InnValley.Oberhuber.2002,EYQVUivPyBfwbAKhry7C,,Interpretation1_scope,only_old,,
WCyprus.Griggs.2013,EzLImvSGlpKmY5xWxxCW,,Interpretation1_scope,only_old,,
Vietnam.Buckley.2010,FMJhUM9g564hj0yTTgqX,,Interpretation1_scope,only_old,,
NorthernPatagonia.Hadad.2021,I04f8Loq1VFyNj4uMcE8,,Interpretation1_scope,only_old,,
TacuaremboRiver.Lucas.2022,ITMvPnOqpSLCtJJvem1T,,Interpretation1_scope,only_old,,
NETurkey.MartinBenito.2016,JtV9mZbr5sohKxrzTZNd,,Interpretation1_scope,only_old,,
Caquellas.Morales.20121,JzEFTgw9gntS1qQZI676,,Interpretation1_scope,only_old,,
EsternAmazon.Granato-Souza.2020,K3drH0wQ5GyqtKk3XkAt,,Interpretation1_scope,only_old,,
Guallatire.Morales.2012,L60tah8OOGt9k5gt73Bo,,Interpretation1_scope,only_old,,
AguadeNieves.Humanes-Fuente.2020,L6tQfyYkjCveguv4Z4px,,Interpretation1_scope,only_old,,
Fanning.Sanchez.2020,LhxL2dEkeaXxA9ID0sRh,,Interpretation1_scope,only_old,,
NightcliffReef.Patterson.2023,LsIr2FsjrdSTxXYQIZGS,,Interpretation1_scope,only_old,,
Uturunco.Morales.2012,McwW73N6k9wItpjA5tkM,,Interpretation1_scope,only_old,,
Queniza.Morales.2012,Qc0zA4vIJhqzrl3jkNUH,,Interpretation1_scope,only_old,,
Zimbawe.Therrell.2006,RVlLKqVsiYDDwmvtUpMb,,Interpretation1_scope,only_old,,
Laduo.Cai.2026,RqKABxIfMRl9GIfyHjEl,,Interpretation1_scope,only_old,,
Rewalsar.Singh.2020,SVkYdQjui87HzAxHG2cd,,Interpretation1_scope,only_old,,
LakeBarrine.Sun.2023,TxHiWEzA0lRX5gQydgvo,,Interpretation1_scope,only_old,,
CentralAlps.Arosio.2025,U1A5uFuPCLBvVJkPIO19,,Interpretation1_scope,only_old,,
AndesPeru.Humanes-Fuente.2020,UAMrwlkobiRs63dSP3U2,,Interpretation1_scope,only_old,,
Kongtong.Fang.2012,W3PFPpYRUSmmRzSDrRDK,,Interpretation1_scope,only_old,,
Surire.Morales.2012,WFI0jK00NPzbCc2u0GUl,,Interpretation1_scope,only_old,,
BAM80-E17.Harris.2025,WIExJgJF9RYbv9PD3526,,Interpretation1_scope,only_old,,
NAegean.Griggs.2007,WXkkK0eoYhSlmu1b38At,,Interpretation1_scope,only_old,,
CarreriMalal_Hadad_2016,WYUqfF5h2lZ6j1GceYtb,,Interpretation1_scope,only_old,,
Alumine.Hadad.2021,XXDkfEIe0P1eDbElrseH,,Interpretation1_scope,only_old,,
Rebolledo.Hadad.2021,Xfmam0aYGrXCZhlDxgaV,,Interpretation1_scope,only_old,,
Domogled.Levanic.2013,XrzQ4hBZRNdyEXmV2oNK,,Interpretation1_scope,only_old,,
NegroRiver.Lucas.2022,ZHCLH4D6MaQ0xDKx2HK9,,Interpretation1_scope,only_old,,
Shilloi.Yadav.2022,aMaSE3JRpeFKjYNL2aej,,Interpretation1_scope,only_old,,
Fsabaya.Morales.2012,aiLdrtt9pSVUbjKwLJfU,,Interpretation1_scope,only_old,,
Muna.Evans.2026,aiNZzgaMvwfDPQAitizs,,Interpretation1_scope,only_old,,
Zaca.Kirby.2014,bLfvaX6A3qLMSB7jzFI4,,Interpretation1_scope,only_old,,
Olympus.Klesse.2015,bsZdDyCIuO43a7xpGef1,,Interpretation1_scope,only_old,,
SJordan.Touchan.1999,c5UCHFsAYIpGziJxZbnQ,,Interpretation1_scope,only_old,,
Skuleskogen.Stridbeck.2026,gMsXPjuoERD1CnZCu4sN,,Interpretation1_scope,only_old,,
PrimerosPinos_Hadad_2016,h0fwW5wuNiOsEE31OVcN,,Interpretation1_scope,only_old,,
Bakony.Kern.2009,hGFOLp5hxrpuUH0bmcz1,,Interpretation1_scope,only_old,,
Soniquera.Morales.2012,hMkCpy5gV2Z0l7Uv98RT,,Interpretation1_scope,only_old,,
JuninPeru1.Humanes-Fuente.2020,hYeWRvWVn3O0eRHPqXx1,,Interpretation1_scope,only_old,,
Altiplano.Morales.2012,hsLfdtBpPXP3yJ7KgOgh,,Interpretation1_scope,only_old,,
CentralMexico.Sthale.2011,iKPzOgCVDjKMID2tufYE,,Interpretation1_scope,only_old,,
BavarianForest.Wilson.2005,iR8dYvLy6ICNBcb59PUi,,Interpretation1_scope,only_old,,
Lom-Janj.An2023,jEAGWWW2H6r3LI9jS0NY,,Interpretation1_scope,only_old,,
RioAlumineOeste.Hadad.2021,mcyX3awYfHnhK4dk07By,,Interpretation1_scope,only_old,,
NorthPatagoniaARAR.Neukom.2011,ms2zGQbIX9IfZrcrvReq,,Interpretation1_scope,only_old,,
Anshupa.Palar.2025,nmpaCCddwDOnHN0UGpNO,,Interpretation1_scope,only_old,,
Ucayali.Humanes-Fuente.2020,nnWKsBJntAPWTbzAYlHa,,Interpretation1_scope,only_old,,
Burabai.Akkemik.2020,nv4Po1B0megxo5reBEDi,,Interpretation1_scope,only_old,,
JuninPeru2.Humanes-Fuente.2020,oF3J0Bf4YMHFPDl2ZcyU,,Interpretation1_scope,only_old,,
NegroRiver.Wang.2025,uG1ksrUrRTz2xGYcS9yG,,Interpretation1_scope,only_old,,
EnglandWales.Loader.2020,vPMBa9uShpLXDd0n1Ske,,Interpretation1_scope,only_old,,
KellyLake.Broadman.2022,vzmYOOfD62zpcH4hvL2e,,Interpretation1_scope,only_old,,
Poprad.Bueantgen.2010,wmpCMuEp7vLkKNWMzVKf,,Interpretation1_scope,only_old,,
RioAgrio_HADAD_2016,yD2KOnpy6EzR228n47CO,,Interpretation1_scope,only_old,,
EasternEquatorialAmazon.GranatoSouza.2018,1BVULOfms9ukbUckkUoB,,Interpretation1_variableDetail,only_old,,
BAP82-30BC.Harris.2025,1X5Um4RLaubaHJ4NeTQH,,Interpretation1_variableDetail,only_old,,
NeuquenRiver.Mundo.2012,38YflFKxWz6CVSloNL0D,,Interpretation1_variableDetail,only_old,,
ElJunco.Zhang.2014,5E6SEDAAEpI4Llv1TdfK,,Interpretation1_variableDetail,only_old,,
ElJunco.Conroy.2008,7SumlqQmOTxvlEdbkmqk,,Interpretation1_variableDetail,only_old,,
Palmyra.Sanchez.2020,7cMQD22Jg12wquYlnbvY,,Interpretation1_variableDetail,only_old,,
EasternAmazonBasin.GuimaraesPereira.2025,8inVEw46fQ9vtT4t0roY,,Interpretation1_variableDetail,only_old,,
MainRegion.Land.2019,9nvT9at1SMGIdevcHk0O,,Interpretation1_variableDetail,only_old,,
Pomamanta.Rodriguez-Morata_2025,AYOtiRg3FBRvGBVc4bnu,,Interpretation1_variableDetail,only_old,,
Smolikas.Esper.2021,AyQ5EC0YJnjd2ZPmT8pf,,Interpretation1_variableDetail,only_old,,
Weinviertel.Karanitsch-Ackerl.2019,B3XLnbFojPvjvetUJ1WI,,Interpretation1_variableDetail,only_old,,
SouthernAmazonBasin.Lopez.2017,BZ7buHntr34jW2NrrpZp,,Interpretation1_variableDetail,only_old,,
Corsica.Esper.2022,CDvBphC8WVyUJecM95Z9,,Interpretation1_variableDetail,only_old,,
Track,DQNXPoAMzaxQBUgeP5Jm,,Interpretation1_variableDetail,only_old,,
Atlas.Esper.2007,E0gUHg8jrcrhgjzYMxX1,,Interpretation1_variableDetail,only_old,,
InnValley.Oberhuber.2002,EYQVUivPyBfwbAKhry7C,,Interpretation1_variableDetail,only_old,,
WCyprus.Griggs.2013,EzLImvSGlpKmY5xWxxCW,,Interpretation1_variableDetail,only_old,,
Vietnam.Buckley.2010,FMJhUM9g564hj0yTTgqX,,Interpretation1_variableDetail,only_old,,
NorthernPatagonia.Hadad.2021,I04f8Loq1VFyNj4uMcE8,,Interpretation1_variableDetail,only_old,,
TacuaremboRiver.Lucas.2022,ITMvPnOqpSLCtJJvem1T,,Interpretation1_variableDetail,only_old,,
NETurkey.MartinBenito.2016,JtV9mZbr5sohKxrzTZNd,,Interpretation1_variableDetail,only_old,,
Caquellas.Morales.20121,JzEFTgw9gntS1qQZI676,,Interpretation1_variableDetail,only_old,,
EsternAmazon.Granato-Souza.2020,K3drH0wQ5GyqtKk3XkAt,,Interpretation1_variableDetail,only_old,,
Guallatire.Morales.2012,L60tah8OOGt9k5gt73Bo,,Interpretation1_variableDetail,only_old,,
AguadeNieves.Humanes-Fuente.2020,L6tQfyYkjCveguv4Z4px,,Interpretation1_variableDetail,only_old,,
Fanning.Sanchez.2020,LhxL2dEkeaXxA9ID0sRh,,Interpretation1_variableDetail,only_old,,
NightcliffReef.Patterson.2023,LsIr2FsjrdSTxXYQIZGS,,Interpretation1_variableDetail,only_old,,
Uturunco.Morales.2012,McwW73N6k9wItpjA5tkM,,Interpretation1_variableDetail,only_old,,
Queniza.Morales.2012,Qc0zA4vIJhqzrl3jkNUH,,Interpretation1_variableDetail,only_old,,
Zimbawe.Therrell.2006,RVlLKqVsiYDDwmvtUpMb,,Interpretation1_variableDetail,only_old,,
Laduo.Cai.2026,RqKABxIfMRl9GIfyHjEl,,Interpretation1_variableDetail,only_old,,
Rewalsar.Singh.2020,SVkYdQjui87HzAxHG2cd,,Interpretation1_variableDetail,only_old,,
LakeBarrine.Sun.2023,TxHiWEzA0lRX5gQydgvo,,Interpretation1_variableDetail,only_old,,
CentralAlps.Arosio.2025,U1A5uFuPCLBvVJkPIO19,,Interpretation1_variableDetail,only_old,,
AndesPeru.Humanes-Fuente.2020,UAMrwlkobiRs63dSP3U2,,Interpretation1_variableDetail,only_old,,
Kongtong.Fang.2012,W3PFPpYRUSmmRzSDrRDK,,Interpretation1_variableDetail,only_old,,
Surire.Morales.2012,WFI0jK00NPzbCc2u0GUl,,Interpretation1_variableDetail,only_old,,
BAM80-E17.Harris.2025,WIExJgJF9RYbv9PD3526,,Interpretation1_variableDetail,only_old,,
NAegean.Griggs.2007,WXkkK0eoYhSlmu1b38At,,Interpretation1_variableDetail,only_old,,
CarreriMalal_Hadad_2016,WYUqfF5h2lZ6j1GceYtb,,Interpretation1_variableDetail,only_old,,
Alumine.Hadad.2021,XXDkfEIe0P1eDbElrseH,,Interpretation1_variableDetail,only_old,,
Rebolledo.Hadad.2021,Xfmam0aYGrXCZhlDxgaV,,Interpretation1_variableDetail,only_old,,
Domogled.Levanic.2013,XrzQ4hBZRNdyEXmV2oNK,,Interpretation1_variableDetail,only_old,,
NegroRiver.Lucas.2022,ZHCLH4D6MaQ0xDKx2HK9,,Interpretation1_variableDetail,only_old,,
Shilloi.Yadav.2022,aMaSE3JRpeFKjYNL2aej,,Interpretation1_variableDetail,only_old,,
Fsabaya.Morales.2012,aiLdrtt9pSVUbjKwLJfU,,Interpretation1_variableDetail,only_old,,
Muna.Evans.2026,aiNZzgaMvwfDPQAitizs,,Interpretation1_variableDetail,only_old,,
Zaca.Kirby.2014,bLfvaX6A3qLMSB7jzFI4,,Interpretation1_variableDetail,only_old,,
Olympus.Klesse.2015,bsZdDyCIuO43a7xpGef1,,Interpretation1_variableDetail,only_old,,
SJordan.Touchan.1999,c5UCHFsAYIpGziJxZbnQ,,Interpretation1_variableDetail,only_old,,
Skuleskogen.Stridbeck.2026,gMsXPjuoERD1CnZCu4sN,,Interpretation1_variableDetail,only_old,,
PrimerosPinos_Hadad_2016,h0fwW5wuNiOsEE31OVcN,,Interpretation1_variableDetail,only_old,,
Bakony.Kern.2009,hGFOLp5hxrpuUH0bmcz1,,Interpretation1_variableDetail,only_old,,
Soniquera.Morales.2012,hMkCpy5gV2Z0l7Uv98RT,,Interpretation1_variableDetail,only_old,,
JuninPeru1.Humanes-Fuente.2020,hYeWRvWVn3O0eRHPqXx1,,Interpretation1_variableDetail,only_old,,
Altiplano.Morales.2012,hsLfdtBpPXP3yJ7KgOgh,,Interpretation1_variableDetail,only_old,,
CentralMexico.Sthale.2011,iKPzOgCVDjKMID2tufYE,,Interpretation1_variableDetail,only_old,,
BavarianForest.Wilson.2005,iR8dYvLy6ICNBcb59PUi,,Interpretation1_variableDetail,only_old,,
Lom-Janj.An2023,jEAGWWW2H6r3LI9jS0NY,,Interpretation1_variableDetail,only_old,,
RioAlumineOeste.Hadad.2021,mcyX3awYfHnhK4dk07By,,Interpretation1_variableDetail,only_old,,
NorthPatagoniaARAR.Neukom.2011,ms2zGQbIX9IfZrcrvReq,,Interpretation1_variableDetail,only_old,,
Anshupa.Palar.2025,nmpaCCddwDOnHN0UGpNO,,Interpretation1_variableDetail,only_old,,
Ucayali.Humanes-Fuente.2020,nnWKsBJntAPWTbzAYlHa,,Interpretation1_variableDetail,only_old,,
Burabai.Akkemik.2020,nv4Po1B0megxo5reBEDi,,Interpretation1_variableDetail,only_old,,
JuninPeru2.Humanes-Fuente.2020,oF3J0Bf4YMHFPDl2ZcyU,,Interpretation1_variableDetail,only_old,,
NegroRiver.Wang.2025,uG1ksrUrRTz2xGYcS9yG,,Interpretation1_variableDetail,only_old,,
EnglandWales.Loader.2020,vPMBa9uShpLXDd0n1Ske,,Interpretation1_variableDetail,only_old,,
KellyLake.Broadman.2022,vzmYOOfD62zpcH4hvL2e,,Interpretation1_variableDetail,only_old,,
Poprad.Bueantgen.2010,wmpCMuEp7vLkKNWMzVKf,,Interpretation1_variableDetail,only_old,,
RioAgrio_HADAD_2016,yD2KOnpy6EzR228n47CO,,Interpretation1_variableDetail,only_old,,
IC13ST91,06PTo0DxCCZDEczDmxPA,,environmentInterpretation1_direction,only_old,positive,
CO13CAHN,0A4gJmwiV7eKAcUvNN55,,environmentInterpretation1_direction,only_old,negative,
MS07MMNP,0YWICEiNRG1n0Lyc2fRc,,environmentInterpretation1_direction,only_old,negative,
CO96QUVA,0n4u7XGKeugICSOLYJzf,,environmentInterpretation1_direction,only_old,negative,
IC13ST15,1DWs2gnh99KGalQd9aWW,,environmentInterpretation1_direction,only_old,positive,
CO07CAFR,1JzIzVdjD9HE8ikFs6gW,,environmentInterpretation1_direction,only_old,positive,
MS12CCCH,1XGGFs6rrfWnVNmz6Crr,,environmentInterpretation1_direction,only_old,positive,
CO99LICL,1c4QWzt3GtrP1evJglnb,,environmentInterpretation1_direction,only_old,negative,
IC00OE21,1jRjwDoo99ygzSLrMQoH,,environmentInterpretation1_direction,only_old,positive,
MS07RCNA,1l9Y0RgTt2Iu1wOpkYYe,,environmentInterpretation1_direction,only_old,negative,
IC00OE16,2CRnCGGu19MMrX421teH,,environmentInterpretation1_direction,only_old,positive,
IC99IS89,2HrRbdcO4giefmQImWUK,,environmentInterpretation1_direction,only_old,positive,
SP13SUSA,2L0o7Ipf4JlnIDp3prIQ,,environmentInterpretation1_direction,only_old,positive,
CO14CABT,2bMIZpJQr5xePS075xL8,,environmentInterpretation1_direction,only_old,positive,
LS15BHAL,3OSsm6dHQC9G22eiWyHd,,environmentInterpretation1_direction,only_old,negative,
IC13ST22,4MMoOO8VeYC2ICO1sjzw,,environmentInterpretation1_direction,only_old,positive,
CO14ZIHO,4Zn8Y4l0vbrkiQiQJkeC,,environmentInterpretation1_direction,only_old,negative,
CO03CHBU,4eKXrgFThelRgVWLxd0K,,environmentInterpretation1_direction,only_old,positive,
LS13STEL,4gKGCCfsqyf8TmVGIulj,,environmentInterpretation1_direction,only_old,negative,
CO99GUMI,4ytGPXH6ewqHAtNVmTaq,,environmentInterpretation1_direction,only_old,negative,
IC13PALD,5TJCh5cATYd9ENy5GKf5,,environmentInterpretation1_direction,only_old,positive,
IC06KAS1,5mEdIRnYGnz6bco2xqLz,,environmentInterpretation1_direction,only_old,positive,
LS12ANBI,5wD23ne0CEAt7SzgnO3J,,environmentInterpretation1_direction,only_old,positive,
IC02GR05,6Bkva3oByLKIOyet0gVc,,environmentInterpretation1_direction,only_old,positive,
LS99CUVA,6b2IjC8xcwhkBU3UVYoi,,environmentInterpretation1_direction,only_old,negative,
CO12GOVA,6iQeJsjOAoS8QW2JSoeT,,environmentInterpretation1_direction,only_old,positive,
IC17KOEL,6lYiXCN3Eu7Xu4NkIXFH,,environmentInterpretation1_direction,only_old,positive,
TR07RECA,6nHzeIAXoyT3cj8Ty99A,,environmentInterpretation1_direction,only_old,positive,
TR10ANMO,6wr3ZFJqxpHfVZglVqox,,environmentInterpretation1_direction,only_old,positive,
IC13ST21,7D3XV1ftG6ZQK7aGreiK,,environmentInterpretation1_direction,only_old,positive,
IC09VICC,7RPcK2E3LwPQBc9L1O0O,,environmentInterpretation1_direction,only_old,positive,
IC96ISE9,7VCT8B2D1KJlytnGfF9L,,environmentInterpretation1_direction,only_old,positive,
IC10VIP3,7j3JqxvxsfC5pqOVnaSM,,environmentInterpretation1_direction,only_old,positive,
IC10VIP2,7kV3kFWpbay1WYAzvXmD,,environmentInterpretation1_direction,only_old,positive,
CO05KUBE,873EkNZdP2vfB7zEPWsW,,environmentInterpretation1_direction,only_old,negative,
CO94LISE,8EZrsxy7Q2BRKkNZwt81,,environmentInterpretation1_direction,only_old,positive,
TR12BECO,8qVR70iC31ZetVkpTSfE,,environmentInterpretation1_direction,only_old,positive,
LS07ANMA,9FdG72JlSsXxXoXXpOhE,,environmentInterpretation1_direction,only_old,negative,
IC05ISAU,9KWvwHqHL9yD8HPKuurO,,environmentInterpretation1_direction,only_old,positive,
IC08THGZ,9YIpJx1h3XG6XfXwBhqR,,environmentInterpretation1_direction,only_old,positive,
LS15DOSA,9dCvb7un7yim06OmoNjJ,,environmentInterpretation1_direction,only_old,negative,
SP12FOAT,AOBAbHAwfVw1qAqAzaGE,,environmentInterpretation1_direction,only_old,positive,
IC16WE27,AqZnxntnDcACVNpwEeBq,,environmentInterpretation1_direction,only_old,positive,
CO98SWPR,AxKSyUkpl8U5x9RbApf4,,environmentInterpretation1_direction,only_old,positive,
IC09KAD3,B6pCttsCzPnPsrLI2GNz,,environmentInterpretation1_direction,only_old,positive,
TR12SAMU,B9haOeIr3qeK8wIiHHfI,,environmentInterpretation1_direction,only_old,negative,
IC08VI79,BLvOe16MMifbxApVJ52E,,environmentInterpretation1_direction,only_old,positive,
IC95FI87,CKntJjdu9ZwChJkOK3rK,,environmentInterpretation1_direction,only_old,positive,
MS99LWSC,CZyp1kdeNTeMJ0K8AX6P,,environmentInterpretation1_direction,only_old,negative,
TR15YONW,Cb5zgYWpcc9WdcE1cHmt,,environmentInterpretation1_direction,only_old,positive,
CO14CATI,CcxbQb2LQAemTaklTDp8,,environmentInterpretation1_direction,only_old,positive,
IC02GR07,Ch8UMmeq6MNzpLurAIHx,,environmentInterpretation1_direction,only_old,positive,
IC08VI84,Ct0U6MSqcLYPogvALWRw,,environmentInterpretation1_direction,only_old,positive,
IC16WENG,DLtLlTPGpI1y0x6xrIjd,,environmentInterpretation1_direction,only_old,positive,
LS05ANJE,Dd3xWVBBzdNfjXIg5x6h,,environmentInterpretation1_direction,only_old,positive,
IC95THHU,DigAWmp8Cwr1trt9z34F,,environmentInterpretation1_direction,only_old,positive,
IC11LAB4,Dmc2ShXDaHSjvH5sH5Yg,,environmentInterpretation1_direction,only_old,positive,
IC12RHME,DuxqPi9iRKY3fchicHeO,,environmentInterpretation1_direction,only_old,positive,
LS98CUPE,E9b6hh8HOzXsybOoyyfZ,,environmentInterpretation1_direction,only_old,negative,
CO13CABL,ECY60ObxsU6EvICI1S41,,environmentInterpretation1_direction,only_old,negative,
SP11STBR,ENhQHTweev2h3ulGXp3q,,environmentInterpretation1_direction,only_old,positve,
MS14MORR,EXWhYO9aPGNKP6nnOBC3,,environmentInterpretation1_direction,only_old,positive,
LS07LAHA,EhsuizR7H2J8bkQO8Cev,,environmentInterpretation1_direction,only_old,negative,
MS11SENS,ElIcyk5PQLXL4yBgYDDR,,environmentInterpretation1_direction,only_old,negative,
IC00COPR,EqJSbxBZGWW5FLpP3MSS,,environmentInterpretation1_direction,only_old,positive,
MS03LKNS,ExNUNftFDL8pXms8ozKu,,environmentInterpretation1_direction,only_old,negative,
IC99OE06,F2YASHmkOovtC1x1MvCY,,environmentInterpretation1_direction,only_old,positive,
IC92HOML,F6qr90xYYN3wW6e0JqQr,,environmentInterpretation1_direction,only_old,positive,
IC00OE05,FFOBizbVL7upaZGvwfc2,,environmentInterpretation1_direction,only_old,positive,
IC12WACD,FnDgPdczxJvX1RRx2305,,environmentInterpretation1_direction,only_old,positive,
IC06VING,Ftzl8h9MEcq8jEri2VsC,,environmentInterpretation1_direction,only_old,positive,
TR16LAFO,G8GE2xlAjyGuNGzeip95,,environmentInterpretation1_direction,only_old,negative,
TR11XUPH,G8P923YpOXf9YEeklFa9,,environmentInterpretation1_direction,only_old,negative,
MS15BATP,GDvBVVgJyfRP1W7dWMkq,,environmentInterpretation1_direction,only_old,negative,
CO98CHPI,GHpvkkHtLXb50yYTSKdm,,environmentInterpretation1_direction,only_old,negative,
CO09NAKY,GZhjfnhNTkJ6dSM0vJjf,,environmentInterpretation1_direction,only_old,negative,
CO96SWFB,GtaQfVzeDU1H8ksSWa1m,,environmentInterpretation1_direction,only_old,positive,
IC99OE05,H46WdD24QDbnPJfyRYPg,,environmentInterpretation1_direction,only_old,positive,
IC97THGL,H6qni3qeS1mbd0GdtYF2,,environmentInterpretation1_direction,only_old,positive,
CO98BOFP,H6w2icNZMsy6whGbYlUh,,environmentInterpretation1_direction,only_old,negative,
CO99DRGB,HHGJSe2t7oz0qLGQYYeM,,environmentInterpretation1_direction,only_old,negative,
CO98EVXM,HXSIHrYik89LrfBXgzJJ,,environmentInterpretation1_direction,only_old,negative,
LS13KOLA,HmX9B3gWvCznxZsQqbYZ,,environmentInterpretation1_direction,only_old,positive,
TR11MAJA,Hn5fAXKWLFXTS0AmgoFH,,environmentInterpretation1_direction,only_old,positive,
TR14KOSP,HnYfdmiB2ZmZT5iZjqgm,,environmentInterpretation1_direction,only_old,positive,
IC10VISA,HtJpouVaZDIcizeGaMpZ,,environmentInterpretation1_direction,only_old,positive,
IC13OPAN,IOJ7Bnr0DlXJbRjtehzU,,environmentInterpretation1_direction,only_old,positive,
IC99OE02,ITeDC2TXoCZP6aAAe651,,environmentInterpretation1_direction,only_old,positive,
CO06MOTO,IhzvxKV8k4KmLBwQ6wW1,,environmentInterpretation1_direction,only_old,negative,
IC09VIRE,Ip5fl019DQSi5Ja3eBa0,,environmentInterpretation1_direction,only_old,positive,
IC00OE19,IxMXingRczyGa51p8frB,,environmentInterpretation1_direction,only_old,positive,
IC99OE04,JFQqutplD8FQNtoAJPfM,,environmentInterpretation1_direction,only_old,positive,
SP05MAAT,JLoEYklb1i8VYLrve9Tl,,environmentInterpretation1_direction,only_old,positive,
IC16WE22,JRvYhaaOrdWCjlQI8WrH,,environmentInterpretation1_direction,only_old,positive,
IC08DILO,JU52wcCs9MYTlnKtbxM9,,environmentInterpretation1_direction,only_old,positive,
IC10VICR,JtK3P1wvNgYCQXIQNYCb,,environmentInterpretation1_direction,only_old,positive,
IC00OE03,JutRsr828Hjko9w3PPA9,,environmentInterpretation1_direction,only_old,positive,
TR11GRTP,K5mWl4guYTrkFTnhTKnV,,environmentInterpretation1_direction,only_old,positive,
IC99SCFH,K9RZEGcTSGeob9aUnDFZ,,environmentInterpretation1_direction,only_old,positive,
TR13SIKO,KCTsCqpaEnpwOUKbszJA,,environmentInterpretation1_direction,only_old,positive,
IC01JO01,Ka6CPveuBxXrFfVWExwd,,environmentInterpretation1_direction,only_old,positive,
IC13ST06,Kzq67qc1UMznuEk6MdaY,,environmentInterpretation1_direction,only_old,positive,
LS10HESA,LEveEByHJJ8EXYhDvQvl,,environmentInterpretation1_direction,only_old,negative,
TR11BAVO,LMifEVQKJJhSS4l0HHoc,,environmentInterpretation1_direction,only_old,positive,
CO11NUPM,LQotH0GnIrx4vOwfIiW7,,environmentInterpretation1_direction,only_old,positive,
TR16WEMI,LRweFdggMVcEhgkh1Iaf,,environmentInterpretation1_direction,only_old,positive,
IC10VIRE,LbXXaHuJHiEcdEBxTGJ3,,environmentInterpretation1_direction,only_old,positive,
IC13ST01,LlPgY4ULsNBoNxsFuI7z,,environmentInterpretation1_direction,only_old,positive,
IC13THFE,LwfxaGBfNbxjKgAKqgBg,,environmentInterpretation1_direction,only_old,positive,
IC08VIRE,M0xE5vvgXtFWj6mUSZiz,,environmentInterpretation1_direction,only_old,positive,
CO06QUNG,MNN1hLqGHovxO9RxzqWP,,environmentInterpretation1_direction,only_old,negative,
IC07KARB,MdiEhl2jhtM2Mp76iIpW,,environmentInterpretation1_direction,only_old,positive,
IC09VIA8,Mj3xD1TIKGBoa4UoxtMG,,environmentInterpretation1_direction,only_old,positive,
LS07ROTI,Mn2L0GPRYLKYjpTRzFsg,,environmentInterpretation1_direction,only_old,positive,
LS12ANYE,MocCpwRzQqapElTdUJaM,,environmentInterpretation1_direction,only_old,negative,
TR07REVI,NQftBWZso7cbW0AV4rqD,,environmentInterpretation1_direction,only_old,positive,
IC99OE10,NT6TcCXjWu7wmR9h6dJK,,environmentInterpretation1_direction,only_old,positive,
IC99OE07,NojbiDhAhR8nOGsM461V,,environmentInterpretation1_direction,only_old,positive,
IC13STSP,OMEqKSDi6jOtqceaIKte,,environmentInterpretation1_direction,only_old,positive,
TR13BROA,ObSFIbYBLK4jhwf9YjUE,,environmentInterpretation1_direction,only_old,positive,
MS05LKLF,OfqaOECSQUKToyH6kw63,,environmentInterpretation1_direction,only_old,negative,
LS96VOAM,Or2JCxlPULjJgMadAx0L,,environmentInterpretation1_direction,only_old,positive,
MS11CSCN,OxWvbpJawpTGawh3vS7R,,environmentInterpretation1_direction,only_old,positive,
IC06VIGR,P51I37fcTRrjdZxJapTe,,environmentInterpretation1_direction,only_old,positive,
SS05ROES,PBWAsecE3wOhGEpJLXsk,,environmentInterpretation1_direction,only_old,negative,
TR16LAAN,PUi5qjh8kt5AxhCUS1qN,,environmentInterpretation1_direction,only_old,negative,
TR17GRTP,PcTAJSOzXrJl8PYQWdU7,,environmentInterpretation1_direction,only_old,positive,
MS09DOIP,PcxJW367F1QCIPGaPVEp,,environmentInterpretation1_direction,only_old,positive,
MS08UAPM,PhCD0XXSTYNVqlZgfZOm,,environmentInterpretation1_direction,only_old,negative,
MS03SMAS,QMOehTVwetpWC7NjC1xZ,,environmentInterpretation1_direction,only_old,negative,
LakeElingamite.Barr.2014,QNHE4JqF1HiUmJapWDVs,,environmentInterpretation1_direction,only_old,positive,
IC07KADF,QVo1slUJ5Zj8d0woMruy,,environmentInterpretation1_direction,only_old,positive,
LS01HOCH,QcNvBzfCXDUtuoDia4B1,,environmentInterpretation1_direction,only_old,negative,
IC12SIWG,QeUHcokRNC9xAPAZ5eT3,,environmentInterpretation1_direction,only_old,positive,
LS14LESA,Qocxc8unvhQ5Zdlo4nPB,,environmentInterpretation1_direction,only_old,negative,
CO09NUTB,QppSU0ZbBRHynYlsGE3M,,environmentInterpretation1_direction,only_old,positive,
TR04EVLI,QsrMCFTlFOvTZfxNCKKi,,environmentInterpretation1_direction,only_old,positive,
IC00EIGG,Qt8yOkMhvQOCu5U58vPD,,environmentInterpretation1_direction,only_old,positive,
CO04BAFI,RJYKojzTyudcLuqnDEFn,,environmentInterpretation1_direction,only_old,negative,
CO05ASGU,ROQUBo8zC9rD7YtZWul9,,environmentInterpretation1_direction,only_old,negative,
IC03HOIL,RZkXNWY88wyoRuBTXfa4,,environmentInterpretation1_direction,only_old,positive,
IC16WE20,RiAHj8PXTcbh0uFSk5fi,,environmentInterpretation1_direction,only_old,positive,
IC11DILO,RjG1hTHuQLgkuv5aotw3,,environmentInterpretation1_direction,only_old,positive,
IC13ST04,RzbBggFcvEhoXlH08YzV,,environmentInterpretation1_direction,only_old,positive,
IC08VI87,S1KWoqLbFrZxh8ihjRWm,,environmentInterpretation1_direction,only_old,positive,
LS05HOAG,S6G7A09suvadjK0fwxW8,,environmentInterpretation1_direction,only_old,negative,
TR08VOOL,SCa2gqg3j0IbOYzrmlBw,,environmentInterpretation1_direction,only_old,positive,
LS03RUED,SNfJB8GaMm4ZoWOZjKcR,,environmentInterpretation1_direction,only_old,negative,
IC09OPAN,SNwfLPqcx4llE8epOzUe,,environmentInterpretation1_direction,only_old,positive,
CO02KUBE,STfvZZbTivYEfORIuIGG,,environmentInterpretation1_direction,only_old,negative,
LS01HUFA,Sefwzx7SX9ACtwJSfZiA,,environmentInterpretation1_direction,only_old,negative,
IC00OE22,SnVEqrDl16StaDrJz4WT,,environmentInterpretation1_direction,only_old,positive,
IC14VL1K,SvrSkYkFQJD4S9nmFQqC,,environmentInterpretation1_direction,only_old,positive,
CO97CHSY,SwJhjCbLxX0uQiNBHJc7,,environmentInterpretation1_direction,only_old,negative,
IC14MAFH,TNVDQyzWCkDTIJ7Gfmpn,,environmentInterpretation1_direction,only_old,positive,
IC02STTA,TPXEOOTBiRuQufqcW2dK,,environmentInterpretation1_direction,only_old,positive,
IC99OE08,TWgWwQRssX5iJ4cjzE4x,,environmentInterpretation1_direction,only_old,positive,
CO08GOBE,Tcz9OJKTzHVKZ8ulsLcp,,environmentInterpretation1_direction,only_old,negative,
MS10JTMA,TnSrT6vQDaty9cdT42wN,,environmentInterpretation1_direction,only_old,negative,
CO04ZIMG,ToPssJKe7rwUBIS3l5aK,,environmentInterpretation1_direction,only_old,negative,
CO13HENG,TtO1xdkfGjQEEwc5vy1M,,environmentInterpretation1_direction,only_old,positive,
IC98FIPE,UZJmTGG4JVWxdNiMRDV5,,environmentInterpretation1_direction,only_old,positive,
IC96MOSS,UkgxiPcXG48HzFijtZso,,environmentInterpretation1_direction,only_old,positive,
CO14ZIMG,UkxmfaCJG3Ws5GB7tlV3,,environmentInterpretation1_direction,only_old,negative,
CO98QUNC,Uq6nzXzFimFs5qsjOnWx,,environmentInterpretation1_direction,only_old,negative,
CO99SWFB,Ux7ybOJjPF8Sdz2WImTH,,environmentInterpretation1_direction,only_old,positive,
IC17EKPV,V5mc1kj1fBhwFp069MNW,,environmentInterpretation1_direction,only_old,positive,
MS04BLCB,V9G04R1aVQpZ5z3gL3R7,,environmentInterpretation1_direction,only_old,negative,
IC99ISS2,VByWGw2kUCvKave2S6kW,,environmentInterpretation1_direction,only_old,positive,
IC11KIPW,VKfDdOiP210VeZyMnd1U,,environmentInterpretation1_direction,only_old,positive,
CO04MGNG,VioVBJ59Vtk6q9b4LZuM,,environmentInterpretation1_direction,only_old,positive,
LS06STFO,Vr4NxSeEcjs8R8C8sTQa,,environmentInterpretation1_direction,only_old,negative,
IC00OE23,W0EVd9q6jNFdTrThH0ee,,environmentInterpretation1_direction,only_old,positive,
IC08VI77,WBBdkDkWLm8t5fbT2nwl,,environmentInterpretation1_direction,only_old,positive,
IC09KANG,WC56sytA9hJN4DaQvFkh,,environmentInterpretation1_direction,only_old,positive,
TR11MAPE,WCjvMxu4y93qfXg0x3q4,,environmentInterpretation1_direction,only_old,positive,
IC13ST05,WH4UJdLQ6uaVxnjDO7Ga,,environmentInterpretation1_direction,only_old,positive,
IC12MUJR,WcwADMUe8WsmsPXTde4B,,environmentInterpretation1_direction,only_old,positive,
IC00STTY,X6cdP8kQhYurVJ3lJLZb,,environmentInterpretation1_direction,only_old,positive,
CO03COPM,XHtmwaqI1qgs2CQxrXgK,,environmentInterpretation1_direction,only_old,negative,
SS05ROTN,XKQ9jNTJNH16EFtU5kZP,,environmentInterpretation1_direction,only_old,negative,
IC16WE17,XSwEVmg2suUgbm3C9UcQ,,environmentInterpretation1_direction,only_old,positive,
SS03HAJA,XWP4W5INaUdeS85EEjwA,,environmentInterpretation1_direction,only_old,positive,
IC06VID3,Xry2CCsPr5tIjfiXclfQ,,environmentInterpretation1_direction,only_old,positive,
CO95TUNG,YBQqgQPyW9sf1R1iYKWo,,environmentInterpretation1_direction,only_old,positive,
MS15VIBC,YMOX9mUgx3Jy1F8k4kU0,,environmentInterpretation1_direction,only_old,negative,
IC94THDP,Yt5JnM7GW4oWLWyZZoIN,,environmentInterpretation1_direction,only_old,positive,
IC93BAGI,Z01l7P7eZ6HbMLNlfSrV,,environmentInterpretation1_direction,only_old,positive,
LS09MAAS,Z91GgBMoU3afP65CfdIx,,environmentInterpretation1_direction,only_old,negative,
IC17EKN1,ZBXsDsMy7d1GRCCphVmu,,environmentInterpretation1_direction,only_old,positive,
MS11KWFS,ZG5G6uj2x9jDcYCwvmGn,,environmentInterpretation1_direction,only_old,negative,
LS10HEQI,ZH1jxMVLYa4LQRJejgwG,,environmentInterpretation1_direction,only_old,negative,
MS04ICNI,ZJw3ZrpApwpnwjY3AwaS,,environmentInterpretation1_direction,only_old,negative,
IC13STWD,ZLrwrdOy34w6brYcOld8,,environmentInterpretation1_direction,only_old,positive,
LS96CUPU,ZQ9bUXSwEgUhPcByOGua,,environmentInterpretation1_direction,only_old,negative,
IC82STVE,ZYzMzNTlsQbQZ4fO1wig,,environmentInterpretation1_direction,only_old,positive,
IC76FIDE,ZZtjaByzW0WcicOQM2wE,,environmentInterpretation1_direction,only_old,positive,
IC16GOBP,Zu4SlOaGVgZbpK0VZM0W,,environmentInterpretation1_direction,only_old,positive,
TR17EDSW,ZxNsgxGncIkAPq93xSUJ,,environmentInterpretation1_direction,only_old,positive,
IC00STHN,aDjSHlh555y1y7fslzHD,,environmentInterpretation1_direction,only_old,positive,
TR08THCO,aTIaF2qAj1D9VLqaeVSM,,environmentInterpretation1_direction,only_old,positive,
LS09LACA,asFQXuRV6epgXCffwazJ,,environmentInterpretation1_direction,only_old,negative,
TR15YOLL,b19a4WSFttSlN071PgaV,,environmentInterpretation1_direction,only_old,positive,
LS10ANBL,bkAlLfg0b7UmdBUttfOT,,environmentInterpretation1_direction,only_old,negative,
IC16WE23,bo8jonsVqKFI6CgyqN6F,,environmentInterpretation1_direction,only_old,positive,
SP10CACN,c8AgHOAaGl7NKlOESlIY,,environmentInterpretation1_direction,only_old,positive,
IC16WE30,cAY7mhrGgtubsRtvIQ25,,environmentInterpretation1_direction,only_old,positive,
MS06DLDS,cTGmqmH6peabf63aWqMC,,environmentInterpretation1_direction,only_old,positive,
IC08HODF,cfs4ydXYTXUkKS2U2xPQ,,environmentInterpretation1_direction,only_old,positive,
IC10VISG,ctivxwdSrQ8CHyTchef4,,environmentInterpretation1_direction,only_old,positive,
LakeSurprise.Barr.2014,d4rArkjNC2CFOdblye45,,environmentInterpretation1_direction,only_old,positive,
IC13ST13,d5gZeDCjc7flpymdHGxS,,environmentInterpretation1_direction,only_old,positive,
LS11NECA,d5iww7TYNjOQwD48FkWa,,environmentInterpretation1_direction,only_old,negative,
IC99OE09,d8u5bdRop7dONcnWoSen,,environmentInterpretation1_direction,only_old,positive,
MS14MOLS,dG5ZHOKHoFRyclHS3zR0,,environmentInterpretation1_direction,only_old,negative,
IC00OE12,dKPknpQNOqDnwlavodox,,environmentInterpretation1_direction,only_old,positive,
TR11BAPU,dWOCBsWkDpFFdXxldw1G,,environmentInterpretation1_direction,only_old,positive,
MS02FLPC,dor7PAYFl2Dc63lIUAa6,,environmentInterpretation1_direction,only_old,negative,
LS15OEPO,dqcNSsnoQf4bKYTQF1EO,,environmentInterpretation1_direction,only_old,negative,
CO94HEAQ,dzpkTrGPHOBnA9hfbBVl,,environmentInterpretation1_direction,only_old,negative,
IC00SC16,eMimEkm6EnQdVVCJZttv,,environmentInterpretation1_direction,only_old,positive,
IC16WE28,ectHWXy37zOYJuTnrp08,,environmentInterpretation1_direction,only_old,positive,
CO10HEIG,evWoABoM15RbQE7Ktza0,,environmentInterpretation1_direction,only_old,negative,
CO06LIFI,f7gcyleGaoONnirUGXjV,,environmentInterpretation1_direction,only_old,negative,
IC00SC26,f9XLDb8DxGHIDx7x0DZ0,,environmentInterpretation1_direction,only_old,positive,
MS09TCIS,fAsvSOtzr5dkgjUhv3oL,,environmentInterpretation1_direction,only_old,negative,
TR11SIMO,fQmoh1zhxY1fiqHEJBdy,,environmentInterpretation1_direction,only_old,positive,
IC15GANK,fSUtNl0uXiQNi6agKRON,,environmentInterpretation1_direction,only_old,positive,
IC17EKN3,gQSBcOVDh8An1RjyKyVT,,environmentInterpretation1_direction,only_old,positive,
MS11FAPM,gWa0tMosiImkR3lxl6VH,,environmentInterpretation1_direction,only_old,negative,
CO08ABSU,gWwpc4lJjcaxkSJus9Ge,,environmentInterpretation1_direction,only_old,negative,
MS11CSCS,gsBsWPLrUPtZBjXAMd3g,,environmentInterpretation1_direction,only_old,positive,
IC10VIMI,gxKvBAKV0BvoYiZ45dE7,,environmentInterpretation1_direction,only_old,positive,
CO00COKY,h78xR5H5VN2axGBxxLTh,,environmentInterpretation1_direction,only_old,negative,
TR15BABO,hJ9mrPJjgUfPOTxVpLT4,,environmentInterpretation1_direction,only_old,positive,
IC00SC18,hYapuwnOX5q932NRchN1,,environmentInterpretation1_direction,only_old,positive,
IC13ST03,hitOiFFcfPJ6WlFAJfTq,,environmentInterpretation1_direction,only_old,positive,
CO06DATZ,hoNIMzXkyb2OxhlM7tD3,,environmentInterpretation1_direction,only_old,negative,
IC14EKVK,i0pwWxERMwsndi4L3jE7,,environmentInterpretation1_direction,only_old,positive,
LS09SAJU,iA6LTB2OFzdIZdJ9wljp,,environmentInterpretation1_direction,only_old,positive,
CO13COTB,iGd2jmbAxyR1lbe79dSL,,environmentInterpretation1_direction,only_old,negative,
IC11STTA,iMAqMz6iqMFUTeC1uJuH,,environmentInterpretation1_direction,only_old,positive,
IC00OE15,iaFZqSKf8c68LsqzV2z3,,environmentInterpretation1_direction,only_old,positive,
CO92SHPU,jHjlGOOYgLSJIMHKl839,,environmentInterpretation1_direction,only_old,negative,
IC10VISD,jME8kpChwz75WtLfRQHL,,environmentInterpretation1_direction,only_old,positive,
TR08HORA,jQ1ihXRcRqOKG2L207SA,,environmentInterpretation1_direction,only_old,positive,
TR13POMA,jbrbttBPh0gIiDnpY0Bu,,environmentInterpretation1_direction,only_old,positive,
CO14OSPA,k7AURwcjzw85jUfnFtH4,,environmentInterpretation1_direction,only_old,positive,
CO14WUCL,kU3VWOpBh8HXKOjuwN18,,environmentInterpretation1_direction,only_old,negative,
IC13ST24,kbiUEn0EORieayszOvQK,,environmentInterpretation1_direction,only_old,positive,
IC99OE01,lNfXCKKOqR3MNwRNOjgW,,environmentInterpretation1_direction,only_old,positive,
CO96SWBB,lXLVz0mFHPT5SFidDJV9,,environmentInterpretation1_direction,only_old,negative,
SP10WINZ,lY1tFahUrvVpsY4Ws5D7,,environmentInterpretation1_direction,only_old,positive,
IC06THPR,lpb2vgyekehVCJEwWEQT,,environmentInterpretation1_direction,only_old,positive,
MS03KTCB,lvkXpkIXfEfPBpvPti5n,,environmentInterpretation1_direction,only_old,negative,
TR15NACA,m2dbmDEuhl0FtJbzcmHT,,environmentInterpretation1_direction,only_old,positive,
CO04PFRE,m5F5BcPAfANsUbbApvzn,,environmentInterpretation1_direction,only_old,negative,
IC00OE20,mDum5ksON6kfIN6hIxUy,,environmentInterpretation1_direction,only_old,positive,
MS03BRNS,mGHWtF3z8ajqVI4UCKFh,,environmentInterpretation1_direction,only_old,negative,
CO93COTW,mMVze2VpD6ysrjTCryjP,,environmentInterpretation1_direction,only_old,positive,
LS14FEZA,mcaveMswFlyBnKzjKnYC,,environmentInterpretation1_direction,only_old,positive,
LS15DOCH,meVZ6PGNWn1r6zUd2N2J,,environmentInterpretation1_direction,only_old,negative,
LS11BIPU,mqnh7KpCCW1SVulMfui3,,environmentInterpretation1_direction,only_old,positive,
SP10HAUS,nEAQI3TBoEvuZKtbscg4,,environmentInterpretation1_direction,only_old,positive,
LS13WASU,nKM7gKd5MEk3rVGc0XgO,,environmentInterpretation1_direction,only_old,negative,
IC16WE19,nSX0Eb4pXOrNg1dfLbQH,,environmentInterpretation1_direction,only_old,positive,
CO04LIRA,niKOfPrfRDwjKfHPINVr,,environmentInterpretation1_direction,only_old,negative,
IC17BERI,nmk0AF1iw4I1skS6PecN,,environmentInterpretation1_direction,only_old,positive,
IC02SCGN,npEPrsJdgbHR8JViGueb,,environmentInterpretation1_direction,only_old,positive,
TR12BRBO,o29D9cPrLKPA3XSK2Y5M,,environmentInterpretation1_direction,only_old,positive,
IC00OE11,oD0ZsAhdvlRX7ovCQsve,,environmentInterpretation1_direction,only_old,positive,
CO03CHBA,oIo107DJYmBL1asRONW1,,environmentInterpretation1_direction,only_old,positive,
IC04FIML,oVbO1JPjTRBoEyYCvsIU,,environmentInterpretation1_direction,only_old,positive,
IC13STN7,onKnmvLJlNjPFG41pK3m,,environmentInterpretation1_direction,only_old,positive,
CO15ABSP,p9gohyWEyRo0WAzr0utT,,environmentInterpretation1_direction,only_old,negative,
IC02MUBI,pFLh2d8Y9PJ8Ln9pZtAS,,environmentInterpretation1_direction,only_old,positive,
IC10VIGR,pI33SEGBhVInfAyd6AlS,,environmentInterpretation1_direction,only_old,positive,
IC00OE02,pbyxvOs9lMSDXIziE4Ia,,environmentInterpretation1_direction,only_old,positive,
LS14PRLO,pwJhEpqKoiYBB3SXLkVg,,environmentInterpretation1_direction,only_old,negative,
IC10NAB5,q7hmaNmPyeRgdae9Y8uw,,environmentInterpretation1_direction,only_old,positive,
IC13STN8,q8uaWZuApXSkVXgGB1Ln,,environmentInterpretation1_direction,only_old,positive,
IC13BOCG,qKroWRF368TYGUHmGTbh,,environmentInterpretation1_direction,only_old,positive,
IC85LAD2,qO2GQQ8onj8dbqeziK5C,,environmentInterpretation1_direction,only_old,positive,
CO04KIVA,qPOKtJkB2tJB5xlBmJk2,,environmentInterpretation1_direction,only_old,negative,
IC97GRGI,qhG6oRZfXsrynS5KkrCk,,environmentInterpretation1_direction,only_old,positive,
IC00OEKC,qyRxIGk9u9aQxKY225rb,,environmentInterpretation1_direction,only_old,positive,
LS12THAY,r86BjdY5rD9VLWWNw0Tm,,environmentInterpretation1_direction,only_old,positive,
IC00THDS,raV8oqSVhhL3io2bZaFf,,environmentInterpretation1_direction,only_old,positive,
LS91HOMI,s65TVCInlbGh6nr3zQvl,,environmentInterpretation1_direction,only_old,negative,
IC02THKI,sC0jKFLTtLOIrjesersO,,environmentInterpretation1_direction,only_old,positive,
IC17EK4K,sIbK6viC496fNBQFsOrm,,environmentInterpretation1_direction,only_old,positive,
LS15AIKA,sRxx5jmG6LPanUEN2hLr,,environmentInterpretation1_direction,only_old,positive,
IC11LIMI,tQUh242J30sNry8pxAed,,environmentInterpretation1_direction,only_old,positive,
CO13COXM,tS1Spz2bCWL480iImXnO,,environmentInterpretation1_direction,only_old,negative,
IC00OE13,te1dvwactkY9TPgFCuVR,,environmentInterpretation1_direction,only_old,positive,
CO00URMA,ty7awrILqhkdxFSPBjx2,,environmentInterpretation1_direction,only_old,negative,
IC10VIP1,uJ8wzGM1IKvBbjAEi8iL,,environmentInterpretation1_direction,only_old,positive,
TR06TRBO,uOAR5oWRD6a01EgDKrQ3,,environmentInterpretation1_direction,only_old,positive,
CO04LIFI,uRd1DB3hdHC24mo8YSyO,,environmentInterpretation1_direction,only_old,negative,
IC10VIGI,uYr3IKJIm5Ty06Tx3EJe,,environmentInterpretation1_direction,only_old,positive,
IC13ST12,uk3U2mSa25fzTYDGyuCa,,environmentInterpretation1_direction,only_old,positive,
LS14KOSA,v7SfC8Nj0B53aryVfSyk,,environmentInterpretation1_direction,only_old,positive,
IC06WAML,vDduTUlubvYdFjAlTXhO,,environmentInterpretation1_direction,only_old,positive,
IC99OE03,vgB3O6H8T1ANzn1Oqxag,,environmentInterpretation1_direction,only_old,positive,
CO01TUNG,vyDhoIMb8k0yw0TdJdlJ,,environmentInterpretation1_direction,only_old,negative,
IC09EIBE,w8wuD9Xfvjln2Vgt1b4k,,environmentInterpretation1_direction,only_old,positive,
IC15MANE,wCUJ7y0r22MgO1lhpXe0,,environmentInterpretation1_direction,only_old,positive,
IC00SC29,wbPP0e5AvOAHxEJhNhaq,,environmentInterpretation1_direction,only_old,positive,
CO08KIPR,wbxKG9cInh2isoK5JzB7,,environmentInterpretation1_direction,only_old,negative,
LS14YAHA,wjLRur3ZaYbI05UOYPnu,,environmentInterpretation1_direction,only_old,negative,
IC00SC21,wlqwCaXIUSA391Dmg0Ao,,environmentInterpretation1_direction,only_old,positive,
IC02GR17,x3Ps5JaMgdIxN7zYobFB,,environmentInterpretation1_direction,only_old,positive,
IC06THDD,xEljJ2CDhxvdXmbODx33,,environmentInterpretation1_direction,only_old,positive,
LS08STCR,xMeZazGJKs6FzfXtgKcx,,environmentInterpretation1_direction,only_old,negative,
SP10SUSE,xTqojxIq6bgaaKbFxHge,,environmentInterpretation1_direction,only_old,negative,
IC00OE14,xd2TPdKM7JZqtMDwOsjI,,environmentInterpretation1_direction,only_old,positive,
LS97HOKA,xfDZQAuBvICCPhTZHPrL,,environmentInterpretation1_direction,only_old,negative,
IC09KA79,xi6DpX7WhRWewkGSfaTC,,environmentInterpretation1_direction,only_old,positive,
IC13THQU,xov9fnYOrCpXOwq0BuXQ,,environmentInterpretation1_direction,only_old,positive,
CO04PFCH,xpHL3Wn9kbEaJRpviF9x,,environmentInterpretation1_direction,only_old,positive,
IC00OE18,xqRFjNL3EeVUcFo2brr5,,environmentInterpretation1_direction,only_old,positive,
IC10VISE,y8hdZVFD4WnlA5L9rzzM,,environmentInterpretation1_direction,only_old,positive,
IC11BEVL,yAEnJ1CxUIj0sNpWnQcH,,environmentInterpretation1_direction,only_old,positive,
MS10BLMS,yPuJR6PU5d9DCztSjpDP,,environmentInterpretation1_direction,only_old,positive,
CO08HEVE,yZ874JD7h0OCRUETqUrr,,environmentInterpretation1_direction,only_old,negative,
LS02ROSA,yjKqHVSJlvCGqXhgqzw8,,environmentInterpretation1_direction,only_old,negative,
IC02HEWD,yrff3bUnNO8OgcxLatjz,,environmentInterpretation1_direction,only_old,positive,
IC08VISV,z761ORQU68B183eqMFEk,,environmentInterpretation1_direction,only_old,positive,
MS96LKSS,z8aJXj8ojhD64AUjQSAf,,environmentInterpretation1_direction,only_old,negative,
LS10CLTA,zTTIciYMe1iiv8fjc6Du,,environmentInterpretation1_direction,only_old,negative,
TR16WEXI,zZgsuies0ItMEJZroli1,,environmentInterpretation1_direction,only_old,positive,
IC13ST91,06PTo0DxCCZDEczDmxPA,,environmentInterpretation1_interpretationApplies,only_old,NA,
CO13CAHN,0A4gJmwiV7eKAcUvNN55,,environmentInterpretation1_interpretationApplies,only_old,NA,
MS07MMNP,0YWICEiNRG1n0Lyc2fRc,,environmentInterpretation1_interpretationApplies,only_old,NA,
CO96QUVA,0n4u7XGKeugICSOLYJzf,,environmentInterpretation1_interpretationApplies,only_old,NA,
IC13ST15,1DWs2gnh99KGalQd9aWW,,environmentInterpretation1_interpretationApplies,only_old,NA,
Sofularcave.Fleitmann.2009,1JaFB1dthGkMfpZJzxLn,,environmentInterpretation1_interpretationApplies,only_old,NA,
CO07CAFR,1JzIzVdjD9HE8ikFs6gW,,environmentInterpretation1_interpretationApplies,only_old,NA,
MS12CCCH,1XGGFs6rrfWnVNmz6Crr,,environmentInterpretation1_interpretationApplies,only_old,NA,
CO99LICL,1c4QWzt3GtrP1evJglnb,,environmentInterpretation1_interpretationApplies,only_old,NA,
IC00OE21,1jRjwDoo99ygzSLrMQoH,,environmentInterpretation1_interpretationApplies,only_old,NA,
MS07RCNA,1l9Y0RgTt2Iu1wOpkYYe,,environmentInterpretation1_interpretationApplies,only_old,NA,
IC00OE16,2CRnCGGu19MMrX421teH,,environmentInterpretation1_interpretationApplies,only_old,NA,
IC99IS89,2HrRbdcO4giefmQImWUK,,environmentInterpretation1_interpretationApplies,only_old,NA,
SP13SUSA,2L0o7Ipf4JlnIDp3prIQ,,environmentInterpretation1_interpretationApplies,only_old,NA,
CO14CABT,2bMIZpJQr5xePS075xL8,,environmentInterpretation1_interpretationApplies,only_old,NA,
MS11ANMS,2zRGpAK1ecl7zYYxG0jo,,environmentInterpretation1_interpretationApplies,only_old,NA,
Chauvin.Laird.2003,3Fi6HUTjaSLXQd8dFA2M,,environmentInterpretation1_interpretationApplies,only_old,NA,
LS15BHAL,3OSsm6dHQC9G22eiWyHd,,environmentInterpretation1_interpretationApplies,only_old,NA,
Shigaocave.Jiang.2012,3YGjBwaPONnhj3sWgdqJ,,environmentInterpretation1_interpretationApplies,only_old,NA,
MacalChasm.Akers.2016,3sneXJXGkJAe6jcXbR0e,,environmentInterpretation1_interpretationApplies,only_old,NA,
IC13ST22,4MMoOO8VeYC2ICO1sjzw,,environmentInterpretation1_interpretationApplies,only_old,NA,
CO14ZIHO,4Zn8Y4l0vbrkiQiQJkeC,,environmentInterpretation1_interpretationApplies,only_old,NA,
CO03CHBU,4eKXrgFThelRgVWLxd0K,,environmentInterpretation1_interpretationApplies,only_old,NA,
LS13STEL,4gKGCCfsqyf8TmVGIulj,,environmentInterpretation1_interpretationApplies,only_old,NA,
CO99GUMI,4ytGPXH6ewqHAtNVmTaq,,environmentInterpretation1_interpretationApplies,only_old,NA,
Qunfcave.Fleitmann.2007,55bDFte7GjYblMqaqQQu,,environmentInterpretation1_interpretationApplies,only_old,NA,
DeSotocaverns.Aharon.2013,5HNVLJ38LuN8rmXTvw7m,,environmentInterpretation1_interpretationApplies,only_old,NA,
IC13PALD,5TJCh5cATYd9ENy5GKf5,,environmentInterpretation1_interpretationApplies,only_old,NA,
IC06KAS1,5mEdIRnYGnz6bco2xqLz,,environmentInterpretation1_interpretationApplies,only_old,NA,
LS12ANBI,5wD23ne0CEAt7SzgnO3J,,environmentInterpretation1_interpretationApplies,only_old,NA,
IC02GR05,6Bkva3oByLKIOyet0gVc,,environmentInterpretation1_interpretationApplies,only_old,NA,
LS99CUVA,6b2IjC8xcwhkBU3UVYoi,,environmentInterpretation1_interpretationApplies,only_old,NA,
CO12GOVA,6iQeJsjOAoS8QW2JSoeT,,environmentInterpretation1_interpretationApplies,only_old,NA,
IC17KOEL,6lYiXCN3Eu7Xu4NkIXFH,,environmentInterpretation1_interpretationApplies,only_old,NA,
TR07RECA,6nHzeIAXoyT3cj8Ty99A,,environmentInterpretation1_interpretationApplies,only_old,NA,
TR10ANMO,6wr3ZFJqxpHfVZglVqox,,environmentInterpretation1_interpretationApplies,only_old,NA,
IC13ST21,7D3XV1ftG6ZQK7aGreiK,,environmentInterpretation1_interpretationApplies,only_old,NA,
BeaverLake.Schmieder.2011,7NmIXSqF6YAx4fLQGdVI,,environmentInterpretation1_interpretationApplies,only_old,NA,
IC09VICC,7RPcK2E3LwPQBc9L1O0O,,environmentInterpretation1_interpretationApplies,only_old,NA,
IC96ISE9,7VCT8B2D1KJlytnGfF9L,,environmentInterpretation1_interpretationApplies,only_old,NA,
IC10VIP3,7j3JqxvxsfC5pqOVnaSM,,environmentInterpretation1_interpretationApplies,only_old,NA,
IC10VIP2,7kV3kFWpbay1WYAzvXmD,,environmentInterpretation1_interpretationApplies,only_old,NA,
Tianmen.Cai.2010,80of6EZC5dRYaW0vbG1W,,environmentInterpretation1_interpretationApplies,only_old,NA,
CO05KUBE,873EkNZdP2vfB7zEPWsW,,environmentInterpretation1_interpretationApplies,only_old,NA,
CO94LISE,8EZrsxy7Q2BRKkNZwt81,,environmentInterpretation1_interpretationApplies,only_old,NA,
TR12BECO,8qVR70iC31ZetVkpTSfE,,environmentInterpretation1_interpretationApplies,only_old,NA,
LS07ANMA,9FdG72JlSsXxXoXXpOhE,,environmentInterpretation1_interpretationApplies,only_old,NA,
IC05ISAU,9KWvwHqHL9yD8HPKuurO,,environmentInterpretation1_interpretationApplies,only_old,NA,
Attacave.Niggemann.2003,9MrXqNrRnSRNVwIEudtW,,environmentInterpretation1_interpretationApplies,only_old,NA,
IC08THGZ,9YIpJx1h3XG6XfXwBhqR,,environmentInterpretation1_interpretationApplies,only_old,NA,
LS15DOSA,9dCvb7un7yim06OmoNjJ,,environmentInterpretation1_interpretationApplies,only_old,NA,
Uluu-Toocave.Wolff.2017,9fWuv2fyHYq1nF64vS7C,,environmentInterpretation1_interpretationApplies,only_old,NA,
Lapagrandecave.Strikis.2011,A5QePMAuyk8SBGzlglLZ,,environmentInterpretation1_interpretationApplies,only_old,NA,
LiangLuar.Griffiths.2016,AHskGxbhSALGwiMPilqr,,environmentInterpretation1_interpretationApplies,only_old,NA,
SP12FOAT,AOBAbHAwfVw1qAqAzaGE,,environmentInterpretation1_interpretationApplies,only_old,NA,
IC16WE27,AqZnxntnDcACVNpwEeBq,,environmentInterpretation1_interpretationApplies,only_old,NA,
CO98SWPR,AxKSyUkpl8U5x9RbApf4,,environmentInterpretation1_interpretationApplies,only_old,NA,
IC09KAD3,B6pCttsCzPnPsrLI2GNz,,environmentInterpretation1_interpretationApplies,only_old,NA,
TR12SAMU,B9haOeIr3qeK8wIiHHfI,,environmentInterpretation1_interpretationApplies,only_old,NA,
IC08VI79,BLvOe16MMifbxApVJ52E,,environmentInterpretation1_interpretationApplies,only_old,NA,
NaturalBridgecaverns.Wong.2015,Bm5FtZW7OgwlEb9ZVOnP,,environmentInterpretation1_interpretationApplies,only_old,NA,
Basin.Gajewski.1988,CBHH6GUu98Tx0ruEJdXo,,environmentInterpretation1_interpretationApplies,only_old,NA,
IC95FI87,CKntJjdu9ZwChJkOK3rK,,environmentInterpretation1_interpretationApplies,only_old,NA,
CuevadeAsiul.Smith.2016,CNcMUU2z7PkhkqVFTMyl,,environmentInterpretation1_interpretationApplies,only_old,NA,
Botuvercave.Bernal.2016,CXZMSyjGaFwpciwVjdrZ,,environmentInterpretation1_interpretationApplies,only_old,NA,
MS99LWSC,CZyp1kdeNTeMJ0K8AX6P,,environmentInterpretation1_interpretationApplies,only_old,NA,
TeReingacave.Lorrey.2008,CZzMCaYLG88zoKpp00m2,,environmentInterpretation1_interpretationApplies,only_old,NA,
DosAnascave.Fensterer.2013,Cb5t9XGvwOjdpFdLNFJv,,environmentInterpretation1_interpretationApplies,only_old,NA,
TR15YONW,Cb5zgYWpcc9WdcE1cHmt,,environmentInterpretation1_interpretationApplies,only_old,NA,
CO14CATI,CcxbQb2LQAemTaklTDp8,,environmentInterpretation1_interpretationApplies,only_old,NA,
IC02GR07,Ch8UMmeq6MNzpLurAIHx,,environmentInterpretation1_interpretationApplies,only_old,NA,
IC08VI84,Ct0U6MSqcLYPogvALWRw,,environmentInterpretation1_interpretationApplies,only_old,NA,
Huagapocave.Kanner.2013,DLCXU8yHVBCMYuTS4GHQ,,environmentInterpretation1_interpretationApplies,only_old,NA,
IC16WENG,DLtLlTPGpI1y0x6xrIjd,,environmentInterpretation1_interpretationApplies,only_old,NA,
LS05ANJE,Dd3xWVBBzdNfjXIg5x6h,,environmentInterpretation1_interpretationApplies,only_old,NA,
IC95THHU,DigAWmp8Cwr1trt9z34F,,environmentInterpretation1_interpretationApplies,only_old,NA,
IC11LAB4,Dmc2ShXDaHSjvH5sH5Yg,,environmentInterpretation1_interpretationApplies,only_old,NA,
IC12RHME,DuxqPi9iRKY3fchicHeO,,environmentInterpretation1_interpretationApplies,only_old,NA,
Donggecave.Yuan.2004,E7ULYepKyNGuQ7Ry1dA3,,environmentInterpretation1_interpretationApplies,only_old,NA,
LS98CUPE,E9b6hh8HOzXsybOoyyfZ,,environmentInterpretation1_interpretationApplies,only_old,NA,
CO13CABL,ECY60ObxsU6EvICI1S41,,environmentInterpretation1_interpretationApplies,only_old,NA,
SP11STBR,ENhQHTweev2h3ulGXp3q,,environmentInterpretation1_interpretationApplies,only_old,NA,
MS14MORR,EXWhYO9aPGNKP6nnOBC3,,environmentInterpretation1_interpretationApplies,only_old,NA,
LS07LAHA,EhsuizR7H2J8bkQO8Cev,,environmentInterpretation1_interpretationApplies,only_old,NA,
MS11SENS,ElIcyk5PQLXL4yBgYDDR,,environmentInterpretation1_interpretationApplies,only_old,NA,
IC00COPR,EqJSbxBZGWW5FLpP3MSS,,environmentInterpretation1_interpretationApplies,only_old,NA,
MS03LKNS,ExNUNftFDL8pXms8ozKu,,environmentInterpretation1_interpretationApplies,only_old,NA,
IC99OE06,F2YASHmkOovtC1x1MvCY,,environmentInterpretation1_interpretationApplies,only_old,NA,
IC92HOML,F6qr90xYYN3wW6e0JqQr,,environmentInterpretation1_interpretationApplies,only_old,NA,
IC00OE05,FFOBizbVL7upaZGvwfc2,,environmentInterpretation1_interpretationApplies,only_old,NA,
Mawmluhcave.Berkelhammer.2013,FT8q3XbpPngu4MitSRwq,,environmentInterpretation1_interpretationApplies,only_old,NA,
IC12WACD,FnDgPdczxJvX1RRx2305,,environmentInterpretation1_interpretationApplies,only_old,NA,
IC06VING,Ftzl8h9MEcq8jEri2VsC,,environmentInterpretation1_interpretationApplies,only_old,NA,
TR16LAFO,G8GE2xlAjyGuNGzeip95,,environmentInterpretation1_interpretationApplies,only_old,NA,
TR11XUPH,G8P923YpOXf9YEeklFa9,,environmentInterpretation1_interpretationApplies,only_old,NA,
ClelandLake.Steinman.2016,GCXPVlgERS5fu3JrsUwj,,environmentInterpretation1_interpretationApplies,only_old,NA,
MS15BATP,GDvBVVgJyfRP1W7dWMkq,,environmentInterpretation1_interpretationApplies,only_old,NA,
CO98CHPI,GHpvkkHtLXb50yYTSKdm,,environmentInterpretation1_interpretationApplies,only_old,NA,
LimeLake.Steinman.2016,GUwMcCBubZuv9RLIxu3g,,environmentInterpretation1_interpretationApplies,only_old,NA,
CO09NAKY,GZhjfnhNTkJ6dSM0vJjf,,environmentInterpretation1_interpretationApplies,only_old,NA,
Aus-MarxUpperSnowy,GkkGtF99lhRKH53dnbcn,,environmentInterpretation1_interpretationApplies,only_old,NA,
LianhuacaveHunan.Cosford.2008,GktD21K94e40i0YgNz8B,,environmentInterpretation1_interpretationApplies,only_old,NA,
CO96SWFB,GtaQfVzeDU1H8ksSWa1m,,environmentInterpretation1_interpretationApplies,only_old,NA,
IC99OE05,H46WdD24QDbnPJfyRYPg,,environmentInterpretation1_interpretationApplies,only_old,NA,
IC97THGL,H6qni3qeS1mbd0GdtYF2,,environmentInterpretation1_interpretationApplies,only_old,NA,
CO98BOFP,H6w2icNZMsy6whGbYlUh,,environmentInterpretation1_interpretationApplies,only_old,NA,
CO99DRGB,HHGJSe2t7oz0qLGQYYeM,,environmentInterpretation1_interpretationApplies,only_old,NA,
Oregoncavesnationalmonument.Ersek.2012,HOqEd2j4QHzsTU2wvKE3,,environmentInterpretation1_interpretationApplies,only_old,NA,
Kesangcave.Cheng.2016,HQqaHsLSBigw18lH4XNq,,environmentInterpretation1_interpretationApplies,only_old,NA,
CO98EVXM,HXSIHrYik89LrfBXgzJJ,,environmentInterpretation1_interpretationApplies,only_old,NA,
LS13KOLA,HmX9B3gWvCznxZsQqbYZ,,environmentInterpretation1_interpretationApplies,only_old,NA,
TR11MAJA,Hn5fAXKWLFXTS0AmgoFH,,environmentInterpretation1_interpretationApplies,only_old,NA,
TR14KOSP,HnYfdmiB2ZmZT5iZjqgm,,environmentInterpretation1_interpretationApplies,only_old,NA,
IC10VISA,HtJpouVaZDIcizeGaMpZ,,environmentInterpretation1_interpretationApplies,only_old,NA,
IC13OPAN,IOJ7Bnr0DlXJbRjtehzU,,environmentInterpretation1_interpretationApplies,only_old,NA,
IC99OE02,ITeDC2TXoCZP6aAAe651,,environmentInterpretation1_interpretationApplies,only_old,NA,
CO06MOTO,IhzvxKV8k4KmLBwQ6wW1,,environmentInterpretation1_interpretationApplies,only_old,NA,
IC09VIRE,Ip5fl019DQSi5Ja3eBa0,,environmentInterpretation1_interpretationApplies,only_old,NA,
IC00OE19,IxMXingRczyGa51p8frB,,environmentInterpretation1_interpretationApplies,only_old,NA,
IC99OE04,JFQqutplD8FQNtoAJPfM,,environmentInterpretation1_interpretationApplies,only_old,NA,
SP05MAAT,JLoEYklb1i8VYLrve9Tl,,environmentInterpretation1_interpretationApplies,only_old,NA,
IC16WE22,JRvYhaaOrdWCjlQI8WrH,,environmentInterpretation1_interpretationApplies,only_old,NA,
IC08DILO,JU52wcCs9MYTlnKtbxM9,,environmentInterpretation1_interpretationApplies,only_old,NA,
IC10VICR,JtK3P1wvNgYCQXIQNYCb,,environmentInterpretation1_interpretationApplies,only_old,NA,
IC00OE03,JutRsr828Hjko9w3PPA9,,environmentInterpretation1_interpretationApplies,only_old,NA,
TR11GRTP,K5mWl4guYTrkFTnhTKnV,,environmentInterpretation1_interpretationApplies,only_old,NA,
IC99SCFH,K9RZEGcTSGeob9aUnDFZ,,environmentInterpretation1_interpretationApplies,only_old,NA,
TR13SIKO,KCTsCqpaEnpwOUKbszJA,,environmentInterpretation1_interpretationApplies,only_old,NA,
IC01JO01,Ka6CPveuBxXrFfVWExwd,,environmentInterpretation1_interpretationApplies,only_old,NA,
IC13ST06,Kzq67qc1UMznuEk6MdaY,,environmentInterpretation1_interpretationApplies,only_old,NA,
MoonLake.Laird.1996,LC8176e4be9fe4580a20ca8acd1935eebb,,environmentInterpretation1_interpretationApplies,only_old,NA,
GooseBayMarsh.Rippke.2010,LCfd93f443775fb7f04869133ce0db013f,,environmentInterpretation1_interpretationApplies,only_old,NA,
LS10HESA,LEveEByHJJ8EXYhDvQvl,,environmentInterpretation1_interpretationApplies,only_old,NA,
Chaaracave.AitBrahim.2018,LIcGR4H0i9fYAWSm7zhN,,environmentInterpretation1_interpretationApplies,only_old,NA,
TR11BAVO,LMifEVQKJJhSS4l0HHoc,,environmentInterpretation1_interpretationApplies,only_old,NA,
CO11NUPM,LQotH0GnIrx4vOwfIiW7,,environmentInterpretation1_interpretationApplies,only_old,NA,
TR16WEMI,LRweFdggMVcEhgkh1Iaf,,environmentInterpretation1_interpretationApplies,only_old,NA,
BukitAssamcave.Carolin.2013,LXNSJP9wSqShqarBD38U,,environmentInterpretation1_interpretationApplies,only_old,NA,
IC10VIRE,LbXXaHuJHiEcdEBxTGJ3,,environmentInterpretation1_interpretationApplies,only_old,NA,
IC13ST01,LlPgY4ULsNBoNxsFuI7z,,environmentInterpretation1_interpretationApplies,only_old,NA,
IC13THFE,LwfxaGBfNbxjKgAKqgBg,,environmentInterpretation1_interpretationApplies,only_old,NA,
IC08VIRE,M0xE5vvgXtFWj6mUSZiz,,environmentInterpretation1_interpretationApplies,only_old,NA,
Bunkercave.Fohlmeister.2012,MBKdLAR2spY6hc56OHM0,,environmentInterpretation1_interpretationApplies,only_old,NA,
CO06QUNG,MNN1hLqGHovxO9RxzqWP,,environmentInterpretation1_interpretationApplies,only_old,NA,
Leviathan.Lachniet.2014,MWUp30NWDKpeiymVdPjM,,environmentInterpretation1_interpretationApplies,only_old,NA,
IC07KARB,MdiEhl2jhtM2Mp76iIpW,,environmentInterpretation1_interpretationApplies,only_old,NA,
IC09VIA8,Mj3xD1TIKGBoa4UoxtMG,,environmentInterpretation1_interpretationApplies,only_old,NA,
LS07ROTI,Mn2L0GPRYLKYjpTRzFsg,,environmentInterpretation1_interpretationApplies,only_old,NA,
LS12ANYE,MocCpwRzQqapElTdUJaM,,environmentInterpretation1_interpretationApplies,only_old,NA,
TR07REVI,NQftBWZso7cbW0AV4rqD,,environmentInterpretation1_interpretationApplies,only_old,NA,
IC99OE10,NT6TcCXjWu7wmR9h6dJK,,environmentInterpretation1_interpretationApplies,only_old,NA,
IC99OE07,NojbiDhAhR8nOGsM461V,,environmentInterpretation1_interpretationApplies,only_old,NA,
PinkPanthercave.Asmerom.2007,OIuqLbfD35YQVtSK0J9R,,environmentInterpretation1_interpretationApplies,only_old,NA,
IC13STSP,OMEqKSDi6jOtqceaIKte,,environmentInterpretation1_interpretationApplies,only_old,NA,
TR13BROA,ObSFIbYBLK4jhwf9YjUE,,environmentInterpretation1_interpretationApplies,only_old,NA,
MS05LKLF,OfqaOECSQUKToyH6kw63,,environmentInterpretation1_interpretationApplies,only_old,NA,
LS96VOAM,Or2JCxlPULjJgMadAx0L,,environmentInterpretation1_interpretationApplies,only_old,NA,
MS11CSCN,OxWvbpJawpTGawh3vS7R,,environmentInterpretation1_interpretationApplies,only_old,NA,
IC06VIGR,P51I37fcTRrjdZxJapTe,,environmentInterpretation1_interpretationApplies,only_old,NA,
SS05ROES,PBWAsecE3wOhGEpJLXsk,,environmentInterpretation1_interpretationApplies,only_old,NA,
TR16LAAN,PUi5qjh8kt5AxhCUS1qN,,environmentInterpretation1_interpretationApplies,only_old,NA,
TR17GRTP,PcTAJSOzXrJl8PYQWdU7,,environmentInterpretation1_interpretationApplies,only_old,NA,
MS09DOIP,PcxJW367F1QCIPGaPVEp,,environmentInterpretation1_interpretationApplies,only_old,NA,
MS08UAPM,PhCD0XXSTYNVqlZgfZOm,,environmentInterpretation1_interpretationApplies,only_old,NA,
MS07SWGG,Py9osfbpYkp1CZE7ZNc7,,environmentInterpretation1_interpretationApplies,only_old,NA,
MS03SMAS,QMOehTVwetpWC7NjC1xZ,,environmentInterpretation1_interpretationApplies,only_old,NA,
LakeElingamite.Barr.2014,QNHE4JqF1HiUmJapWDVs,,environmentInterpretation1_interpretationApplies,only_old,NA,
IC07KADF,QVo1slUJ5Zj8d0woMruy,,environmentInterpretation1_interpretationApplies,only_old,NA,
LS01HOCH,QcNvBzfCXDUtuoDia4B1,,environmentInterpretation1_interpretationApplies,only_old,NA,
Gempabumicave.Krause.2019,QeDziKn0hIVilyutqM5G,,environmentInterpretation1_interpretationApplies,only_old,NA,
IC12SIWG,QeUHcokRNC9xAPAZ5eT3,,environmentInterpretation1_interpretationApplies,only_old,NA,
LS14LESA,Qocxc8unvhQ5Zdlo4nPB,,environmentInterpretation1_interpretationApplies,only_old,NA,
Fukugaguchicave.Sone.2013,Qon1TFaJDsxgQmBgWAeL,,environmentInterpretation1_interpretationApplies,only_old,NA,
CO09NUTB,QppSU0ZbBRHynYlsGE3M,,environmentInterpretation1_interpretationApplies,only_old,NA,
TR04EVLI,QsrMCFTlFOvTZfxNCKKi,,environmentInterpretation1_interpretationApplies,only_old,NA,
IC00EIGG,Qt8yOkMhvQOCu5U58vPD,,environmentInterpretation1_interpretationApplies,only_old,NA,
MS06DLGS,Qtit3SzICMr16aSTM3Yn,,environmentInterpretation1_interpretationApplies,only_old,NA,
CO04BAFI,RJYKojzTyudcLuqnDEFn,,environmentInterpretation1_interpretationApplies,only_old,NA,
CO05ASGU,ROQUBo8zC9rD7YtZWul9,,environmentInterpretation1_interpretationApplies,only_old,NA,
IC03HOIL,RZkXNWY88wyoRuBTXfa4,,environmentInterpretation1_interpretationApplies,only_old,NA,
IC16WE20,RiAHj8PXTcbh0uFSk5fi,,environmentInterpretation1_interpretationApplies,only_old,NA,
IC11DILO,RjG1hTHuQLgkuv5aotw3,,environmentInterpretation1_interpretationApplies,only_old,NA,
BucadellaRenella.Drysdale.2006,Rxl1e2BAfqTyeOzB9Jpd,,environmentInterpretation1_interpretationApplies,only_old,NA,
IC13ST04,RzbBggFcvEhoXlH08YzV,,environmentInterpretation1_interpretationApplies,only_old,NA,
IC08VI87,S1KWoqLbFrZxh8ihjRWm,,environmentInterpretation1_interpretationApplies,only_old,NA,
LS05HOAG,S6G7A09suvadjK0fwxW8,,environmentInterpretation1_interpretationApplies,only_old,NA,
TR08VOOL,SCa2gqg3j0IbOYzrmlBw,,environmentInterpretation1_interpretationApplies,only_old,NA,
LS03RUED,SNfJB8GaMm4ZoWOZjKcR,,environmentInterpretation1_interpretationApplies,only_old,NA,
IC09OPAN,SNwfLPqcx4llE8epOzUe,,environmentInterpretation1_interpretationApplies,only_old,NA,
CO02KUBE,STfvZZbTivYEfORIuIGG,,environmentInterpretation1_interpretationApplies,only_old,NA,
LS01HUFA,Sefwzx7SX9ACtwJSfZiA,,environmentInterpretation1_interpretationApplies,only_old,NA,
IC00OE22,SnVEqrDl16StaDrJz4WT,,environmentInterpretation1_interpretationApplies,only_old,NA,
IC14VL1K,SvrSkYkFQJD4S9nmFQqC,,environmentInterpretation1_interpretationApplies,only_old,NA,
CO97CHSY,SwJhjCbLxX0uQiNBHJc7,,environmentInterpretation1_interpretationApplies,only_old,NA,
IC14MAFH,TNVDQyzWCkDTIJ7Gfmpn,,environmentInterpretation1_interpretationApplies,only_old,NA,
IC02STTA,TPXEOOTBiRuQufqcW2dK,,environmentInterpretation1_interpretationApplies,only_old,NA,
IC99OE08,TWgWwQRssX5iJ4cjzE4x,,environmentInterpretation1_interpretationApplies,only_old,NA,
CO08GOBE,Tcz9OJKTzHVKZ8ulsLcp,,environmentInterpretation1_interpretationApplies,only_old,NA,
MS10JTMA,TnSrT6vQDaty9cdT42wN,,environmentInterpretation1_interpretationApplies,only_old,NA,
CO04ZIMG,ToPssJKe7rwUBIS3l5aK,,environmentInterpretation1_interpretationApplies,only_old,NA,
Jaragucave.Novello.2017,Trf9C85k1OF8ETK2uAC7,,environmentInterpretation1_interpretationApplies,only_old,NA,
CO13HENG,TtO1xdkfGjQEEwc5vy1M,,environmentInterpretation1_interpretationApplies,only_old,NA,
Darkcave.Jiang.2013,Tyd2CVUifk5wi2ebTQcU,,environmentInterpretation1_interpretationApplies,only_old,NA,
KecheLake.Chipman.2012,UThRUbZiZ8NaZMDJO5q2,,environmentInterpretation1_interpretationApplies,only_old,NA,
IC98FIPE,UZJmTGG4JVWxdNiMRDV5,,environmentInterpretation1_interpretationApplies,only_old,NA,
IC96MOSS,UkgxiPcXG48HzFijtZso,,environmentInterpretation1_interpretationApplies,only_old,NA,
CO14ZIMG,UkxmfaCJG3Ws5GB7tlV3,,environmentInterpretation1_interpretationApplies,only_old,NA,
CO98QUNC,Uq6nzXzFimFs5qsjOnWx,,environmentInterpretation1_interpretationApplies,only_old,NA,
CO99SWFB,Ux7ybOJjPF8Sdz2WImTH,,environmentInterpretation1_interpretationApplies,only_old,NA,
IC17EKPV,V5mc1kj1fBhwFp069MNW,,environmentInterpretation1_interpretationApplies,only_old,NA,
MS04BLCB,V9G04R1aVQpZ5z3gL3R7,,environmentInterpretation1_interpretationApplies,only_old,NA,
IC99ISS2,VByWGw2kUCvKave2S6kW,,environmentInterpretation1_interpretationApplies,only_old,NA,
IC11KIPW,VKfDdOiP210VeZyMnd1U,,environmentInterpretation1_interpretationApplies,only_old,NA,
CO04MGNG,VioVBJ59Vtk6q9b4LZuM,,environmentInterpretation1_interpretationApplies,only_old,NA,
GRIP_accumulation.Vinther.2006,VqYziHjGZNoYuzu2gTsp,,environmentInterpretation1_interpretationApplies,only_old,NA,
LS06STFO,Vr4NxSeEcjs8R8C8sTQa,,environmentInterpretation1_interpretationApplies,only_old,NA,
MS07LSSP,VuLLJOSxlcig4OHZYqvq,,environmentInterpretation1_interpretationApplies,only_old,NA,
IC00OE23,W0EVd9q6jNFdTrThH0ee,,environmentInterpretation1_interpretationApplies,only_old,NA,
IC08VI77,WBBdkDkWLm8t5fbT2nwl,,environmentInterpretation1_interpretationApplies,only_old,NA,
IC09KANG,WC56sytA9hJN4DaQvFkh,,environmentInterpretation1_interpretationApplies,only_old,NA,
TR11MAPE,WCjvMxu4y93qfXg0x3q4,,environmentInterpretation1_interpretationApplies,only_old,NA,
IC13ST05,WH4UJdLQ6uaVxnjDO7Ga,,environmentInterpretation1_interpretationApplies,only_old,NA,
IC12MUJR,WcwADMUe8WsmsPXTde4B,,environmentInterpretation1_interpretationApplies,only_old,NA,
IC00STTY,X6cdP8kQhYurVJ3lJLZb,,environmentInterpretation1_interpretationApplies,only_old,NA,
CO03COPM,XHtmwaqI1qgs2CQxrXgK,,environmentInterpretation1_interpretationApplies,only_old,NA,
SS05ROTN,XKQ9jNTJNH16EFtU5kZP,,environmentInterpretation1_interpretationApplies,only_old,NA,
IC16WE17,XSwEVmg2suUgbm3C9UcQ,,environmentInterpretation1_interpretationApplies,only_old,NA,
SS03HAJA,XWP4W5INaUdeS85EEjwA,,environmentInterpretation1_interpretationApplies,only_old,NA,
Humboldt.Laird.2003,XXefhTTsyYEamSOrh44B,,environmentInterpretation1_interpretationApplies,only_old,NA,
LS14LASO,XZ3JPyRLteBJERXWP3bW,,environmentInterpretation1_interpretationApplies,only_old,NA,
IC06VID3,Xry2CCsPr5tIjfiXclfQ,,environmentInterpretation1_interpretationApplies,only_old,NA,
CO95TUNG,YBQqgQPyW9sf1R1iYKWo,,environmentInterpretation1_interpretationApplies,only_old,NA,
MS15VIBC,YMOX9mUgx3Jy1F8k4kU0,,environmentInterpretation1_interpretationApplies,only_old,NA,
IC94THDP,Yt5JnM7GW4oWLWyZZoIN,,environmentInterpretation1_interpretationApplies,only_old,NA,
IC93BAGI,Z01l7P7eZ6HbMLNlfSrV,,environmentInterpretation1_interpretationApplies,only_old,NA,
LS09MAAS,Z91GgBMoU3afP65CfdIx,,environmentInterpretation1_interpretationApplies,only_old,NA,
IC17EKN1,ZBXsDsMy7d1GRCCphVmu,,environmentInterpretation1_interpretationApplies,only_old,NA,
MS11KWFS,ZG5G6uj2x9jDcYCwvmGn,,environmentInterpretation1_interpretationApplies,only_old,NA,
LS10HEQI,ZH1jxMVLYa4LQRJejgwG,,environmentInterpretation1_interpretationApplies,only_old,NA,
MS04ICNI,ZJw3ZrpApwpnwjY3AwaS,,environmentInterpretation1_interpretationApplies,only_old,NA,
IC13STWD,ZLrwrdOy34w6brYcOld8,,environmentInterpretation1_interpretationApplies,only_old,NA,
LS96CUPU,ZQ9bUXSwEgUhPcByOGua,,environmentInterpretation1_interpretationApplies,only_old,NA,
IC82STVE,ZYzMzNTlsQbQZ4fO1wig,,environmentInterpretation1_interpretationApplies,only_old,NA,
IC76FIDE,ZZtjaByzW0WcicOQM2wE,,environmentInterpretation1_interpretationApplies,only_old,NA,
IC16GOBP,Zu4SlOaGVgZbpK0VZM0W,,environmentInterpretation1_interpretationApplies,only_old,NA,
TR17EDSW,ZxNsgxGncIkAPq93xSUJ,,environmentInterpretation1_interpretationApplies,only_old,NA,
Tamborilcave.Wortham.2017,a97FJtDxyRV4Z4PXhgEX,,environmentInterpretation1_interpretationApplies,only_old,NA,
IC00STHN,aDjSHlh555y1y7fslzHD,,environmentInterpretation1_interpretationApplies,only_old,NA,
Dantecave.Sletten.2013,aLmVlTYLccN4l4RzFCXs,,environmentInterpretation1_interpretationApplies,only_old,NA,
TR08THCO,aTIaF2qAj1D9VLqaeVSM,,environmentInterpretation1_interpretationApplies,only_old,NA,
RoundLake.Schmieder.2011,aj4jRxRog9i8T8EqWQ4n,,environmentInterpretation1_interpretationApplies,only_old,NA,
LS09LACA,asFQXuRV6epgXCffwazJ,,environmentInterpretation1_interpretationApplies,only_old,NA,
TR15YOLL,b19a4WSFttSlN071PgaV,,environmentInterpretation1_interpretationApplies,only_old,NA,
LS10ANBL,bkAlLfg0b7UmdBUttfOT,,environmentInterpretation1_interpretationApplies,only_old,NA,
IC16WE23,bo8jonsVqKFI6CgyqN6F,,environmentInterpretation1_interpretationApplies,only_old,NA,
SP10CACN,c8AgHOAaGl7NKlOESlIY,,environmentInterpretation1_interpretationApplies,only_old,NA,
IC16WE30,cAY7mhrGgtubsRtvIQ25,,environmentInterpretation1_interpretationApplies,only_old,NA,
MS06DLDS,cTGmqmH6peabf63aWqMC,,environmentInterpretation1_interpretationApplies,only_old,NA,
FerdeLanceEtang.ONeill-Sanger.2021,cY7k6obyzTk2cqKfwozK,,environmentInterpretation1_interpretationApplies,only_old,NA,
IC08HODF,cfs4ydXYTXUkKS2U2xPQ,,environmentInterpretation1_interpretationApplies,only_old,NA,
AB08MEN01,ch2kAB08MEN01,,environmentInterpretation1_interpretationApplies,only_old,NA,
AB20MEN01,ch2kAB20MEN01,,environmentInterpretation1_interpretationApplies,only_old,NA,
AB20MEN02,ch2kAB20MEN02,,environmentInterpretation1_interpretationApplies,only_old,NA,
AB20MEN04,ch2kAB20MEN04,,environmentInterpretation1_interpretationApplies,only_old,NA,
AB20MEN05,ch2kAB20MEN05,,environmentInterpretation1_interpretationApplies,only_old,NA,
AB20MEN06,ch2kAB20MEN06,,environmentInterpretation1_interpretationApplies,only_old,NA,
AB20MEN07,ch2kAB20MEN07,,environmentInterpretation1_interpretationApplies,only_old,NA,
AL16PUR01,ch2kAL16PUR01,,environmentInterpretation1_interpretationApplies,only_old,NA,
AL16PUR02,ch2kAL16PUR02,,environmentInterpretation1_interpretationApplies,only_old,NA,
AS05GUA01,ch2kAS05GUA01,,environmentInterpretation1_interpretationApplies,only_old,NA,
BA04FIJ01,ch2kBA04FIJ01,,environmentInterpretation1_interpretationApplies,only_old,NA,
BA04FIJ02,ch2kBA04FIJ02,,environmentInterpretation1_interpretationApplies,only_old,NA,
BO14HTI01,ch2kBO14HTI01,,environmentInterpretation1_interpretationApplies,only_old,NA,
BO14HTI02,ch2kBO14HTI02,,environmentInterpretation1_interpretationApplies,only_old,NA,
BO99MOO01,ch2kBO99MOO01,,environmentInterpretation1_interpretationApplies,only_old,NA,
BR19RED01,ch2kBR19RED01,,environmentInterpretation1_interpretationApplies,only_old,NA,
CA07FLI01,ch2kCA07FLI01,,environmentInterpretation1_interpretationApplies,only_old,NA,
CA13DIA01,ch2kCA13DIA01,,environmentInterpretation1_interpretationApplies,only_old,NA,
CA13PEL01,ch2kCA13PEL01,,environmentInterpretation1_interpretationApplies,only_old,NA,
CA13SAP01,ch2kCA13SAP01,,environmentInterpretation1_interpretationApplies,only_old,NA,
CA13TUR01,ch2kCA13TUR01,,environmentInterpretation1_interpretationApplies,only_old,NA,
CA14BUT01,ch2kCA14BUT01,,environmentInterpretation1_interpretationApplies,only_old,NA,
CA14TIM01,ch2kCA14TIM01,,environmentInterpretation1_interpretationApplies,only_old,NA,
CH03BUN01,ch2kCH03BUN01,,environmentInterpretation1_interpretationApplies,only_old,NA,
CH03LOM01,ch2kCH03LOM01,,environmentInterpretation1_interpretationApplies,only_old,NA,
CH97BVB01,ch2kCH97BVB01,,environmentInterpretation1_interpretationApplies,only_old,NA,
CH98PIR01,ch2kCH98PIR01,,environmentInterpretation1_interpretationApplies,only_old,NA,
CO00MAL01,ch2kCO00MAL01,,environmentInterpretation1_interpretationApplies,only_old,NA,
CO03PAL01,ch2kCO03PAL01,,environmentInterpretation1_interpretationApplies,only_old,NA,
CO03PAL02,ch2kCO03PAL02,,environmentInterpretation1_interpretationApplies,only_old,NA,
CO03PAL03,ch2kCO03PAL03,,environmentInterpretation1_interpretationApplies,only_old,NA,
CO03PAL04,ch2kCO03PAL04,,environmentInterpretation1_interpretationApplies,only_old,NA,
CO03PAL05,ch2kCO03PAL05,,environmentInterpretation1_interpretationApplies,only_old,NA,
CO03PAL06,ch2kCO03PAL06,,environmentInterpretation1_interpretationApplies,only_old,NA,
CO03PAL07,ch2kCO03PAL07,,environmentInterpretation1_interpretationApplies,only_old,NA,
CO03PAL08,ch2kCO03PAL08,,environmentInterpretation1_interpretationApplies,only_old,NA,
CO03PAL09,ch2kCO03PAL09,,environmentInterpretation1_interpretationApplies,only_old,NA,
CO03PAL10,ch2kCO03PAL10,,environmentInterpretation1_interpretationApplies,only_old,NA,
CO93TAR01,ch2kCO93TAR01,,environmentInterpretation1_interpretationApplies,only_old,NA,
DA06MAF01,ch2kDA06MAF01,,environmentInterpretation1_interpretationApplies,only_old,NA,
DA06MAF02,ch2kDA06MAF02,,environmentInterpretation1_interpretationApplies,only_old,NA,
DE12ANC01,ch2kDE12ANC01,,environmentInterpretation1_interpretationApplies,only_old,NA,
DE13HAI01,ch2kDE13HAI01,,environmentInterpretation1_interpretationApplies,only_old,NA,
DE14DTO01,ch2kDE14DTO01,,environmentInterpretation1_interpretationApplies,only_old,NA,
DE14DTO02,ch2kDE14DTO02,,environmentInterpretation1_interpretationApplies,only_old,NA,
DE14DTO03,ch2kDE14DTO03,,environmentInterpretation1_interpretationApplies,only_old,NA,
DE14DTO04,ch2kDE14DTO04,,environmentInterpretation1_interpretationApplies,only_old,NA,
DR99ABR01,ch2kDR99ABR01,,environmentInterpretation1_interpretationApplies,only_old,NA,
DU94URV01,ch2kDU94URV01,,environmentInterpretation1_interpretationApplies,only_old,NA,
EV18ROC01,ch2kEV18ROC01,,environmentInterpretation1_interpretationApplies,only_old,NA,
EV98KIR01,ch2kEV98KIR01,,environmentInterpretation1_interpretationApplies,only_old,NA,
FE09OGA01,ch2kFE09OGA01,,environmentInterpretation1_interpretationApplies,only_old,NA,
FE18RUS01,ch2kFE18RUS01,,environmentInterpretation1_interpretationApplies,only_old,NA,
FL17DTO01,ch2kFL17DTO01,,environmentInterpretation1_interpretationApplies,only_old,NA,
FL17DTO02,ch2kFL17DTO02,,environmentInterpretation1_interpretationApplies,only_old,NA,
GO08BER01,ch2kGO08BER01,,environmentInterpretation1_interpretationApplies,only_old,NA,
GO12SBV01,ch2kGO12SBV01,,environmentInterpretation1_interpretationApplies,only_old,NA,
GR13MAD01,ch2kGR13MAD01,,environmentInterpretation1_interpretationApplies,only_old,NA,
GR13MAD02,ch2kGR13MAD02,,environmentInterpretation1_interpretationApplies,only_old,NA,
GU99NAU01,ch2kGU99NAU01,,environmentInterpretation1_interpretationApplies,only_old,NA,
GU99NAU02,ch2kGU99NAU02,,environmentInterpretation1_interpretationApplies,only_old,NA,
HE02GBR01,ch2kHE02GBR01,,environmentInterpretation1_interpretationApplies,only_old,NA,
HE08LRA01,ch2kHE08LRA01,,environmentInterpretation1_interpretationApplies,only_old,NA,
HE10GUA01,ch2kHE10GUA01,,environmentInterpretation1_interpretationApplies,only_old,NA,
HE13MIS01,ch2kHE13MIS01,,environmentInterpretation1_interpretationApplies,only_old,NA,
HE18COC01,ch2kHE18COC01,,environmentInterpretation1_interpretationApplies,only_old,NA,
JI18GAL01,ch2kJI18GAL01,,environmentInterpretation1_interpretationApplies,only_old,NA,
JI18GAL02,ch2kJI18GAL02,,environmentInterpretation1_interpretationApplies,only_old,NA,
KA17RYU01,ch2kKA17RYU01,,environmentInterpretation1_interpretationApplies,only_old,NA,
KI04MCV01,ch2kKI04MCV01,,environmentInterpretation1_interpretationApplies,only_old,NA,
KI08PAR01,ch2kKI08PAR01,,environmentInterpretation1_interpretationApplies,only_old,NA,
KI14PAR01,ch2kKI14PAR01,,environmentInterpretation1_interpretationApplies,only_old,NA,
KL97DAH01,ch2kKL97DAH01,,environmentInterpretation1_interpretationApplies,only_old,NA,
KR20SAR01,ch2kKR20SAR01,,environmentInterpretation1_interpretationApplies,only_old,NA,
KU00NIN01,ch2kKU00NIN01,,environmentInterpretation1_interpretationApplies,only_old,NA,
KU99HOU01,ch2kKU99HOU01,,environmentInterpretation1_interpretationApplies,only_old,NA,
LI00RAR01,ch2kLI00RAR01,,environmentInterpretation1_interpretationApplies,only_old,NA,
LI04FIJ01,ch2kLI04FIJ01,,environmentInterpretation1_interpretationApplies,only_old,NA,
LI06FIJ01,ch2kLI06FIJ01,,environmentInterpretation1_interpretationApplies,only_old,NA,
LI06RAR01,ch2kLI06RAR01,,environmentInterpretation1_interpretationApplies,only_old,NA,
LI06RAR02,ch2kLI06RAR02,,environmentInterpretation1_interpretationApplies,only_old,NA,
LI94SEC01,ch2kLI94SEC01,,environmentInterpretation1_interpretationApplies,only_old,NA,
MA08DTO01,ch2kMA08DTO01,,environmentInterpretation1_interpretationApplies,only_old,NA,
MC04PNG01,ch2kMC04PNG01,,environmentInterpretation1_interpretationApplies,only_old,NA,
MC11KIR01,ch2kMC11KIR01,,environmentInterpretation1_interpretationApplies,only_old,NA,
MO06PED01,ch2kMO06PED01,,environmentInterpretation1_interpretationApplies,only_old,NA,
MU17DOA01,ch2kMU17DOA01,,environmentInterpretation1_interpretationApplies,only_old,NA,
MU18GSI01,ch2kMU18GSI01,,environmentInterpretation1_interpretationApplies,only_old,NA,
MU18NPI01,ch2kMU18NPI01,,environmentInterpretation1_interpretationApplies,only_old,NA,
MU18RED04,ch2kMU18RED04,,environmentInterpretation1_interpretationApplies,only_old,NA,
NA09MAL01,ch2kNA09MAL01,,environmentInterpretation1_interpretationApplies,only_old,NA,
NU09FAN01,ch2kNU09FAN01,,environmentInterpretation1_interpretationApplies,only_old,NA,
NU11PAL01,ch2kNU11PAL01,,environmentInterpretation1_interpretationApplies,only_old,NA,
OS13NGP01,ch2kOS13NGP01,,environmentInterpretation1_interpretationApplies,only_old,NA,
OS14RIP01,ch2kOS14RIP01,,environmentInterpretation1_interpretationApplies,only_old,NA,
OS14UCP01,ch2kOS14UCP01,,environmentInterpretation1_interpretationApplies,only_old,NA,
PF04PBA01,ch2kPF04PBA01,,environmentInterpretation1_interpretationApplies,only_old,NA,
PF19LAR01,ch2kPF19LAR01,,environmentInterpretation1_interpretationApplies,only_old,NA,
QU06RAB01,ch2kQU06RAB01,,environmentInterpretation1_interpretationApplies,only_old,NA,
QU96ESV01,ch2kQU96ESV01,,environmentInterpretation1_interpretationApplies,only_old,NA,
RA19PAI01,ch2kRA19PAI01,,environmentInterpretation1_interpretationApplies,only_old,NA,
RA20TAI01,ch2kRA20TAI01,,environmentInterpretation1_interpretationApplies,only_old,NA,
RE18CAY01,ch2kRE18CAY01,,environmentInterpretation1_interpretationApplies,only_old,NA,
RI10PBL01,ch2kRI10PBL01,,environmentInterpretation1_interpretationApplies,only_old,NA,
RO19MAR01,ch2kRO19MAR01,,environmentInterpretation1_interpretationApplies,only_old,NA,
RO19PAR01,ch2kRO19PAR01,,environmentInterpretation1_interpretationApplies,only_old,NA,
SA16CLA01,ch2kSA16CLA01,,environmentInterpretation1_interpretationApplies,only_old,NA,
SA18GBR01,ch2kSA18GBR01,,environmentInterpretation1_interpretationApplies,only_old,NA,
SA20FAN02,ch2kSA20FAN02,,environmentInterpretation1_interpretationApplies,only_old,NA,
SH92PUN01,ch2kSH92PUN01,,environmentInterpretation1_interpretationApplies,only_old,NA,
SM06LKF01,ch2kSM06LKF01,,environmentInterpretation1_interpretationApplies,only_old,NA,
SM06LKF02,ch2kSM06LKF02,,environmentInterpretation1_interpretationApplies,only_old,NA,
ST13MAL01,ch2kST13MAL01,,environmentInterpretation1_interpretationApplies,only_old,NA,
SW98STP01,ch2kSW98STP01,,environmentInterpretation1_interpretationApplies,only_old,NA,
SW99LIG01,ch2kSW99LIG01,,environmentInterpretation1_interpretationApplies,only_old,NA,
SW99LIG02,ch2kSW99LIG02,,environmentInterpretation1_interpretationApplies,only_old,NA,
TA18TAS01,ch2kTA18TAS01,,environmentInterpretation1_interpretationApplies,only_old,NA,
TU01DEP01,ch2kTU01DEP01,,environmentInterpretation1_interpretationApplies,only_old,NA,
TU01LAI01,ch2kTU01LAI01,,environmentInterpretation1_interpretationApplies,only_old,NA,
TU95MAD01,ch2kTU95MAD01,,environmentInterpretation1_interpretationApplies,only_old,NA,
UR00MAI01,ch2kUR00MAI01,,environmentInterpretation1_interpretationApplies,only_old,NA,
WE09ARR01,ch2kWE09ARR01,,environmentInterpretation1_interpretationApplies,only_old,NA,
WU13TON01,ch2kWU13TON01,,environmentInterpretation1_interpretationApplies,only_old,NA,
WU14CLI01,ch2kWU14CLI01,,environmentInterpretation1_interpretationApplies,only_old,NA,
XI17HAI01,ch2kXI17HAI01,,environmentInterpretation1_interpretationApplies,only_old,NA,
XU15BVI02,ch2kXU15BVI02,,environmentInterpretation1_interpretationApplies,only_old,NA,
ZI04IFR01,ch2kZI04IFR01,,environmentInterpretation1_interpretationApplies,only_old,NA,
ZI08MAY01,ch2kZI08MAY01,,environmentInterpretation1_interpretationApplies,only_old,NA,
ZI14HOU01,ch2kZI14HOU01,,environmentInterpretation1_interpretationApplies,only_old,NA,
ZI14IFR02,ch2kZI14IFR02,,environmentInterpretation1_interpretationApplies,only_old,NA,
ZI14TUR01,ch2kZI14TUR01,,environmentInterpretation1_interpretationApplies,only_old,NA,
ZI15BUN01,ch2kZI15BUN01,,environmentInterpretation1_interpretationApplies,only_old,NA,
ZI15CLE01,ch2kZI15CLE01,,environmentInterpretation1_interpretationApplies,only_old,NA,
ZI15IMP01,ch2kZI15IMP01,,environmentInterpretation1_interpretationApplies,only_old,NA,
ZI15IMP02,ch2kZI15IMP02,,environmentInterpretation1_interpretationApplies,only_old,NA,
ZI15MER01,ch2kZI15MER01,,environmentInterpretation1_interpretationApplies,only_old,NA,
ZI15TAN01,ch2kZI15TAN01,,environmentInterpretation1_interpretationApplies,only_old,NA,
ZI16ROD01,ch2kZI16ROD01,,environmentInterpretation1_interpretationApplies,only_old,NA,
ZI16ROD02,ch2kZI16ROD02,,environmentInterpretation1_interpretationApplies,only_old,NA,
IC10VISG,ctivxwdSrQ8CHyTchef4,,environmentInterpretation1_interpretationApplies,only_old,NA,
LakeSurprise.Barr.2014,d4rArkjNC2CFOdblye45,,environmentInterpretation1_interpretationApplies,only_old,NA,
IC13ST13,d5gZeDCjc7flpymdHGxS,,environmentInterpretation1_interpretationApplies,only_old,NA,
LS11NECA,d5iww7TYNjOQwD48FkWa,,environmentInterpretation1_interpretationApplies,only_old,NA,
IC99OE09,d8u5bdRop7dONcnWoSen,,environmentInterpretation1_interpretationApplies,only_old,NA,
MS14MOLS,dG5ZHOKHoFRyclHS3zR0,,environmentInterpretation1_interpretationApplies,only_old,NA,
IC00OE12,dKPknpQNOqDnwlavodox,,environmentInterpretation1_interpretationApplies,only_old,NA,
TR11BAPU,dWOCBsWkDpFFdXxldw1G,,environmentInterpretation1_interpretationApplies,only_old,NA,
LakeNaivasha.Richardson.1972,dcrnSAKYoTaVZSYBdEyZY4,,environmentInterpretation1_interpretationApplies,only_old,NA,
MS02FLPC,dor7PAYFl2Dc63lIUAa6,,environmentInterpretation1_interpretationApplies,only_old,NA,
LS15OEPO,dqcNSsnoQf4bKYTQF1EO,,environmentInterpretation1_interpretationApplies,only_old,NA,
CO94HEAQ,dzpkTrGPHOBnA9hfbBVl,,environmentInterpretation1_interpretationApplies,only_old,NA,
IC00SC16,eMimEkm6EnQdVVCJZttv,,environmentInterpretation1_interpretationApplies,only_old,NA,
IC16WE28,ectHWXy37zOYJuTnrp08,,environmentInterpretation1_interpretationApplies,only_old,NA,
IC03HORB,enYzv7e4BUHU3R2mQ8xL,,environmentInterpretation1_interpretationApplies,only_old,NA,
CO10HEIG,evWoABoM15RbQE7Ktza0,,environmentInterpretation1_interpretationApplies,only_old,NA,
CO06LIFI,f7gcyleGaoONnirUGXjV,,environmentInterpretation1_interpretationApplies,only_old,NA,
IC00SC26,f9XLDb8DxGHIDx7x0DZ0,,environmentInterpretation1_interpretationApplies,only_old,NA,
MS09TCIS,fAsvSOtzr5dkgjUhv3oL,,environmentInterpretation1_interpretationApplies,only_old,NA,
TR11SIMO,fQmoh1zhxY1fiqHEJBdy,,environmentInterpretation1_interpretationApplies,only_old,NA,
IC15GANK,fSUtNl0uXiQNi6agKRON,,environmentInterpretation1_interpretationApplies,only_old,NA,
IC17EKN3,gQSBcOVDh8An1RjyKyVT,,environmentInterpretation1_interpretationApplies,only_old,NA,
MS11FAPM,gWa0tMosiImkR3lxl6VH,,environmentInterpretation1_interpretationApplies,only_old,NA,
CO08ABSU,gWwpc4lJjcaxkSJus9Ge,,environmentInterpretation1_interpretationApplies,only_old,NA,
MS11CSCS,gsBsWPLrUPtZBjXAMd3g,,environmentInterpretation1_interpretationApplies,only_old,NA,
IC10VIMI,gxKvBAKV0BvoYiZ45dE7,,environmentInterpretation1_interpretationApplies,only_old,NA,
CO00COKY,h78xR5H5VN2axGBxxLTh,,environmentInterpretation1_interpretationApplies,only_old,NA,
TR15BABO,hJ9mrPJjgUfPOTxVpLT4,,environmentInterpretation1_interpretationApplies,only_old,NA,
IC00SC18,hYapuwnOX5q932NRchN1,,environmentInterpretation1_interpretationApplies,only_old,NA,
IC13ST03,hitOiFFcfPJ6WlFAJfTq,,environmentInterpretation1_interpretationApplies,only_old,NA,
CO06DATZ,hoNIMzXkyb2OxhlM7tD3,,environmentInterpretation1_interpretationApplies,only_old,NA,
IC14EKVK,i0pwWxERMwsndi4L3jE7,,environmentInterpretation1_interpretationApplies,only_old,NA,
LS09SAJU,iA6LTB2OFzdIZdJ9wljp,,environmentInterpretation1_interpretationApplies,only_old,NA,
CO13COTB,iGd2jmbAxyR1lbe79dSL,,environmentInterpretation1_interpretationApplies,only_old,NA,
IC11STTA,iMAqMz6iqMFUTeC1uJuH,,environmentInterpretation1_interpretationApplies,only_old,NA,
IC00OE15,iaFZqSKf8c68LsqzV2z3,,environmentInterpretation1_interpretationApplies,only_old,NA,
Jiuxiancave.Cai.2010,idV5HCMTG6W7U1swKpwM,,environmentInterpretation1_interpretationApplies,only_old,NA,
Hoqcave.VanRampelbergh.2013,il085HyHYUGXeanna5Vp,,environmentInterpretation1_interpretationApplies,only_old,NA,
Xianglongcave.Tan.2018,j52KUHlfDnzjtukA5yhr,,environmentInterpretation1_interpretationApplies,only_old,NA,
Heshangcave.C..2008,j5rtTgIzQKqMnmSZEjPK,,environmentInterpretation1_interpretationApplies,only_old,NA,
CO92SHPU,jHjlGOOYgLSJIMHKl839,,environmentInterpretation1_interpretationApplies,only_old,NA,
IC10VISD,jME8kpChwz75WtLfRQHL,,environmentInterpretation1_interpretationApplies,only_old,NA,
TR08HORA,jQ1ihXRcRqOKG2L207SA,,environmentInterpretation1_interpretationApplies,only_old,NA,
TR13POMA,jbrbttBPh0gIiDnpY0Bu,,environmentInterpretation1_interpretationApplies,only_old,NA,
IC10VID3,jo1OWhzdgTYgiemT2oQT,,environmentInterpretation1_interpretationApplies,only_old,NA,
CO14OSPA,k7AURwcjzw85jUfnFtH4,,environmentInterpretation1_interpretationApplies,only_old,NA,
CO14WUCL,kU3VWOpBh8HXKOjuwN18,,environmentInterpretation1_interpretationApplies,only_old,NA,
IC13ST24,kbiUEn0EORieayszOvQK,,environmentInterpretation1_interpretationApplies,only_old,NA,
BuracaGloriosa.Denniston.2017,khVlYOhdz9TefYLX1zYB,,environmentInterpretation1_interpretationApplies,only_old,NA,
Jeitacave.Cheng.2015,kxzJB1dOMTs1egMrrllg,,environmentInterpretation1_interpretationApplies,only_old,NA,
IC99OE01,lNfXCKKOqR3MNwRNOjgW,,environmentInterpretation1_interpretationApplies,only_old,NA,
CO96SWBB,lXLVz0mFHPT5SFidDJV9,,environmentInterpretation1_interpretationApplies,only_old,NA,
SP10WINZ,lY1tFahUrvVpsY4Ws5D7,,environmentInterpretation1_interpretationApplies,only_old,NA,
IC06THPR,lpb2vgyekehVCJEwWEQT,,environmentInterpretation1_interpretationApplies,only_old,NA,
MS03KTCB,lvkXpkIXfEfPBpvPti5n,,environmentInterpretation1_interpretationApplies,only_old,NA,
TR15NACA,m2dbmDEuhl0FtJbzcmHT,,environmentInterpretation1_interpretationApplies,only_old,NA,
GrottedePiste.AitBrahim.2018,m4PLIQCGTQryOpTsXMpU,,environmentInterpretation1_interpretationApplies,only_old,NA,
CO04PFRE,m5F5BcPAfANsUbbApvzn,,environmentInterpretation1_interpretationApplies,only_old,NA,
IC00OE20,mDum5ksON6kfIN6hIxUy,,environmentInterpretation1_interpretationApplies,only_old,NA,
MS03BRNS,mGHWtF3z8ajqVI4UCKFh,,environmentInterpretation1_interpretationApplies,only_old,NA,
Gunung-budacavesnailshellcave.Partin.2007,mILufjXQHSq0ijMyqHDY,,environmentInterpretation1_interpretationApplies,only_old,NA,
CO93COTW,mMVze2VpD6ysrjTCryjP,,environmentInterpretation1_interpretationApplies,only_old,NA,
LS14FEZA,mcaveMswFlyBnKzjKnYC,,environmentInterpretation1_interpretationApplies,only_old,NA,
LS15DOCH,meVZ6PGNWn1r6zUd2N2J,,environmentInterpretation1_interpretationApplies,only_old,NA,
LS11BIPU,mqnh7KpCCW1SVulMfui3,,environmentInterpretation1_interpretationApplies,only_old,NA,
LianhuacaveShanxi.Dong.2018,n44SNphWFj7Lb1m8FvSS,,environmentInterpretation1_interpretationApplies,only_old,NA,
SP10HAUS,nEAQI3TBoEvuZKtbscg4,,environmentInterpretation1_interpretationApplies,only_old,NA,
LS13WASU,nKM7gKd5MEk3rVGc0XgO,,environmentInterpretation1_interpretationApplies,only_old,NA,
IC16WE19,nSX0Eb4pXOrNg1dfLbQH,,environmentInterpretation1_interpretationApplies,only_old,NA,
CO04LIRA,niKOfPrfRDwjKfHPINVr,,environmentInterpretation1_interpretationApplies,only_old,NA,
IC17BERI,nmk0AF1iw4I1skS6PecN,,environmentInterpretation1_interpretationApplies,only_old,NA,
IC02SCGN,npEPrsJdgbHR8JViGueb,,environmentInterpretation1_interpretationApplies,only_old,NA,
TR12BRBO,o29D9cPrLKPA3XSK2Y5M,,environmentInterpretation1_interpretationApplies,only_old,NA,
IC00OE11,oD0ZsAhdvlRX7ovCQsve,,environmentInterpretation1_interpretationApplies,only_old,NA,
CO03CHBA,oIo107DJYmBL1asRONW1,,environmentInterpretation1_interpretationApplies,only_old,NA,
CuevadelTigrePerdido.vanBreukelen.2008,oMPLJbDA8HXQO7UgJXMj,,environmentInterpretation1_interpretationApplies,only_old,NA,
IC04FIML,oVbO1JPjTRBoEyYCvsIU,,environmentInterpretation1_interpretationApplies,only_old,NA,
IC13STN7,onKnmvLJlNjPFG41pK3m,,environmentInterpretation1_interpretationApplies,only_old,NA,
CO15ABSP,p9gohyWEyRo0WAzr0utT,,environmentInterpretation1_interpretationApplies,only_old,NA,
IC02MUBI,pFLh2d8Y9PJ8Ln9pZtAS,,environmentInterpretation1_interpretationApplies,only_old,NA,
Tonnelnayacave.Cheng.2016,pFf7gBKVqmer3Q8WEDyK,,environmentInterpretation1_interpretationApplies,only_old,NA,
IC10VIGR,pI33SEGBhVInfAyd6AlS,,environmentInterpretation1_interpretationApplies,only_old,NA,
Wallywash.Holmes.2023,pNzAYEAgNjiMnk0VMkKy,,environmentInterpretation1_interpretationApplies,only_old,NA,
Baeg-nyongcave.K..2017,pVeGIXNg31gX6Yp20TY5,,environmentInterpretation1_interpretationApplies,only_old,NA,
IC00OE02,pbyxvOs9lMSDXIziE4Ia,,environmentInterpretation1_interpretationApplies,only_old,NA,
LS14PRLO,pwJhEpqKoiYBB3SXLkVg,,environmentInterpretation1_interpretationApplies,only_old,NA,
IC10NAB5,q7hmaNmPyeRgdae9Y8uw,,environmentInterpretation1_interpretationApplies,only_old,NA,
IC13STN8,q8uaWZuApXSkVXgGB1Ln,,environmentInterpretation1_interpretationApplies,only_old,NA,
IC13BOCG,qKroWRF368TYGUHmGTbh,,environmentInterpretation1_interpretationApplies,only_old,NA,
IC85LAD2,qO2GQQ8onj8dbqeziK5C,,environmentInterpretation1_interpretationApplies,only_old,NA,
CO04KIVA,qPOKtJkB2tJB5xlBmJk2,,environmentInterpretation1_interpretationApplies,only_old,NA,
IC97GRGI,qhG6oRZfXsrynS5KkrCk,,environmentInterpretation1_interpretationApplies,only_old,NA,
KNI-51.Denniston.2013,qwzBpj4YBi4g9zSX21Vj,,environmentInterpretation1_interpretationApplies,only_old,NA,
IC00OEKC,qyRxIGk9u9aQxKY225rb,,environmentInterpretation1_interpretationApplies,only_old,NA,
Nora.Laird.2003,r1jhYH8p0YAf3eCOx7cr,,environmentInterpretation1_interpretationApplies,only_old,NA,
LS12THAY,r86BjdY5rD9VLWWNw0Tm,,environmentInterpretation1_interpretationApplies,only_old,NA,
IC00THDS,raV8oqSVhhL3io2bZaFf,,environmentInterpretation1_interpretationApplies,only_old,NA,
Sahiyacave.Sinha.2015,s3YUHSmlaj9jhR0xQIVO,,environmentInterpretation1_interpretationApplies,only_old,NA,
LS91HOMI,s65TVCInlbGh6nr3zQvl,,environmentInterpretation1_interpretationApplies,only_old,NA,
MS07JRGM,sA15ftEAiFzVJVjtbCxk,,environmentInterpretation1_interpretationApplies,only_old,NA,
IC02THKI,sC0jKFLTtLOIrjesersO,,environmentInterpretation1_interpretationApplies,only_old,NA,
IC17EK4K,sIbK6viC496fNBQFsOrm,,environmentInterpretation1_interpretationApplies,only_old,NA,
Hollywoodcave.Whittaker.2011,sQGsoFmRIJWLO8P9resi,,environmentInterpretation1_interpretationApplies,only_old,NA,
Minucua.Goman.2018,sRRQbP0dwU0qYkzCVgEc,,environmentInterpretation1_interpretationApplies,only_old,NA,
LS15AIKA,sRxx5jmG6LPanUEN2hLr,,environmentInterpretation1_interpretationApplies,only_old,NA,
Soreqcave.Orland.2009,sUXVdtaX4rl00pp6qxwr,,environmentInterpretation1_interpretationApplies,only_old,NA,
Paraisocave.Wang.2017,t67RkbCU37uSq4sPIV2w,,environmentInterpretation1_interpretationApplies,only_old,NA,
IC11LIMI,tQUh242J30sNry8pxAed,,environmentInterpretation1_interpretationApplies,only_old,NA,
CO13COXM,tS1Spz2bCWL480iImXnO,,environmentInterpretation1_interpretationApplies,only_old,NA,
IC00OE13,te1dvwactkY9TPgFCuVR,,environmentInterpretation1_interpretationApplies,only_old,NA,
CO00URMA,ty7awrILqhkdxFSPBjx2,,environmentInterpretation1_interpretationApplies,only_old,NA,
IC10VIP1,uJ8wzGM1IKvBbjAEi8iL,,environmentInterpretation1_interpretationApplies,only_old,NA,
TR06TRBO,uOAR5oWRD6a01EgDKrQ3,,environmentInterpretation1_interpretationApplies,only_old,NA,
CO04LIFI,uRd1DB3hdHC24mo8YSyO,,environmentInterpretation1_interpretationApplies,only_old,NA,
IC10VIGI,uYr3IKJIm5Ty06Tx3EJe,,environmentInterpretation1_interpretationApplies,only_old,NA,
IC13ST12,uk3U2mSa25fzTYDGyuCa,,environmentInterpretation1_interpretationApplies,only_old,NA,
Furongcave.T.-Y..2011,umIItiV8KCYrWVjyd4Fz,,environmentInterpretation1_interpretationApplies,only_old,NA,
CO18HECO01A,v26mSwajbmDmAh3OUEjB,,environmentInterpretation1_interpretationApplies,only_old,NA,
LS14KOSA,v7SfC8Nj0B53aryVfSyk,,environmentInterpretation1_interpretationApplies,only_old,NA,
IC06WAML,vDduTUlubvYdFjAlTXhO,,environmentInterpretation1_interpretationApplies,only_old,NA,
WuyaCave.Tan.2020,vE2dyWg8ctusU5srIsFs,,environmentInterpretation1_interpretationApplies,only_old,NA,
EnglandWales.Loader.2020,vPMBa9uShpLXDd0n1Ske,,environmentInterpretation1_interpretationApplies,only_old,NA,
IC99OE03,vgB3O6H8T1ANzn1Oqxag,,environmentInterpretation1_interpretationApplies,only_old,NA,
Minnetonkacave.Lundeen.2013,vhVf4O9Bqv42X83hQIFl,,environmentInterpretation1_interpretationApplies,only_old,NA,
CO01TUNG,vyDhoIMb8k0yw0TdJdlJ,,environmentInterpretation1_interpretationApplies,only_old,NA,
MS11ANMN,vzOFeVXAHKFm6y189RrD,,environmentInterpretation1_interpretationApplies,only_old,NA,
IC09EIBE,w8wuD9Xfvjln2Vgt1b4k,,environmentInterpretation1_interpretationApplies,only_old,NA,
IC15MANE,wCUJ7y0r22MgO1lhpXe0,,environmentInterpretation1_interpretationApplies,only_old,NA,
IC00SC29,wbPP0e5AvOAHxEJhNhaq,,environmentInterpretation1_interpretationApplies,only_old,NA,
CO08KIPR,wbxKG9cInh2isoK5JzB7,,environmentInterpretation1_interpretationApplies,only_old,NA,
LS14YAHA,wjLRur3ZaYbI05UOYPnu,,environmentInterpretation1_interpretationApplies,only_old,NA,
IC00SC21,wlqwCaXIUSA391Dmg0Ao,,environmentInterpretation1_interpretationApplies,only_old,NA,
IC02GR17,x3Ps5JaMgdIxN7zYobFB,,environmentInterpretation1_interpretationApplies,only_old,NA,
IC06THDD,xEljJ2CDhxvdXmbODx33,,environmentInterpretation1_interpretationApplies,only_old,NA,
LS08STCR,xMeZazGJKs6FzfXtgKcx,,environmentInterpretation1_interpretationApplies,only_old,NA,
SP10SUSE,xTqojxIq6bgaaKbFxHge,,environmentInterpretation1_interpretationApplies,only_old,NA,
IC00OE14,xd2TPdKM7JZqtMDwOsjI,,environmentInterpretation1_interpretationApplies,only_old,NA,
LS97HOKA,xfDZQAuBvICCPhTZHPrL,,environmentInterpretation1_interpretationApplies,only_old,NA,
IC09KA79,xi6DpX7WhRWewkGSfaTC,,environmentInterpretation1_interpretationApplies,only_old,NA,
IC13THQU,xov9fnYOrCpXOwq0BuXQ,,environmentInterpretation1_interpretationApplies,only_old,NA,
CO04PFCH,xpHL3Wn9kbEaJRpviF9x,,environmentInterpretation1_interpretationApplies,only_old,NA,
IC00OE18,xqRFjNL3EeVUcFo2brr5,,environmentInterpretation1_interpretationApplies,only_old,NA,
IC10VISE,y8hdZVFD4WnlA5L9rzzM,,environmentInterpretation1_interpretationApplies,only_old,NA,
IC11BEVL,yAEnJ1CxUIj0sNpWnQcH,,environmentInterpretation1_interpretationApplies,only_old,NA,
Shatucacave.Bustamante.2016,yPeNHhACV2tgYYZwrOi1,,environmentInterpretation1_interpretationApplies,only_old,NA,
MS10BLMS,yPuJR6PU5d9DCztSjpDP,,environmentInterpretation1_interpretationApplies,only_old,NA,
CO08HEVE,yZ874JD7h0OCRUETqUrr,,environmentInterpretation1_interpretationApplies,only_old,NA,
LS02ROSA,yjKqHVSJlvCGqXhgqzw8,,environmentInterpretation1_interpretationApplies,only_old,NA,
IC02HEWD,yrff3bUnNO8OgcxLatjz,,environmentInterpretation1_interpretationApplies,only_old,NA,
Wolverine.Mann.2002,yvNNd808aIBlUduHTTIr,,environmentInterpretation1_interpretationApplies,only_old,NA,
IC08VISV,z761ORQU68B183eqMFEk,,environmentInterpretation1_interpretationApplies,only_old,NA,
MS96LKSS,z8aJXj8ojhD64AUjQSAf,,environmentInterpretation1_interpretationApplies,only_old,NA,
LS10CLTA,zTTIciYMe1iiv8fjc6Du,,environmentInterpretation1_interpretationApplies,only_old,NA,
TR16WEXI,zZgsuies0ItMEJZroli1,,environmentInterpretation1_interpretationApplies,only_old,NA,
Xinyacave.TingYong.2007,zbvDHgIbLpKbPCXzhxqg,,environmentInterpretation1_interpretationApplies,only_old,NA,
Sanbaocave.Dong.2010,zjZJastjLRKL1Xnnm3jx,,environmentInterpretation1_interpretationApplies,only_old,NA,
IC13ST91,06PTo0DxCCZDEczDmxPA,,environmentInterpretation1_seasonality,only_old,Annual,
IC13ST15,1DWs2gnh99KGalQd9aWW,,environmentInterpretation1_seasonality,only_old,Annual,
CO07CAFR,1JzIzVdjD9HE8ikFs6gW,,environmentInterpretation1_seasonality,only_old,Annual,
MS12CCCH,1XGGFs6rrfWnVNmz6Crr,,environmentInterpretation1_seasonality,only_old,Annual,
IC00OE21,1jRjwDoo99ygzSLrMQoH,,environmentInterpretation1_seasonality,only_old,Annual,
IC00OE16,2CRnCGGu19MMrX421teH,,environmentInterpretation1_seasonality,only_old,Annual,
IC99IS89,2HrRbdcO4giefmQImWUK,,environmentInterpretation1_seasonality,only_old,Annual,
SP13SUSA,2L0o7Ipf4JlnIDp3prIQ,,environmentInterpretation1_seasonality,only_old,Annual,
CO14CABT,2bMIZpJQr5xePS075xL8,,environmentInterpretation1_seasonality,only_old,subannual,
IC13ST22,4MMoOO8VeYC2ICO1sjzw,,environmentInterpretation1_seasonality,only_old,Annual,
CO03CHBU,4eKXrgFThelRgVWLxd0K,,environmentInterpretation1_seasonality,only_old,subannual,
IC13PALD,5TJCh5cATYd9ENy5GKf5,,environmentInterpretation1_seasonality,only_old,Annual,
IC06KAS1,5mEdIRnYGnz6bco2xqLz,,environmentInterpretation1_seasonality,only_old,Annual,
IC02GR05,6Bkva3oByLKIOyet0gVc,,environmentInterpretation1_seasonality,only_old,Annual,
CO12GOVA,6iQeJsjOAoS8QW2JSoeT,,environmentInterpretation1_seasonality,only_old,subannual,
IC17KOEL,6lYiXCN3Eu7Xu4NkIXFH,,environmentInterpretation1_seasonality,only_old,Annual,
TR07RECA,6nHzeIAXoyT3cj8Ty99A,,environmentInterpretation1_seasonality,only_old,May-Jun,
TR10ANMO,6wr3ZFJqxpHfVZglVqox,,environmentInterpretation1_seasonality,only_old,Jan-Apr,
IC13ST21,7D3XV1ftG6ZQK7aGreiK,,environmentInterpretation1_seasonality,only_old,Annual,
IC09VICC,7RPcK2E3LwPQBc9L1O0O,,environmentInterpretation1_seasonality,only_old,Annual,
IC96ISE9,7VCT8B2D1KJlytnGfF9L,,environmentInterpretation1_seasonality,only_old,Annual,
IC10VIP3,7j3JqxvxsfC5pqOVnaSM,,environmentInterpretation1_seasonality,only_old,Winter,
IC10VIP2,7kV3kFWpbay1WYAzvXmD,,environmentInterpretation1_seasonality,only_old,Winter,
CO94LISE,8EZrsxy7Q2BRKkNZwt81,,environmentInterpretation1_seasonality,only_old,subannual,
TR12BECO,8qVR70iC31ZetVkpTSfE,,environmentInterpretation1_seasonality,only_old,Apr-Sep,
LS07ANMA,9FdG72JlSsXxXoXXpOhE,,environmentInterpretation1_seasonality,only_old,Jun-Aug,
IC05ISAU,9KWvwHqHL9yD8HPKuurO,,environmentInterpretation1_seasonality,only_old,Annual,
IC08THGZ,9YIpJx1h3XG6XfXwBhqR,,environmentInterpretation1_seasonality,only_old,Annual,
LS15DOSA,9dCvb7un7yim06OmoNjJ,,environmentInterpretation1_seasonality,only_old,Annual,
SP12FOAT,AOBAbHAwfVw1qAqAzaGE,,environmentInterpretation1_seasonality,only_old,Sep-Feb,
IC16WE27,AqZnxntnDcACVNpwEeBq,,environmentInterpretation1_seasonality,only_old,Annual,
CO98SWPR,AxKSyUkpl8U5x9RbApf4,,environmentInterpretation1_seasonality,only_old,Annual,
IC09KAD3,B6pCttsCzPnPsrLI2GNz,,environmentInterpretation1_seasonality,only_old,Annual,
TR12SAMU,B9haOeIr3qeK8wIiHHfI,,environmentInterpretation1_seasonality,only_old,May-Oct,
IC08VI79,BLvOe16MMifbxApVJ52E,,environmentInterpretation1_seasonality,only_old,Annual,
IC95FI87,CKntJjdu9ZwChJkOK3rK,,environmentInterpretation1_seasonality,only_old,Annual,
TR15YONW,Cb5zgYWpcc9WdcE1cHmt,,environmentInterpretation1_seasonality,only_old,Jun-Aug,
CO14CATI,CcxbQb2LQAemTaklTDp8,,environmentInterpretation1_seasonality,only_old,subannual,
IC02GR07,Ch8UMmeq6MNzpLurAIHx,,environmentInterpretation1_seasonality,only_old,Annual,
IC08VI84,Ct0U6MSqcLYPogvALWRw,,environmentInterpretation1_seasonality,only_old,Annual,
IC16WENG,DLtLlTPGpI1y0x6xrIjd,,environmentInterpretation1_seasonality,only_old,Annual,
LS05ANJE,Dd3xWVBBzdNfjXIg5x6h,,environmentInterpretation1_seasonality,only_old,Annual,
IC95THHU,DigAWmp8Cwr1trt9z34F,,environmentInterpretation1_seasonality,only_old,Annual,
IC11LAB4,Dmc2ShXDaHSjvH5sH5Yg,,environmentInterpretation1_seasonality,only_old,Annual,
IC12RHME,DuxqPi9iRKY3fchicHeO,,environmentInterpretation1_seasonality,only_old,Annual,
MS14MORR,EXWhYO9aPGNKP6nnOBC3,,environmentInterpretation1_seasonality,only_old,Annual,
IC00COPR,EqJSbxBZGWW5FLpP3MSS,,environmentInterpretation1_seasonality,only_old,Annual,
IC99OE06,F2YASHmkOovtC1x1MvCY,,environmentInterpretation1_seasonality,only_old,Annual,
IC92HOML,F6qr90xYYN3wW6e0JqQr,,environmentInterpretation1_seasonality,only_old,Annual,
IC00OE05,FFOBizbVL7upaZGvwfc2,,environmentInterpretation1_seasonality,only_old,Annual,
IC12WACD,FnDgPdczxJvX1RRx2305,,environmentInterpretation1_seasonality,only_old,Annual,
IC06VING,Ftzl8h9MEcq8jEri2VsC,,environmentInterpretation1_seasonality,only_old,Annual,
TR16LAFO,G8GE2xlAjyGuNGzeip95,,environmentInterpretation1_seasonality,only_old,Jun-Aug,
TR11XUPH,G8P923YpOXf9YEeklFa9,,environmentInterpretation1_seasonality,only_old,May-Oct,
CO96SWFB,GtaQfVzeDU1H8ksSWa1m,,environmentInterpretation1_seasonality,only_old,Annual,
IC99OE05,H46WdD24QDbnPJfyRYPg,,environmentInterpretation1_seasonality,only_old,Annual,
IC97THGL,H6qni3qeS1mbd0GdtYF2,,environmentInterpretation1_seasonality,only_old,Annual,
LS13KOLA,HmX9B3gWvCznxZsQqbYZ,,environmentInterpretation1_seasonality,only_old,Annual,
TR11MAJA,Hn5fAXKWLFXTS0AmgoFH,,environmentInterpretation1_seasonality,only_old,May-Dec,
TR14KOSP,HnYfdmiB2ZmZT5iZjqgm,,environmentInterpretation1_seasonality,only_old,May,
IC10VISA,HtJpouVaZDIcizeGaMpZ,,environmentInterpretation1_seasonality,only_old,Dec-Feb,
IC13OPAN,IOJ7Bnr0DlXJbRjtehzU,,environmentInterpretation1_seasonality,only_old,Annual,
IC99OE02,ITeDC2TXoCZP6aAAe651,,environmentInterpretation1_seasonality,only_old,Annual,
IC09VIRE,Ip5fl019DQSi5Ja3eBa0,,environmentInterpretation1_seasonality,only_old,Annual,
IC00OE19,IxMXingRczyGa51p8frB,,environmentInterpretation1_seasonality,only_old,Annual,
IC99OE04,JFQqutplD8FQNtoAJPfM,,environmentInterpretation1_seasonality,only_old,Annual,
SP05MAAT,JLoEYklb1i8VYLrve9Tl,,environmentInterpretation1_seasonality,only_old,Dec-Feb,
IC16WE22,JRvYhaaOrdWCjlQI8WrH,,environmentInterpretation1_seasonality,only_old,Annual,
IC08DILO,JU52wcCs9MYTlnKtbxM9,,environmentInterpretation1_seasonality,only_old,Annual,
IC10VICR,JtK3P1wvNgYCQXIQNYCb,,environmentInterpretation1_seasonality,only_old,Annual,
IC00OE03,JutRsr828Hjko9w3PPA9,,environmentInterpretation1_seasonality,only_old,Annual,
TR11GRTP,K5mWl4guYTrkFTnhTKnV,,environmentInterpretation1_seasonality,only_old,Aug,
IC99SCFH,K9RZEGcTSGeob9aUnDFZ,,environmentInterpretation1_seasonality,only_old,Annual,
TR13SIKO,KCTsCqpaEnpwOUKbszJA,,environmentInterpretation1_seasonality,only_old,Jul,
IC01JO01,Ka6CPveuBxXrFfVWExwd,,environmentInterpretation1_seasonality,only_old,Annual,
IC13ST06,Kzq67qc1UMznuEk6MdaY,,environmentInterpretation1_seasonality,only_old,Annual,
TR11BAVO,LMifEVQKJJhSS4l0HHoc,,environmentInterpretation1_seasonality,only_old,Mar,
TR16WEMI,LRweFdggMVcEhgkh1Iaf,,environmentInterpretation1_seasonality,only_old,Jun-Aug,
IC10VIRE,LbXXaHuJHiEcdEBxTGJ3,,environmentInterpretation1_seasonality,only_old,Dec-Feb,
IC13ST01,LlPgY4ULsNBoNxsFuI7z,,environmentInterpretation1_seasonality,only_old,Annual,
IC13THFE,LwfxaGBfNbxjKgAKqgBg,,environmentInterpretation1_seasonality,only_old,Annual,
IC08VIRE,M0xE5vvgXtFWj6mUSZiz,,environmentInterpretation1_seasonality,only_old,Annual,
IC07KARB,MdiEhl2jhtM2Mp76iIpW,,environmentInterpretation1_seasonality,only_old,Annual,
IC09VIA8,Mj3xD1TIKGBoa4UoxtMG,,environmentInterpretation1_seasonality,only_old,Annual,
LS07ROTI,Mn2L0GPRYLKYjpTRzFsg,,environmentInterpretation1_seasonality,only_old,Jun-Aug,
TR07REVI,NQftBWZso7cbW0AV4rqD,,environmentInterpretation1_seasonality,only_old,May-Jun,
IC99OE10,NT6TcCXjWu7wmR9h6dJK,,environmentInterpretation1_seasonality,only_old,Annual,
IC99OE07,NojbiDhAhR8nOGsM461V,,environmentInterpretation1_seasonality,only_old,Annual,
IC13STSP,OMEqKSDi6jOtqceaIKte,,environmentInterpretation1_seasonality,only_old,Annual,
TR13BROA,ObSFIbYBLK4jhwf9YjUE,,environmentInterpretation1_seasonality,only_old,Jun-Oct,
MS11CSCN,OxWvbpJawpTGawh3vS7R,,environmentInterpretation1_seasonality,only_old,Annual,
IC06VIGR,P51I37fcTRrjdZxJapTe,,environmentInterpretation1_seasonality,only_old,Annual,
TR16LAAN,PUi5qjh8kt5AxhCUS1qN,,environmentInterpretation1_seasonality,only_old,Jun-Aug,
TR17GRTP,PcTAJSOzXrJl8PYQWdU7,,environmentInterpretation1_seasonality,only_old,May-Sep,
MS09DOIP,PcxJW367F1QCIPGaPVEp,,environmentInterpretation1_seasonality,only_old,Annual,
LakeElingamite.Barr.2014,QNHE4JqF1HiUmJapWDVs,,environmentInterpretation1_seasonality,only_old,annual,
IC07KADF,QVo1slUJ5Zj8d0woMruy,,environmentInterpretation1_seasonality,only_old,Annual,
IC12SIWG,QeUHcokRNC9xAPAZ5eT3,,environmentInterpretation1_seasonality,only_old,Annual,
CO09NUTB,QppSU0ZbBRHynYlsGE3M,,environmentInterpretation1_seasonality,only_old,subannual,
TR04EVLI,QsrMCFTlFOvTZfxNCKKi,,environmentInterpretation1_seasonality,only_old,Annual,
IC00EIGG,Qt8yOkMhvQOCu5U58vPD,,environmentInterpretation1_seasonality,only_old,Annual,
IC03HOIL,RZkXNWY88wyoRuBTXfa4,,environmentInterpretation1_seasonality,only_old,Annual,
IC16WE20,RiAHj8PXTcbh0uFSk5fi,,environmentInterpretation1_seasonality,only_old,Annual,
IC11DILO,RjG1hTHuQLgkuv5aotw3,,environmentInterpretation1_seasonality,only_old,Annual,
IC13ST04,RzbBggFcvEhoXlH08YzV,,environmentInterpretation1_seasonality,only_old,Annual,
IC08VI87,S1KWoqLbFrZxh8ihjRWm,,environmentInterpretation1_seasonality,only_old,Annual,
TR08VOOL,SCa2gqg3j0IbOYzrmlBw,,environmentInterpretation1_seasonality,only_old,Summer,
IC09OPAN,SNwfLPqcx4llE8epOzUe,,environmentInterpretation1_seasonality,only_old,Annual,
IC00OE22,SnVEqrDl16StaDrJz4WT,,environmentInterpretation1_seasonality,only_old,Annual,
IC14VL1K,SvrSkYkFQJD4S9nmFQqC,,environmentInterpretation1_seasonality,only_old,Annual,
IC14MAFH,TNVDQyzWCkDTIJ7Gfmpn,,environmentInterpretation1_seasonality,only_old,Annual,
IC02STTA,TPXEOOTBiRuQufqcW2dK,,environmentInterpretation1_seasonality,only_old,Annual,
IC99OE08,TWgWwQRssX5iJ4cjzE4x,,environmentInterpretation1_seasonality,only_old,Annual,
CO13HENG,TtO1xdkfGjQEEwc5vy1M,,environmentInterpretation1_seasonality,only_old,subannual,
IC98FIPE,UZJmTGG4JVWxdNiMRDV5,,environmentInterpretation1_seasonality,only_old,Annual,
IC96MOSS,UkgxiPcXG48HzFijtZso,,environmentInterpretation1_seasonality,only_old,Annual,
CO99SWFB,Ux7ybOJjPF8Sdz2WImTH,,environmentInterpretation1_seasonality,only_old,subannual,
IC17EKPV,V5mc1kj1fBhwFp069MNW,,environmentInterpretation1_seasonality,only_old,Annual,
IC99ISS2,VByWGw2kUCvKave2S6kW,,environmentInterpretation1_seasonality,only_old,Annual,
IC11KIPW,VKfDdOiP210VeZyMnd1U,,environmentInterpretation1_seasonality,only_old,Annual,
CO04MGNG,VioVBJ59Vtk6q9b4LZuM,,environmentInterpretation1_seasonality,only_old,Annual,
IC00OE23,W0EVd9q6jNFdTrThH0ee,,environmentInterpretation1_seasonality,only_old,Annual,
IC08VI77,WBBdkDkWLm8t5fbT2nwl,,environmentInterpretation1_seasonality,only_old,Annual,
IC09KANG,WC56sytA9hJN4DaQvFkh,,environmentInterpretation1_seasonality,only_old,Annual,
TR11MAPE,WCjvMxu4y93qfXg0x3q4,,environmentInterpretation1_seasonality,only_old,May-Dec,
IC13ST05,WH4UJdLQ6uaVxnjDO7Ga,,environmentInterpretation1_seasonality,only_old,Annual,
IC12MUJR,WcwADMUe8WsmsPXTde4B,,environmentInterpretation1_seasonality,only_old,Annual,
IC00STTY,X6cdP8kQhYurVJ3lJLZb,,environmentInterpretation1_seasonality,only_old,Annual,
IC16WE17,XSwEVmg2suUgbm3C9UcQ,,environmentInterpretation1_seasonality,only_old,Annual,
IC06VID3,Xry2CCsPr5tIjfiXclfQ,,environmentInterpretation1_seasonality,only_old,Annual,
CO95TUNG,YBQqgQPyW9sf1R1iYKWo,,environmentInterpretation1_seasonality,only_old,subannual,
IC94THDP,Yt5JnM7GW4oWLWyZZoIN,,environmentInterpretation1_seasonality,only_old,Annual,
IC93BAGI,Z01l7P7eZ6HbMLNlfSrV,,environmentInterpretation1_seasonality,only_old,Annual,
IC17EKN1,ZBXsDsMy7d1GRCCphVmu,,environmentInterpretation1_seasonality,only_old,Annual,
IC13STWD,ZLrwrdOy34w6brYcOld8,,environmentInterpretation1_seasonality,only_old,Annual,
IC82STVE,ZYzMzNTlsQbQZ4fO1wig,,environmentInterpretation1_seasonality,only_old,Annual,
IC76FIDE,ZZtjaByzW0WcicOQM2wE,,environmentInterpretation1_seasonality,only_old,Annual,
IC16GOBP,Zu4SlOaGVgZbpK0VZM0W,,environmentInterpretation1_seasonality,only_old,Annual,
TR17EDSW,ZxNsgxGncIkAPq93xSUJ,,environmentInterpretation1_seasonality,only_old,Feb,
IC00STHN,aDjSHlh555y1y7fslzHD,,environmentInterpretation1_seasonality,only_old,Annual,
TR08THCO,aTIaF2qAj1D9VLqaeVSM,,environmentInterpretation1_seasonality,only_old,Dec-Feb,
TR15YOLL,b19a4WSFttSlN071PgaV,,environmentInterpretation1_seasonality,only_old,Jun-Aug,
IC16WE23,bo8jonsVqKFI6CgyqN6F,,environmentInterpretation1_seasonality,only_old,Annual,
IC16WE30,cAY7mhrGgtubsRtvIQ25,,environmentInterpretation1_seasonality,only_old,Annual,
MS06DLDS,cTGmqmH6peabf63aWqMC,,environmentInterpretation1_seasonality,only_old,Annual,
IC08HODF,cfs4ydXYTXUkKS2U2xPQ,,environmentInterpretation1_seasonality,only_old,Annual,
IC10VISG,ctivxwdSrQ8CHyTchef4,,environmentInterpretation1_seasonality,only_old,Dec-Feb,
LakeSurprise.Barr.2014,d4rArkjNC2CFOdblye45,,environmentInterpretation1_seasonality,only_old,annual,
IC13ST13,d5gZeDCjc7flpymdHGxS,,environmentInterpretation1_seasonality,only_old,Annual,
LS11NECA,d5iww7TYNjOQwD48FkWa,,environmentInterpretation1_seasonality,only_old,Dec-Feb,
IC99OE09,d8u5bdRop7dONcnWoSen,,environmentInterpretation1_seasonality,only_old,Annual,
IC00OE12,dKPknpQNOqDnwlavodox,,environmentInterpretation1_seasonality,only_old,Annual,
TR11BAPU,dWOCBsWkDpFFdXxldw1G,,environmentInterpretation1_seasonality,only_old,Jan,
IC00SC16,eMimEkm6EnQdVVCJZttv,,environmentInterpretation1_seasonality,only_old,Annual,
IC16WE28,ectHWXy37zOYJuTnrp08,,environmentInterpretation1_seasonality,only_old,Annual,
IC03HORB,enYzv7e4BUHU3R2mQ8xL,,environmentInterpretation1_seasonality,only_old,Annual,
IC00SC26,f9XLDb8DxGHIDx7x0DZ0,,environmentInterpretation1_seasonality,only_old,Annual,
TR11SIMO,fQmoh1zhxY1fiqHEJBdy,,environmentInterpretation1_seasonality,only_old,Jul,
IC15GANK,fSUtNl0uXiQNi6agKRON,,environmentInterpretation1_seasonality,only_old,Annual,
IC17EKN3,gQSBcOVDh8An1RjyKyVT,,environmentInterpretation1_seasonality,only_old,Annual,
MS11CSCS,gsBsWPLrUPtZBjXAMd3g,,environmentInterpretation1_seasonality,only_old,Annual,
IC10VIMI,gxKvBAKV0BvoYiZ45dE7,,environmentInterpretation1_seasonality,only_old,Dec-Feb,
TR15BABO,hJ9mrPJjgUfPOTxVpLT4,,environmentInterpretation1_seasonality,only_old,Annual,
IC00SC18,hYapuwnOX5q932NRchN1,,environmentInterpretation1_seasonality,only_old,Annual,
IC13ST03,hitOiFFcfPJ6WlFAJfTq,,environmentInterpretation1_seasonality,only_old,Annual,
IC14EKVK,i0pwWxERMwsndi4L3jE7,,environmentInterpretation1_seasonality,only_old,Annual,
IC11STTA,iMAqMz6iqMFUTeC1uJuH,,environmentInterpretation1_seasonality,only_old,Annual,
IC00OE15,iaFZqSKf8c68LsqzV2z3,,environmentInterpretation1_seasonality,only_old,Annual,
IC10VISD,jME8kpChwz75WtLfRQHL,,environmentInterpretation1_seasonality,only_old,Dec-Feb,
TR08HORA,jQ1ihXRcRqOKG2L207SA,,environmentInterpretation1_seasonality,only_old,Nov-Feb,
TR13POMA,jbrbttBPh0gIiDnpY0Bu,,environmentInterpretation1_seasonality,only_old,Apr-Jul,
CO14OSPA,k7AURwcjzw85jUfnFtH4,,environmentInterpretation1_seasonality,only_old,subannual,
IC13ST24,kbiUEn0EORieayszOvQK,,environmentInterpretation1_seasonality,only_old,Annual,
IC99OE01,lNfXCKKOqR3MNwRNOjgW,,environmentInterpretation1_seasonality,only_old,Annual,
CO96SWBB,lXLVz0mFHPT5SFidDJV9,,environmentInterpretation1_seasonality,only_old,subannual,
SP10WINZ,lY1tFahUrvVpsY4Ws5D7,,environmentInterpretation1_seasonality,only_old,Annual,
IC06THPR,lpb2vgyekehVCJEwWEQT,,environmentInterpretation1_seasonality,only_old,Annual,
TR15NACA,m2dbmDEuhl0FtJbzcmHT,,environmentInterpretation1_seasonality,only_old,Jun-Aug,
IC00OE20,mDum5ksON6kfIN6hIxUy,,environmentInterpretation1_seasonality,only_old,Annual,
CO93COTW,mMVze2VpD6ysrjTCryjP,,environmentInterpretation1_seasonality,only_old,subannual,
LS15DOCH,meVZ6PGNWn1r6zUd2N2J,,environmentInterpretation1_seasonality,only_old,Annual,
IC16WE19,nSX0Eb4pXOrNg1dfLbQH,,environmentInterpretation1_seasonality,only_old,Annual,
IC17BERI,nmk0AF1iw4I1skS6PecN,,environmentInterpretation1_seasonality,only_old,Annual,
IC02SCGN,npEPrsJdgbHR8JViGueb,,environmentInterpretation1_seasonality,only_old,Annual,
TR12BRBO,o29D9cPrLKPA3XSK2Y5M,,environmentInterpretation1_seasonality,only_old,Oct-Apr,
IC00OE11,oD0ZsAhdvlRX7ovCQsve,,environmentInterpretation1_seasonality,only_old,Annual,
CO03CHBA,oIo107DJYmBL1asRONW1,,environmentInterpretation1_seasonality,only_old,subannual,
IC04FIML,oVbO1JPjTRBoEyYCvsIU,,environmentInterpretation1_seasonality,only_old,Annual,
IC13STN7,onKnmvLJlNjPFG41pK3m,,environmentInterpretation1_seasonality,only_old,Annual,
IC02MUBI,pFLh2d8Y9PJ8Ln9pZtAS,,environmentInterpretation1_seasonality,only_old,Annual,
IC10VIGR,pI33SEGBhVInfAyd6AlS,,environmentInterpretation1_seasonality,only_old,Dec-Feb,
IC00OE02,pbyxvOs9lMSDXIziE4Ia,,environmentInterpretation1_seasonality,only_old,Annual,
IC10NAB5,q7hmaNmPyeRgdae9Y8uw,,environmentInterpretation1_seasonality,only_old,Annual,
IC13STN8,q8uaWZuApXSkVXgGB1Ln,,environmentInterpretation1_seasonality,only_old,Annual,
IC13BOCG,qKroWRF368TYGUHmGTbh,,environmentInterpretation1_seasonality,only_old,Annual,
IC85LAD2,qO2GQQ8onj8dbqeziK5C,,environmentInterpretation1_seasonality,only_old,Annual,
IC97GRGI,qhG6oRZfXsrynS5KkrCk,,environmentInterpretation1_seasonality,only_old,Annual,
IC00OEKC,qyRxIGk9u9aQxKY225rb,,environmentInterpretation1_seasonality,only_old,Annual,
LS12THAY,r86BjdY5rD9VLWWNw0Tm,,environmentInterpretation1_seasonality,only_old,Growing Season,
IC00THDS,raV8oqSVhhL3io2bZaFf,,environmentInterpretation1_seasonality,only_old,Jun-Aug,
IC02THKI,sC0jKFLTtLOIrjesersO,,environmentInterpretation1_seasonality,only_old,Annual,
IC17EK4K,sIbK6viC496fNBQFsOrm,,environmentInterpretation1_seasonality,only_old,Annual,
LS15AIKA,sRxx5jmG6LPanUEN2hLr,,environmentInterpretation1_seasonality,only_old,Annual,
IC11LIMI,tQUh242J30sNry8pxAed,,environmentInterpretation1_seasonality,only_old,Annual,
IC00OE13,te1dvwactkY9TPgFCuVR,,environmentInterpretation1_seasonality,only_old,Annual,
IC10VIP1,uJ8wzGM1IKvBbjAEi8iL,,environmentInterpretation1_seasonality,only_old,Winter,
TR06TRBO,uOAR5oWRD6a01EgDKrQ3,,environmentInterpretation1_seasonality,only_old,Annual,
IC10VIGI,uYr3IKJIm5Ty06Tx3EJe,,environmentInterpretation1_seasonality,only_old,Dec-Feb,
IC13ST12,uk3U2mSa25fzTYDGyuCa,,environmentInterpretation1_seasonality,only_old,Annual,
LS14KOSA,v7SfC8Nj0B53aryVfSyk,,environmentInterpretation1_seasonality,only_old,Annual,
IC06WAML,vDduTUlubvYdFjAlTXhO,,environmentInterpretation1_seasonality,only_old,Annual,
IC99OE03,vgB3O6H8T1ANzn1Oqxag,,environmentInterpretation1_seasonality,only_old,Annual,
IC09EIBE,w8wuD9Xfvjln2Vgt1b4k,,environmentInterpretation1_seasonality,only_old,Annual,
IC15MANE,wCUJ7y0r22MgO1lhpXe0,,environmentInterpretation1_seasonality,only_old,Annual,
IC00SC29,wbPP0e5AvOAHxEJhNhaq,,environmentInterpretation1_seasonality,only_old,Annual,
IC00SC21,wlqwCaXIUSA391Dmg0Ao,,environmentInterpretation1_seasonality,only_old,Annual,
IC02GR17,x3Ps5JaMgdIxN7zYobFB,,environmentInterpretation1_seasonality,only_old,Annual,
IC06THDD,xEljJ2CDhxvdXmbODx33,,environmentInterpretation1_seasonality,only_old,Annual,
IC00OE14,xd2TPdKM7JZqtMDwOsjI,,environmentInterpretation1_seasonality,only_old,Annual,
IC09KA79,xi6DpX7WhRWewkGSfaTC,,environmentInterpretation1_seasonality,only_old,Annual,
IC13THQU,xov9fnYOrCpXOwq0BuXQ,,environmentInterpretation1_seasonality,only_old,Dec-Feb,
CO04PFCH,xpHL3Wn9kbEaJRpviF9x,,environmentInterpretation1_seasonality,only_old,subannual,
IC00OE18,xqRFjNL3EeVUcFo2brr5,,environmentInterpretation1_seasonality,only_old,Annual,
IC10VISE,y8hdZVFD4WnlA5L9rzzM,,environmentInterpretation1_seasonality,only_old,Dec-Feb,
IC11BEVL,yAEnJ1CxUIj0sNpWnQcH,,environmentInterpretation1_seasonality,only_old,Annual,
MS10BLMS,yPuJR6PU5d9DCztSjpDP,,environmentInterpretation1_seasonality,only_old,Annual,
IC02HEWD,yrff3bUnNO8OgcxLatjz,,environmentInterpretation1_seasonality,only_old,Annual,
IC08VISV,z761ORQU68B183eqMFEk,,environmentInterpretation1_seasonality,only_old,Annual,
LS10CLTA,zTTIciYMe1iiv8fjc6Du,,environmentInterpretation1_seasonality,only_old,Dec-Feb,
TR16WEXI,zZgsuies0ItMEJZroli1,,environmentInterpretation1_seasonality,only_old,Jun-Aug,
IC13ST91,06PTo0DxCCZDEczDmxPA,,environmentInterpretation1_variable,only_old,precipitationIsotope,
IC13ST15,1DWs2gnh99KGalQd9aWW,,environmentInterpretation1_variable,only_old,precipitationIsotope,
CO07CAFR,1JzIzVdjD9HE8ikFs6gW,,environmentInterpretation1_variable,only_old,seawaterIsotope,
MS12CCCH,1XGGFs6rrfWnVNmz6Crr,,environmentInterpretation1_variable,only_old,seawaterIsotope,
IC00OE21,1jRjwDoo99ygzSLrMQoH,,environmentInterpretation1_variable,only_old,precipitationIsotope,
IC00OE16,2CRnCGGu19MMrX421teH,,environmentInterpretation1_variable,only_old,precipitationIsotope,
IC99IS89,2HrRbdcO4giefmQImWUK,,environmentInterpretation1_variable,only_old,precipitationIsotope,
SP13SUSA,2L0o7Ipf4JlnIDp3prIQ,,environmentInterpretation1_variable,only_old,precipitationIsotope,
CO14CABT,2bMIZpJQr5xePS075xL8,,environmentInterpretation1_variable,only_old,seawaterIsotope,
LS15BHAL,3OSsm6dHQC9G22eiWyHd,,environmentInterpretation1_variable,only_old,effectivePrecipitation,
IC13ST22,4MMoOO8VeYC2ICO1sjzw,,environmentInterpretation1_variable,only_old,precipitationIsotope,
CO03CHBU,4eKXrgFThelRgVWLxd0K,,environmentInterpretation1_variable,only_old,seawaterIsotope,
LS13STEL,4gKGCCfsqyf8TmVGIulj,,environmentInterpretation1_variable,only_old,effectivePrecipitation,
IC13PALD,5TJCh5cATYd9ENy5GKf5,,environmentInterpretation1_variable,only_old,precipitationIsotope,
IC06KAS1,5mEdIRnYGnz6bco2xqLz,,environmentInterpretation1_variable,only_old,precipitationIsotope,
LS12ANBI,5wD23ne0CEAt7SzgnO3J,,environmentInterpretation1_variable,only_old,precipitationIsotope,
IC02GR05,6Bkva3oByLKIOyet0gVc,,environmentInterpretation1_variable,only_old,precipitationIsotope,
LS99CUVA,6b2IjC8xcwhkBU3UVYoi,,environmentInterpretation1_variable,only_old,effectivePrecipitation,
CO12GOVA,6iQeJsjOAoS8QW2JSoeT,,environmentInterpretation1_variable,only_old,seawaterIsotope,
IC17KOEL,6lYiXCN3Eu7Xu4NkIXFH,,environmentInterpretation1_variable,only_old,precipitationIsotope,
TR07RECA,6nHzeIAXoyT3cj8Ty99A,,environmentInterpretation1_variable,only_old,precipitationIsotope,
TR10ANMO,6wr3ZFJqxpHfVZglVqox,,environmentInterpretation1_variable,only_old,precipitationIsotope,
IC13ST21,7D3XV1ftG6ZQK7aGreiK,,environmentInterpretation1_variable,only_old,precipitationIsotope,
IC09VICC,7RPcK2E3LwPQBc9L1O0O,,environmentInterpretation1_variable,only_old,precipitationIsotope,
IC96ISE9,7VCT8B2D1KJlytnGfF9L,,environmentInterpretation1_variable,only_old,precipitationIsotope,
IC10VIP3,7j3JqxvxsfC5pqOVnaSM,,environmentInterpretation1_variable,only_old,precipitationIsotope,
IC10VIP2,7kV3kFWpbay1WYAzvXmD,,environmentInterpretation1_variable,only_old,precipitationIsotope,
CO94LISE,8EZrsxy7Q2BRKkNZwt81,,environmentInterpretation1_variable,only_old,seawaterIsotope,
TR12BECO,8qVR70iC31ZetVkpTSfE,,environmentInterpretation1_variable,only_old,precipitationIsotope,
LS07ANMA,9FdG72JlSsXxXoXXpOhE,,environmentInterpretation1_variable,only_old,effectivePrecipitation,
IC05ISAU,9KWvwHqHL9yD8HPKuurO,,environmentInterpretation1_variable,only_old,precipitationIsotope,
IC08THGZ,9YIpJx1h3XG6XfXwBhqR,,environmentInterpretation1_variable,only_old,precipitationIsotope,
LS15DOSA,9dCvb7un7yim06OmoNjJ,,environmentInterpretation1_variable,only_old,effectivePrecipitation,
SP12FOAT,AOBAbHAwfVw1qAqAzaGE,,environmentInterpretation1_variable,only_old,precipitationIsotope,
IC16WE27,AqZnxntnDcACVNpwEeBq,,environmentInterpretation1_variable,only_old,precipitationIsotope,
CO98SWPR,AxKSyUkpl8U5x9RbApf4,,environmentInterpretation1_variable,only_old,seawaterIsotope,
IC09KAD3,B6pCttsCzPnPsrLI2GNz,,environmentInterpretation1_variable,only_old,precipitationIsotope,
TR12SAMU,B9haOeIr3qeK8wIiHHfI,,environmentInterpretation1_variable,only_old,effectivePrecipitation,
IC08VI79,BLvOe16MMifbxApVJ52E,,environmentInterpretation1_variable,only_old,precipitationIsotope,
IC95FI87,CKntJjdu9ZwChJkOK3rK,,environmentInterpretation1_variable,only_old,precipitationIsotope,
TR15YONW,Cb5zgYWpcc9WdcE1cHmt,,environmentInterpretation1_variable,only_old,precipitationIsotope,
CO14CATI,CcxbQb2LQAemTaklTDp8,,environmentInterpretation1_variable,only_old,seawaterIsotope,
IC02GR07,Ch8UMmeq6MNzpLurAIHx,,environmentInterpretation1_variable,only_old,precipitationIsotope,
IC08VI84,Ct0U6MSqcLYPogvALWRw,,environmentInterpretation1_variable,only_old,precipitationIsotope,
IC16WENG,DLtLlTPGpI1y0x6xrIjd,,environmentInterpretation1_variable,only_old,precipitationIsotope,
LS05ANJE,Dd3xWVBBzdNfjXIg5x6h,,environmentInterpretation1_variable,only_old,precipitationIsotope,
IC95THHU,DigAWmp8Cwr1trt9z34F,,environmentInterpretation1_variable,only_old,precipitationIsotope,
IC11LAB4,Dmc2ShXDaHSjvH5sH5Yg,,environmentInterpretation1_variable,only_old,precipitationIsotope,
IC12RHME,DuxqPi9iRKY3fchicHeO,,environmentInterpretation1_variable,only_old,precipitationIsotope,
LS98CUPE,E9b6hh8HOzXsybOoyyfZ,,environmentInterpretation1_variable,only_old,effectivePrecipitation,
SP11STBR,ENhQHTweev2h3ulGXp3q,,environmentInterpretation1_variable,only_old,precipitationIsotope,
MS14MORR,EXWhYO9aPGNKP6nnOBC3,,environmentInterpretation1_variable,only_old,seawaterIsotope,
LS07LAHA,EhsuizR7H2J8bkQO8Cev,,environmentInterpretation1_variable,only_old,effectivePrecipitation,
IC00COPR,EqJSbxBZGWW5FLpP3MSS,,environmentInterpretation1_variable,only_old,precipitationIsotope,
IC99OE06,F2YASHmkOovtC1x1MvCY,,environmentInterpretation1_variable,only_old,precipitationIsotope,
IC92HOML,F6qr90xYYN3wW6e0JqQr,,environmentInterpretation1_variable,only_old,precipitationIsotope,
IC00OE05,FFOBizbVL7upaZGvwfc2,,environmentInterpretation1_variable,only_old,precipitationIsotope,
IC12WACD,FnDgPdczxJvX1RRx2305,,environmentInterpretation1_variable,only_old,precipitationIsotope,
IC06VING,Ftzl8h9MEcq8jEri2VsC,,environmentInterpretation1_variable,only_old,precipitationIsotope,
TR16LAFO,G8GE2xlAjyGuNGzeip95,,environmentInterpretation1_variable,only_old,effectivePrecipitation,
TR11XUPH,G8P923YpOXf9YEeklFa9,,environmentInterpretation1_variable,only_old,effectivePrecipitation,
CO96SWFB,GtaQfVzeDU1H8ksSWa1m,,environmentInterpretation1_variable,only_old,seawaterIsotope,
IC99OE05,H46WdD24QDbnPJfyRYPg,,environmentInterpretation1_variable,only_old,precipitationIsotope,
IC97THGL,H6qni3qeS1mbd0GdtYF2,,environmentInterpretation1_variable,only_old,precipitationIsotope,
LS13KOLA,HmX9B3gWvCznxZsQqbYZ,,environmentInterpretation1_variable,only_old,precipitationIsotope,
TR11MAJA,Hn5fAXKWLFXTS0AmgoFH,,environmentInterpretation1_variable,only_old,precipitationIsotope,
TR14KOSP,HnYfdmiB2ZmZT5iZjqgm,,environmentInterpretation1_variable,only_old,evaporation,
IC10VISA,HtJpouVaZDIcizeGaMpZ,,environmentInterpretation1_variable,only_old,precipitationIsotope,
IC13OPAN,IOJ7Bnr0DlXJbRjtehzU,,environmentInterpretation1_variable,only_old,precipitationIsotope,
IC99OE02,ITeDC2TXoCZP6aAAe651,,environmentInterpretation1_variable,only_old,precipitationIsotope,
IC09VIRE,Ip5fl019DQSi5Ja3eBa0,,environmentInterpretation1_variable,only_old,precipitationIsotope,
IC00OE19,IxMXingRczyGa51p8frB,,environmentInterpretation1_variable,only_old,precipitationIsotope,
IC99OE04,JFQqutplD8FQNtoAJPfM,,environmentInterpretation1_variable,only_old,precipitationIsotope,
SP05MAAT,JLoEYklb1i8VYLrve9Tl,,environmentInterpretation1_variable,only_old,precipitationIsotope,
IC16WE22,JRvYhaaOrdWCjlQI8WrH,,environmentInterpretation1_variable,only_old,precipitationIsotope,
IC08DILO,JU52wcCs9MYTlnKtbxM9,,environmentInterpretation1_variable,only_old,precipitationIsotope,
IC10VICR,JtK3P1wvNgYCQXIQNYCb,,environmentInterpretation1_variable,only_old,precipitationIsotope,
IC00OE03,JutRsr828Hjko9w3PPA9,,environmentInterpretation1_variable,only_old,precipitationIsotope,
TR11GRTP,K5mWl4guYTrkFTnhTKnV,,environmentInterpretation1_variable,only_old,precipitationIsotope,
IC99SCFH,K9RZEGcTSGeob9aUnDFZ,,environmentInterpretation1_variable,only_old,precipitationIsotope,
TR13SIKO,KCTsCqpaEnpwOUKbszJA,,environmentInterpretation1_variable,only_old,precipitationIsotope,
IC01JO01,Ka6CPveuBxXrFfVWExwd,,environmentInterpretation1_variable,only_old,precipitationIsotope,
IC13ST06,Kzq67qc1UMznuEk6MdaY,,environmentInterpretation1_variable,only_old,precipitationIsotope,
LS10HESA,LEveEByHJJ8EXYhDvQvl,,environmentInterpretation1_variable,only_old,hydrologicBalance,
TR11BAVO,LMifEVQKJJhSS4l0HHoc,,environmentInterpretation1_variable,only_old,precipitationIsotope,
CO11NUPM,LQotH0GnIrx4vOwfIiW7,,environmentInterpretation1_variable,only_old,seawaterIsotope,
TR16WEMI,LRweFdggMVcEhgkh1Iaf,,environmentInterpretation1_variable,only_old,precipitationIsotope,
IC10VIRE,LbXXaHuJHiEcdEBxTGJ3,,environmentInterpretation1_variable,only_old,precipitationIsotope,
IC13ST01,LlPgY4ULsNBoNxsFuI7z,,environmentInterpretation1_variable,only_old,precipitationIsotope,
IC13THFE,LwfxaGBfNbxjKgAKqgBg,,environmentInterpretation1_variable,only_old,precipitationIsotope,
IC08VIRE,M0xE5vvgXtFWj6mUSZiz,,environmentInterpretation1_variable,only_old,precipitationIsotope,
IC07KARB,MdiEhl2jhtM2Mp76iIpW,,environmentInterpretation1_variable,only_old,precipitationIsotope,
IC09VIA8,Mj3xD1TIKGBoa4UoxtMG,,environmentInterpretation1_variable,only_old,precipitationIsotope,
LS07ROTI,Mn2L0GPRYLKYjpTRzFsg,,environmentInterpretation1_variable,only_old,precipitationIsotope,
LS12ANYE,MocCpwRzQqapElTdUJaM,,environmentInterpretation1_variable,only_old,effectivePrecipitation,
TR07REVI,NQftBWZso7cbW0AV4rqD,,environmentInterpretation1_variable,only_old,precipitationIsotope,
IC99OE10,NT6TcCXjWu7wmR9h6dJK,,environmentInterpretation1_variable,only_old,precipitationIsotope,
IC99OE07,NojbiDhAhR8nOGsM461V,,environmentInterpretation1_variable,only_old,precipitationIsotope,
IC13STSP,OMEqKSDi6jOtqceaIKte,,environmentInterpretation1_variable,only_old,precipitationIsotope,
TR13BROA,ObSFIbYBLK4jhwf9YjUE,,environmentInterpretation1_variable,only_old,precipitationIsotope,
LS96VOAM,Or2JCxlPULjJgMadAx0L,,environmentInterpretation1_variable,only_old,precipitationIsotope,
MS11CSCN,OxWvbpJawpTGawh3vS7R,,environmentInterpretation1_variable,only_old,seawaterIsotope,
IC06VIGR,P51I37fcTRrjdZxJapTe,,environmentInterpretation1_variable,only_old,precipitationIsotope,
TR16LAAN,PUi5qjh8kt5AxhCUS1qN,,environmentInterpretation1_variable,only_old,effectivePrecipitation,
TR17GRTP,PcTAJSOzXrJl8PYQWdU7,,environmentInterpretation1_variable,only_old,evaporation,
MS09DOIP,PcxJW367F1QCIPGaPVEp,,environmentInterpretation1_variable,only_old,seawaterIsotope,
IC07KADF,QVo1slUJ5Zj8d0woMruy,,environmentInterpretation1_variable,only_old,precipitationIsotope,
LS01HOCH,QcNvBzfCXDUtuoDia4B1,,environmentInterpretation1_variable,only_old,effectivePrecipitation,
IC12SIWG,QeUHcokRNC9xAPAZ5eT3,,environmentInterpretation1_variable,only_old,precipitationIsotope,
LS14LESA,Qocxc8unvhQ5Zdlo4nPB,,environmentInterpretation1_variable,only_old,effectivePrecipitation,
CO09NUTB,QppSU0ZbBRHynYlsGE3M,,environmentInterpretation1_variable,only_old,seawaterIsotope,
TR04EVLI,QsrMCFTlFOvTZfxNCKKi,,environmentInterpretation1_variable,only_old,precipitationIsotope,
IC00EIGG,Qt8yOkMhvQOCu5U58vPD,,environmentInterpretation1_variable,only_old,precipitationIsotope,
IC03HOIL,RZkXNWY88wyoRuBTXfa4,,environmentInterpretation1_variable,only_old,precipitationIsotope,
IC16WE20,RiAHj8PXTcbh0uFSk5fi,,environmentInterpretation1_variable,only_old,precipitationIsotope,
IC11DILO,RjG1hTHuQLgkuv5aotw3,,environmentInterpretation1_variable,only_old,precipitationIsotope,
IC13ST04,RzbBggFcvEhoXlH08YzV,,environmentInterpretation1_variable,only_old,precipitationIsotope,
IC08VI87,S1KWoqLbFrZxh8ihjRWm,,environmentInterpretation1_variable,only_old,precipitationIsotope,
LS05HOAG,S6G7A09suvadjK0fwxW8,,environmentInterpretation1_variable,only_old,hydrologicBalance,
TR08VOOL,SCa2gqg3j0IbOYzrmlBw,,environmentInterpretation1_variable,only_old,precipitationIsotope,
LS03RUED,SNfJB8GaMm4ZoWOZjKcR,,environmentInterpretation1_variable,only_old,effectivePrecipitation,
IC09OPAN,SNwfLPqcx4llE8epOzUe,,environmentInterpretation1_variable,only_old,precipitationIsotope,
IC00OE22,SnVEqrDl16StaDrJz4WT,,environmentInterpretation1_variable,only_old,precipitationIsotope,
IC14VL1K,SvrSkYkFQJD4S9nmFQqC,,environmentInterpretation1_variable,only_old,precipitationIsotope,
IC14MAFH,TNVDQyzWCkDTIJ7Gfmpn,,environmentInterpretation1_variable,only_old,precipitationIsotope,
IC02STTA,TPXEOOTBiRuQufqcW2dK,,environmentInterpretation1_variable,only_old,precipitationIsotope,
IC99OE08,TWgWwQRssX5iJ4cjzE4x,,environmentInterpretation1_variable,only_old,precipitationIsotope,
MS10JTMA,TnSrT6vQDaty9cdT42wN,,environmentInterpretation1_variable,only_old,precipitationIsotope,
CO13HENG,TtO1xdkfGjQEEwc5vy1M,,environmentInterpretation1_variable,only_old,seawaterIsotope,
IC98FIPE,UZJmTGG4JVWxdNiMRDV5,,environmentInterpretation1_variable,only_old,precipitationIsotope,
IC96MOSS,UkgxiPcXG48HzFijtZso,,environmentInterpretation1_variable,only_old,precipitationIsotope,
CO99SWFB,Ux7ybOJjPF8Sdz2WImTH,,environmentInterpretation1_variable,only_old,seawaterIsotope,
IC17EKPV,V5mc1kj1fBhwFp069MNW,,environmentInterpretation1_variable,only_old,precipitationIsotope,
IC99ISS2,VByWGw2kUCvKave2S6kW,,environmentInterpretation1_variable,only_old,precipitationIsotope,
IC11KIPW,VKfDdOiP210VeZyMnd1U,,environmentInterpretation1_variable,only_old,precipitationIsotope,
CO04MGNG,VioVBJ59Vtk6q9b4LZuM,,environmentInterpretation1_variable,only_old,seawaterIsotope,
LS06STFO,Vr4NxSeEcjs8R8C8sTQa,,environmentInterpretation1_variable,only_old,effectivePrecipitation,
IC00OE23,W0EVd9q6jNFdTrThH0ee,,environmentInterpretation1_variable,only_old,precipitationIsotope,
IC08VI77,WBBdkDkWLm8t5fbT2nwl,,environmentInterpretation1_variable,only_old,precipitationIsotope,
IC09KANG,WC56sytA9hJN4DaQvFkh,,environmentInterpretation1_variable,only_old,precipitationIsotope,
TR11MAPE,WCjvMxu4y93qfXg0x3q4,,environmentInterpretation1_variable,only_old,precipitationIsotope,
IC13ST05,WH4UJdLQ6uaVxnjDO7Ga,,environmentInterpretation1_variable,only_old,precipitationIsotope,
IC12MUJR,WcwADMUe8WsmsPXTde4B,,environmentInterpretation1_variable,only_old,precipitationIsotope,
IC00STTY,X6cdP8kQhYurVJ3lJLZb,,environmentInterpretation1_variable,only_old,precipitationIsotope,
IC16WE17,XSwEVmg2suUgbm3C9UcQ,,environmentInterpretation1_variable,only_old,precipitationIsotope,
SS03HAJA,XWP4W5INaUdeS85EEjwA,,environmentInterpretation1_variable,only_old,seawaterIsotope,
IC06VID3,Xry2CCsPr5tIjfiXclfQ,,environmentInterpretation1_variable,only_old,precipitationIsotope,
CO95TUNG,YBQqgQPyW9sf1R1iYKWo,,environmentInterpretation1_variable,only_old,seawaterIsotope,
IC94THDP,Yt5JnM7GW4oWLWyZZoIN,,environmentInterpretation1_variable,only_old,precipitationIsotope,
IC93BAGI,Z01l7P7eZ6HbMLNlfSrV,,environmentInterpretation1_variable,only_old,precipitationIsotope,
LS09MAAS,Z91GgBMoU3afP65CfdIx,,environmentInterpretation1_variable,only_old,effectivePrecipitation,
IC17EKN1,ZBXsDsMy7d1GRCCphVmu,,environmentInterpretation1_variable,only_old,precipitationIsotope,
LS10HEQI,ZH1jxMVLYa4LQRJejgwG,,environmentInterpretation1_variable,only_old,effectivePrecipitation,
IC13STWD,ZLrwrdOy34w6brYcOld8,,environmentInterpretation1_variable,only_old,precipitationIsotope,
LS96CUPU,ZQ9bUXSwEgUhPcByOGua,,environmentInterpretation1_variable,only_old,effectivePrecipitation,
IC82STVE,ZYzMzNTlsQbQZ4fO1wig,,environmentInterpretation1_variable,only_old,precipitationIsotope,
IC76FIDE,ZZtjaByzW0WcicOQM2wE,,environmentInterpretation1_variable,only_old,precipitationIsotope,
IC16GOBP,Zu4SlOaGVgZbpK0VZM0W,,environmentInterpretation1_variable,only_old,precipitationIsotope,
TR17EDSW,ZxNsgxGncIkAPq93xSUJ,,environmentInterpretation1_variable,only_old,precipitationIsotope,
IC00STHN,aDjSHlh555y1y7fslzHD,,environmentInterpretation1_variable,only_old,precipitationIsotope,
TR08THCO,aTIaF2qAj1D9VLqaeVSM,,environmentInterpretation1_variable,only_old,precipitationIsotope,
LS09LACA,asFQXuRV6epgXCffwazJ,,environmentInterpretation1_variable,only_old,effectivePrecipitation,
TR15YOLL,b19a4WSFttSlN071PgaV,,environmentInterpretation1_variable,only_old,precipitationIsotope,
LS10ANBL,bkAlLfg0b7UmdBUttfOT,,environmentInterpretation1_variable,only_old,hydrologicBalance,
IC16WE23,bo8jonsVqKFI6CgyqN6F,,environmentInterpretation1_variable,only_old,precipitationIsotope,
SP10CACN,c8AgHOAaGl7NKlOESlIY,,environmentInterpretation1_variable,only_old,precipitationIsotope,
IC16WE30,cAY7mhrGgtubsRtvIQ25,,environmentInterpretation1_variable,only_old,precipitationIsotope,
MS06DLDS,cTGmqmH6peabf63aWqMC,,environmentInterpretation1_variable,only_old,seawaterIsotope,
IC08HODF,cfs4ydXYTXUkKS2U2xPQ,,environmentInterpretation1_variable,only_old,precipitationIsotope,
IC10VISG,ctivxwdSrQ8CHyTchef4,,environmentInterpretation1_variable,only_old,precipitationIsotope,
IC13ST13,d5gZeDCjc7flpymdHGxS,,environmentInterpretation1_variable,only_old,precipitationIsotope,
LS11NECA,d5iww7TYNjOQwD48FkWa,,environmentInterpretation1_variable,only_old,effectivePrecipitation,
IC99OE09,d8u5bdRop7dONcnWoSen,,environmentInterpretation1_variable,only_old,precipitationIsotope,
IC00OE12,dKPknpQNOqDnwlavodox,,environmentInterpretation1_variable,only_old,precipitationIsotope,
TR11BAPU,dWOCBsWkDpFFdXxldw1G,,environmentInterpretation1_variable,only_old,precipitationIsotope,
LS15OEPO,dqcNSsnoQf4bKYTQF1EO,,environmentInterpretation1_variable,only_old,hydrologicBalance,
IC00SC16,eMimEkm6EnQdVVCJZttv,,environmentInterpretation1_variable,only_old,precipitationIsotope,
IC16WE28,ectHWXy37zOYJuTnrp08,,environmentInterpretation1_variable,only_old,precipitationIsotope,
IC03HORB,enYzv7e4BUHU3R2mQ8xL,,environmentInterpretation1_variable,only_old,precipitationIsotope,
IC00SC26,f9XLDb8DxGHIDx7x0DZ0,,environmentInterpretation1_variable,only_old,precipitationIsotope,
TR11SIMO,fQmoh1zhxY1fiqHEJBdy,,environmentInterpretation1_variable,only_old,precipitationIsotope,
IC15GANK,fSUtNl0uXiQNi6agKRON,,environmentInterpretation1_variable,only_old,precipitationIsotope,
IC17EKN3,gQSBcOVDh8An1RjyKyVT,,environmentInterpretation1_variable,only_old,precipitationIsotope,
MS11CSCS,gsBsWPLrUPtZBjXAMd3g,,environmentInterpretation1_variable,only_old,seawaterIsotope,
IC10VIMI,gxKvBAKV0BvoYiZ45dE7,,environmentInterpretation1_variable,only_old,precipitationIsotope,
TR15BABO,hJ9mrPJjgUfPOTxVpLT4,,environmentInterpretation1_variable,only_old,precipitationIsotope,
IC00SC18,hYapuwnOX5q932NRchN1,,environmentInterpretation1_variable,only_old,precipitationIsotope,
IC13ST03,hitOiFFcfPJ6WlFAJfTq,,environmentInterpretation1_variable,only_old,precipitationIsotope,
IC14EKVK,i0pwWxERMwsndi4L3jE7,,environmentInterpretation1_variable,only_old,precipitationIsotope,
LS09SAJU,iA6LTB2OFzdIZdJ9wljp,,environmentInterpretation1_variable,only_old,hydrologicBalance,
IC11STTA,iMAqMz6iqMFUTeC1uJuH,,environmentInterpretation1_variable,only_old,precipitationIsotope,
IC00OE15,iaFZqSKf8c68LsqzV2z3,,environmentInterpretation1_variable,only_old,precipitationIsotope,
IC10VISD,jME8kpChwz75WtLfRQHL,,environmentInterpretation1_variable,only_old,precipitationIsotope,
TR08HORA,jQ1ihXRcRqOKG2L207SA,,environmentInterpretation1_variable,only_old,precipitationIsotope,
TR13POMA,jbrbttBPh0gIiDnpY0Bu,,environmentInterpretation1_variable,only_old,precipitationIsotope,
CO14OSPA,k7AURwcjzw85jUfnFtH4,,environmentInterpretation1_variable,only_old,seawaterIsotope,
IC13ST24,kbiUEn0EORieayszOvQK,,environmentInterpretation1_variable,only_old,precipitationIsotope,
IC99OE01,lNfXCKKOqR3MNwRNOjgW,,environmentInterpretation1_variable,only_old,precipitationIsotope,
CO96SWBB,lXLVz0mFHPT5SFidDJV9,,environmentInterpretation1_variable,only_old,effectivePrecipitation,
SP10WINZ,lY1tFahUrvVpsY4Ws5D7,,environmentInterpretation1_variable,only_old,precipitationIsotope,
IC06THPR,lpb2vgyekehVCJEwWEQT,,environmentInterpretation1_variable,only_old,precipitationIsotope,
TR15NACA,m2dbmDEuhl0FtJbzcmHT,,environmentInterpretation1_variable,only_old,precipitationIsotope,
IC00OE20,mDum5ksON6kfIN6hIxUy,,environmentInterpretation1_variable,only_old,precipitationIsotope,
CO93COTW,mMVze2VpD6ysrjTCryjP,,environmentInterpretation1_variable,only_old,seawaterIsotope,
LS15DOCH,meVZ6PGNWn1r6zUd2N2J,,environmentInterpretation1_variable,only_old,effectivePrecipitation,
LS11BIPU,mqnh7KpCCW1SVulMfui3,,environmentInterpretation1_variable,only_old,precipitationIsotope,
SP10HAUS,nEAQI3TBoEvuZKtbscg4,,environmentInterpretation1_variable,only_old,precipitationIsotope,
LS13WASU,nKM7gKd5MEk3rVGc0XgO,,environmentInterpretation1_variable,only_old,effectivePrecipitation,
IC16WE19,nSX0Eb4pXOrNg1dfLbQH,,environmentInterpretation1_variable,only_old,precipitationIsotope,
IC17BERI,nmk0AF1iw4I1skS6PecN,,environmentInterpretation1_variable,only_old,precipitationIsotope,
IC02SCGN,npEPrsJdgbHR8JViGueb,,environmentInterpretation1_variable,only_old,precipitationIsotope,
TR12BRBO,o29D9cPrLKPA3XSK2Y5M,,environmentInterpretation1_variable,only_old,precipitationIsotope,
IC00OE11,oD0ZsAhdvlRX7ovCQsve,,environmentInterpretation1_variable,only_old,precipitationIsotope,
CO03CHBA,oIo107DJYmBL1asRONW1,,environmentInterpretation1_variable,only_old,seawaterIsotope,
IC04FIML,oVbO1JPjTRBoEyYCvsIU,,environmentInterpretation1_variable,only_old,precipitationIsotope,
IC13STN7,onKnmvLJlNjPFG41pK3m,,environmentInterpretation1_variable,only_old,precipitationIsotope,
IC02MUBI,pFLh2d8Y9PJ8Ln9pZtAS,,environmentInterpretation1_variable,only_old,precipitationIsotope,
IC10VIGR,pI33SEGBhVInfAyd6AlS,,environmentInterpretation1_variable,only_old,precipitationIsotope,
IC00OE02,pbyxvOs9lMSDXIziE4Ia,,environmentInterpretation1_variable,only_old,precipitationIsotope,
LS14PRLO,pwJhEpqKoiYBB3SXLkVg,,environmentInterpretation1_variable,only_old,hydrologicBalance,
IC10NAB5,q7hmaNmPyeRgdae9Y8uw,,environmentInterpretation1_variable,only_old,precipitationIsotope,
IC13STN8,q8uaWZuApXSkVXgGB1Ln,,environmentInterpretation1_variable,only_old,precipitationIsotope,
IC13BOCG,qKroWRF368TYGUHmGTbh,,environmentInterpretation1_variable,only_old,precipitationIsotope,
IC85LAD2,qO2GQQ8onj8dbqeziK5C,,environmentInterpretation1_variable,only_old,precipitationIsotope,
IC97GRGI,qhG6oRZfXsrynS5KkrCk,,environmentInterpretation1_variable,only_old,precipitationIsotope,
IC00OEKC,qyRxIGk9u9aQxKY225rb,,environmentInterpretation1_variable,only_old,precipitationIsotope,
LS12THAY,r86BjdY5rD9VLWWNw0Tm,,environmentInterpretation1_variable,only_old,precipitationIsotope,
IC00THDS,raV8oqSVhhL3io2bZaFf,,environmentInterpretation1_variable,only_old,precipitationIsotope,
LS91HOMI,s65TVCInlbGh6nr3zQvl,,environmentInterpretation1_variable,only_old,effectivePrecipitation,
IC02THKI,sC0jKFLTtLOIrjesersO,,environmentInterpretation1_variable,only_old,precipitationIsotope,
IC17EK4K,sIbK6viC496fNBQFsOrm,,environmentInterpretation1_variable,only_old,precipitationIsotope,
LS15AIKA,sRxx5jmG6LPanUEN2hLr,,environmentInterpretation1_variable,only_old,precipitationIsotope,
IC11LIMI,tQUh242J30sNry8pxAed,,environmentInterpretation1_variable,only_old,precipitationIsotope,
IC00OE13,te1dvwactkY9TPgFCuVR,,environmentInterpretation1_variable,only_old,precipitationIsotope,
IC10VIP1,uJ8wzGM1IKvBbjAEi8iL,,environmentInterpretation1_variable,only_old,precipitationIsotope,
TR06TRBO,uOAR5oWRD6a01EgDKrQ3,,environmentInterpretation1_variable,only_old,precipitationIsotope,
IC10VIGI,uYr3IKJIm5Ty06Tx3EJe,,environmentInterpretation1_variable,only_old,precipitationIsotope,
IC13ST12,uk3U2mSa25fzTYDGyuCa,,environmentInterpretation1_variable,only_old,precipitationIsotope,
LS14KOSA,v7SfC8Nj0B53aryVfSyk,,environmentInterpretation1_variable,only_old,precipitationIsotope,
IC06WAML,vDduTUlubvYdFjAlTXhO,,environmentInterpretation1_variable,only_old,precipitationIsotope,
IC99OE03,vgB3O6H8T1ANzn1Oqxag,,environmentInterpretation1_variable,only_old,precipitationIsotope,
IC09EIBE,w8wuD9Xfvjln2Vgt1b4k,,environmentInterpretation1_variable,only_old,precipitationIsotope,
IC15MANE,wCUJ7y0r22MgO1lhpXe0,,environmentInterpretation1_variable,only_old,precipitationIsotope,
IC00SC29,wbPP0e5AvOAHxEJhNhaq,,environmentInterpretation1_variable,only_old,precipitationIsotope,
LS14YAHA,wjLRur3ZaYbI05UOYPnu,,environmentInterpretation1_variable,only_old,effectivePrecipitation,
IC00SC21,wlqwCaXIUSA391Dmg0Ao,,environmentInterpretation1_variable,only_old,precipitationIsotope,
IC02GR17,x3Ps5JaMgdIxN7zYobFB,,environmentInterpretation1_variable,only_old,precipitationIsotope,
IC06THDD,xEljJ2CDhxvdXmbODx33,,environmentInterpretation1_variable,only_old,precipitationIsotope,
LS08STCR,xMeZazGJKs6FzfXtgKcx,,environmentInterpretation1_variable,only_old,effectivePrecipitation,
SP10SUSE,xTqojxIq6bgaaKbFxHge,,environmentInterpretation1_variable,only_old,temperature,
IC00OE14,xd2TPdKM7JZqtMDwOsjI,,environmentInterpretation1_variable,only_old,precipitationIsotope,
LS97HOKA,xfDZQAuBvICCPhTZHPrL,,environmentInterpretation1_variable,only_old,hydrologicBalance,
IC09KA79,xi6DpX7WhRWewkGSfaTC,,environmentInterpretation1_variable,only_old,precipitationIsotope,
IC13THQU,xov9fnYOrCpXOwq0BuXQ,,environmentInterpretation1_variable,only_old,precipitationIsotope,
CO04PFCH,xpHL3Wn9kbEaJRpviF9x,,environmentInterpretation1_variable,only_old,seawaterIsotope,
IC00OE18,xqRFjNL3EeVUcFo2brr5,,environmentInterpretation1_variable,only_old,precipitationIsotope,
IC10VISE,y8hdZVFD4WnlA5L9rzzM,,environmentInterpretation1_variable,only_old,precipitationIsotope,
IC11BEVL,yAEnJ1CxUIj0sNpWnQcH,,environmentInterpretation1_variable,only_old,precipitationIsotope,
MS10BLMS,yPuJR6PU5d9DCztSjpDP,,environmentInterpretation1_variable,only_old,seawaterIsotope,
LS02ROSA,yjKqHVSJlvCGqXhgqzw8,,environmentInterpretation1_variable,only_old,effectivePrecipitation,
IC02HEWD,yrff3bUnNO8OgcxLatjz,,environmentInterpretation1_variable,only_old,precipitationIsotope,
IC08VISV,z761ORQU68B183eqMFEk,,environmentInterpretation1_variable,only_old,precipitationIsotope,
LS10CLTA,zTTIciYMe1iiv8fjc6Du,,environmentInterpretation1_variable,only_old,effectivePrecipitation,
TR16WEXI,zZgsuies0ItMEJZroli1,,environmentInterpretation1_variable,only_old,evaporation,
CO07CAFR,1JzIzVdjD9HE8ikFs6gW,,environmentInterpretation2_direction,only_old,negative,
CO03CHBU,4eKXrgFThelRgVWLxd0K,,environmentInterpretation2_direction,only_old,negative,
CO12GOVA,6iQeJsjOAoS8QW2JSoeT,,environmentInterpretation2_direction,only_old,negative,
CO94LISE,8EZrsxy7Q2BRKkNZwt81,,environmentInterpretation2_direction,only_old,negative,
LS15DOSA,9dCvb7un7yim06OmoNjJ,,environmentInterpretation2_direction,only_old,negative,
TR12SAMU,B9haOeIr3qeK8wIiHHfI,,environmentInterpretation2_direction,only_old,negative,
LS05ANJE,Dd3xWVBBzdNfjXIg5x6h,,environmentInterpretation2_direction,only_old,negative,
LS07LAHA,EhsuizR7H2J8bkQO8Cev,,environmentInterpretation2_direction,only_old,negative,
LS10HESA,LEveEByHJJ8EXYhDvQvl,,environmentInterpretation2_direction,only_old,positive,
LS01HOCH,QcNvBzfCXDUtuoDia4B1,,environmentInterpretation2_direction,only_old,negative,
LS14LESA,Qocxc8unvhQ5Zdlo4nPB,,environmentInterpretation2_direction,only_old,positive,
LS03RUED,SNfJB8GaMm4ZoWOZjKcR,,environmentInterpretation2_direction,only_old,negative,
CO13HENG,TtO1xdkfGjQEEwc5vy1M,,environmentInterpretation2_direction,only_old,negative,
CO04MGNG,VioVBJ59Vtk6q9b4LZuM,,environmentInterpretation2_direction,only_old,negative,
SS03HAJA,XWP4W5INaUdeS85EEjwA,,environmentInterpretation2_direction,only_old,negative,
CO95TUNG,YBQqgQPyW9sf1R1iYKWo,,environmentInterpretation2_direction,only_old,negative,
LS09MAAS,Z91GgBMoU3afP65CfdIx,,environmentInterpretation2_direction,only_old,negative,
LS10HEQI,ZH1jxMVLYa4LQRJejgwG,,environmentInterpretation2_direction,only_old,positive,
LS10ANBL,bkAlLfg0b7UmdBUttfOT,,environmentInterpretation2_direction,only_old,negative,
LS15OEPO,dqcNSsnoQf4bKYTQF1EO,,environmentInterpretation2_direction,only_old,negative,
CO14OSPA,k7AURwcjzw85jUfnFtH4,,environmentInterpretation2_direction,only_old,negative,
CO93COTW,mMVze2VpD6ysrjTCryjP,,environmentInterpretation2_direction,only_old,negative,
LS15DOCH,meVZ6PGNWn1r6zUd2N2J,,environmentInterpretation2_direction,only_old,negative,
LS13WASU,nKM7gKd5MEk3rVGc0XgO,,environmentInterpretation2_direction,only_old,negative,
CO03CHBA,oIo107DJYmBL1asRONW1,,environmentInterpretation2_direction,only_old,negative,
LS15AIKA,sRxx5jmG6LPanUEN2hLr,,environmentInterpretation2_direction,only_old,negative,
LS14KOSA,v7SfC8Nj0B53aryVfSyk,,environmentInterpretation2_direction,only_old,positive,
LS08STCR,xMeZazGJKs6FzfXtgKcx,,environmentInterpretation2_direction,only_old,negative,
LS97HOKA,xfDZQAuBvICCPhTZHPrL,,environmentInterpretation2_direction,only_old,negative,
CO04PFCH,xpHL3Wn9kbEaJRpviF9x,,environmentInterpretation2_direction,only_old,negative,
LS02ROSA,yjKqHVSJlvCGqXhgqzw8,,environmentInterpretation2_direction,only_old,increase,
IC13ST91,06PTo0DxCCZDEczDmxPA,,environmentInterpretation2_interpretationApplies,only_old,NA,
CO13CAHN,0A4gJmwiV7eKAcUvNN55,,environmentInterpretation2_interpretationApplies,only_old,NA,
MS07MMNP,0YWICEiNRG1n0Lyc2fRc,,environmentInterpretation2_interpretationApplies,only_old,NA,
CO96QUVA,0n4u7XGKeugICSOLYJzf,,environmentInterpretation2_interpretationApplies,only_old,NA,
IC13ST15,1DWs2gnh99KGalQd9aWW,,environmentInterpretation2_interpretationApplies,only_old,NA,
Sofularcave.Fleitmann.2009,1JaFB1dthGkMfpZJzxLn,,environmentInterpretation2_interpretationApplies,only_old,NA,
CO07CAFR,1JzIzVdjD9HE8ikFs6gW,,environmentInterpretation2_interpretationApplies,only_old,NA,
MS12CCCH,1XGGFs6rrfWnVNmz6Crr,,environmentInterpretation2_interpretationApplies,only_old,NA,
CO99LICL,1c4QWzt3GtrP1evJglnb,,environmentInterpretation2_interpretationApplies,only_old,NA,
IC00OE21,1jRjwDoo99ygzSLrMQoH,,environmentInterpretation2_interpretationApplies,only_old,NA,
MS07RCNA,1l9Y0RgTt2Iu1wOpkYYe,,environmentInterpretation2_interpretationApplies,only_old,NA,
IC00OE16,2CRnCGGu19MMrX421teH,,environmentInterpretation2_interpretationApplies,only_old,NA,
IC99IS89,2HrRbdcO4giefmQImWUK,,environmentInterpretation2_interpretationApplies,only_old,NA,
SP13SUSA,2L0o7Ipf4JlnIDp3prIQ,,environmentInterpretation2_interpretationApplies,only_old,NA,
CO14CABT,2bMIZpJQr5xePS075xL8,,environmentInterpretation2_interpretationApplies,only_old,NA,
MS11ANMS,2zRGpAK1ecl7zYYxG0jo,,environmentInterpretation2_interpretationApplies,only_old,NA,
Chauvin.Laird.2003,3Fi6HUTjaSLXQd8dFA2M,,environmentInterpretation2_interpretationApplies,only_old,NA,
LS15BHAL,3OSsm6dHQC9G22eiWyHd,,environmentInterpretation2_interpretationApplies,only_old,NA,
Shigaocave.Jiang.2012,3YGjBwaPONnhj3sWgdqJ,,environmentInterpretation2_interpretationApplies,only_old,NA,
MacalChasm.Akers.2016,3sneXJXGkJAe6jcXbR0e,,environmentInterpretation2_interpretationApplies,only_old,NA,
IC13ST22,4MMoOO8VeYC2ICO1sjzw,,environmentInterpretation2_interpretationApplies,only_old,NA,
CO14ZIHO,4Zn8Y4l0vbrkiQiQJkeC,,environmentInterpretation2_interpretationApplies,only_old,NA,
CO03CHBU,4eKXrgFThelRgVWLxd0K,,environmentInterpretation2_interpretationApplies,only_old,NA,
LS13STEL,4gKGCCfsqyf8TmVGIulj,,environmentInterpretation2_interpretationApplies,only_old,NA,
CO99GUMI,4ytGPXH6ewqHAtNVmTaq,,environmentInterpretation2_interpretationApplies,only_old,NA,
Qunfcave.Fleitmann.2007,55bDFte7GjYblMqaqQQu,,environmentInterpretation2_interpretationApplies,only_old,NA,
DeSotocaverns.Aharon.2013,5HNVLJ38LuN8rmXTvw7m,,environmentInterpretation2_interpretationApplies,only_old,NA,
IC13PALD,5TJCh5cATYd9ENy5GKf5,,environmentInterpretation2_interpretationApplies,only_old,NA,
IC06KAS1,5mEdIRnYGnz6bco2xqLz,,environmentInterpretation2_interpretationApplies,only_old,NA,
LS12ANBI,5wD23ne0CEAt7SzgnO3J,,environmentInterpretation2_interpretationApplies,only_old,NA,
IC02GR05,6Bkva3oByLKIOyet0gVc,,environmentInterpretation2_interpretationApplies,only_old,NA,
LS99CUVA,6b2IjC8xcwhkBU3UVYoi,,environmentInterpretation2_interpretationApplies,only_old,NA,
CO12GOVA,6iQeJsjOAoS8QW2JSoeT,,environmentInterpretation2_interpretationApplies,only_old,NA,
IC17KOEL,6lYiXCN3Eu7Xu4NkIXFH,,environmentInterpretation2_interpretationApplies,only_old,NA,
TR07RECA,6nHzeIAXoyT3cj8Ty99A,,environmentInterpretation2_interpretationApplies,only_old,NA,
TR10ANMO,6wr3ZFJqxpHfVZglVqox,,environmentInterpretation2_interpretationApplies,only_old,NA,
IC13ST21,7D3XV1ftG6ZQK7aGreiK,,environmentInterpretation2_interpretationApplies,only_old,NA,
BeaverLake.Schmieder.2011,7NmIXSqF6YAx4fLQGdVI,,environmentInterpretation2_interpretationApplies,only_old,NA,
IC09VICC,7RPcK2E3LwPQBc9L1O0O,,environmentInterpretation2_interpretationApplies,only_old,NA,
IC96ISE9,7VCT8B2D1KJlytnGfF9L,,environmentInterpretation2_interpretationApplies,only_old,NA,
IC10VIP3,7j3JqxvxsfC5pqOVnaSM,,environmentInterpretation2_interpretationApplies,only_old,NA,
IC10VIP2,7kV3kFWpbay1WYAzvXmD,,environmentInterpretation2_interpretationApplies,only_old,NA,
Tianmen.Cai.2010,80of6EZC5dRYaW0vbG1W,,environmentInterpretation2_interpretationApplies,only_old,NA,
CO05KUBE,873EkNZdP2vfB7zEPWsW,,environmentInterpretation2_interpretationApplies,only_old,NA,
CO94LISE,8EZrsxy7Q2BRKkNZwt81,,environmentInterpretation2_interpretationApplies,only_old,NA,
TR12BECO,8qVR70iC31ZetVkpTSfE,,environmentInterpretation2_interpretationApplies,only_old,NA,
LS07ANMA,9FdG72JlSsXxXoXXpOhE,,environmentInterpretation2_interpretationApplies,only_old,NA,
IC05ISAU,9KWvwHqHL9yD8HPKuurO,,environmentInterpretation2_interpretationApplies,only_old,NA,
Attacave.Niggemann.2003,9MrXqNrRnSRNVwIEudtW,,environmentInterpretation2_interpretationApplies,only_old,NA,
IC08THGZ,9YIpJx1h3XG6XfXwBhqR,,environmentInterpretation2_interpretationApplies,only_old,NA,
LS15DOSA,9dCvb7un7yim06OmoNjJ,,environmentInterpretation2_interpretationApplies,only_old,NA,
Uluu-Toocave.Wolff.2017,9fWuv2fyHYq1nF64vS7C,,environmentInterpretation2_interpretationApplies,only_old,NA,
Lapagrandecave.Strikis.2011,A5QePMAuyk8SBGzlglLZ,,environmentInterpretation2_interpretationApplies,only_old,NA,
LiangLuar.Griffiths.2016,AHskGxbhSALGwiMPilqr,,environmentInterpretation2_interpretationApplies,only_old,NA,
SP12FOAT,AOBAbHAwfVw1qAqAzaGE,,environmentInterpretation2_interpretationApplies,only_old,NA,
IC16WE27,AqZnxntnDcACVNpwEeBq,,environmentInterpretation2_interpretationApplies,only_old,NA,
CO98SWPR,AxKSyUkpl8U5x9RbApf4,,environmentInterpretation2_interpretationApplies,only_old,NA,
IC09KAD3,B6pCttsCzPnPsrLI2GNz,,environmentInterpretation2_interpretationApplies,only_old,NA,
TR12SAMU,B9haOeIr3qeK8wIiHHfI,,environmentInterpretation2_interpretationApplies,only_old,NA,
IC08VI79,BLvOe16MMifbxApVJ52E,,environmentInterpretation2_interpretationApplies,only_old,NA,
NaturalBridgecaverns.Wong.2015,Bm5FtZW7OgwlEb9ZVOnP,,environmentInterpretation2_interpretationApplies,only_old,NA,
Basin.Gajewski.1988,CBHH6GUu98Tx0ruEJdXo,,environmentInterpretation2_interpretationApplies,only_old,NA,
IC95FI87,CKntJjdu9ZwChJkOK3rK,,environmentInterpretation2_interpretationApplies,only_old,NA,
CuevadeAsiul.Smith.2016,CNcMUU2z7PkhkqVFTMyl,,environmentInterpretation2_interpretationApplies,only_old,NA,
Botuvercave.Bernal.2016,CXZMSyjGaFwpciwVjdrZ,,environmentInterpretation2_interpretationApplies,only_old,NA,
MS99LWSC,CZyp1kdeNTeMJ0K8AX6P,,environmentInterpretation2_interpretationApplies,only_old,NA,
TeReingacave.Lorrey.2008,CZzMCaYLG88zoKpp00m2,,environmentInterpretation2_interpretationApplies,only_old,NA,
DosAnascave.Fensterer.2013,Cb5t9XGvwOjdpFdLNFJv,,environmentInterpretation2_interpretationApplies,only_old,NA,
TR15YONW,Cb5zgYWpcc9WdcE1cHmt,,environmentInterpretation2_interpretationApplies,only_old,NA,
CO14CATI,CcxbQb2LQAemTaklTDp8,,environmentInterpretation2_interpretationApplies,only_old,NA,
IC02GR07,Ch8UMmeq6MNzpLurAIHx,,environmentInterpretation2_interpretationApplies,only_old,NA,
IC08VI84,Ct0U6MSqcLYPogvALWRw,,environmentInterpretation2_interpretationApplies,only_old,NA,
Huagapocave.Kanner.2013,DLCXU8yHVBCMYuTS4GHQ,,environmentInterpretation2_interpretationApplies,only_old,NA,
IC16WENG,DLtLlTPGpI1y0x6xrIjd,,environmentInterpretation2_interpretationApplies,only_old,NA,
LS05ANJE,Dd3xWVBBzdNfjXIg5x6h,,environmentInterpretation2_interpretationApplies,only_old,NA,
IC95THHU,DigAWmp8Cwr1trt9z34F,,environmentInterpretation2_interpretationApplies,only_old,NA,
IC11LAB4,Dmc2ShXDaHSjvH5sH5Yg,,environmentInterpretation2_interpretationApplies,only_old,NA,
IC12RHME,DuxqPi9iRKY3fchicHeO,,environmentInterpretation2_interpretationApplies,only_old,NA,
Donggecave.Yuan.2004,E7ULYepKyNGuQ7Ry1dA3,,environmentInterpretation2_interpretationApplies,only_old,NA,
LS98CUPE,E9b6hh8HOzXsybOoyyfZ,,environmentInterpretation2_interpretationApplies,only_old,NA,
CO13CABL,ECY60ObxsU6EvICI1S41,,environmentInterpretation2_interpretationApplies,only_old,NA,
SP11STBR,ENhQHTweev2h3ulGXp3q,,environmentInterpretation2_interpretationApplies,only_old,NA,
MS14MORR,EXWhYO9aPGNKP6nnOBC3,,environmentInterpretation2_interpretationApplies,only_old,NA,
LS07LAHA,EhsuizR7H2J8bkQO8Cev,,environmentInterpretation2_interpretationApplies,only_old,NA,
MS11SENS,ElIcyk5PQLXL4yBgYDDR,,environmentInterpretation2_interpretationApplies,only_old,NA,
IC00COPR,EqJSbxBZGWW5FLpP3MSS,,environmentInterpretation2_interpretationApplies,only_old,NA,
MS03LKNS,ExNUNftFDL8pXms8ozKu,,environmentInterpretation2_interpretationApplies,only_old,NA,
IC99OE06,F2YASHmkOovtC1x1MvCY,,environmentInterpretation2_interpretationApplies,only_old,NA,
IC92HOML,F6qr90xYYN3wW6e0JqQr,,environmentInterpretation2_interpretationApplies,only_old,NA,
IC00OE05,FFOBizbVL7upaZGvwfc2,,environmentInterpretation2_interpretationApplies,only_old,NA,
Mawmluhcave.Berkelhammer.2013,FT8q3XbpPngu4MitSRwq,,environmentInterpretation2_interpretationApplies,only_old,NA,
IC12WACD,FnDgPdczxJvX1RRx2305,,environmentInterpretation2_interpretationApplies,only_old,NA,
IC06VING,Ftzl8h9MEcq8jEri2VsC,,environmentInterpretation2_interpretationApplies,only_old,NA,
TR16LAFO,G8GE2xlAjyGuNGzeip95,,environmentInterpretation2_interpretationApplies,only_old,NA,
TR11XUPH,G8P923YpOXf9YEeklFa9,,environmentInterpretation2_interpretationApplies,only_old,NA,
ClelandLake.Steinman.2016,GCXPVlgERS5fu3JrsUwj,,environmentInterpretation2_interpretationApplies,only_old,NA,
MS15BATP,GDvBVVgJyfRP1W7dWMkq,,environmentInterpretation2_interpretationApplies,only_old,NA,
CO98CHPI,GHpvkkHtLXb50yYTSKdm,,environmentInterpretation2_interpretationApplies,only_old,NA,
LimeLake.Steinman.2016,GUwMcCBubZuv9RLIxu3g,,environmentInterpretation2_interpretationApplies,only_old,NA,
CO09NAKY,GZhjfnhNTkJ6dSM0vJjf,,environmentInterpretation2_interpretationApplies,only_old,NA,
Aus-MarxUpperSnowy,GkkGtF99lhRKH53dnbcn,,environmentInterpretation2_interpretationApplies,only_old,NA,
LianhuacaveHunan.Cosford.2008,GktD21K94e40i0YgNz8B,,environmentInterpretation2_interpretationApplies,only_old,NA,
CO96SWFB,GtaQfVzeDU1H8ksSWa1m,,environmentInterpretation2_interpretationApplies,only_old,NA,
IC99OE05,H46WdD24QDbnPJfyRYPg,,environmentInterpretation2_interpretationApplies,only_old,NA,
IC97THGL,H6qni3qeS1mbd0GdtYF2,,environmentInterpretation2_interpretationApplies,only_old,NA,
CO98BOFP,H6w2icNZMsy6whGbYlUh,,environmentInterpretation2_interpretationApplies,only_old,NA,
CO99DRGB,HHGJSe2t7oz0qLGQYYeM,,environmentInterpretation2_interpretationApplies,only_old,NA,
Oregoncavesnationalmonument.Ersek.2012,HOqEd2j4QHzsTU2wvKE3,,environmentInterpretation2_interpretationApplies,only_old,NA,
Kesangcave.Cheng.2016,HQqaHsLSBigw18lH4XNq,,environmentInterpretation2_interpretationApplies,only_old,NA,
CO98EVXM,HXSIHrYik89LrfBXgzJJ,,environmentInterpretation2_interpretationApplies,only_old,NA,
LS13KOLA,HmX9B3gWvCznxZsQqbYZ,,environmentInterpretation2_interpretationApplies,only_old,NA,
TR11MAJA,Hn5fAXKWLFXTS0AmgoFH,,environmentInterpretation2_interpretationApplies,only_old,NA,
TR14KOSP,HnYfdmiB2ZmZT5iZjqgm,,environmentInterpretation2_interpretationApplies,only_old,NA,
IC10VISA,HtJpouVaZDIcizeGaMpZ,,environmentInterpretation2_interpretationApplies,only_old,NA,
IC13OPAN,IOJ7Bnr0DlXJbRjtehzU,,environmentInterpretation2_interpretationApplies,only_old,NA,
IC99OE02,ITeDC2TXoCZP6aAAe651,,environmentInterpretation2_interpretationApplies,only_old,NA,
CO06MOTO,IhzvxKV8k4KmLBwQ6wW1,,environmentInterpretation2_interpretationApplies,only_old,NA,
IC09VIRE,Ip5fl019DQSi5Ja3eBa0,,environmentInterpretation2_interpretationApplies,only_old,NA,
IC00OE19,IxMXingRczyGa51p8frB,,environmentInterpretation2_interpretationApplies,only_old,NA,
IC99OE04,JFQqutplD8FQNtoAJPfM,,environmentInterpretation2_interpretationApplies,only_old,NA,
SP05MAAT,JLoEYklb1i8VYLrve9Tl,,environmentInterpretation2_interpretationApplies,only_old,NA,
IC16WE22,JRvYhaaOrdWCjlQI8WrH,,environmentInterpretation2_interpretationApplies,only_old,NA,
IC08DILO,JU52wcCs9MYTlnKtbxM9,,environmentInterpretation2_interpretationApplies,only_old,NA,
IC10VICR,JtK3P1wvNgYCQXIQNYCb,,environmentInterpretation2_interpretationApplies,only_old,NA,
IC00OE03,JutRsr828Hjko9w3PPA9,,environmentInterpretation2_interpretationApplies,only_old,NA,
TR11GRTP,K5mWl4guYTrkFTnhTKnV,,environmentInterpretation2_interpretationApplies,only_old,NA,
IC99SCFH,K9RZEGcTSGeob9aUnDFZ,,environmentInterpretation2_interpretationApplies,only_old,NA,
TR13SIKO,KCTsCqpaEnpwOUKbszJA,,environmentInterpretation2_interpretationApplies,only_old,NA,
IC01JO01,Ka6CPveuBxXrFfVWExwd,,environmentInterpretation2_interpretationApplies,only_old,NA,
IC13ST06,Kzq67qc1UMznuEk6MdaY,,environmentInterpretation2_interpretationApplies,only_old,NA,
MoonLake.Laird.1996,LC8176e4be9fe4580a20ca8acd1935eebb,,environmentInterpretation2_interpretationApplies,only_old,NA,
GooseBayMarsh.Rippke.2010,LCfd93f443775fb7f04869133ce0db013f,,environmentInterpretation2_interpretationApplies,only_old,NA,
LS10HESA,LEveEByHJJ8EXYhDvQvl,,environmentInterpretation2_interpretationApplies,only_old,NA,
Chaaracave.AitBrahim.2018,LIcGR4H0i9fYAWSm7zhN,,environmentInterpretation2_interpretationApplies,only_old,NA,
TR11BAVO,LMifEVQKJJhSS4l0HHoc,,environmentInterpretation2_interpretationApplies,only_old,NA,
CO11NUPM,LQotH0GnIrx4vOwfIiW7,,environmentInterpretation2_interpretationApplies,only_old,NA,
TR16WEMI,LRweFdggMVcEhgkh1Iaf,,environmentInterpretation2_interpretationApplies,only_old,NA,
BukitAssamcave.Carolin.2013,LXNSJP9wSqShqarBD38U,,environmentInterpretation2_interpretationApplies,only_old,NA,
IC10VIRE,LbXXaHuJHiEcdEBxTGJ3,,environmentInterpretation2_interpretationApplies,only_old,NA,
IC13ST01,LlPgY4ULsNBoNxsFuI7z,,environmentInterpretation2_interpretationApplies,only_old,NA,
IC13THFE,LwfxaGBfNbxjKgAKqgBg,,environmentInterpretation2_interpretationApplies,only_old,NA,
IC08VIRE,M0xE5vvgXtFWj6mUSZiz,,environmentInterpretation2_interpretationApplies,only_old,NA,
Bunkercave.Fohlmeister.2012,MBKdLAR2spY6hc56OHM0,,environmentInterpretation2_interpretationApplies,only_old,NA,
CO06QUNG,MNN1hLqGHovxO9RxzqWP,,environmentInterpretation2_interpretationApplies,only_old,NA,
Leviathan.Lachniet.2014,MWUp30NWDKpeiymVdPjM,,environmentInterpretation2_interpretationApplies,only_old,NA,
IC07KARB,MdiEhl2jhtM2Mp76iIpW,,environmentInterpretation2_interpretationApplies,only_old,NA,
IC09VIA8,Mj3xD1TIKGBoa4UoxtMG,,environmentInterpretation2_interpretationApplies,only_old,NA,
LS07ROTI,Mn2L0GPRYLKYjpTRzFsg,,environmentInterpretation2_interpretationApplies,only_old,NA,
LS12ANYE,MocCpwRzQqapElTdUJaM,,environmentInterpretation2_interpretationApplies,only_old,NA,
TR07REVI,NQftBWZso7cbW0AV4rqD,,environmentInterpretation2_interpretationApplies,only_old,NA,
IC99OE10,NT6TcCXjWu7wmR9h6dJK,,environmentInterpretation2_interpretationApplies,only_old,NA,
IC99OE07,NojbiDhAhR8nOGsM461V,,environmentInterpretation2_interpretationApplies,only_old,NA,
PinkPanthercave.Asmerom.2007,OIuqLbfD35YQVtSK0J9R,,environmentInterpretation2_interpretationApplies,only_old,NA,
IC13STSP,OMEqKSDi6jOtqceaIKte,,environmentInterpretation2_interpretationApplies,only_old,NA,
TR13BROA,ObSFIbYBLK4jhwf9YjUE,,environmentInterpretation2_interpretationApplies,only_old,NA,
MS05LKLF,OfqaOECSQUKToyH6kw63,,environmentInterpretation2_interpretationApplies,only_old,NA,
LS96VOAM,Or2JCxlPULjJgMadAx0L,,environmentInterpretation2_interpretationApplies,only_old,NA,
MS11CSCN,OxWvbpJawpTGawh3vS7R,,environmentInterpretation2_interpretationApplies,only_old,NA,
IC06VIGR,P51I37fcTRrjdZxJapTe,,environmentInterpretation2_interpretationApplies,only_old,NA,
SS05ROES,PBWAsecE3wOhGEpJLXsk,,environmentInterpretation2_interpretationApplies,only_old,NA,
TR16LAAN,PUi5qjh8kt5AxhCUS1qN,,environmentInterpretation2_interpretationApplies,only_old,NA,
TR17GRTP,PcTAJSOzXrJl8PYQWdU7,,environmentInterpretation2_interpretationApplies,only_old,NA,
MS09DOIP,PcxJW367F1QCIPGaPVEp,,environmentInterpretation2_interpretationApplies,only_old,NA,
MS08UAPM,PhCD0XXSTYNVqlZgfZOm,,environmentInterpretation2_interpretationApplies,only_old,NA,
MS07SWGG,Py9osfbpYkp1CZE7ZNc7,,environmentInterpretation2_interpretationApplies,only_old,NA,
MS03SMAS,QMOehTVwetpWC7NjC1xZ,,environmentInterpretation2_interpretationApplies,only_old,NA,
LakeElingamite.Barr.2014,QNHE4JqF1HiUmJapWDVs,,environmentInterpretation2_interpretationApplies,only_old,NA,
IC07KADF,QVo1slUJ5Zj8d0woMruy,,environmentInterpretation2_interpretationApplies,only_old,NA,
LS01HOCH,QcNvBzfCXDUtuoDia4B1,,environmentInterpretation2_interpretationApplies,only_old,NA,
Gempabumicave.Krause.2019,QeDziKn0hIVilyutqM5G,,environmentInterpretation2_interpretationApplies,only_old,NA,
IC12SIWG,QeUHcokRNC9xAPAZ5eT3,,environmentInterpretation2_interpretationApplies,only_old,NA,
LS14LESA,Qocxc8unvhQ5Zdlo4nPB,,environmentInterpretation2_interpretationApplies,only_old,NA,
Fukugaguchicave.Sone.2013,Qon1TFaJDsxgQmBgWAeL,,environmentInterpretation2_interpretationApplies,only_old,NA,
CO09NUTB,QppSU0ZbBRHynYlsGE3M,,environmentInterpretation2_interpretationApplies,only_old,NA,
TR04EVLI,QsrMCFTlFOvTZfxNCKKi,,environmentInterpretation2_interpretationApplies,only_old,NA,
IC00EIGG,Qt8yOkMhvQOCu5U58vPD,,environmentInterpretation2_interpretationApplies,only_old,NA,
MS06DLGS,Qtit3SzICMr16aSTM3Yn,,environmentInterpretation2_interpretationApplies,only_old,NA,
CO04BAFI,RJYKojzTyudcLuqnDEFn,,environmentInterpretation2_interpretationApplies,only_old,NA,
CO05ASGU,ROQUBo8zC9rD7YtZWul9,,environmentInterpretation2_interpretationApplies,only_old,NA,
IC03HOIL,RZkXNWY88wyoRuBTXfa4,,environmentInterpretation2_interpretationApplies,only_old,NA,
IC16WE20,RiAHj8PXTcbh0uFSk5fi,,environmentInterpretation2_interpretationApplies,only_old,NA,
IC11DILO,RjG1hTHuQLgkuv5aotw3,,environmentInterpretation2_interpretationApplies,only_old,NA,
BucadellaRenella.Drysdale.2006,Rxl1e2BAfqTyeOzB9Jpd,,environmentInterpretation2_interpretationApplies,only_old,NA,
IC13ST04,RzbBggFcvEhoXlH08YzV,,environmentInterpretation2_interpretationApplies,only_old,NA,
IC08VI87,S1KWoqLbFrZxh8ihjRWm,,environmentInterpretation2_interpretationApplies,only_old,NA,
LS05HOAG,S6G7A09suvadjK0fwxW8,,environmentInterpretation2_interpretationApplies,only_old,NA,
TR08VOOL,SCa2gqg3j0IbOYzrmlBw,,environmentInterpretation2_interpretationApplies,only_old,NA,
LS03RUED,SNfJB8GaMm4ZoWOZjKcR,,environmentInterpretation2_interpretationApplies,only_old,NA,
IC09OPAN,SNwfLPqcx4llE8epOzUe,,environmentInterpretation2_interpretationApplies,only_old,NA,
CO02KUBE,STfvZZbTivYEfORIuIGG,,environmentInterpretation2_interpretationApplies,only_old,NA,
LS01HUFA,Sefwzx7SX9ACtwJSfZiA,,environmentInterpretation2_interpretationApplies,only_old,NA,
IC00OE22,SnVEqrDl16StaDrJz4WT,,environmentInterpretation2_interpretationApplies,only_old,NA,
IC14VL1K,SvrSkYkFQJD4S9nmFQqC,,environmentInterpretation2_interpretationApplies,only_old,NA,
CO97CHSY,SwJhjCbLxX0uQiNBHJc7,,environmentInterpretation2_interpretationApplies,only_old,NA,
IC14MAFH,TNVDQyzWCkDTIJ7Gfmpn,,environmentInterpretation2_interpretationApplies,only_old,NA,
IC02STTA,TPXEOOTBiRuQufqcW2dK,,environmentInterpretation2_interpretationApplies,only_old,NA,
IC99OE08,TWgWwQRssX5iJ4cjzE4x,,environmentInterpretation2_interpretationApplies,only_old,NA,
CO08GOBE,Tcz9OJKTzHVKZ8ulsLcp,,environmentInterpretation2_interpretationApplies,only_old,NA,
MS10JTMA,TnSrT6vQDaty9cdT42wN,,environmentInterpretation2_interpretationApplies,only_old,NA,
CO04ZIMG,ToPssJKe7rwUBIS3l5aK,,environmentInterpretation2_interpretationApplies,only_old,NA,
Jaragucave.Novello.2017,Trf9C85k1OF8ETK2uAC7,,environmentInterpretation2_interpretationApplies,only_old,NA,
CO13HENG,TtO1xdkfGjQEEwc5vy1M,,environmentInterpretation2_interpretationApplies,only_old,NA,
Darkcave.Jiang.2013,Tyd2CVUifk5wi2ebTQcU,,environmentInterpretation2_interpretationApplies,only_old,NA,
KecheLake.Chipman.2012,UThRUbZiZ8NaZMDJO5q2,,environmentInterpretation2_interpretationApplies,only_old,NA,
IC98FIPE,UZJmTGG4JVWxdNiMRDV5,,environmentInterpretation2_interpretationApplies,only_old,NA,
IC96MOSS,UkgxiPcXG48HzFijtZso,,environmentInterpretation2_interpretationApplies,only_old,NA,
CO14ZIMG,UkxmfaCJG3Ws5GB7tlV3,,environmentInterpretation2_interpretationApplies,only_old,NA,
CO98QUNC,Uq6nzXzFimFs5qsjOnWx,,environmentInterpretation2_interpretationApplies,only_old,NA,
CO99SWFB,Ux7ybOJjPF8Sdz2WImTH,,environmentInterpretation2_interpretationApplies,only_old,NA,
IC17EKPV,V5mc1kj1fBhwFp069MNW,,environmentInterpretation2_interpretationApplies,only_old,NA,
MS04BLCB,V9G04R1aVQpZ5z3gL3R7,,environmentInterpretation2_interpretationApplies,only_old,NA,
IC99ISS2,VByWGw2kUCvKave2S6kW,,environmentInterpretation2_interpretationApplies,only_old,NA,
IC11KIPW,VKfDdOiP210VeZyMnd1U,,environmentInterpretation2_interpretationApplies,only_old,NA,
CO04MGNG,VioVBJ59Vtk6q9b4LZuM,,environmentInterpretation2_interpretationApplies,only_old,NA,
GRIP_accumulation.Vinther.2006,VqYziHjGZNoYuzu2gTsp,,environmentInterpretation2_interpretationApplies,only_old,NA,
LS06STFO,Vr4NxSeEcjs8R8C8sTQa,,environmentInterpretation2_interpretationApplies,only_old,NA,
MS07LSSP,VuLLJOSxlcig4OHZYqvq,,environmentInterpretation2_interpretationApplies,only_old,NA,
IC00OE23,W0EVd9q6jNFdTrThH0ee,,environmentInterpretation2_interpretationApplies,only_old,NA,
IC08VI77,WBBdkDkWLm8t5fbT2nwl,,environmentInterpretation2_interpretationApplies,only_old,NA,
IC09KANG,WC56sytA9hJN4DaQvFkh,,environmentInterpretation2_interpretationApplies,only_old,NA,
TR11MAPE,WCjvMxu4y93qfXg0x3q4,,environmentInterpretation2_interpretationApplies,only_old,NA,
IC13ST05,WH4UJdLQ6uaVxnjDO7Ga,,environmentInterpretation2_interpretationApplies,only_old,NA,
IC12MUJR,WcwADMUe8WsmsPXTde4B,,environmentInterpretation2_interpretationApplies,only_old,NA,
IC00STTY,X6cdP8kQhYurVJ3lJLZb,,environmentInterpretation2_interpretationApplies,only_old,NA,
CO03COPM,XHtmwaqI1qgs2CQxrXgK,,environmentInterpretation2_interpretationApplies,only_old,NA,
SS05ROTN,XKQ9jNTJNH16EFtU5kZP,,environmentInterpretation2_interpretationApplies,only_old,NA,
IC16WE17,XSwEVmg2suUgbm3C9UcQ,,environmentInterpretation2_interpretationApplies,only_old,NA,
SS03HAJA,XWP4W5INaUdeS85EEjwA,,environmentInterpretation2_interpretationApplies,only_old,NA,
Humboldt.Laird.2003,XXefhTTsyYEamSOrh44B,,environmentInterpretation2_interpretationApplies,only_old,NA,
LS14LASO,XZ3JPyRLteBJERXWP3bW,,environmentInterpretation2_interpretationApplies,only_old,NA,
IC06VID3,Xry2CCsPr5tIjfiXclfQ,,environmentInterpretation2_interpretationApplies,only_old,NA,
CO95TUNG,YBQqgQPyW9sf1R1iYKWo,,environmentInterpretation2_interpretationApplies,only_old,NA,
MS15VIBC,YMOX9mUgx3Jy1F8k4kU0,,environmentInterpretation2_interpretationApplies,only_old,NA,
IC94THDP,Yt5JnM7GW4oWLWyZZoIN,,environmentInterpretation2_interpretationApplies,only_old,NA,
IC93BAGI,Z01l7P7eZ6HbMLNlfSrV,,environmentInterpretation2_interpretationApplies,only_old,NA,
LS09MAAS,Z91GgBMoU3afP65CfdIx,,environmentInterpretation2_interpretationApplies,only_old,NA,
IC17EKN1,ZBXsDsMy7d1GRCCphVmu,,environmentInterpretation2_interpretationApplies,only_old,NA,
MS11KWFS,ZG5G6uj2x9jDcYCwvmGn,,environmentInterpretation2_interpretationApplies,only_old,NA,
LS10HEQI,ZH1jxMVLYa4LQRJejgwG,,environmentInterpretation2_interpretationApplies,only_old,NA,
MS04ICNI,ZJw3ZrpApwpnwjY3AwaS,,environmentInterpretation2_interpretationApplies,only_old,NA,
IC13STWD,ZLrwrdOy34w6brYcOld8,,environmentInterpretation2_interpretationApplies,only_old,NA,
LS96CUPU,ZQ9bUXSwEgUhPcByOGua,,environmentInterpretation2_interpretationApplies,only_old,NA,
IC82STVE,ZYzMzNTlsQbQZ4fO1wig,,environmentInterpretation2_interpretationApplies,only_old,NA,
IC76FIDE,ZZtjaByzW0WcicOQM2wE,,environmentInterpretation2_interpretationApplies,only_old,NA,
IC16GOBP,Zu4SlOaGVgZbpK0VZM0W,,environmentInterpretation2_interpretationApplies,only_old,NA,
TR17EDSW,ZxNsgxGncIkAPq93xSUJ,,environmentInterpretation2_interpretationApplies,only_old,NA,
Tamborilcave.Wortham.2017,a97FJtDxyRV4Z4PXhgEX,,environmentInterpretation2_interpretationApplies,only_old,NA,
IC00STHN,aDjSHlh555y1y7fslzHD,,environmentInterpretation2_interpretationApplies,only_old,NA,
Dantecave.Sletten.2013,aLmVlTYLccN4l4RzFCXs,,environmentInterpretation2_interpretationApplies,only_old,NA,
TR08THCO,aTIaF2qAj1D9VLqaeVSM,,environmentInterpretation2_interpretationApplies,only_old,NA,
RoundLake.Schmieder.2011,aj4jRxRog9i8T8EqWQ4n,,environmentInterpretation2_interpretationApplies,only_old,NA,
LS09LACA,asFQXuRV6epgXCffwazJ,,environmentInterpretation2_interpretationApplies,only_old,NA,
TR15YOLL,b19a4WSFttSlN071PgaV,,environmentInterpretation2_interpretationApplies,only_old,NA,
LS10ANBL,bkAlLfg0b7UmdBUttfOT,,environmentInterpretation2_interpretationApplies,only_old,NA,
IC16WE23,bo8jonsVqKFI6CgyqN6F,,environmentInterpretation2_interpretationApplies,only_old,NA,
SP10CACN,c8AgHOAaGl7NKlOESlIY,,environmentInterpretation2_interpretationApplies,only_old,NA,
IC16WE30,cAY7mhrGgtubsRtvIQ25,,environmentInterpretation2_interpretationApplies,only_old,NA,
MS06DLDS,cTGmqmH6peabf63aWqMC,,environmentInterpretation2_interpretationApplies,only_old,NA,
FerdeLanceEtang.ONeill-Sanger.2021,cY7k6obyzTk2cqKfwozK,,environmentInterpretation2_interpretationApplies,only_old,NA,
IC08HODF,cfs4ydXYTXUkKS2U2xPQ,,environmentInterpretation2_interpretationApplies,only_old,NA,
AB08MEN01,ch2kAB08MEN01,,environmentInterpretation2_interpretationApplies,only_old,NA,
AB20MEN01,ch2kAB20MEN01,,environmentInterpretation2_interpretationApplies,only_old,NA,
AB20MEN02,ch2kAB20MEN02,,environmentInterpretation2_interpretationApplies,only_old,NA,
AB20MEN04,ch2kAB20MEN04,,environmentInterpretation2_interpretationApplies,only_old,NA,
AB20MEN05,ch2kAB20MEN05,,environmentInterpretation2_interpretationApplies,only_old,NA,
AB20MEN06,ch2kAB20MEN06,,environmentInterpretation2_interpretationApplies,only_old,NA,
AB20MEN07,ch2kAB20MEN07,,environmentInterpretation2_interpretationApplies,only_old,NA,
AL16PUR01,ch2kAL16PUR01,,environmentInterpretation2_interpretationApplies,only_old,NA,
AL16PUR02,ch2kAL16PUR02,,environmentInterpretation2_interpretationApplies,only_old,NA,
AS05GUA01,ch2kAS05GUA01,,environmentInterpretation2_interpretationApplies,only_old,NA,
BA04FIJ01,ch2kBA04FIJ01,,environmentInterpretation2_interpretationApplies,only_old,NA,
BA04FIJ02,ch2kBA04FIJ02,,environmentInterpretation2_interpretationApplies,only_old,NA,
BO14HTI01,ch2kBO14HTI01,,environmentInterpretation2_interpretationApplies,only_old,NA,
BO14HTI02,ch2kBO14HTI02,,environmentInterpretation2_interpretationApplies,only_old,NA,
BO99MOO01,ch2kBO99MOO01,,environmentInterpretation2_interpretationApplies,only_old,NA,
BR19RED01,ch2kBR19RED01,,environmentInterpretation2_interpretationApplies,only_old,NA,
CA07FLI01,ch2kCA07FLI01,,environmentInterpretation2_interpretationApplies,only_old,NA,
CA13DIA01,ch2kCA13DIA01,,environmentInterpretation2_interpretationApplies,only_old,NA,
CA13PEL01,ch2kCA13PEL01,,environmentInterpretation2_interpretationApplies,only_old,NA,
CA13SAP01,ch2kCA13SAP01,,environmentInterpretation2_interpretationApplies,only_old,NA,
CA13TUR01,ch2kCA13TUR01,,environmentInterpretation2_interpretationApplies,only_old,NA,
CA14BUT01,ch2kCA14BUT01,,environmentInterpretation2_interpretationApplies,only_old,NA,
CA14TIM01,ch2kCA14TIM01,,environmentInterpretation2_interpretationApplies,only_old,NA,
CH03BUN01,ch2kCH03BUN01,,environmentInterpretation2_interpretationApplies,only_old,NA,
CH03LOM01,ch2kCH03LOM01,,environmentInterpretation2_interpretationApplies,only_old,NA,
CH97BVB01,ch2kCH97BVB01,,environmentInterpretation2_interpretationApplies,only_old,NA,
CH98PIR01,ch2kCH98PIR01,,environmentInterpretation2_interpretationApplies,only_old,NA,
CO00MAL01,ch2kCO00MAL01,,environmentInterpretation2_interpretationApplies,only_old,NA,
CO03PAL01,ch2kCO03PAL01,,environmentInterpretation2_interpretationApplies,only_old,NA,
CO03PAL02,ch2kCO03PAL02,,environmentInterpretation2_interpretationApplies,only_old,NA,
CO03PAL03,ch2kCO03PAL03,,environmentInterpretation2_interpretationApplies,only_old,NA,
CO03PAL04,ch2kCO03PAL04,,environmentInterpretation2_interpretationApplies,only_old,NA,
CO03PAL05,ch2kCO03PAL05,,environmentInterpretation2_interpretationApplies,only_old,NA,
CO03PAL06,ch2kCO03PAL06,,environmentInterpretation2_interpretationApplies,only_old,NA,
CO03PAL07,ch2kCO03PAL07,,environmentInterpretation2_interpretationApplies,only_old,NA,
CO03PAL08,ch2kCO03PAL08,,environmentInterpretation2_interpretationApplies,only_old,NA,
CO03PAL09,ch2kCO03PAL09,,environmentInterpretation2_interpretationApplies,only_old,NA,
CO03PAL10,ch2kCO03PAL10,,environmentInterpretation2_interpretationApplies,only_old,NA,
CO93TAR01,ch2kCO93TAR01,,environmentInterpretation2_interpretationApplies,only_old,NA,
DA06MAF01,ch2kDA06MAF01,,environmentInterpretation2_interpretationApplies,only_old,NA,
DA06MAF02,ch2kDA06MAF02,,environmentInterpretation2_interpretationApplies,only_old,NA,
DE12ANC01,ch2kDE12ANC01,,environmentInterpretation2_interpretationApplies,only_old,NA,
DE13HAI01,ch2kDE13HAI01,,environmentInterpretation2_interpretationApplies,only_old,NA,
DE14DTO01,ch2kDE14DTO01,,environmentInterpretation2_interpretationApplies,only_old,NA,
DE14DTO02,ch2kDE14DTO02,,environmentInterpretation2_interpretationApplies,only_old,NA,
DE14DTO03,ch2kDE14DTO03,,environmentInterpretation2_interpretationApplies,only_old,NA,
DE14DTO04,ch2kDE14DTO04,,environmentInterpretation2_interpretationApplies,only_old,NA,
DR99ABR01,ch2kDR99ABR01,,environmentInterpretation2_interpretationApplies,only_old,NA,
DU94URV01,ch2kDU94URV01,,environmentInterpretation2_interpretationApplies,only_old,NA,
EV18ROC01,ch2kEV18ROC01,,environmentInterpretation2_interpretationApplies,only_old,NA,
EV98KIR01,ch2kEV98KIR01,,environmentInterpretation2_interpretationApplies,only_old,NA,
FE09OGA01,ch2kFE09OGA01,,environmentInterpretation2_interpretationApplies,only_old,NA,
FE18RUS01,ch2kFE18RUS01,,environmentInterpretation2_interpretationApplies,only_old,NA,
FL17DTO01,ch2kFL17DTO01,,environmentInterpretation2_interpretationApplies,only_old,NA,
FL17DTO02,ch2kFL17DTO02,,environmentInterpretation2_interpretationApplies,only_old,NA,
GO08BER01,ch2kGO08BER01,,environmentInterpretation2_interpretationApplies,only_old,NA,
GO12SBV01,ch2kGO12SBV01,,environmentInterpretation2_interpretationApplies,only_old,NA,
GR13MAD01,ch2kGR13MAD01,,environmentInterpretation2_interpretationApplies,only_old,NA,
GR13MAD02,ch2kGR13MAD02,,environmentInterpretation2_interpretationApplies,only_old,NA,
GU99NAU01,ch2kGU99NAU01,,environmentInterpretation2_interpretationApplies,only_old,NA,
GU99NAU02,ch2kGU99NAU02,,environmentInterpretation2_interpretationApplies,only_old,NA,
HE02GBR01,ch2kHE02GBR01,,environmentInterpretation2_interpretationApplies,only_old,NA,
HE08LRA01,ch2kHE08LRA01,,environmentInterpretation2_interpretationApplies,only_old,NA,
HE10GUA01,ch2kHE10GUA01,,environmentInterpretation2_interpretationApplies,only_old,NA,
HE13MIS01,ch2kHE13MIS01,,environmentInterpretation2_interpretationApplies,only_old,NA,
HE18COC01,ch2kHE18COC01,,environmentInterpretation2_interpretationApplies,only_old,NA,
JI18GAL01,ch2kJI18GAL01,,environmentInterpretation2_interpretationApplies,only_old,NA,
JI18GAL02,ch2kJI18GAL02,,environmentInterpretation2_interpretationApplies,only_old,NA,
KA17RYU01,ch2kKA17RYU01,,environmentInterpretation2_interpretationApplies,only_old,NA,
KI04MCV01,ch2kKI04MCV01,,environmentInterpretation2_interpretationApplies,only_old,NA,
KI08PAR01,ch2kKI08PAR01,,environmentInterpretation2_interpretationApplies,only_old,NA,
KI14PAR01,ch2kKI14PAR01,,environmentInterpretation2_interpretationApplies,only_old,NA,
KL97DAH01,ch2kKL97DAH01,,environmentInterpretation2_interpretationApplies,only_old,NA,
KR20SAR01,ch2kKR20SAR01,,environmentInterpretation2_interpretationApplies,only_old,NA,
KU00NIN01,ch2kKU00NIN01,,environmentInterpretation2_interpretationApplies,only_old,NA,
KU99HOU01,ch2kKU99HOU01,,environmentInterpretation2_interpretationApplies,only_old,NA,
LI00RAR01,ch2kLI00RAR01,,environmentInterpretation2_interpretationApplies,only_old,NA,
LI04FIJ01,ch2kLI04FIJ01,,environmentInterpretation2_interpretationApplies,only_old,NA,
LI06FIJ01,ch2kLI06FIJ01,,environmentInterpretation2_interpretationApplies,only_old,NA,
LI06RAR01,ch2kLI06RAR01,,environmentInterpretation2_interpretationApplies,only_old,NA,
LI06RAR02,ch2kLI06RAR02,,environmentInterpretation2_interpretationApplies,only_old,NA,
LI94SEC01,ch2kLI94SEC01,,environmentInterpretation2_interpretationApplies,only_old,NA,
MA08DTO01,ch2kMA08DTO01,,environmentInterpretation2_interpretationApplies,only_old,NA,
MC04PNG01,ch2kMC04PNG01,,environmentInterpretation2_interpretationApplies,only_old,NA,
MC11KIR01,ch2kMC11KIR01,,environmentInterpretation2_interpretationApplies,only_old,NA,
MO06PED01,ch2kMO06PED01,,environmentInterpretation2_interpretationApplies,only_old,NA,
MU17DOA01,ch2kMU17DOA01,,environmentInterpretation2_interpretationApplies,only_old,NA,
MU18GSI01,ch2kMU18GSI01,,environmentInterpretation2_interpretationApplies,only_old,NA,
MU18NPI01,ch2kMU18NPI01,,environmentInterpretation2_interpretationApplies,only_old,NA,
MU18RED04,ch2kMU18RED04,,environmentInterpretation2_interpretationApplies,only_old,NA,
NA09MAL01,ch2kNA09MAL01,,environmentInterpretation2_interpretationApplies,only_old,NA,
NU09FAN01,ch2kNU09FAN01,,environmentInterpretation2_interpretationApplies,only_old,NA,
NU11PAL01,ch2kNU11PAL01,,environmentInterpretation2_interpretationApplies,only_old,NA,
OS13NGP01,ch2kOS13NGP01,,environmentInterpretation2_interpretationApplies,only_old,NA,
OS14RIP01,ch2kOS14RIP01,,environmentInterpretation2_interpretationApplies,only_old,NA,
OS14UCP01,ch2kOS14UCP01,,environmentInterpretation2_interpretationApplies,only_old,NA,
PF04PBA01,ch2kPF04PBA01,,environmentInterpretation2_interpretationApplies,only_old,NA,
PF19LAR01,ch2kPF19LAR01,,environmentInterpretation2_interpretationApplies,only_old,NA,
QU06RAB01,ch2kQU06RAB01,,environmentInterpretation2_interpretationApplies,only_old,NA,
QU96ESV01,ch2kQU96ESV01,,environmentInterpretation2_interpretationApplies,only_old,NA,
RA19PAI01,ch2kRA19PAI01,,environmentInterpretation2_interpretationApplies,only_old,NA,
RA20TAI01,ch2kRA20TAI01,,environmentInterpretation2_interpretationApplies,only_old,NA,
RE18CAY01,ch2kRE18CAY01,,environmentInterpretation2_interpretationApplies,only_old,NA,
RI10PBL01,ch2kRI10PBL01,,environmentInterpretation2_interpretationApplies,only_old,NA,
RO19MAR01,ch2kRO19MAR01,,environmentInterpretation2_interpretationApplies,only_old,NA,
RO19PAR01,ch2kRO19PAR01,,environmentInterpretation2_interpretationApplies,only_old,NA,
SA16CLA01,ch2kSA16CLA01,,environmentInterpretation2_interpretationApplies,only_old,NA,
SA18GBR01,ch2kSA18GBR01,,environmentInterpretation2_interpretationApplies,only_old,NA,
SA20FAN02,ch2kSA20FAN02,,environmentInterpretation2_interpretationApplies,only_old,NA,
SH92PUN01,ch2kSH92PUN01,,environmentInterpretation2_interpretationApplies,only_old,NA,
SM06LKF01,ch2kSM06LKF01,,environmentInterpretation2_interpretationApplies,only_old,NA,
SM06LKF02,ch2kSM06LKF02,,environmentInterpretation2_interpretationApplies,only_old,NA,
ST13MAL01,ch2kST13MAL01,,environmentInterpretation2_interpretationApplies,only_old,NA,
SW98STP01,ch2kSW98STP01,,environmentInterpretation2_interpretationApplies,only_old,NA,
SW99LIG01,ch2kSW99LIG01,,environmentInterpretation2_interpretationApplies,only_old,NA,
SW99LIG02,ch2kSW99LIG02,,environmentInterpretation2_interpretationApplies,only_old,NA,
TA18TAS01,ch2kTA18TAS01,,environmentInterpretation2_interpretationApplies,only_old,NA,
TU01DEP01,ch2kTU01DEP01,,environmentInterpretation2_interpretationApplies,only_old,NA,
TU01LAI01,ch2kTU01LAI01,,environmentInterpretation2_interpretationApplies,only_old,NA,
TU95MAD01,ch2kTU95MAD01,,environmentInterpretation2_interpretationApplies,only_old,NA,
UR00MAI01,ch2kUR00MAI01,,environmentInterpretation2_interpretationApplies,only_old,NA,
WE09ARR01,ch2kWE09ARR01,,environmentInterpretation2_interpretationApplies,only_old,NA,
WU13TON01,ch2kWU13TON01,,environmentInterpretation2_interpretationApplies,only_old,NA,
WU14CLI01,ch2kWU14CLI01,,environmentInterpretation2_interpretationApplies,only_old,NA,
XI17HAI01,ch2kXI17HAI01,,environmentInterpretation2_interpretationApplies,only_old,NA,
XU15BVI02,ch2kXU15BVI02,,environmentInterpretation2_interpretationApplies,only_old,NA,
ZI04IFR01,ch2kZI04IFR01,,environmentInterpretation2_interpretationApplies,only_old,NA,
ZI08MAY01,ch2kZI08MAY01,,environmentInterpretation2_interpretationApplies,only_old,NA,
ZI14HOU01,ch2kZI14HOU01,,environmentInterpretation2_interpretationApplies,only_old,NA,
ZI14IFR02,ch2kZI14IFR02,,environmentInterpretation2_interpretationApplies,only_old,NA,
ZI14TUR01,ch2kZI14TUR01,,environmentInterpretation2_interpretationApplies,only_old,NA,
ZI15BUN01,ch2kZI15BUN01,,environmentInterpretation2_interpretationApplies,only_old,NA,
ZI15CLE01,ch2kZI15CLE01,,environmentInterpretation2_interpretationApplies,only_old,NA,
ZI15IMP01,ch2kZI15IMP01,,environmentInterpretation2_interpretationApplies,only_old,NA,
ZI15IMP02,ch2kZI15IMP02,,environmentInterpretation2_interpretationApplies,only_old,NA,
ZI15MER01,ch2kZI15MER01,,environmentInterpretation2_interpretationApplies,only_old,NA,
ZI15TAN01,ch2kZI15TAN01,,environmentInterpretation2_interpretationApplies,only_old,NA,
ZI16ROD01,ch2kZI16ROD01,,environmentInterpretation2_interpretationApplies,only_old,NA,
ZI16ROD02,ch2kZI16ROD02,,environmentInterpretation2_interpretationApplies,only_old,NA,
IC10VISG,ctivxwdSrQ8CHyTchef4,,environmentInterpretation2_interpretationApplies,only_old,NA,
LakeSurprise.Barr.2014,d4rArkjNC2CFOdblye45,,environmentInterpretation2_interpretationApplies,only_old,NA,
IC13ST13,d5gZeDCjc7flpymdHGxS,,environmentInterpretation2_interpretationApplies,only_old,NA,
LS11NECA,d5iww7TYNjOQwD48FkWa,,environmentInterpretation2_interpretationApplies,only_old,NA,
IC99OE09,d8u5bdRop7dONcnWoSen,,environmentInterpretation2_interpretationApplies,only_old,NA,
MS14MOLS,dG5ZHOKHoFRyclHS3zR0,,environmentInterpretation2_interpretationApplies,only_old,NA,
IC00OE12,dKPknpQNOqDnwlavodox,,environmentInterpretation2_interpretationApplies,only_old,NA,
TR11BAPU,dWOCBsWkDpFFdXxldw1G,,environmentInterpretation2_interpretationApplies,only_old,NA,
LakeNaivasha.Richardson.1972,dcrnSAKYoTaVZSYBdEyZY4,,environmentInterpretation2_interpretationApplies,only_old,NA,
MS02FLPC,dor7PAYFl2Dc63lIUAa6,,environmentInterpretation2_interpretationApplies,only_old,NA,
LS15OEPO,dqcNSsnoQf4bKYTQF1EO,,environmentInterpretation2_interpretationApplies,only_old,NA,
CO94HEAQ,dzpkTrGPHOBnA9hfbBVl,,environmentInterpretation2_interpretationApplies,only_old,NA,
IC00SC16,eMimEkm6EnQdVVCJZttv,,environmentInterpretation2_interpretationApplies,only_old,NA,
IC16WE28,ectHWXy37zOYJuTnrp08,,environmentInterpretation2_interpretationApplies,only_old,NA,
IC03HORB,enYzv7e4BUHU3R2mQ8xL,,environmentInterpretation2_interpretationApplies,only_old,NA,
CO10HEIG,evWoABoM15RbQE7Ktza0,,environmentInterpretation2_interpretationApplies,only_old,NA,
CO06LIFI,f7gcyleGaoONnirUGXjV,,environmentInterpretation2_interpretationApplies,only_old,NA,
IC00SC26,f9XLDb8DxGHIDx7x0DZ0,,environmentInterpretation2_interpretationApplies,only_old,NA,
MS09TCIS,fAsvSOtzr5dkgjUhv3oL,,environmentInterpretation2_interpretationApplies,only_old,NA,
TR11SIMO,fQmoh1zhxY1fiqHEJBdy,,environmentInterpretation2_interpretationApplies,only_old,NA,
IC15GANK,fSUtNl0uXiQNi6agKRON,,environmentInterpretation2_interpretationApplies,only_old,NA,
IC17EKN3,gQSBcOVDh8An1RjyKyVT,,environmentInterpretation2_interpretationApplies,only_old,NA,
MS11FAPM,gWa0tMosiImkR3lxl6VH,,environmentInterpretation2_interpretationApplies,only_old,NA,
CO08ABSU,gWwpc4lJjcaxkSJus9Ge,,environmentInterpretation2_interpretationApplies,only_old,NA,
MS11CSCS,gsBsWPLrUPtZBjXAMd3g,,environmentInterpretation2_interpretationApplies,only_old,NA,
IC10VIMI,gxKvBAKV0BvoYiZ45dE7,,environmentInterpretation2_interpretationApplies,only_old,NA,
CO00COKY,h78xR5H5VN2axGBxxLTh,,environmentInterpretation2_interpretationApplies,only_old,NA,
TR15BABO,hJ9mrPJjgUfPOTxVpLT4,,environmentInterpretation2_interpretationApplies,only_old,NA,
IC00SC18,hYapuwnOX5q932NRchN1,,environmentInterpretation2_interpretationApplies,only_old,NA,
IC13ST03,hitOiFFcfPJ6WlFAJfTq,,environmentInterpretation2_interpretationApplies,only_old,NA,
CO06DATZ,hoNIMzXkyb2OxhlM7tD3,,environmentInterpretation2_interpretationApplies,only_old,NA,
IC14EKVK,i0pwWxERMwsndi4L3jE7,,environmentInterpretation2_interpretationApplies,only_old,NA,
LS09SAJU,iA6LTB2OFzdIZdJ9wljp,,environmentInterpretation2_interpretationApplies,only_old,NA,
CO13COTB,iGd2jmbAxyR1lbe79dSL,,environmentInterpretation2_interpretationApplies,only_old,NA,
IC11STTA,iMAqMz6iqMFUTeC1uJuH,,environmentInterpretation2_interpretationApplies,only_old,NA,
IC00OE15,iaFZqSKf8c68LsqzV2z3,,environmentInterpretation2_interpretationApplies,only_old,NA,
Jiuxiancave.Cai.2010,idV5HCMTG6W7U1swKpwM,,environmentInterpretation2_interpretationApplies,only_old,NA,
Hoqcave.VanRampelbergh.2013,il085HyHYUGXeanna5Vp,,environmentInterpretation2_interpretationApplies,only_old,NA,
Xianglongcave.Tan.2018,j52KUHlfDnzjtukA5yhr,,environmentInterpretation2_interpretationApplies,only_old,NA,
Heshangcave.C..2008,j5rtTgIzQKqMnmSZEjPK,,environmentInterpretation2_interpretationApplies,only_old,NA,
CO92SHPU,jHjlGOOYgLSJIMHKl839,,environmentInterpretation2_interpretationApplies,only_old,NA,
IC10VISD,jME8kpChwz75WtLfRQHL,,environmentInterpretation2_interpretationApplies,only_old,NA,
TR08HORA,jQ1ihXRcRqOKG2L207SA,,environmentInterpretation2_interpretationApplies,only_old,NA,
TR13POMA,jbrbttBPh0gIiDnpY0Bu,,environmentInterpretation2_interpretationApplies,only_old,NA,
IC10VID3,jo1OWhzdgTYgiemT2oQT,,environmentInterpretation2_interpretationApplies,only_old,NA,
CO14OSPA,k7AURwcjzw85jUfnFtH4,,environmentInterpretation2_interpretationApplies,only_old,NA,
CO14WUCL,kU3VWOpBh8HXKOjuwN18,,environmentInterpretation2_interpretationApplies,only_old,NA,
IC13ST24,kbiUEn0EORieayszOvQK,,environmentInterpretation2_interpretationApplies,only_old,NA,
BuracaGloriosa.Denniston.2017,khVlYOhdz9TefYLX1zYB,,environmentInterpretation2_interpretationApplies,only_old,NA,
Jeitacave.Cheng.2015,kxzJB1dOMTs1egMrrllg,,environmentInterpretation2_interpretationApplies,only_old,NA,
IC99OE01,lNfXCKKOqR3MNwRNOjgW,,environmentInterpretation2_interpretationApplies,only_old,NA,
CO96SWBB,lXLVz0mFHPT5SFidDJV9,,environmentInterpretation2_interpretationApplies,only_old,NA,
SP10WINZ,lY1tFahUrvVpsY4Ws5D7,,environmentInterpretation2_interpretationApplies,only_old,NA,
IC06THPR,lpb2vgyekehVCJEwWEQT,,environmentInterpretation2_interpretationApplies,only_old,NA,
MS03KTCB,lvkXpkIXfEfPBpvPti5n,,environmentInterpretation2_interpretationApplies,only_old,NA,
TR15NACA,m2dbmDEuhl0FtJbzcmHT,,environmentInterpretation2_interpretationApplies,only_old,NA,
GrottedePiste.AitBrahim.2018,m4PLIQCGTQryOpTsXMpU,,environmentInterpretation2_interpretationApplies,only_old,NA,
CO04PFRE,m5F5BcPAfANsUbbApvzn,,environmentInterpretation2_interpretationApplies,only_old,NA,
IC00OE20,mDum5ksON6kfIN6hIxUy,,environmentInterpretation2_interpretationApplies,only_old,NA,
MS03BRNS,mGHWtF3z8ajqVI4UCKFh,,environmentInterpretation2_interpretationApplies,only_old,NA,
Gunung-budacavesnailshellcave.Partin.2007,mILufjXQHSq0ijMyqHDY,,environmentInterpretation2_interpretationApplies,only_old,NA,
CO93COTW,mMVze2VpD6ysrjTCryjP,,environmentInterpretation2_interpretationApplies,only_old,NA,
LS14FEZA,mcaveMswFlyBnKzjKnYC,,environmentInterpretation2_interpretationApplies,only_old,NA,
LS15DOCH,meVZ6PGNWn1r6zUd2N2J,,environmentInterpretation2_interpretationApplies,only_old,NA,
LS11BIPU,mqnh7KpCCW1SVulMfui3,,environmentInterpretation2_interpretationApplies,only_old,NA,
LianhuacaveShanxi.Dong.2018,n44SNphWFj7Lb1m8FvSS,,environmentInterpretation2_interpretationApplies,only_old,NA,
SP10HAUS,nEAQI3TBoEvuZKtbscg4,,environmentInterpretation2_interpretationApplies,only_old,NA,
LS13WASU,nKM7gKd5MEk3rVGc0XgO,,environmentInterpretation2_interpretationApplies,only_old,NA,
IC16WE19,nSX0Eb4pXOrNg1dfLbQH,,environmentInterpretation2_interpretationApplies,only_old,NA,
CO04LIRA,niKOfPrfRDwjKfHPINVr,,environmentInterpretation2_interpretationApplies,only_old,NA,
IC17BERI,nmk0AF1iw4I1skS6PecN,,environmentInterpretation2_interpretationApplies,only_old,NA,
IC02SCGN,npEPrsJdgbHR8JViGueb,,environmentInterpretation2_interpretationApplies,only_old,NA,
TR12BRBO,o29D9cPrLKPA3XSK2Y5M,,environmentInterpretation2_interpretationApplies,only_old,NA,
IC00OE11,oD0ZsAhdvlRX7ovCQsve,,environmentInterpretation2_interpretationApplies,only_old,NA,
CO03CHBA,oIo107DJYmBL1asRONW1,,environmentInterpretation2_interpretationApplies,only_old,NA,
CuevadelTigrePerdido.vanBreukelen.2008,oMPLJbDA8HXQO7UgJXMj,,environmentInterpretation2_interpretationApplies,only_old,NA,
IC04FIML,oVbO1JPjTRBoEyYCvsIU,,environmentInterpretation2_interpretationApplies,only_old,NA,
IC13STN7,onKnmvLJlNjPFG41pK3m,,environmentInterpretation2_interpretationApplies,only_old,NA,
CO15ABSP,p9gohyWEyRo0WAzr0utT,,environmentInterpretation2_interpretationApplies,only_old,NA,
IC02MUBI,pFLh2d8Y9PJ8Ln9pZtAS,,environmentInterpretation2_interpretationApplies,only_old,NA,
Tonnelnayacave.Cheng.2016,pFf7gBKVqmer3Q8WEDyK,,environmentInterpretation2_interpretationApplies,only_old,NA,
IC10VIGR,pI33SEGBhVInfAyd6AlS,,environmentInterpretation2_interpretationApplies,only_old,NA,
Wallywash.Holmes.2023,pNzAYEAgNjiMnk0VMkKy,,environmentInterpretation2_interpretationApplies,only_old,NA,
Baeg-nyongcave.K..2017,pVeGIXNg31gX6Yp20TY5,,environmentInterpretation2_interpretationApplies,only_old,NA,
IC00OE02,pbyxvOs9lMSDXIziE4Ia,,environmentInterpretation2_interpretationApplies,only_old,NA,
LS14PRLO,pwJhEpqKoiYBB3SXLkVg,,environmentInterpretation2_interpretationApplies,only_old,NA,
IC10NAB5,q7hmaNmPyeRgdae9Y8uw,,environmentInterpretation2_interpretationApplies,only_old,NA,
IC13STN8,q8uaWZuApXSkVXgGB1Ln,,environmentInterpretation2_interpretationApplies,only_old,NA,
IC13BOCG,qKroWRF368TYGUHmGTbh,,environmentInterpretation2_interpretationApplies,only_old,NA,
IC85LAD2,qO2GQQ8onj8dbqeziK5C,,environmentInterpretation2_interpretationApplies,only_old,NA,
CO04KIVA,qPOKtJkB2tJB5xlBmJk2,,environmentInterpretation2_interpretationApplies,only_old,NA,
IC97GRGI,qhG6oRZfXsrynS5KkrCk,,environmentInterpretation2_interpretationApplies,only_old,NA,
KNI-51.Denniston.2013,qwzBpj4YBi4g9zSX21Vj,,environmentInterpretation2_interpretationApplies,only_old,NA,
IC00OEKC,qyRxIGk9u9aQxKY225rb,,environmentInterpretation2_interpretationApplies,only_old,NA,
Nora.Laird.2003,r1jhYH8p0YAf3eCOx7cr,,environmentInterpretation2_interpretationApplies,only_old,NA,
LS12THAY,r86BjdY5rD9VLWWNw0Tm,,environmentInterpretation2_interpretationApplies,only_old,NA,
IC00THDS,raV8oqSVhhL3io2bZaFf,,environmentInterpretation2_interpretationApplies,only_old,NA,
Sahiyacave.Sinha.2015,s3YUHSmlaj9jhR0xQIVO,,environmentInterpretation2_interpretationApplies,only_old,NA,
LS91HOMI,s65TVCInlbGh6nr3zQvl,,environmentInterpretation2_interpretationApplies,only_old,NA,
MS07JRGM,sA15ftEAiFzVJVjtbCxk,,environmentInterpretation2_interpretationApplies,only_old,NA,
IC02THKI,sC0jKFLTtLOIrjesersO,,environmentInterpretation2_interpretationApplies,only_old,NA,
IC17EK4K,sIbK6viC496fNBQFsOrm,,environmentInterpretation2_interpretationApplies,only_old,NA,
Hollywoodcave.Whittaker.2011,sQGsoFmRIJWLO8P9resi,,environmentInterpretation2_interpretationApplies,only_old,NA,
Minucua.Goman.2018,sRRQbP0dwU0qYkzCVgEc,,environmentInterpretation2_interpretationApplies,only_old,NA,
LS15AIKA,sRxx5jmG6LPanUEN2hLr,,environmentInterpretation2_interpretationApplies,only_old,NA,
Soreqcave.Orland.2009,sUXVdtaX4rl00pp6qxwr,,environmentInterpretation2_interpretationApplies,only_old,NA,
Paraisocave.Wang.2017,t67RkbCU37uSq4sPIV2w,,environmentInterpretation2_interpretationApplies,only_old,NA,
IC11LIMI,tQUh242J30sNry8pxAed,,environmentInterpretation2_interpretationApplies,only_old,NA,
CO13COXM,tS1Spz2bCWL480iImXnO,,environmentInterpretation2_interpretationApplies,only_old,NA,
IC00OE13,te1dvwactkY9TPgFCuVR,,environmentInterpretation2_interpretationApplies,only_old,NA,
CO00URMA,ty7awrILqhkdxFSPBjx2,,environmentInterpretation2_interpretationApplies,only_old,NA,
IC10VIP1,uJ8wzGM1IKvBbjAEi8iL,,environmentInterpretation2_interpretationApplies,only_old,NA,
TR06TRBO,uOAR5oWRD6a01EgDKrQ3,,environmentInterpretation2_interpretationApplies,only_old,NA,
CO04LIFI,uRd1DB3hdHC24mo8YSyO,,environmentInterpretation2_interpretationApplies,only_old,NA,
IC10VIGI,uYr3IKJIm5Ty06Tx3EJe,,environmentInterpretation2_interpretationApplies,only_old,NA,
IC13ST12,uk3U2mSa25fzTYDGyuCa,,environmentInterpretation2_interpretationApplies,only_old,NA,
Furongcave.T.-Y..2011,umIItiV8KCYrWVjyd4Fz,,environmentInterpretation2_interpretationApplies,only_old,NA,
CO18HECO01A,v26mSwajbmDmAh3OUEjB,,environmentInterpretation2_interpretationApplies,only_old,NA,
LS14KOSA,v7SfC8Nj0B53aryVfSyk,,environmentInterpretation2_interpretationApplies,only_old,NA,
IC06WAML,vDduTUlubvYdFjAlTXhO,,environmentInterpretation2_interpretationApplies,only_old,NA,
WuyaCave.Tan.2020,vE2dyWg8ctusU5srIsFs,,environmentInterpretation2_interpretationApplies,only_old,NA,
EnglandWales.Loader.2020,vPMBa9uShpLXDd0n1Ske,,environmentInterpretation2_interpretationApplies,only_old,NA,
IC99OE03,vgB3O6H8T1ANzn1Oqxag,,environmentInterpretation2_interpretationApplies,only_old,NA,
Minnetonkacave.Lundeen.2013,vhVf4O9Bqv42X83hQIFl,,environmentInterpretation2_interpretationApplies,only_old,NA,
CO01TUNG,vyDhoIMb8k0yw0TdJdlJ,,environmentInterpretation2_interpretationApplies,only_old,NA,
MS11ANMN,vzOFeVXAHKFm6y189RrD,,environmentInterpretation2_interpretationApplies,only_old,NA,
IC09EIBE,w8wuD9Xfvjln2Vgt1b4k,,environmentInterpretation2_interpretationApplies,only_old,NA,
IC15MANE,wCUJ7y0r22MgO1lhpXe0,,environmentInterpretation2_interpretationApplies,only_old,NA,
IC00SC29,wbPP0e5AvOAHxEJhNhaq,,environmentInterpretation2_interpretationApplies,only_old,NA,
CO08KIPR,wbxKG9cInh2isoK5JzB7,,environmentInterpretation2_interpretationApplies,only_old,NA,
LS14YAHA,wjLRur3ZaYbI05UOYPnu,,environmentInterpretation2_interpretationApplies,only_old,NA,
IC00SC21,wlqwCaXIUSA391Dmg0Ao,,environmentInterpretation2_interpretationApplies,only_old,NA,
IC02GR17,x3Ps5JaMgdIxN7zYobFB,,environmentInterpretation2_interpretationApplies,only_old,NA,
IC06THDD,xEljJ2CDhxvdXmbODx33,,environmentInterpretation2_interpretationApplies,only_old,NA,
LS08STCR,xMeZazGJKs6FzfXtgKcx,,environmentInterpretation2_interpretationApplies,only_old,NA,
SP10SUSE,xTqojxIq6bgaaKbFxHge,,environmentInterpretation2_interpretationApplies,only_old,NA,
IC00OE14,xd2TPdKM7JZqtMDwOsjI,,environmentInterpretation2_interpretationApplies,only_old,NA,
LS97HOKA,xfDZQAuBvICCPhTZHPrL,,environmentInterpretation2_interpretationApplies,only_old,NA,
IC09KA79,xi6DpX7WhRWewkGSfaTC,,environmentInterpretation2_interpretationApplies,only_old,NA,
IC13THQU,xov9fnYOrCpXOwq0BuXQ,,environmentInterpretation2_interpretationApplies,only_old,NA,
CO04PFCH,xpHL3Wn9kbEaJRpviF9x,,environmentInterpretation2_interpretationApplies,only_old,NA,
IC00OE18,xqRFjNL3EeVUcFo2brr5,,environmentInterpretation2_interpretationApplies,only_old,NA,
IC10VISE,y8hdZVFD4WnlA5L9rzzM,,environmentInterpretation2_interpretationApplies,only_old,NA,
IC11BEVL,yAEnJ1CxUIj0sNpWnQcH,,environmentInterpretation2_interpretationApplies,only_old,NA,
Shatucacave.Bustamante.2016,yPeNHhACV2tgYYZwrOi1,,environmentInterpretation2_interpretationApplies,only_old,NA,
MS10BLMS,yPuJR6PU5d9DCztSjpDP,,environmentInterpretation2_interpretationApplies,only_old,NA,
CO08HEVE,yZ874JD7h0OCRUETqUrr,,environmentInterpretation2_interpretationApplies,only_old,NA,
LS02ROSA,yjKqHVSJlvCGqXhgqzw8,,environmentInterpretation2_interpretationApplies,only_old,NA,
IC02HEWD,yrff3bUnNO8OgcxLatjz,,environmentInterpretation2_interpretationApplies,only_old,NA,
Wolverine.Mann.2002,yvNNd808aIBlUduHTTIr,,environmentInterpretation2_interpretationApplies,only_old,NA,
IC08VISV,z761ORQU68B183eqMFEk,,environmentInterpretation2_interpretationApplies,only_old,NA,
MS96LKSS,z8aJXj8ojhD64AUjQSAf,,environmentInterpretation2_interpretationApplies,only_old,NA,
LS10CLTA,zTTIciYMe1iiv8fjc6Du,,environmentInterpretation2_interpretationApplies,only_old,NA,
TR16WEXI,zZgsuies0ItMEJZroli1,,environmentInterpretation2_interpretationApplies,only_old,NA,
Xinyacave.TingYong.2007,zbvDHgIbLpKbPCXzhxqg,,environmentInterpretation2_interpretationApplies,only_old,NA,
Sanbaocave.Dong.2010,zjZJastjLRKL1Xnnm3jx,,environmentInterpretation2_interpretationApplies,only_old,NA,
CO07CAFR,1JzIzVdjD9HE8ikFs6gW,,environmentInterpretation2_variable,only_old,temperature,
LS15BHAL,3OSsm6dHQC9G22eiWyHd,,environmentInterpretation2_variable,only_old,temperature,
CO03CHBU,4eKXrgFThelRgVWLxd0K,,environmentInterpretation2_variable,only_old,temperature,
LS13STEL,4gKGCCfsqyf8TmVGIulj,,environmentInterpretation2_variable,only_old,temperature,
LS99CUVA,6b2IjC8xcwhkBU3UVYoi,,environmentInterpretation2_variable,only_old,temperature,
CO12GOVA,6iQeJsjOAoS8QW2JSoeT,,environmentInterpretation2_variable,only_old,temperature,
CO94LISE,8EZrsxy7Q2BRKkNZwt81,,environmentInterpretation2_variable,only_old,temperature,
LS07ANMA,9FdG72JlSsXxXoXXpOhE,,environmentInterpretation2_variable,only_old,temperature,
LS15DOSA,9dCvb7un7yim06OmoNjJ,,environmentInterpretation2_variable,only_old,evaporation,
TR12SAMU,B9haOeIr3qeK8wIiHHfI,,environmentInterpretation2_variable,only_old,precipitation,
LS05ANJE,Dd3xWVBBzdNfjXIg5x6h,,environmentInterpretation2_variable,only_old,temperature,
LS98CUPE,E9b6hh8HOzXsybOoyyfZ,,environmentInterpretation2_variable,only_old,hydrologicBalance,
LS07LAHA,EhsuizR7H2J8bkQO8Cev,,environmentInterpretation2_variable,only_old,temperature,
CO96SWFB,GtaQfVzeDU1H8ksSWa1m,,environmentInterpretation2_variable,only_old,temperature,
LS10HESA,LEveEByHJJ8EXYhDvQvl,,environmentInterpretation2_variable,only_old,precipitationIsotope,
LS07ROTI,Mn2L0GPRYLKYjpTRzFsg,,environmentInterpretation2_variable,only_old,groundWaterIsotope,
LS12ANYE,MocCpwRzQqapElTdUJaM,,environmentInterpretation2_variable,only_old,effectivePrecipitation,
LS01HOCH,QcNvBzfCXDUtuoDia4B1,,environmentInterpretation2_variable,only_old,temperature,
LS05HOAG,S6G7A09suvadjK0fwxW8,,environmentInterpretation2_variable,only_old,precipitationIsotope,
LS03RUED,SNfJB8GaMm4ZoWOZjKcR,,environmentInterpretation2_variable,only_old,temperature,
CO13HENG,TtO1xdkfGjQEEwc5vy1M,,environmentInterpretation2_variable,only_old,temperature,
CO04MGNG,VioVBJ59Vtk6q9b4LZuM,,environmentInterpretation2_variable,only_old,temperature,
SS03HAJA,XWP4W5INaUdeS85EEjwA,,environmentInterpretation2_variable,only_old,temperature,
CO95TUNG,YBQqgQPyW9sf1R1iYKWo,,environmentInterpretation2_variable,only_old,temperature,
LS09MAAS,Z91GgBMoU3afP65CfdIx,,environmentInterpretation2_variable,only_old,temperature,
LS10HEQI,ZH1jxMVLYa4LQRJejgwG,,environmentInterpretation2_variable,only_old,precipitationIsotope,
LS96CUPU,ZQ9bUXSwEgUhPcByOGua,,environmentInterpretation2_variable,only_old,temperature,
LS10ANBL,bkAlLfg0b7UmdBUttfOT,,environmentInterpretation2_variable,only_old,temperature,
LS15OEPO,dqcNSsnoQf4bKYTQF1EO,,environmentInterpretation2_variable,only_old,temperature,
CO14OSPA,k7AURwcjzw85jUfnFtH4,,environmentInterpretation2_variable,only_old,temperature,
CO96SWBB,lXLVz0mFHPT5SFidDJV9,,environmentInterpretation2_variable,only_old,temperature,
CO93COTW,mMVze2VpD6ysrjTCryjP,,environmentInterpretation2_variable,only_old,temperature,
LS15DOCH,meVZ6PGNWn1r6zUd2N2J,,environmentInterpretation2_variable,only_old,evaporation,
LS11BIPU,mqnh7KpCCW1SVulMfui3,,environmentInterpretation2_variable,only_old,temperature,
LS13WASU,nKM7gKd5MEk3rVGc0XgO,,environmentInterpretation2_variable,only_old,effectivePrecipitation,
CO03CHBA,oIo107DJYmBL1asRONW1,,environmentInterpretation2_variable,only_old,temperature,
LS91HOMI,s65TVCInlbGh6nr3zQvl,,environmentInterpretation2_variable,only_old,hydrologicBalance,
LS15AIKA,sRxx5jmG6LPanUEN2hLr,,environmentInterpretation2_variable,only_old,precipitation,
LS14KOSA,v7SfC8Nj0B53aryVfSyk,,environmentInterpretation2_variable,only_old,temperature,
LS08STCR,xMeZazGJKs6FzfXtgKcx,,environmentInterpretation2_variable,only_old,precipitationIsotope,
LS97HOKA,xfDZQAuBvICCPhTZHPrL,,environmentInterpretation2_variable,only_old,temperature,
CO04PFCH,xpHL3Wn9kbEaJRpviF9x,,environmentInterpretation2_variable,only_old,temperature,
LS10CLTA,zTTIciYMe1iiv8fjc6Du,,environmentInterpretation2_variable,only_old,effectivePrecipitation,
