dataSetName,datasetId,TSid,field_path,class,old_value,new_value
AB08MEN01,ch2kAB08MEN01,,archiveType,differs,coral,Coral
AB15BHB01,ch2kAB15BHB01,,archiveType,differs,coral,Coral
AB20MEN01,ch2kAB20MEN01,,archiveType,differs,coral,Coral
AB20MEN02,ch2kAB20MEN02,,archiveType,differs,coral,Coral
AB20MEN03,ch2kAB20MEN03,,archiveType,differs,coral,Coral
AB20MEN04,ch2kAB20MEN04,,archiveType,differs,coral,Coral
AB20MEN05,ch2kAB20MEN05,,archiveType,differs,coral,Coral
AB20MEN06,ch2kAB20MEN06,,archiveType,differs,coral,Coral
AB20MEN07,ch2kAB20MEN07,,archiveType,differs,coral,Coral
AB20MEN08,ch2kAB20MEN08,,archiveType,differs,coral,Coral
AB20MEN09,ch2kAB20MEN09,,archiveType,differs,coral,Coral
AL16PUR01,ch2kAL16PUR01,,archiveType,differs,coral,Coral
AL16PUR02,ch2kAL16PUR02,,archiveType,differs,coral,Coral
AL16YUC01,ch2kAL16YUC01,,archiveType,differs,coral,Coral
AS05GUA01,ch2kAS05GUA01,,archiveType,differs,coral,Coral
BA04FIJ01,ch2kBA04FIJ01,,archiveType,differs,coral,Coral
BA04FIJ02,ch2kBA04FIJ02,,archiveType,differs,coral,Coral
BO14HTI01,ch2kBO14HTI01,,archiveType,differs,coral,Coral
BO14HTI02,ch2kBO14HTI02,,archiveType,differs,coral,Coral
BO99MOO01,ch2kBO99MOO01,,archiveType,differs,coral,Coral
BR19RED01,ch2kBR19RED01,,archiveType,differs,coral,Coral
CA07FLI01,ch2kCA07FLI01,,archiveType,differs,coral,Coral
CA13DIA01,ch2kCA13DIA01,,archiveType,differs,coral,Coral
CA13PEL01,ch2kCA13PEL01,,archiveType,differs,coral,Coral
CA13SAP01,ch2kCA13SAP01,,archiveType,differs,coral,Coral
CA13TUR01,ch2kCA13TUR01,,archiveType,differs,coral,Coral
CA14BUT01,ch2kCA14BUT01,,archiveType,differs,coral,Coral
CA14TIM01,ch2kCA14TIM01,,archiveType,differs,coral,Coral
CH03BUN01,ch2kCH03BUN01,,archiveType,differs,coral,Coral
CH03LOM01,ch2kCH03LOM01,,archiveType,differs,coral,Coral
CH18YOA01,ch2kCH18YOA01,,archiveType,differs,coral,Coral
CH18YOA02,ch2kCH18YOA02,,archiveType,differs,coral,Coral
CH97BVB01,ch2kCH97BVB01,,archiveType,differs,coral,Coral
CH98PIR01,ch2kCH98PIR01,,archiveType,differs,coral,Coral
CO00MAL01,ch2kCO00MAL01,,archiveType,differs,coral,Coral
CO03PAL01,ch2kCO03PAL01,,archiveType,differs,coral,Coral
CO03PAL02,ch2kCO03PAL02,,archiveType,differs,coral,Coral
CO03PAL03,ch2kCO03PAL03,,archiveType,differs,coral,Coral
CO03PAL04,ch2kCO03PAL04,,archiveType,differs,coral,Coral
CO03PAL05,ch2kCO03PAL05,,archiveType,differs,coral,Coral
CO03PAL06,ch2kCO03PAL06,,archiveType,differs,coral,Coral
CO03PAL07,ch2kCO03PAL07,,archiveType,differs,coral,Coral
CO03PAL08,ch2kCO03PAL08,,archiveType,differs,coral,Coral
CO03PAL09,ch2kCO03PAL09,,archiveType,differs,coral,Coral
CO03PAL10,ch2kCO03PAL10,,archiveType,differs,coral,Coral
CO93TAR01,ch2kCO93TAR01,,archiveType,differs,coral,Coral
DA06MAF01,ch2kDA06MAF01,,archiveType,differs,coral,Coral
DA06MAF02,ch2kDA06MAF02,,archiveType,differs,coral,Coral
DE12ANC01,ch2kDE12ANC01,,archiveType,differs,coral,Coral
DE13HAI01,ch2kDE13HAI01,,archiveType,differs,coral,Coral
DE14DTO01,ch2kDE14DTO01,,archiveType,differs,coral,Coral
DE14DTO02,ch2kDE14DTO02,,archiveType,differs,coral,Coral
DE14DTO03,ch2kDE14DTO03,,archiveType,differs,coral,Coral
DE14DTO04,ch2kDE14DTO04,,archiveType,differs,coral,Coral
DE16RED01,ch2kDE16RED01,,archiveType,differs,coral,Coral
DO18DAV01,ch2kDO18DAV01,,archiveType,differs,coral,Coral
DR00KSB01,ch2kDR00KSB01,,archiveType,differs,coral,Coral
DR00NBB01,ch2kDR00NBB01,,archiveType,differs,coral,Coral
DR99ABR01,ch2kDR99ABR01,,archiveType,differs,coral,Coral
DU94URV01,ch2kDU94URV01,,archiveType,differs,coral,Coral
DU94URV02,ch2kDU94URV02,,archiveType,differs,coral,Coral
EV18ROC01,ch2kEV18ROC01,,archiveType,differs,coral,Coral
EV98KIR01,ch2kEV98KIR01,,archiveType,differs,coral,Coral
FE09OGA01,ch2kFE09OGA01,,archiveType,differs,coral,Coral
FE18RUS01,ch2kFE18RUS01,,archiveType,differs,coral,Coral
FL17DTO01,ch2kFL17DTO01,,archiveType,differs,coral,Coral
FL17DTO02,ch2kFL17DTO02,,archiveType,differs,coral,Coral
FL18DTO01,ch2kFL18DTO01,,archiveType,differs,coral,Coral
FL18DTO02,ch2kFL18DTO02,,archiveType,differs,coral,Coral
FL18DTO03,ch2kFL18DTO03,,archiveType,differs,coral,Coral
FL18DTO04,ch2kFL18DTO04,,archiveType,differs,coral,Coral
GO08BER01,ch2kGO08BER01,,archiveType,differs,coral,Coral
GO12SBV01,ch2kGO12SBV01,,archiveType,differs,coral,Coral
GR13MAD01,ch2kGR13MAD01,,archiveType,differs,coral,Coral
GR13MAD02,ch2kGR13MAD02,,archiveType,differs,coral,Coral
GU99NAU01,ch2kGU99NAU01,,archiveType,differs,coral,Coral
GU99NAU02,ch2kGU99NAU02,,archiveType,differs,coral,Coral
HE02GBR01,ch2kHE02GBR01,,archiveType,differs,coral,Coral
HE08LRA01,ch2kHE08LRA01,,archiveType,differs,coral,Coral
HE10GUA01,ch2kHE10GUA01,,archiveType,differs,coral,Coral
HE13MIS01,ch2kHE13MIS01,,archiveType,differs,coral,Coral
HE13MIS02,ch2kHE13MIS02,,archiveType,differs,coral,Coral
HE18COC01,ch2kHE18COC01,,archiveType,differs,coral,Coral
HE18COC02,ch2kHE18COC02,,archiveType,differs,coral,Coral
JI18GAL01,ch2kJI18GAL01,,archiveType,differs,coral,Coral
JI18GAL02,ch2kJI18GAL02,,archiveType,differs,coral,Coral
KA17RYU01,ch2kKA17RYU01,,archiveType,differs,coral,Coral
KI04MCV01,ch2kKI04MCV01,,archiveType,differs,coral,Coral
KI08PAR01,ch2kKI08PAR01,,archiveType,differs,coral,Coral
KI14PAR01,ch2kKI14PAR01,,archiveType,differs,coral,Coral
KL97DAH01,ch2kKL97DAH01,,archiveType,differs,coral,Coral
KR20SAR01,ch2kKR20SAR01,,archiveType,differs,coral,Coral
KR20SAR02,ch2kKR20SAR02,,archiveType,differs,coral,Coral
KU00NIN01,ch2kKU00NIN01,,archiveType,differs,coral,Coral
KU99HOU01,ch2kKU99HOU01,,archiveType,differs,coral,Coral
LI00RAR01,ch2kLI00RAR01,,archiveType,differs,coral,Coral
LI04FIJ01,ch2kLI04FIJ01,,archiveType,differs,coral,Coral
LI06FIJ01,ch2kLI06FIJ01,,archiveType,differs,coral,Coral
LI06RAR01,ch2kLI06RAR01,,archiveType,differs,coral,Coral
LI06RAR02,ch2kLI06RAR02,,archiveType,differs,coral,Coral
LI94SEC01,ch2kLI94SEC01,,archiveType,differs,coral,Coral
LI99CLI01,ch2kLI99CLI01,,archiveType,differs,coral,Coral
MA08DTO01,ch2kMA08DTO01,,archiveType,differs,coral,Coral
MC04PNG01,ch2kMC04PNG01,,archiveType,differs,coral,Coral
MC11KIR01,ch2kMC11KIR01,,archiveType,differs,coral,Coral
MO06PED01,ch2kMO06PED01,,archiveType,differs,coral,Coral
MO20KOI01,ch2kMO20KOI01,,archiveType,differs,coral,Coral
MO20WOA01,ch2kMO20WOA01,,archiveType,differs,coral,Coral
MU17DOA01,ch2kMU17DOA01,,archiveType,differs,coral,Coral
MU18GSI01,ch2kMU18GSI01,,archiveType,differs,coral,Coral
MU18NPI01,ch2kMU18NPI01,,archiveType,differs,coral,Coral
MU18RED01,ch2kMU18RED01,,archiveType,differs,coral,Coral
MU18RED02,ch2kMU18RED02,,archiveType,differs,coral,Coral
MU18RED03,ch2kMU18RED03,,archiveType,differs,coral,Coral
MU18RED04,ch2kMU18RED04,,archiveType,differs,coral,Coral
NA09MAL01,ch2kNA09MAL01,,archiveType,differs,coral,Coral
NU09FAN01,ch2kNU09FAN01,,archiveType,differs,coral,Coral
NU09KIR01,ch2kNU09KIR01,,archiveType,differs,coral,Coral
NU11PAL01,ch2kNU11PAL01,,archiveType,differs,coral,Coral
OS13NGP01,ch2kOS13NGP01,,archiveType,differs,coral,Coral
OS13NLP01,ch2kOS13NLP01,,archiveType,differs,coral,Coral
OS14RIP01,ch2kOS14RIP01,,archiveType,differs,coral,Coral
OS14UCP01,ch2kOS14UCP01,,archiveType,differs,coral,Coral
PF04PBA01,ch2kPF04PBA01,,archiveType,differs,coral,Coral
PF19LAR01,ch2kPF19LAR01,,archiveType,differs,coral,Coral
QU06RAB01,ch2kQU06RAB01,,archiveType,differs,coral,Coral
QU96ESV01,ch2kQU96ESV01,,archiveType,differs,coral,Coral
RA19PAI01,ch2kRA19PAI01,,archiveType,differs,coral,Coral
RA20TAI01,ch2kRA20TAI01,,archiveType,differs,coral,Coral
RE18CAY01,ch2kRE18CAY01,,archiveType,differs,coral,Coral
RE19GBR01,ch2kRE19GBR01,,archiveType,differs,coral,Coral
RE19GBR02,ch2kRE19GBR02,,archiveType,differs,coral,Coral
RE19GBR03,ch2kRE19GBR03,,archiveType,differs,coral,Coral
RE19GBR04,ch2kRE19GBR04,,archiveType,differs,coral,Coral
RE19GBR05,ch2kRE19GBR05,,archiveType,differs,coral,Coral
RI10PBL01,ch2kRI10PBL01,,archiveType,differs,coral,Coral
RO19MAR01,ch2kRO19MAR01,,archiveType,differs,coral,Coral
RO19PAR01,ch2kRO19PAR01,,archiveType,differs,coral,Coral
RO19YUC01,ch2kRO19YUC01,,archiveType,differs,coral,Coral
SA16CLA01,ch2kSA16CLA01,,archiveType,differs,coral,Coral
SA18GBR01,ch2kSA18GBR01,,archiveType,differs,coral,Coral
SA19PAL01,ch2kSA19PAL01,,archiveType,differs,coral,Coral
SA19PAL02,ch2kSA19PAL02,,archiveType,differs,coral,Coral
SA20FAN01,ch2kSA20FAN01,,archiveType,differs,coral,Coral
SA20FAN02,ch2kSA20FAN02,,archiveType,differs,coral,Coral
SH92PUN01,ch2kSH92PUN01,,archiveType,differs,coral,Coral
SM06LKF01,ch2kSM06LKF01,,archiveType,differs,coral,Coral
SM06LKF02,ch2kSM06LKF02,,archiveType,differs,coral,Coral
ST13MAL01,ch2kST13MAL01,,archiveType,differs,coral,Coral
SW98STP01,ch2kSW98STP01,,archiveType,differs,coral,Coral
SW99LIG01,ch2kSW99LIG01,,archiveType,differs,coral,Coral
SW99LIG02,ch2kSW99LIG02,,archiveType,differs,coral,Coral
TA18TAS01,ch2kTA18TAS01,,archiveType,differs,coral,Coral
TU01DEP01,ch2kTU01DEP01,,archiveType,differs,coral,Coral
TU01LAI01,ch2kTU01LAI01,,archiveType,differs,coral,Coral
TU01SIA01,ch2kTU01SIA01,,archiveType,differs,coral,Coral
TU95MAD01,ch2kTU95MAD01,,archiveType,differs,coral,Coral
UR00MAI01,ch2kUR00MAI01,,archiveType,differs,coral,Coral
WA17BAN01,ch2kWA17BAN01,,archiveType,differs,coral,Coral
WE09ARR01,ch2kWE09ARR01,,archiveType,differs,coral,Coral
WU13TON01,ch2kWU13TON01,,archiveType,differs,coral,Coral
WU14CLI01,ch2kWU14CLI01,,archiveType,differs,coral,Coral
XI17HAI01,ch2kXI17HAI01,,archiveType,differs,coral,Coral
XU15BVI01,ch2kXU15BVI01,,archiveType,differs,coral,Coral
XU15BVI02,ch2kXU15BVI02,,archiveType,differs,coral,Coral
XU15BVI03,ch2kXU15BVI03,,archiveType,differs,coral,Coral
ZI04IFR01,ch2kZI04IFR01,,archiveType,differs,coral,Coral
ZI08MAY01,ch2kZI08MAY01,,archiveType,differs,coral,Coral
ZI14HOU01,ch2kZI14HOU01,,archiveType,differs,coral,Coral
ZI14IFR02,ch2kZI14IFR02,,archiveType,differs,coral,Coral
ZI14TUR01,ch2kZI14TUR01,,archiveType,differs,coral,Coral
ZI15BUN01,ch2kZI15BUN01,,archiveType,differs,coral,Coral
ZI15CLE01,ch2kZI15CLE01,,archiveType,differs,coral,Coral
ZI15IMP01,ch2kZI15IMP01,,archiveType,differs,coral,Coral
ZI15IMP02,ch2kZI15IMP02,,archiveType,differs,coral,Coral
ZI15MER01,ch2kZI15MER01,,archiveType,differs,coral,Coral
ZI15TAN01,ch2kZI15TAN01,,archiveType,differs,coral,Coral
ZI16ROD01,ch2kZI16ROD01,,archiveType,differs,coral,Coral
ZI16ROD02,ch2kZI16ROD02,,archiveType,differs,coral,Coral
AB08MEN01,ch2kAB08MEN01,RmudvOHf3tLvLVyz6,paleoData.units,differs,AD,yr AD
AB15BHB01,ch2kAB15BHB01,RxFbioBcCwKJm1R3x,paleoData.units,differs,AD,yr AD
AB20MEN01,ch2kAB20MEN01,RKl69YrqpMBDr94jI,paleoData.units,differs,AD,yr AD
AB20MEN02,ch2kAB20MEN02,RK0Ekf5kjcp1t91Yk,paleoData.units,differs,AD,yr AD
AB20MEN03,ch2kAB20MEN03,RIuEPa1P3dbJIVLsD,paleoData.units,differs,AD,yr AD
AB20MEN04,ch2kAB20MEN04,RU1dhfRIFiE1ZjcPN,paleoData.units,differs,AD,yr AD
AB20MEN05,ch2kAB20MEN05,Rg1G9IrcrqlBdT4GM,paleoData.units,differs,AD,yr AD
AB20MEN06,ch2kAB20MEN06,R4GnkJ8e7EM9TPeR4,paleoData.units,differs,AD,yr AD
AB20MEN07,ch2kAB20MEN07,R1W4pc3prJeaGVevG,paleoData.units,differs,AD,yr AD
AB20MEN08,ch2kAB20MEN08,RuI7jx4u06nDEpADO,paleoData.units,differs,AD,yr AD
AB20MEN09,ch2kAB20MEN09,RZqOrTl58JGWAIrbZ,paleoData.units,differs,AD,yr AD
AL16PUR01,ch2kAL16PUR01,R3TtrFdghTD75fMYs,paleoData.units,differs,AD,yr AD
AL16PUR01,ch2kAL16PUR01,RPRdwZqzEwVURcD2N,paleoData.units,differs,AD,yr AD
AL16PUR02,ch2kAL16PUR02,RXVmjbKLNy5XpHbU5,paleoData.units,differs,AD,yr AD
AL16PUR02,ch2kAL16PUR02,RvA9ZtCERIZRugbOi,paleoData.units,differs,AD,yr AD
AL16YUC01,ch2kAL16YUC01,RZeLaMkMS38vvZnwL,paleoData.units,differs,AD,yr AD
AL16YUC01,ch2kAL16YUC01,RhfTA7TNUqVCsdcbl,paleoData.units,differs,AD,yr AD
AS05GUA01,ch2kAS05GUA01,RWO5EUWcuiJOlfnrG,paleoData.units,differs,AD,yr AD
BA04FIJ01,ch2kBA04FIJ01,RWYto0HmGRx6WGfAc,paleoData.units,differs,AD,yr AD
BA04FIJ01,ch2kBA04FIJ01,RmBjO9NKZDgupJ26Y,paleoData.units,differs,AD,yr AD
BA04FIJ02,ch2kBA04FIJ02,RJBbOIPqZZ5YhBdmq,paleoData.units,differs,AD,yr AD
BA04FIJ02,ch2kBA04FIJ02,RJlctmxMUuxNYxBo5,paleoData.units,differs,AD,yr AD
BO14HTI01,ch2kBO14HTI01,RT0u2QgqCgA0Wg68l,paleoData.units,differs,AD,yr AD
BO14HTI01,ch2kBO14HTI01,RnFor7kXr5gqw75al,paleoData.units,differs,AD,yr AD
BO14HTI01,ch2kBO14HTI01,RrqGTJR6apksx40z2,paleoData.units,differs,AD,yr AD
BO14HTI02,ch2kBO14HTI02,R9FqzV3NdQEaJMcaN,paleoData.units,differs,AD,yr AD
BO14HTI02,ch2kBO14HTI02,RVIjLR5NT07Q4IcQP,paleoData.units,differs,AD,yr AD
BO99MOO01,ch2kBO99MOO01,RJSU63MLQ2YJie4pW,paleoData.units,differs,AD,yr AD
BR19RED01,ch2kBR19RED01,RmYx6fEHBa3mD86ID,paleoData.units,differs,AD,yr AD
BR19RED01,ch2kBR19RED01,Rua2z4ycjRBVv0ulz,paleoData.units,differs,AD,yr AD
CA07FLI01,ch2kCA07FLI01,R5D1FzMF3jGO4mFc9,paleoData.units,differs,AD,yr AD
CA07FLI01,ch2kCA07FLI01,RBoVCcyNpdxxSVLsd,paleoData.units,differs,AD,yr AD
CA13DIA01,ch2kCA13DIA01,R3Y9TI0iZpxiQWELg,paleoData.units,differs,AD,yr AD
CA13PEL01,ch2kCA13PEL01,RPVKRhZ2U71L2U2I4,paleoData.units,differs,AD,yr AD
CA13SAP01,ch2kCA13SAP01,RuqWpaTBkk39QonJ7,paleoData.units,differs,AD,yr AD
CA13TUR01,ch2kCA13TUR01,R3sP23ZxFmfXPKH7h,paleoData.units,differs,AD,yr AD
CA14BUT01,ch2kCA14BUT01,RRKkKUnJPCQBvrpgr,paleoData.units,differs,AD,yr AD
CA14BUT01,ch2kCA14BUT01,Rq1vqf5QjkgT4tsYi,paleoData.units,differs,AD,yr AD
CA14BUT01,ch2kCA14BUT01,RvEmAF623MV6ezdpj,paleoData.units,differs,AD,yr AD
CA14TIM01,ch2kCA14TIM01,R0MurSwCQVDGJnfQv,paleoData.units,differs,AD,yr AD
CA14TIM01,ch2kCA14TIM01,R0UOJa9uaq3x0UuBp,paleoData.units,differs,AD,yr AD
CA14TIM01,ch2kCA14TIM01,RzgRzAqhMNvPz0Kg0,paleoData.units,differs,AD,yr AD
CH03BUN01,ch2kCH03BUN01,R0z6sGNoWjc5pAFCd,paleoData.units,differs,AD,yr AD
CH03LOM01,ch2kCH03LOM01,R9aRku1QH9LNW9mdY,paleoData.units,differs,AD,yr AD
CH18YOA01,ch2kCH18YOA01,Rx5s14QlHZqXo33f2,paleoData.units,differs,AD,yr AD
CH18YOA02,ch2kCH18YOA02,RCqtBQ6UKwzFpDC2A,paleoData.units,differs,AD,yr AD
CH97BVB01,ch2kCH97BVB01,R89SfN2wqJL7y1ry6,paleoData.units,differs,AD,yr AD
CH98PIR01,ch2kCH98PIR01,RZVIjUGupdA3bnpAw,paleoData.units,differs,AD,yr AD
CO00MAL01,ch2kCO00MAL01,RRt74CtDw2T40DkNr,paleoData.units,differs,AD,yr AD
CO03PAL01,ch2kCO03PAL01,RsSnm50rqTMB9hk3V,paleoData.units,differs,AD,yr AD
CO03PAL02,ch2kCO03PAL02,RYycxAaX71Iux1sHY,paleoData.units,differs,AD,yr AD
CO03PAL03,ch2kCO03PAL03,RzdRiNkpkBa0nkmGU,paleoData.units,differs,AD,yr AD
CO03PAL04,ch2kCO03PAL04,R9VPs7msONZLl6xvc,paleoData.units,differs,AD,yr AD
CO03PAL05,ch2kCO03PAL05,RDxGP2OZzioAW5C87,paleoData.units,differs,AD,yr AD
CO03PAL06,ch2kCO03PAL06,Rq0vdGHJRqE2jBKnf,paleoData.units,differs,AD,yr AD
CO03PAL07,ch2kCO03PAL07,REMnP0GaMfre4UZR6,paleoData.units,differs,AD,yr AD
CO03PAL08,ch2kCO03PAL08,RLoiW3CG8ucM3UH06,paleoData.units,differs,AD,yr AD
CO03PAL09,ch2kCO03PAL09,RjCmrNiEfmxiPdJWw,paleoData.units,differs,AD,yr AD
CO03PAL10,ch2kCO03PAL10,RFhmZOVJThS450cpO,paleoData.units,differs,AD,yr AD
CO93TAR01,ch2kCO93TAR01,RdJprJ5BDqtsPAJZX,paleoData.units,differs,AD,yr AD
DA06MAF01,ch2kDA06MAF01,RQcpPdGQFSEY1j1OO,paleoData.units,differs,AD,yr AD
DA06MAF02,ch2kDA06MAF02,RGkfNx7ghCVtrvyze,paleoData.units,differs,AD,yr AD
DE12ANC01,ch2kDE12ANC01,RJTgiai2jk7WR4lm3,paleoData.units,differs,AD,yr AD
DE13HAI01,ch2kDE13HAI01,R0ddyVDynxIwZatMA,paleoData.units,differs,AD,yr AD
DE13HAI01,ch2kDE13HAI01,R520eUJApJPAjFZJF,paleoData.units,differs,AD,yr AD
DE13HAI01,ch2kDE13HAI01,R8rD7xoXY13yPfW0D,paleoData.units,differs,AD,yr AD
DE13HAI01,ch2kDE13HAI01,RBaquzm3u8Qt9lpP0,paleoData.units,differs,AD,yr AD
DE13HAI01,ch2kDE13HAI01,RLxH3BYbq2dRvxZTg,paleoData.units,differs,AD,yr AD
DE13HAI01,ch2kDE13HAI01,Rwz7bCLNLPLghW82t,paleoData.units,differs,AD,yr AD
DE14DTO01,ch2kDE14DTO01,R6vKY8CO6fFCIa97i,paleoData.units,differs,AD,yr AD
DE14DTO02,ch2kDE14DTO02,RwkZldD1aPt56Zmb0,paleoData.units,differs,AD,yr AD
DE14DTO03,ch2kDE14DTO03,RP72A5uWacrxDkfRx,paleoData.units,differs,AD,yr AD
DE14DTO04,ch2kDE14DTO04,RlfINxE2SejWzfDv9,paleoData.units,differs,AD,yr AD
DE16RED01,ch2kDE16RED01,Rwd4QeA919hardoCY,paleoData.units,differs,AD,yr AD
DO18DAV01,ch2kDO18DAV01,Rg3Ox2oCpzZTFQf4W,paleoData.units,differs,AD,yr AD
DR00KSB01,ch2kDR00KSB01,RHmXkXebWJCF4dpj9,paleoData.units,differs,AD,yr AD
DR00NBB01,ch2kDR00NBB01,R90x1kntPhWCotFrJ,paleoData.units,differs,AD,yr AD
DR99ABR01,ch2kDR99ABR01,R01AkWuetWy2LDmYU,paleoData.units,differs,AD,yr AD
DR99ABR01,ch2kDR99ABR01,RmoF6TJPeidmbtd4y,paleoData.units,differs,AD,yr AD
DU94URV01,ch2kDU94URV01,R9J3YKwz1mdaKIN4S,paleoData.units,differs,AD,yr AD
DU94URV01,ch2kDU94URV01,RFtpxkjO2eZ76Lwvv,paleoData.units,differs,AD,yr AD
DU94URV02,ch2kDU94URV02,R4ohy2axzfTAj22ZL,paleoData.units,differs,AD,yr AD
DU94URV02,ch2kDU94URV02,ReLdT4gjC49JBY3Jc,paleoData.units,differs,AD,yr AD
EV18ROC01,ch2kEV18ROC01,R3svkRslZHfa7pkcL,paleoData.units,differs,AD,yr AD
EV18ROC01,ch2kEV18ROC01,RbLSM9RPW02L4xLH6,paleoData.units,differs,AD,yr AD
EV98KIR01,ch2kEV98KIR01,RHgYCLPF8tW70wDTP,paleoData.units,differs,AD,yr AD
FE09OGA01,ch2kFE09OGA01,R3MVSLhVboKiZ7dTa,paleoData.units,differs,AD,yr AD
FE09OGA01,ch2kFE09OGA01,REroNSquinMBkQrm1,paleoData.units,differs,AD,yr AD
FE09OGA01,ch2kFE09OGA01,RIhajHTIgQyHQYTfQ,paleoData.units,differs,AD,yr AD
FE09OGA01,ch2kFE09OGA01,RLfY19DZFkGL4U33D,paleoData.units,differs,AD,yr AD
FE09OGA01,ch2kFE09OGA01,RgzYfTcgpg5G55cw0,paleoData.units,differs,AD,yr AD
FE18RUS01,ch2kFE18RUS01,RF3J1uut8bMQUaz6t,paleoData.units,differs,AD,yr AD
FE18RUS01,ch2kFE18RUS01,RFA3WiroXxKmRdg0g,paleoData.units,differs,AD,yr AD
FE18RUS01,ch2kFE18RUS01,RZGy1HH25VNGATmfB,paleoData.units,differs,AD,yr AD
FE18RUS01,ch2kFE18RUS01,RkgqoizFgPrWuoEmD,paleoData.units,differs,AD,yr AD
FE18RUS01,ch2kFE18RUS01,RksRjrV1WFm3ME2BZ,paleoData.units,differs,AD,yr AD
FL17DTO01,ch2kFL17DTO01,RG4TSkBrPiwYGU9yF,paleoData.units,differs,AD,yr AD
FL17DTO01,ch2kFL17DTO01,Ro9hwQyNrG0JaRB1T,paleoData.units,differs,AD,yr AD
FL17DTO02,ch2kFL17DTO02,R4LzDDjrzbdC6Qmjd,paleoData.units,differs,AD,yr AD
FL17DTO02,ch2kFL17DTO02,RjGdnLufvuj3a8hVK,paleoData.units,differs,AD,yr AD
FL18DTO01,ch2kFL18DTO01,Rci6pi4Gc6N8rt9nj,paleoData.units,differs,AD,yr AD
FL18DTO02,ch2kFL18DTO02,R4VZCZM0tUlo9GZBA,paleoData.units,differs,AD,yr AD
FL18DTO03,ch2kFL18DTO03,RCjAmYEEl7Z37ABYq,paleoData.units,differs,AD,yr AD
FL18DTO04,ch2kFL18DTO04,R8T1ymUhaqkSLZmOS,paleoData.units,differs,AD,yr AD
GO08BER01,ch2kGO08BER01,RQRmTTjPp3JuI87kk,paleoData.units,differs,AD,yr AD
GO08BER01,ch2kGO08BER01,RWqz8crf9DhuitnXX,paleoData.units,differs,AD,yr AD
GO08BER01,ch2kGO08BER01,Rcm0nBYRpV1TO8ZNx,paleoData.units,differs,AD,yr AD
GO08BER01,ch2kGO08BER01,RkIR9qlLPKJnkXzsD,paleoData.units,differs,AD,yr AD
GO08BER01,ch2kGO08BER01,RmQMv2KvscSpNdDqW,paleoData.units,differs,AD,yr AD
GO08BER01,ch2kGO08BER01,Rwt9MiVokZ173PazO,paleoData.units,differs,AD,yr AD
GO12SBV01,ch2kGO12SBV01,RH2XCyxJotnjqUlwq,paleoData.units,differs,AD,yr AD
GO12SBV01,ch2kGO12SBV01,RM43cxCPPDAlkE4SE,paleoData.units,differs,AD,yr AD
GR13MAD01,ch2kGR13MAD01,RmfB9geQQtbGrJBXE,paleoData.units,differs,AD,yr AD
GR13MAD02,ch2kGR13MAD02,R7oVbP8lfo90gGYoS,paleoData.units,differs,AD,yr AD
GU99NAU01,ch2kGU99NAU01,RI4JSrxSqA9ycFPJq,paleoData.units,differs,AD,yr AD
GU99NAU02,ch2kGU99NAU02,RSGLtA26zkRfAHc9Z,paleoData.units,differs,AD,yr AD
HE02GBR01,ch2kHE02GBR01,R3lgwVnP85nnB9cS0,paleoData.units,differs,AD,yr AD
HE02GBR01,ch2kHE02GBR01,RbEXyHLDa53ACaU8t,paleoData.units,differs,AD,yr AD
HE02GBR01,ch2kHE02GBR01,RuCocomilK5XOWhWO,paleoData.units,differs,AD,yr AD
HE08LRA01,ch2kHE08LRA01,RvagYJ4zhT7NUD8Sp,paleoData.units,differs,AD,yr AD
HE10GUA01,ch2kHE10GUA01,RCiiuo84HnQZaNvYJ,paleoData.units,differs,AD,yr AD
HE10GUA01,ch2kHE10GUA01,RLqS2COsAniPH8FUA,paleoData.units,differs,AD,yr AD
HE10GUA01,ch2kHE10GUA01,Rexr7oE1E3wjAboyU,paleoData.units,differs,AD,yr AD
HE10GUA01,ch2kHE10GUA01,Rk04Sn18x2l7ZRVmu,paleoData.units,differs,AD,yr AD
HE13MIS01,ch2kHE13MIS01,R9zTq7v3Pmco6dh1O,paleoData.units,differs,AD,yr AD
HE13MIS01,ch2kHE13MIS01,RNKwBdfJXrEV3NNpD,paleoData.units,differs,AD,yr AD
HE13MIS02,ch2kHE13MIS02,RL2ETFoDYSAxnSBie,paleoData.units,differs,AD,yr AD
HE13MIS02,ch2kHE13MIS02,RcyUJVk9wmHT2G3Ht,paleoData.units,differs,AD,yr AD
HE18COC01,ch2kHE18COC01,R5k5NEPjKcWLVYY4x,paleoData.units,differs,AD,yr AD
HE18COC01,ch2kHE18COC01,RklrFhiWJl3khg1EJ,paleoData.units,differs,AD,yr AD
HE18COC01,ch2kHE18COC01,RypWQQnuNIRjpr55U,paleoData.units,differs,AD,yr AD
HE18COC02,ch2kHE18COC02,R0DIFeYSYMU7CQkU4,paleoData.units,differs,AD,yr AD
HE18COC02,ch2kHE18COC02,RcgkDC0vBAdmtcaLN,paleoData.units,differs,AD,yr AD
HE18COC02,ch2kHE18COC02,Rfmd1vpuEubJZvDmZ,paleoData.units,differs,AD,yr AD
JI18GAL01,ch2kJI18GAL01,R4NnpErGgG4ruVm4H,paleoData.units,differs,AD,yr AD
JI18GAL02,ch2kJI18GAL02,RuD4SDfGL2ATgioeO,paleoData.units,differs,AD,yr AD
KA17RYU01,ch2kKA17RYU01,RVm6F0YQRs8LVBoxc,paleoData.units,differs,AD,yr AD
KI04MCV01,ch2kKI04MCV01,R1Whwj2ckb8qWyMBu,paleoData.units,differs,AD,yr AD
KI04MCV01,ch2kKI04MCV01,Rbgj3l4vJWETpVJ9o,paleoData.units,differs,AD,yr AD
KI08PAR01,ch2kKI08PAR01,R1ALLtayNDU7Dgv8m,paleoData.units,differs,AD,yr AD
KI08PAR01,ch2kKI08PAR01,R1MtW6YHaurEfHg8P,paleoData.units,differs,AD,yr AD
KI08PAR01,ch2kKI08PAR01,RHYWyYPu9JU9672Wt,paleoData.units,differs,AD,yr AD
KI08PAR01,ch2kKI08PAR01,RhBVr4EiecsBg3gvk,paleoData.units,differs,AD,yr AD
KI14PAR01,ch2kKI14PAR01,R1ZLrVlCE7vs7fFeg,paleoData.units,differs,AD,yr AD
KI14PAR01,ch2kKI14PAR01,RBivRlCmOU8ipHXsF,paleoData.units,differs,AD,yr AD
KI14PAR01,ch2kKI14PAR01,REgfVxjtWmoVHwVkI,paleoData.units,differs,AD,yr AD
KI14PAR01,ch2kKI14PAR01,RNT5e5C4h2D6PReUQ,paleoData.units,differs,AD,yr AD
KI14PAR01,ch2kKI14PAR01,RW39HgrF2QoTu0kvk,paleoData.units,differs,AD,yr AD
KI14PAR01,ch2kKI14PAR01,RzBhGY7VJAwFrxhbh,paleoData.units,differs,AD,yr AD
KL97DAH01,ch2kKL97DAH01,RrQ7u1LwaIm1trZ4i,paleoData.units,differs,AD,yr AD
KR20SAR01,ch2kKR20SAR01,RNhK4YSvhMz1wa0eu,paleoData.units,differs,AD,yr AD
KR20SAR01,ch2kKR20SAR01,RVKLXnq3aR3x5S0yg,paleoData.units,differs,AD,yr AD
KR20SAR01,ch2kKR20SAR01,RpD44up1aODpPRFiF,paleoData.units,differs,AD,yr AD
KR20SAR02,ch2kKR20SAR02,RE7GLScfT6pLPWera,paleoData.units,differs,AD,yr AD
KR20SAR02,ch2kKR20SAR02,RIQdd8SKLyVYTNW9z,paleoData.units,differs,AD,yr AD
KR20SAR02,ch2kKR20SAR02,RLmY5uQUHkdXKPMuB,paleoData.units,differs,AD,yr AD
KU00NIN01,ch2kKU00NIN01,RTBLNyBYk6cBBRPVX,paleoData.units,differs,AD,yr AD
KU99HOU01,ch2kKU99HOU01,Rm5QYdtrev3rU3Rp1,paleoData.units,differs,AD,yr AD
LI00RAR01,ch2kLI00RAR01,Rcow67XdhRapGD8BF,paleoData.units,differs,AD,yr AD
LI00RAR01,ch2kLI00RAR01,Rg7EDzxvQhylRorSe,paleoData.units,differs,AD,yr AD
LI00RAR01,ch2kLI00RAR01,RrrLMNpjX4JpzxAUf,paleoData.units,differs,AD,yr AD
LI04FIJ01,ch2kLI04FIJ01,RLaTJxJzUpgJrs2Us,paleoData.units,differs,AD,yr AD
LI04FIJ01,ch2kLI04FIJ01,RiMMBJzTFl9ZUF2O6,paleoData.units,differs,AD,yr AD
LI04FIJ01,ch2kLI04FIJ01,RqUN6q4XTRfH6pPPZ,paleoData.units,differs,AD,yr AD
LI06FIJ01,ch2kLI06FIJ01,RkwyVTZWuuoVHCwpH,paleoData.units,differs,AD,yr AD
LI06RAR01,ch2kLI06RAR01,RVpBW9fCIuzspaAxL,paleoData.units,differs,AD,yr AD
LI06RAR02,ch2kLI06RAR02,Rmx6pAsEs7EJ7hDQv,paleoData.units,differs,AD,yr AD
LI94SEC01,ch2kLI94SEC01,RUASQGjXCCelxDbq5,paleoData.units,differs,AD,yr AD
LI99CLI01,ch2kLI99CLI01,R61CEX2lY0pozNPHR,paleoData.units,differs,AD,yr AD
MA08DTO01,ch2kMA08DTO01,RmIFVS8KKI2YtgB7d,paleoData.units,differs,AD,yr AD
MA08DTO01,ch2kMA08DTO01,Rq6FDtxRIYrIKzIqa,paleoData.units,differs,AD,yr AD
MC04PNG01,ch2kMC04PNG01,R9yf9PQxQzpUWPQCo,paleoData.units,differs,AD,yr AD
MC11KIR01,ch2kMC11KIR01,RL5IMfKVG0hQRw5On,paleoData.units,differs,AD,yr AD
MO06PED01,ch2kMO06PED01,RawK2rnPXj9ltZ2OS,paleoData.units,differs,AD,yr AD
MO20KOI01,ch2kMO20KOI01,RIRpOPHMQBs9haqTD,paleoData.units,differs,AD,yr AD
MO20KOI01,ch2kMO20KOI01,RRggrlFJnHVoolBWD,paleoData.units,differs,AD,yr AD
MO20KOI01,ch2kMO20KOI01,RgDJ0JOgMT7v9EmHY,paleoData.units,differs,AD,yr AD
MO20WOA01,ch2kMO20WOA01,RBVspv2JpyprIwcTo,paleoData.units,differs,AD,yr AD
MO20WOA01,ch2kMO20WOA01,RJhjj3S9V7XK6LBxp,paleoData.units,differs,AD,yr AD
MO20WOA01,ch2kMO20WOA01,RhUU0WbkXyVM0noJG,paleoData.units,differs,AD,yr AD
MU17DOA01,ch2kMU17DOA01,R4B6bbqwt0DAcsRLl,paleoData.units,differs,AD,yr AD
MU18GSI01,ch2kMU18GSI01,R0Y1fVTZmIQrJltFe,paleoData.units,differs,AD,yr AD
MU18GSI01,ch2kMU18GSI01,RqjYKQ478v4ZPuhna,paleoData.units,differs,AD,yr AD
MU18NPI01,ch2kMU18NPI01,RONfekii1t1eGtUUq,paleoData.units,differs,AD,yr AD
MU18NPI01,ch2kMU18NPI01,RZxqkm7qtM6HX42EE,paleoData.units,differs,AD,yr AD
MU18RED01,ch2kMU18RED01,RcR6Af9QBl2Exdycn,paleoData.units,differs,AD,yr AD
MU18RED02,ch2kMU18RED02,RHak3YgGGs4FSQAQH,paleoData.units,differs,AD,yr AD
MU18RED03,ch2kMU18RED03,R0w38fcptj4AO4oHx,paleoData.units,differs,AD,yr AD
MU18RED04,ch2kMU18RED04,RUs3JcVHAoelRN1yN,paleoData.units,differs,AD,yr AD
MU18RED04,ch2kMU18RED04,RVUprGBUtrEfOikFz,paleoData.units,differs,AD,yr AD
NA09MAL01,ch2kNA09MAL01,R6ST877Ivf7CWyRoO,paleoData.units,differs,AD,yr AD
NU09FAN01,ch2kNU09FAN01,RaMPRugqBHy3YC0Vt,paleoData.units,differs,AD,yr AD
NU09FAN01,ch2kNU09FAN01,Ri6QggMZUhRTu4JkK,paleoData.units,differs,AD,yr AD
NU09FAN01,ch2kNU09FAN01,Rp5lqnY4tefaOmLEG,paleoData.units,differs,AD,yr AD
NU09KIR01,ch2kNU09KIR01,R18v1Ah4PgefTVNiA,paleoData.units,differs,AD,yr AD
NU09KIR01,ch2kNU09KIR01,RIVxmLIidDs7nfeae,paleoData.units,differs,AD,yr AD
NU09KIR01,ch2kNU09KIR01,RuRaYkqFGbnZpHjEJ,paleoData.units,differs,AD,yr AD
NU11PAL01,ch2kNU11PAL01,R1qog0RPa51T9UoIr,paleoData.units,differs,AD,yr AD
NU11PAL01,ch2kNU11PAL01,RMBJS3OFcMlWmbFHE,paleoData.units,differs,AD,yr AD
NU11PAL01,ch2kNU11PAL01,Ry8WHMhkr4ceV7BRQ,paleoData.units,differs,AD,yr AD
OS13NGP01,ch2kOS13NGP01,RmEWxhN5iaWCl2PS8,paleoData.units,differs,AD,yr AD
OS13NLP01,ch2kOS13NLP01,RXTxW3AlNtoq68Hqr,paleoData.units,differs,AD,yr AD
OS14RIP01,ch2kOS14RIP01,RYQayaElvtgY10rhg,paleoData.units,differs,AD,yr AD
OS14UCP01,ch2kOS14UCP01,RH4z6R3ZTzmlrJXE6,paleoData.units,differs,AD,yr AD
PF04PBA01,ch2kPF04PBA01,RKdQfC6lnhoB9Zg0g,paleoData.units,differs,AD,yr AD
PF19LAR01,ch2kPF19LAR01,RQy59LP8NXWpMBoVG,paleoData.units,differs,AD,yr AD
PF19LAR01,ch2kPF19LAR01,RRiPow5IUDswlmprE,paleoData.units,differs,AD,yr AD
QU06RAB01,ch2kQU06RAB01,R32cFCbSkv4nFrBLs,paleoData.units,differs,AD,yr AD
QU06RAB01,ch2kQU06RAB01,RKPDhhIZuPGHzzKPw,paleoData.units,differs,AD,yr AD
QU96ESV01,ch2kQU96ESV01,Rj9eikewPYOY47mNj,paleoData.units,differs,AD,yr AD
RA19PAI01,ch2kRA19PAI01,RDdxtQJyiSOdBKYcC,paleoData.units,differs,AD,yr AD
RA19PAI01,ch2kRA19PAI01,RfqRZ3Bmf0m4HY3xX,paleoData.units,differs,AD,yr AD
RA20TAI01,ch2kRA20TAI01,RLOqgj0NNCqzd2zDb,paleoData.units,differs,AD,yr AD
RA20TAI01,ch2kRA20TAI01,Re6BmWi2KGjKepiYe,paleoData.units,differs,AD,yr AD
RE18CAY01,ch2kRE18CAY01,R2yrQfj7UWWd24PTP,paleoData.units,differs,AD,yr AD
RE18CAY01,ch2kRE18CAY01,R656hsC1vK5pgmywu,paleoData.units,differs,AD,yr AD
RE18CAY01,ch2kRE18CAY01,RBQ3pu62e3hqxrOfC,paleoData.units,differs,AD,yr AD
RE18CAY01,ch2kRE18CAY01,RHzUxTeqfF6uu33Dc,paleoData.units,differs,AD,yr AD
RE18CAY01,ch2kRE18CAY01,RiSNxVhMyQYXrE8Oa,paleoData.units,differs,AD,yr AD
RE19GBR01,ch2kRE19GBR01,R3hAVBEc6uAJRYmP5,paleoData.units,differs,AD,yr AD
RE19GBR01,ch2kRE19GBR01,RCZJE28GHdpfWnxjY,paleoData.units,differs,AD,yr AD
RE19GBR02,ch2kRE19GBR02,RT8VCwBNhHqERL01M,paleoData.units,differs,AD,yr AD
RE19GBR02,ch2kRE19GBR02,Rqx5nA2bd4ybPW5xB,paleoData.units,differs,AD,yr AD
RE19GBR03,ch2kRE19GBR03,R12vEMAa471l95JUC,paleoData.units,differs,AD,yr AD
RE19GBR03,ch2kRE19GBR03,RUKC8XCQGgO8TYzor,paleoData.units,differs,AD,yr AD
RE19GBR04,ch2kRE19GBR04,RYSKKgIlHRvGlrv8e,paleoData.units,differs,AD,yr AD
RE19GBR05,ch2kRE19GBR05,R5ypFjzTguVMDLZP2,paleoData.units,differs,AD,yr AD
RI10PBL01,ch2kRI10PBL01,R90GS4k0YLWubC9xu,paleoData.units,differs,AD,yr AD
RO19MAR01,ch2kRO19MAR01,RfA1a4J6xYvElUW2w,paleoData.units,differs,AD,yr AD
RO19PAR01,ch2kRO19PAR01,Rx5ScahQsRb0bzfaq,paleoData.units,differs,AD,yr AD
RO19YUC01,ch2kRO19YUC01,R2ATag2FDQTDMkdLX,paleoData.units,differs,AD,yr AD
RO19YUC01,ch2kRO19YUC01,RYpogOad7TrMkksso,paleoData.units,differs,AD,yr AD
RO19YUC01,ch2kRO19YUC01,RqW3bks6VMh7RsdFm,paleoData.units,differs,AD,yr AD
SA16CLA01,ch2kSA16CLA01,RUkg94Vzka9s4nRUX,paleoData.units,differs,AD,yr AD
SA18GBR01,ch2kSA18GBR01,RTThBq9Cd3HXcZ3fa,paleoData.units,differs,AD,yr AD
SA19PAL01,ch2kSA19PAL01,RJQFFt9woRr5USU9F,paleoData.units,differs,AD,yr AD
SA19PAL01,ch2kSA19PAL01,RNC1oHochCAwPSeoS,paleoData.units,differs,AD,yr AD
SA19PAL02,ch2kSA19PAL02,R2kv4795iBpou289s,paleoData.units,differs,AD,yr AD
SA19PAL02,ch2kSA19PAL02,RKJ0y4M7eO19Pm6Ht,paleoData.units,differs,AD,yr AD
SA20FAN01,ch2kSA20FAN01,Rfgeq2AbvF0VcnBZL,paleoData.units,differs,AD,yr AD
SA20FAN02,ch2kSA20FAN02,R0nfd3Yt8o9oZagYg,paleoData.units,differs,AD,yr AD
SH92PUN01,ch2kSH92PUN01,RfifvULQJHplZrrgH,paleoData.units,differs,AD,yr AD
SM06LKF01,ch2kSM06LKF01,RaHsJYdGCwfePJfwa,paleoData.units,differs,AD,yr AD
SM06LKF01,ch2kSM06LKF01,RlxzHhJpBAVVomHET,paleoData.units,differs,AD,yr AD
SM06LKF02,ch2kSM06LKF02,RC2g8ileldWrIFDhS,paleoData.units,differs,AD,yr AD
SM06LKF02,ch2kSM06LKF02,REHnMyfxr5eLOuuj8,paleoData.units,differs,AD,yr AD
ST13MAL01,ch2kST13MAL01,Ri6oX48wGi0VRvWEw,paleoData.units,differs,AD,yr AD
ST13MAL01,ch2kST13MAL01,RrHvjYY7ECt6TxX1E,paleoData.units,differs,AD,yr AD
SW98STP01,ch2kSW98STP01,RLcr8PbPgn1R2UIkA,paleoData.units,differs,AD,yr AD
SW99LIG01,ch2kSW99LIG01,RP5ixH4BqVpZT4jHD,paleoData.units,differs,AD,yr AD
SW99LIG02,ch2kSW99LIG02,RwALCRbTsN9hFnLrE,paleoData.units,differs,AD,yr AD
TA18TAS01,ch2kTA18TAS01,RNPhdud1Iichstwtc,paleoData.units,differs,AD,yr AD
TU01DEP01,ch2kTU01DEP01,RpzY3747HROoijQ1r,paleoData.units,differs,AD,yr AD
TU01LAI01,ch2kTU01LAI01,RFEXilz1OrwCynJTw,paleoData.units,differs,AD,yr AD
TU01SIA01,ch2kTU01SIA01,R7dN95ITSDEOBtUwI,paleoData.units,differs,AD,yr AD
TU95MAD01,ch2kTU95MAD01,Rjmo2g5WoAk8Pd0Aq,paleoData.units,differs,AD,yr AD
UR00MAI01,ch2kUR00MAI01,RtKPB4UvpaAN0AXme,paleoData.units,differs,AD,yr AD
WA17BAN01,ch2kWA17BAN01,R4K3MjDsbYuy5hqBD,paleoData.units,differs,AD,yr AD
WA17BAN01,ch2kWA17BAN01,RHjAUnHfx9rZrusju,paleoData.units,differs,AD,yr AD
WE09ARR01,ch2kWE09ARR01,RCXMlfYZszek0hd9C,paleoData.units,differs,AD,yr AD
WE09ARR01,ch2kWE09ARR01,REedmQMoRkID1XDdO,paleoData.units,differs,AD,yr AD
WU13TON01,ch2kWU13TON01,RDs9xgiIZHO6bbBen,paleoData.units,differs,AD,yr AD
WU13TON01,ch2kWU13TON01,RUDar6qQusWBt4ytD,paleoData.units,differs,AD,yr AD
WU13TON01,ch2kWU13TON01,RZOULc2bXBvujbd1x,paleoData.units,differs,AD,yr AD
WU13TON01,ch2kWU13TON01,Rj0KJcjL1BByKRNJx,paleoData.units,differs,AD,yr AD
WU14CLI01,ch2kWU14CLI01,R9Bdfyd0BNPTb2222,paleoData.units,differs,AD,yr AD
WU14CLI01,ch2kWU14CLI01,RFcW8l3kX1Q5qcHKD,paleoData.units,differs,AD,yr AD
WU14CLI01,ch2kWU14CLI01,Ruq6gyawguwWzHed7,paleoData.units,differs,AD,yr AD
XI17HAI01,ch2kXI17HAI01,R1ew8ddaUUF0dZXhE,paleoData.units,differs,AD,yr AD
XI17HAI01,ch2kXI17HAI01,RKKaQlHPgfjXD2AfI,paleoData.units,differs,AD,yr AD
XI17HAI01,ch2kXI17HAI01,RPOvWyhZImoWxlaXc,paleoData.units,differs,AD,yr AD
XI17HAI01,ch2kXI17HAI01,RdgBpTQDt2dIsdXcu,paleoData.units,differs,AD,yr AD
XI17HAI01,ch2kXI17HAI01,RgLvP17TdAFAvK6AY,paleoData.units,differs,AD,yr AD
XI17HAI01,ch2kXI17HAI01,RzwNaGFeuOOCL8Gx4,paleoData.units,differs,AD,yr AD
XU15BVI01,ch2kXU15BVI01,RJT7cUcMvqCRyoVJM,paleoData.units,differs,AD,yr AD
XU15BVI02,ch2kXU15BVI02,RHtz6hdVPtlnXSIfP,paleoData.units,differs,AD,yr AD
XU15BVI03,ch2kXU15BVI03,RxPuz2gl8muDgpgM2,paleoData.units,differs,AD,yr AD
ZI04IFR01,ch2kZI04IFR01,RM79rVQda2Wm4HN9K,paleoData.units,differs,AD,yr AD
ZI04IFR01,ch2kZI04IFR01,RhIoAxFs0KZgG6C9o,paleoData.units,differs,AD,yr AD
ZI08MAY01,ch2kZI08MAY01,RGfCnPoFrtilhZai5,paleoData.units,differs,AD,yr AD
ZI08MAY01,ch2kZI08MAY01,ROTUBwzpHl29LAY98,paleoData.units,differs,AD,yr AD
ZI08MAY01,ch2kZI08MAY01,RVl7CKTJl97d0YGSl,paleoData.units,differs,AD,yr AD
ZI14HOU01,ch2kZI14HOU01,RHexrfbjZC1dhNC6h,paleoData.units,differs,AD,yr AD
ZI14HOU01,ch2kZI14HOU01,RXbXj1kmt5d3esS1K,paleoData.units,differs,AD,yr AD
ZI14HOU01,ch2kZI14HOU01,RcagtPlKdJfayLJB8,paleoData.units,differs,AD,yr AD
ZI14HOU01,ch2kZI14HOU01,ReIzm8EJeO5l4MgLG,paleoData.units,differs,AD,yr AD
ZI14IFR02,ch2kZI14IFR02,R05JKSwbqLRx9FKwO,paleoData.units,differs,AD,yr AD
ZI14IFR02,ch2kZI14IFR02,Rm2YXrPJ6LwhNyyb9,paleoData.units,differs,AD,yr AD
ZI14TUR01,ch2kZI14TUR01,R5eNpsOSQi2B9y8w3,paleoData.units,differs,AD,yr AD
ZI14TUR01,ch2kZI14TUR01,ReDNFif4VlpRnowFB,paleoData.units,differs,AD,yr AD
ZI15BUN01,ch2kZI15BUN01,RDdqgIkDB9q1LJ7fm,paleoData.units,differs,AD,yr AD
ZI15BUN01,ch2kZI15BUN01,RvPJCn6dHZ8BKpTcE,paleoData.units,differs,AD,yr AD
ZI15CLE01,ch2kZI15CLE01,RIURbYfmpErlpPKNC,paleoData.units,differs,AD,yr AD
ZI15CLE01,ch2kZI15CLE01,RyUY1i2a36kme3fMH,paleoData.units,differs,AD,yr AD
ZI15IMP01,ch2kZI15IMP01,RbenEx25gV8YSeW6d,paleoData.units,differs,AD,yr AD
ZI15IMP01,ch2kZI15IMP01,Rj7h5KjnWFziHeNTo,paleoData.units,differs,AD,yr AD
ZI15IMP02,ch2kZI15IMP02,R2wzQnaMSWGgaSaKb,paleoData.units,differs,AD,yr AD
ZI15IMP02,ch2kZI15IMP02,RMx3Ihf42gbS8Wlpw,paleoData.units,differs,AD,yr AD
ZI15MER01,ch2kZI15MER01,R1l6ZiS2VKaoPSeOs,paleoData.units,differs,AD,yr AD
ZI15MER01,ch2kZI15MER01,RHc5jPZ7vJjeSHHfd,paleoData.units,differs,AD,yr AD
ZI15TAN01,ch2kZI15TAN01,Ra6TFPdgoidfa0Kav,paleoData.units,differs,AD,yr AD
ZI15TAN01,ch2kZI15TAN01,RkF6laFInwpUhITAV,paleoData.units,differs,AD,yr AD
ZI16ROD01,ch2kZI16ROD01,RN76t4HaZsqAfkSEn,paleoData.units,differs,AD,yr AD
ZI16ROD02,ch2kZI16ROD02,RRrFnVYRc02qHrA4g,paleoData.units,differs,AD,yr AD
AL16PUR01,ch2kAL16PUR01,AL16PUR01_SrCa,paleoData.variableName,differs,SrCa,Sr/Ca
AL16PUR01,ch2kAL16PUR01,AL16PUR01_SrCaUncertainty,paleoData.variableName,differs,SrCaUncertainty,uncertainty
AL16PUR02,ch2kAL16PUR02,AL16PUR02_SrCa,paleoData.variableName,differs,SrCa,Sr/Ca
AL16PUR02,ch2kAL16PUR02,AL16PUR02_SrCaUncertainty,paleoData.variableName,differs,SrCaUncertainty,uncertainty
AL16YUC01,ch2kAL16YUC01,AL16YUC01_SrCa,paleoData.variableName,differs,SrCa,Sr/Ca
AL16YUC01,ch2kAL16YUC01,AL16YUC01_SrCaUncertainty,paleoData.variableName,differs,SrCaUncertainty,uncertainty
BA04FIJ01,ch2kBA04FIJ01,BA04FIJ01_SrCa,paleoData.variableName,differs,SrCa,Sr/Ca
BA04FIJ02,ch2kBA04FIJ02,BA04FIJ02_SrCa,paleoData.variableName,differs,SrCa,Sr/Ca
BO14HTI01,ch2kBO14HTI01,BO14HTI01_SrCa,paleoData.variableName,differs,SrCa,Sr/Ca
BO14HTI01,ch2kBO14HTI01,BO14HTI01_SrCaUncertainty,paleoData.variableName,differs,SrCaUncertainty,uncertainty
BO14HTI02,ch2kBO14HTI02,BO14HTI02_SrCa,paleoData.variableName,differs,SrCa,Sr/Ca
BR19RED01,ch2kBR19RED01,BR19RED01_SrCa,paleoData.variableName,differs,SrCa,Sr/Ca
BR19RED01,ch2kBR19RED01,BR19RED01_SrCa_annual,paleoData.variableName,differs,SrCa_annual,Sr/Ca
CA07FLI01,ch2kCA07FLI01,CA07FLI01_SrCa,paleoData.variableName,differs,SrCa,Sr/Ca
CA14BUT01,ch2kCA14BUT01,CA14BUT01_SrCa,paleoData.variableName,differs,SrCa,Sr/Ca
CA14BUT01,ch2kCA14BUT01,CA14BUT01_d18O_sw,paleoData.variableName,differs,d18O_sw,d18O
CA14TIM01,ch2kCA14TIM01,CA14TIM01_SrCa,paleoData.variableName,differs,SrCa,Sr/Ca
CA14TIM01,ch2kCA14TIM01,CA14TIM01_d18O_sw,paleoData.variableName,differs,d18O_sw,d18O
CH18YOA01,ch2kCH18YOA01,CH18YOA01_SrCa,paleoData.variableName,differs,SrCa,Sr/Ca
CH18YOA02,ch2kCH18YOA02,CH18YOA02_SrCa,paleoData.variableName,differs,SrCa,Sr/Ca
DE12ANC01,ch2kDE12ANC01,DE12ANC01_SrCa,paleoData.variableName,differs,SrCa,Sr/Ca
DE13HAI01,ch2kDE13HAI01,DE13HAI01_SrCa,paleoData.variableName,differs,SrCa,Sr/Ca
DE13HAI01,ch2kDE13HAI01,DE13HAI01_SrCa_annual,paleoData.variableName,differs,SrCa_annual,Sr/Ca
DE13HAI01,ch2kDE13HAI01,DE13HAI01_d18O_annual,paleoData.variableName,differs,d18O_annual,d18O
DE13HAI01,ch2kDE13HAI01,DE13HAI01_d18O_sw,paleoData.variableName,differs,d18O_sw,d18O
DE13HAI01,ch2kDE13HAI01,DE13HAI01_d18O_sw_annual,paleoData.variableName,differs,d18O_sw_annual,d18O
DE14DTO01,ch2kDE14DTO01,DE14DTO01_SrCa,paleoData.variableName,differs,SrCa,Sr/Ca
DE14DTO02,ch2kDE14DTO02,DE14DTO02_SrCa,paleoData.variableName,differs,SrCa,Sr/Ca
DE14DTO03,ch2kDE14DTO03,DE14DTO03_SrCa,paleoData.variableName,differs,SrCa,Sr/Ca
DE14DTO04,ch2kDE14DTO04,DE14DTO04_SrCa,paleoData.variableName,differs,SrCa,Sr/Ca
DE16RED01,ch2kDE16RED01,DE16RED01_SrCa,paleoData.variableName,differs,SrCa,Sr/Ca
DO18DAV01,ch2kDO18DAV01,DO18DAV01_SrCa,paleoData.variableName,differs,SrCa,Sr/Ca
DR99ABR01,ch2kDR99ABR01,DR99ABR01_d18O_annual,paleoData.variableName,differs,d18O_annual,d18O
DU94URV01,ch2kDU94URV01,DU94URV01_d18O_annual,paleoData.variableName,differs,d18O_annual,d18O
DU94URV02,ch2kDU94URV02,DU94URV02_d18O_annual,paleoData.variableName,differs,d18O_annual,d18O
EV18ROC01,ch2kEV18ROC01,EV18ROC01_SrCa,paleoData.variableName,differs,SrCa,Sr/Ca
EV18ROC01,ch2kEV18ROC01,EV18ROC01_SrCa_annual,paleoData.variableName,differs,SrCa_annual,Sr/Ca
FE09OGA01,ch2kFE09OGA01,FE09OGA01_SrCa,paleoData.variableName,differs,SrCa,Sr/Ca
FE09OGA01,ch2kFE09OGA01,FE09OGA01_SrCa_annual,paleoData.variableName,differs,SrCa_annual,Sr/Ca
FE09OGA01,ch2kFE09OGA01,FE09OGA01_d18O_annual,paleoData.variableName,differs,d18O_annual,d18O
FE09OGA01,ch2kFE09OGA01,FE09OGA01_d18O_sw_annual,paleoData.variableName,differs,d18O_sw_annual,d18O
FE18RUS01,ch2kFE18RUS01,FE18RUS01_SrCa,paleoData.variableName,differs,SrCa,Sr/Ca
FE18RUS01,ch2kFE18RUS01,FE18RUS01_SrCa_annual,paleoData.variableName,differs,SrCa_annual,Sr/Ca
FE18RUS01,ch2kFE18RUS01,FE18RUS01_d18O_annual,paleoData.variableName,differs,d18O_annual,d18O
FE18RUS01,ch2kFE18RUS01,FE18RUS01_d18O_sw_annual,paleoData.variableName,differs,d18O_sw_annual,d18O
FL17DTO01,ch2kFL17DTO01,FL17DTO01_SrCa,paleoData.variableName,differs,SrCa,Sr/Ca
FL17DTO01,ch2kFL17DTO01,FL17DTO01_SrCa_annual,paleoData.variableName,differs,SrCa_annual,Sr/Ca
FL17DTO02,ch2kFL17DTO02,FL17DTO02_SrCa,paleoData.variableName,differs,SrCa,Sr/Ca
FL17DTO02,ch2kFL17DTO02,FL17DTO02_SrCa_annual,paleoData.variableName,differs,SrCa_annual,Sr/Ca
FL18DTO01,ch2kFL18DTO01,FL18DTO01_SrCa,paleoData.variableName,differs,SrCa,Sr/Ca
FL18DTO02,ch2kFL18DTO02,FL18DTO02_SrCa,paleoData.variableName,differs,SrCa,Sr/Ca
FL18DTO03,ch2kFL18DTO03,FL18DTO03_SrCa,paleoData.variableName,differs,SrCa,Sr/Ca
FL18DTO04,ch2kFL18DTO04,FL18DTO04_SrCa,paleoData.variableName,differs,SrCa,Sr/Ca
GO08BER01,ch2kGO08BER01,GO08BER01_SrCa,paleoData.variableName,differs,SrCa,Sr/Ca
GO08BER01,ch2kGO08BER01,GO08BER01_SrCaUncertainty,paleoData.variableName,differs,SrCaUncertainty,uncertainty
GO08BER01,ch2kGO08BER01,GO08BER01_SrCa_annual,paleoData.variableName,differs,SrCa_annual,Sr/Ca
GO08BER01,ch2kGO08BER01,GO08BER01_d18OUncertainty,paleoData.variableName,differs,d18OUncertainty,uncertainty
GO08BER01,ch2kGO08BER01,GO08BER01_d18O_annual,paleoData.variableName,differs,d18O_annual,d18O
GO12SBV01,ch2kGO12SBV01,GO12SBV01_SrCa,paleoData.variableName,differs,SrCa,Sr/Ca
GR13MAD01,ch2kGR13MAD01,GR13MAD01_SrCa,paleoData.variableName,differs,SrCa,Sr/Ca
GR13MAD02,ch2kGR13MAD02,GR13MAD02_SrCa,paleoData.variableName,differs,SrCa,Sr/Ca
HE02GBR01,ch2kHE02GBR01,HE02GBR01_SrCa,paleoData.variableName,differs,SrCa,Sr/Ca
HE02GBR01,ch2kHE02GBR01,HE02GBR01_d18O_sw,paleoData.variableName,differs,d18O_sw,d18O
HE10GUA01,ch2kHE10GUA01,HE10GUA01_SrCa,paleoData.variableName,differs,SrCa,Sr/Ca
HE10GUA01,ch2kHE10GUA01,HE10GUA01_SrCa_annual,paleoData.variableName,differs,SrCa_annual,Sr/Ca
HE10GUA01,ch2kHE10GUA01,HE10GUA01_d18O_annual,paleoData.variableName,differs,d18O_annual,d18O
HE13MIS01,ch2kHE13MIS01,HE13MIS01_SrCa,paleoData.variableName,differs,SrCa,Sr/Ca
HE13MIS02,ch2kHE13MIS02,HE13MIS02_SrCa,paleoData.variableName,differs,SrCa,Sr/Ca
HE18COC01,ch2kHE18COC01,HE18COC01_SrCa,paleoData.variableName,differs,SrCa,Sr/Ca
HE18COC01,ch2kHE18COC01,HE18COC01_d18O_sw,paleoData.variableName,differs,d18O_sw,d18O
HE18COC02,ch2kHE18COC02,HE18COC02_SrCa,paleoData.variableName,differs,SrCa,Sr/Ca
HE18COC02,ch2kHE18COC02,HE18COC02_d18O_sw,paleoData.variableName,differs,d18O_sw,d18O
JI18GAL01,ch2kJI18GAL01,JI18GAL01_SrCa,paleoData.variableName,differs,SrCa,Sr/Ca
JI18GAL02,ch2kJI18GAL02,JI18GAL02_SrCa,paleoData.variableName,differs,SrCa,Sr/Ca
KA17RYU01,ch2kKA17RYU01,KA17RYU01_SrCa,paleoData.variableName,differs,SrCa,Sr/Ca
KI04MCV01,ch2kKI04MCV01,KI04MCV01_SrCa,paleoData.variableName,differs,SrCa,Sr/Ca
KI08PAR01,ch2kKI08PAR01,KI08PAR01_SrCa,paleoData.variableName,differs,SrCa,Sr/Ca
KI08PAR01,ch2kKI08PAR01,KI08PAR01_SrCa_annual,paleoData.variableName,differs,SrCa_annual,Sr/Ca
KI08PAR01,ch2kKI08PAR01,KI08PAR01_d18O_annual,paleoData.variableName,differs,d18O_annual,d18O
KI14PAR01,ch2kKI14PAR01,KI14PAR01_SrCa,paleoData.variableName,differs,SrCa,Sr/Ca
KI14PAR01,ch2kKI14PAR01,KI14PAR01_SrCa_annual,paleoData.variableName,differs,SrCa_annual,Sr/Ca
KI14PAR01,ch2kKI14PAR01,KI14PAR01_d18O_annual,paleoData.variableName,differs,d18O_annual,d18O
KI14PAR01,ch2kKI14PAR01,KI14PAR01_d18O_sw,paleoData.variableName,differs,d18O_sw,d18O
KI14PAR01,ch2kKI14PAR01,KI14PAR01_d18O_sw_annual,paleoData.variableName,differs,d18O_sw_annual,d18O
KR20SAR01,ch2kKR20SAR01,KR20SAR01_SrCa,paleoData.variableName,differs,SrCa,Sr/Ca
KR20SAR01,ch2kKR20SAR01,KR20SAR01_d18O_sw,paleoData.variableName,differs,d18O_sw,d18O
KR20SAR02,ch2kKR20SAR02,KR20SAR02_SrCa,paleoData.variableName,differs,SrCa,Sr/Ca
KR20SAR02,ch2kKR20SAR02,KR20SAR02_d18O_sw,paleoData.variableName,differs,d18O_sw,d18O
LI00RAR01,ch2kLI00RAR01,LI00RAR01_SrCa,paleoData.variableName,differs,SrCa,Sr/Ca
LI00RAR01,ch2kLI00RAR01,LI00RAR01_d18O_sw,paleoData.variableName,differs,d18O_sw,d18O
LI04FIJ01,ch2kLI04FIJ01,LI04FIJ01_SrCa,paleoData.variableName,differs,SrCa,Sr/Ca
LI04FIJ01,ch2kLI04FIJ01,LI04FIJ01_d18O_sw,paleoData.variableName,differs,d18O_sw,d18O
MA08DTO01,ch2kMA08DTO01,MA08DTO01_SrCa,paleoData.variableName,differs,SrCa,Sr/Ca
MO20KOI01,ch2kMO20KOI01,MO20KOI01_SrCa,paleoData.variableName,differs,SrCa,Sr/Ca
MO20KOI01,ch2kMO20KOI01,MO20KOI01_d18O_sw,paleoData.variableName,differs,d18O_sw,d18O
MO20WOA01,ch2kMO20WOA01,MO20WOA01_SrCa,paleoData.variableName,differs,SrCa,Sr/Ca
MO20WOA01,ch2kMO20WOA01,MO20WOA01_d18O_sw,paleoData.variableName,differs,d18O_sw,d18O
MU18GSI01,ch2kMU18GSI01,MU18GSI01_SrCa,paleoData.variableName,differs,SrCa,Sr/Ca
MU18NPI01,ch2kMU18NPI01,MU18NPI01_SrCa,paleoData.variableName,differs,SrCa,Sr/Ca
MU18RED01,ch2kMU18RED01,MU18RED01_SrCa,paleoData.variableName,differs,SrCa,Sr/Ca
MU18RED02,ch2kMU18RED02,MU18RED02_SrCa,paleoData.variableName,differs,SrCa,Sr/Ca
MU18RED03,ch2kMU18RED03,MU18RED03_SrCa,paleoData.variableName,differs,SrCa,Sr/Ca
MU18RED04,ch2kMU18RED04,MU18RED04_SrCa,paleoData.variableName,differs,SrCa,Sr/Ca
MU18RED04,ch2kMU18RED04,MU18RED04_SrCa_annual,paleoData.variableName,differs,SrCa_annual,Sr/Ca
NU09FAN01,ch2kNU09FAN01,NU09FAN01_SrCa,paleoData.variableName,differs,SrCa,Sr/Ca
NU09FAN01,ch2kNU09FAN01,NU09FAN01_d18O_sw,paleoData.variableName,differs,d18O_sw,d18O
NU09KIR01,ch2kNU09KIR01,NU09KIR01_SrCa,paleoData.variableName,differs,SrCa,Sr/Ca
NU09KIR01,ch2kNU09KIR01,NU09KIR01_d18O_sw,paleoData.variableName,differs,d18O_sw,d18O
NU11PAL01,ch2kNU11PAL01,NU11PAL01_SrCa,paleoData.variableName,differs,SrCa,Sr/Ca
NU11PAL01,ch2kNU11PAL01,NU11PAL01_d18O_sw,paleoData.variableName,differs,d18O_sw,d18O
PF19LAR01,ch2kPF19LAR01,PF19LAR01_SrCa,paleoData.variableName,differs,SrCa,Sr/Ca
QU06RAB01,ch2kQU06RAB01,QU06RAB01_SrCa,paleoData.variableName,differs,SrCa,Sr/Ca
RA19PAI01,ch2kRA19PAI01,RA19PAI01_SrCa,paleoData.variableName,differs,SrCa,Sr/Ca
RA20TAI01,ch2kRA20TAI01,RA20TAI01_SrCa,paleoData.variableName,differs,SrCa,Sr/Ca
RE18CAY01,ch2kRE18CAY01,RE18CAY01_SrCa,paleoData.variableName,differs,SrCa,Sr/Ca
RE18CAY01,ch2kRE18CAY01,RE18CAY01_SrCa_annual,paleoData.variableName,differs,SrCa_annual,Sr/Ca
RE18CAY01,ch2kRE18CAY01,RE18CAY01_d18O_annual,paleoData.variableName,differs,d18O_annual,d18O
RE18CAY01,ch2kRE18CAY01,RE18CAY01_d18O_sw_annual,paleoData.variableName,differs,d18O_sw_annual,d18O
RE19GBR01,ch2kRE19GBR01,RE19GBR01_SrCa,paleoData.variableName,differs,SrCa,Sr/Ca
RE19GBR02,ch2kRE19GBR02,RE19GBR02_SrCa,paleoData.variableName,differs,SrCa,Sr/Ca
RE19GBR03,ch2kRE19GBR03,RE19GBR03_SrCa,paleoData.variableName,differs,SrCa,Sr/Ca
RE19GBR04,ch2kRE19GBR04,RE19GBR04_SrCa,paleoData.variableName,differs,SrCa,Sr/Ca
RE19GBR05,ch2kRE19GBR05,RE19GBR05_SrCa,paleoData.variableName,differs,SrCa,Sr/Ca
RO19MAR01,ch2kRO19MAR01,RO19MAR01_SrCa,paleoData.variableName,differs,SrCa,Sr/Ca
RO19PAR01,ch2kRO19PAR01,RO19PAR01_SrCa,paleoData.variableName,differs,SrCa,Sr/Ca
RO19YUC01,ch2kRO19YUC01,RO19YUC01_SrCa,paleoData.variableName,differs,SrCa,Sr/Ca
RO19YUC01,ch2kRO19YUC01,RO19YUC01_SrCaUncertainty,paleoData.variableName,differs,SrCaUncertainty,uncertainty
RO19YUC01,ch2kRO19YUC01,RO19YUC01_SrCa_annual,paleoData.variableName,differs,SrCa_annual,Sr/Ca
SA18GBR01,ch2kSA18GBR01,SA18GBR01_SrCa,paleoData.variableName,differs,SrCa,Sr/Ca
SA19PAL01,ch2kSA19PAL01,SA19PAL01_SrCa,paleoData.variableName,differs,SrCa,Sr/Ca
SA19PAL02,ch2kSA19PAL02,SA19PAL02_SrCa,paleoData.variableName,differs,SrCa,Sr/Ca
SM06LKF01,ch2kSM06LKF01,SM06LKF01_SrCa,paleoData.variableName,differs,SrCa,Sr/Ca
SM06LKF02,ch2kSM06LKF02,SM06LKF02_SrCa,paleoData.variableName,differs,SrCa,Sr/Ca
ST13MAL01,ch2kST13MAL01,ST13MAL01_SrCa,paleoData.variableName,differs,SrCa,Sr/Ca
WA17BAN01,ch2kWA17BAN01,WA17BAN01_SrCa,paleoData.variableName,differs,SrCa,Sr/Ca
WE09ARR01,ch2kWE09ARR01,WE09ARR01_SrCa,paleoData.variableName,differs,SrCa,Sr/Ca
WU13TON01,ch2kWU13TON01,WU13TON01_SrCa,paleoData.variableName,differs,SrCa,Sr/Ca
WU13TON01,ch2kWU13TON01,WU13TON01_SrCa_annual,paleoData.variableName,differs,SrCa_annual,Sr/Ca
WU13TON01,ch2kWU13TON01,WU13TON01_d18O_annual,paleoData.variableName,differs,d18O_annual,d18O
WU14CLI01,ch2kWU14CLI01,WU14CLI01_SrCa,paleoData.variableName,differs,SrCa,Sr/Ca
WU14CLI01,ch2kWU14CLI01,WU14CLI01_d18O_sw,paleoData.variableName,differs,d18O_sw,d18O
XI17HAI01,ch2kXI17HAI01,XI17HAI01_SrCa,paleoData.variableName,differs,SrCa,Sr/Ca
XI17HAI01,ch2kXI17HAI01,XI17HAI01_SrCa_annual,paleoData.variableName,differs,SrCa_annual,Sr/Ca
XI17HAI01,ch2kXI17HAI01,XI17HAI01_d18O_annual,paleoData.variableName,differs,d18O_annual,d18O
XI17HAI01,ch2kXI17HAI01,XI17HAI01_d18O_sw,paleoData.variableName,differs,d18O_sw,d18O
XI17HAI01,ch2kXI17HAI01,XI17HAI01_d18O_sw_annual,paleoData.variableName,differs,d18O_sw_annual,d18O
XU15BVI01,ch2kXU15BVI01,XU15BVI01_SrCa,paleoData.variableName,differs,SrCa,Sr/Ca
XU15BVI02,ch2kXU15BVI02,XU15BVI02_SrCa,paleoData.variableName,differs,SrCa,Sr/Ca
XU15BVI03,ch2kXU15BVI03,XU15BVI03_SrCa,paleoData.variableName,differs,SrCa,Sr/Ca
ZI04IFR01,ch2kZI04IFR01,ZI04IFR01_SrCa,paleoData.variableName,differs,SrCa,Sr/Ca
ZI08MAY01,ch2kZI08MAY01,ZI08MAY01_SrCa,paleoData.variableName,differs,SrCa,Sr/Ca
ZI08MAY01,ch2kZI08MAY01,ZI08MAY01_d18O_sw,paleoData.variableName,differs,d18O_sw,d18O
ZI14HOU01,ch2kZI14HOU01,ZI14HOU01_SrCa,paleoData.variableName,differs,SrCa,Sr/Ca
ZI14HOU01,ch2kZI14HOU01,ZI14HOU01_SrCa_annual,paleoData.variableName,differs,SrCa_annual,Sr/Ca
ZI14HOU01,ch2kZI14HOU01,ZI14HOU01_d18O_annual,paleoData.variableName,differs,d18O_annual,d18O
ZI14IFR02,ch2kZI14IFR02,ZI14IFR02_d18O_annual,paleoData.variableName,differs,d18O_annual,d18O
ZI14TUR01,ch2kZI14TUR01,ZI14TUR01_d18O_annual,paleoData.variableName,differs,d18O_annual,d18O
ZI15BUN01,ch2kZI15BUN01,ZI15BUN01_SrCa,paleoData.variableName,differs,SrCa,Sr/Ca
ZI15BUN01,ch2kZI15BUN01,ZI15BUN01_SrCa_annual,paleoData.variableName,differs,SrCa_annual,Sr/Ca
ZI15CLE01,ch2kZI15CLE01,ZI15CLE01_SrCa,paleoData.variableName,differs,SrCa,Sr/Ca
ZI15CLE01,ch2kZI15CLE01,ZI15CLE01_SrCa_annual,paleoData.variableName,differs,SrCa_annual,Sr/Ca
ZI15IMP01,ch2kZI15IMP01,ZI15IMP01_SrCa,paleoData.variableName,differs,SrCa,Sr/Ca
ZI15IMP01,ch2kZI15IMP01,ZI15IMP01_SrCa_annual,paleoData.variableName,differs,SrCa_annual,Sr/Ca
ZI15IMP02,ch2kZI15IMP02,ZI15IMP02_SrCa,paleoData.variableName,differs,SrCa,Sr/Ca
ZI15IMP02,ch2kZI15IMP02,ZI15IMP02_SrCa_annual,paleoData.variableName,differs,SrCa_annual,Sr/Ca
ZI15MER01,ch2kZI15MER01,ZI15MER01_SrCa,paleoData.variableName,differs,SrCa,Sr/Ca
ZI15MER01,ch2kZI15MER01,ZI15MER01_SrCa_annual,paleoData.variableName,differs,SrCa_annual,Sr/Ca
ZI15TAN01,ch2kZI15TAN01,ZI15TAN01_SrCa,paleoData.variableName,differs,SrCa,Sr/Ca
ZI15TAN01,ch2kZI15TAN01,ZI15TAN01_SrCa_annual,paleoData.variableName,differs,SrCa_annual,Sr/Ca
ZI16ROD01,ch2kZI16ROD01,ZI16ROD01_SrCa,paleoData.variableName,differs,SrCa,Sr/Ca
ZI16ROD02,ch2kZI16ROD02,ZI16ROD02_SrCa,paleoData.variableName,differs,SrCa,Sr/Ca
EV18ROC01,ch2kEV18ROC01,,pub[1].citation,differs,"Evangelista, H., Sifeddine, A., Correge, T., Servain, J., Dassie, E. P., Logato, R., Cordeiro, R. C., Shen, C.-C., Le Cornec, F., Nogueira, J., Segal, B., Castagna, A. and Turcq, B. 2018. Climatic constraints on growth rate and geochemistry (Sr/Ca and U/Ca) of the coral Siderastrea stellata in the Southwest Equatorial Atlantic (Rocas Atoll, Brazil). Geochemistry, Geophysics, Geosystems, 19, 772786. 86. doi: 10.1002/2017GC007365. ","Evangelista, H., Sifeddine, A., Correge, T., Servain, J., Dassie, E. P., Logato, R., Cordeiro, R. C., Shen, C.-C., Le Cornec, F., Nogueira, J., Segal, B., Castagna, A. and Turcq, B. 2018. Climatic constraints on growth rate and geochemistry (Sr/Ca and U/Ca) of the coral Siderastrea stellata in the Southwest Equatorial Atlantic (Rocas Atoll, Brazil). Geochemistry, Geophysics, Geosystems, 19, 772786. 86. doi: 10.1002/2017GC007365."
JI18GAL01,ch2kJI18GAL01,,pub[1].citation,differs,"Jimenez, G., Cole, J. E., Thompson, D. M. and Tudhope, A. W. 2018. Northern Galapagos Corals Reveal Twentieth Century Warming in the Eastern Tropical Pacic. Geophysical Research Letters, 45,19811988. ","Jimenez, G., Cole, J. E., Thompson, D. M. and Tudhope, A. W. 2018. Northern Galapagos Corals Reveal Twentieth Century Warming in the Eastern Tropical Pacic. Geophysical Research Letters, 45,19811988."
JI18GAL02,ch2kJI18GAL02,,pub[1].citation,differs,"Jimenez, G., Cole, J. E., Thompson, D. M. and Tudhope, A. W. 2018. Northern Galapagos Corals Reveal Twentieth Century Warming in the Eastern Tropical Pacic. Geophysical Research Letters, 45,19811988. ","Jimenez, G., Cole, J. E., Thompson, D. M. and Tudhope, A. W. 2018. Northern Galapagos Corals Reveal Twentieth Century Warming in the Eastern Tropical Pacic. Geophysical Research Letters, 45,19811988."
AB08MEN01,ch2kAB08MEN01,AB08MEN01_d18O,paleoData.inCompilationBeta[1].compilationVersion[3],only_old,1_0_1,
AB15BHB01,ch2kAB15BHB01,AB15BHB01_d18O,paleoData.inCompilationBeta[1].compilationVersion[3],only_old,1_0_1,
AB20MEN01,ch2kAB20MEN01,AB20MEN01_d18O,paleoData.inCompilationBeta[1].compilationVersion[3],only_old,1_0_1,
AB20MEN02,ch2kAB20MEN02,AB20MEN02_d18O,paleoData.inCompilationBeta[1].compilationVersion[3],only_old,1_0_1,
AB20MEN03,ch2kAB20MEN03,AB20MEN03_d18O,paleoData.inCompilationBeta[1].compilationVersion[3],only_old,1_0_1,
AB20MEN04,ch2kAB20MEN04,AB20MEN04_d18O,paleoData.inCompilationBeta[1].compilationVersion[3],only_old,1_0_1,
AB20MEN05,ch2kAB20MEN05,AB20MEN05_d18O,paleoData.inCompilationBeta[1].compilationVersion[3],only_old,1_0_1,
AB20MEN06,ch2kAB20MEN06,AB20MEN06_d18O,paleoData.inCompilationBeta[1].compilationVersion[3],only_old,1_0_1,
AB20MEN07,ch2kAB20MEN07,AB20MEN07_d18O,paleoData.inCompilationBeta[1].compilationVersion[3],only_old,1_0_1,
AB20MEN08,ch2kAB20MEN08,AB20MEN08_d18O,paleoData.inCompilationBeta[1].compilationVersion[3],only_old,1_0_1,
AB20MEN09,ch2kAB20MEN09,AB20MEN09_d18O,paleoData.inCompilationBeta[1].compilationVersion[3],only_old,1_0_1,
AL16PUR01,ch2kAL16PUR01,AL16PUR01_SrCa,paleoData.inCompilationBeta[1].compilationVersion[3],only_old,1_0_1,
AL16PUR02,ch2kAL16PUR02,AL16PUR02_SrCa,paleoData.inCompilationBeta[1].compilationVersion[3],only_old,1_0_1,
AL16YUC01,ch2kAL16YUC01,AL16YUC01_SrCa,paleoData.inCompilationBeta[1].compilationVersion[3],only_old,1_0_1,
AS05GUA01,ch2kAS05GUA01,AS05GUA01_d18O,paleoData.inCompilationBeta[1].compilationVersion[3],only_old,1_0_1,
BA04FIJ01,ch2kBA04FIJ01,BA04FIJ01_SrCa,paleoData.inCompilationBeta[1].compilationVersion[3],only_old,1_0_1,
BA04FIJ01,ch2kBA04FIJ01,BA04FIJ01_d18O,paleoData.inCompilationBeta[1].compilationVersion[3],only_old,1_0_1,
BA04FIJ02,ch2kBA04FIJ02,BA04FIJ02_SrCa,paleoData.inCompilationBeta[1].compilationVersion[3],only_old,1_0_1,
BA04FIJ02,ch2kBA04FIJ02,BA04FIJ02_d18O,paleoData.inCompilationBeta[1].compilationVersion[3],only_old,1_0_1,
BO14HTI01,ch2kBO14HTI01,BO14HTI01_SrCa,paleoData.inCompilationBeta[1].compilationVersion[3],only_old,1_0_1,
BO14HTI01,ch2kBO14HTI01,BO14HTI01_d18O,paleoData.inCompilationBeta[1].compilationVersion[3],only_old,1_0_1,
BO14HTI02,ch2kBO14HTI02,BO14HTI02_SrCa,paleoData.inCompilationBeta[1].compilationVersion[3],only_old,1_0_1,
BO14HTI02,ch2kBO14HTI02,BO14HTI02_d18O,paleoData.inCompilationBeta[1].compilationVersion[3],only_old,1_0_1,
BO99MOO01,ch2kBO99MOO01,BO99MOO01_d18O,paleoData.inCompilationBeta[1].compilationVersion[3],only_old,1_0_1,
BR19RED01,ch2kBR19RED01,BR19RED01_SrCa,paleoData.inCompilationBeta[1].compilationVersion[3],only_old,1_0_1,
CA07FLI01,ch2kCA07FLI01,CA07FLI01_SrCa,paleoData.inCompilationBeta[1].compilationVersion[3],only_old,1_0_1,
CA07FLI01,ch2kCA07FLI01,CA07FLI01_d18O,paleoData.inCompilationBeta[1].compilationVersion[3],only_old,1_0_1,
CA13DIA01,ch2kCA13DIA01,CA13DIA01_d18O,paleoData.inCompilationBeta[1].compilationVersion[3],only_old,1_0_1,
CA13PEL01,ch2kCA13PEL01,CA13PEL01_d18O,paleoData.inCompilationBeta[1].compilationVersion[3],only_old,1_0_1,
CA13SAP01,ch2kCA13SAP01,CA13SAP01_d18O,paleoData.inCompilationBeta[1].compilationVersion[3],only_old,1_0_1,
CA13TUR01,ch2kCA13TUR01,CA13TUR01_d18O,paleoData.inCompilationBeta[1].compilationVersion[3],only_old,1_0_1,
CA14BUT01,ch2kCA14BUT01,CA14BUT01_SrCa,paleoData.inCompilationBeta[1].compilationVersion[3],only_old,1_0_1,
CA14BUT01,ch2kCA14BUT01,CA14BUT01_d18O,paleoData.inCompilationBeta[1].compilationVersion[3],only_old,1_0_1,
CA14BUT01,ch2kCA14BUT01,CA14BUT01_d18O_sw,paleoData.inCompilationBeta[1].compilationVersion[3],only_old,1_0_1,
CA14TIM01,ch2kCA14TIM01,CA14TIM01_SrCa,paleoData.inCompilationBeta[1].compilationVersion[3],only_old,1_0_1,
CA14TIM01,ch2kCA14TIM01,CA14TIM01_d18O,paleoData.inCompilationBeta[1].compilationVersion[3],only_old,1_0_1,
CA14TIM01,ch2kCA14TIM01,CA14TIM01_d18O_sw,paleoData.inCompilationBeta[1].compilationVersion[3],only_old,1_0_1,
CH03BUN01,ch2kCH03BUN01,CH03BUN01_d18O,paleoData.inCompilationBeta[1].compilationVersion[3],only_old,1_0_1,
CH03LOM01,ch2kCH03LOM01,CH03LOM01_d18O,paleoData.inCompilationBeta[1].compilationVersion[3],only_old,1_0_1,
CH18YOA01,ch2kCH18YOA01,CH18YOA01_SrCa,paleoData.inCompilationBeta[1].compilationVersion[3],only_old,1_0_1,
CH18YOA02,ch2kCH18YOA02,CH18YOA02_SrCa,paleoData.inCompilationBeta[1].compilationVersion[3],only_old,1_0_1,
CH97BVB01,ch2kCH97BVB01,CH97BVB01_d18O,paleoData.inCompilationBeta[1].compilationVersion[3],only_old,1_0_1,
CH98PIR01,ch2kCH98PIR01,CH98PIR01_d18O,paleoData.inCompilationBeta[1].compilationVersion[3],only_old,1_0_1,
CO00MAL01,ch2kCO00MAL01,CO00MAL01_d18O,paleoData.inCompilationBeta[1].compilationVersion[3],only_old,1_0_1,
CO03PAL01,ch2kCO03PAL01,CO03PAL01_d18O,paleoData.inCompilationBeta[1].compilationVersion[3],only_old,1_0_1,
CO03PAL02,ch2kCO03PAL02,CO03PAL02_d18O,paleoData.inCompilationBeta[1].compilationVersion[3],only_old,1_0_1,
CO03PAL03,ch2kCO03PAL03,CO03PAL03_d18O,paleoData.inCompilationBeta[1].compilationVersion[3],only_old,1_0_1,
CO03PAL04,ch2kCO03PAL04,CO03PAL04_d18O,paleoData.inCompilationBeta[1].compilationVersion[3],only_old,1_0_1,
CO03PAL05,ch2kCO03PAL05,CO03PAL05_d18O,paleoData.inCompilationBeta[1].compilationVersion[3],only_old,1_0_1,
CO03PAL06,ch2kCO03PAL06,CO03PAL06_d18O,paleoData.inCompilationBeta[1].compilationVersion[3],only_old,1_0_1,
CO03PAL07,ch2kCO03PAL07,CO03PAL07_d18O,paleoData.inCompilationBeta[1].compilationVersion[3],only_old,1_0_1,
CO03PAL08,ch2kCO03PAL08,CO03PAL08_d18O,paleoData.inCompilationBeta[1].compilationVersion[3],only_old,1_0_1,
CO03PAL09,ch2kCO03PAL09,CO03PAL09_d18O,paleoData.inCompilationBeta[1].compilationVersion[3],only_old,1_0_1,
CO03PAL10,ch2kCO03PAL10,CO03PAL10_d18O,paleoData.inCompilationBeta[1].compilationVersion[3],only_old,1_0_1,
CO93TAR01,ch2kCO93TAR01,CO93TAR01_d18O,paleoData.inCompilationBeta[1].compilationVersion[3],only_old,1_0_1,
DA06MAF01,ch2kDA06MAF01,DA06MAF01_d18O,paleoData.inCompilationBeta[1].compilationVersion[3],only_old,1_0_1,
DA06MAF02,ch2kDA06MAF02,DA06MAF02_d18O,paleoData.inCompilationBeta[1].compilationVersion[3],only_old,1_0_1,
DE12ANC01,ch2kDE12ANC01,DE12ANC01_SrCa,paleoData.inCompilationBeta[1].compilationVersion[3],only_old,1_0_1,
DE13HAI01,ch2kDE13HAI01,DE13HAI01_SrCa,paleoData.inCompilationBeta[1].compilationVersion[3],only_old,1_0_1,
DE13HAI01,ch2kDE13HAI01,DE13HAI01_d18O,paleoData.inCompilationBeta[1].compilationVersion[3],only_old,1_0_1,
DE13HAI01,ch2kDE13HAI01,DE13HAI01_d18O_sw,paleoData.inCompilationBeta[1].compilationVersion[3],only_old,1_0_1,
DE14DTO01,ch2kDE14DTO01,DE14DTO01_SrCa,paleoData.inCompilationBeta[1].compilationVersion[3],only_old,1_0_1,
DE14DTO02,ch2kDE14DTO02,DE14DTO02_SrCa,paleoData.inCompilationBeta[1].compilationVersion[3],only_old,1_0_1,
DE14DTO03,ch2kDE14DTO03,DE14DTO03_SrCa,paleoData.inCompilationBeta[1].compilationVersion[3],only_old,1_0_1,
DE14DTO04,ch2kDE14DTO04,DE14DTO04_SrCa,paleoData.inCompilationBeta[1].compilationVersion[3],only_old,1_0_1,
DE16RED01,ch2kDE16RED01,DE16RED01_SrCa,paleoData.inCompilationBeta[1].compilationVersion[3],only_old,1_0_1,
DO18DAV01,ch2kDO18DAV01,DO18DAV01_SrCa,paleoData.inCompilationBeta[1].compilationVersion[3],only_old,1_0_1,
DR00KSB01,ch2kDR00KSB01,DR00KSB01_d18O,paleoData.inCompilationBeta[1].compilationVersion[3],only_old,1_0_1,
DR00NBB01,ch2kDR00NBB01,DR00NBB01_d18O,paleoData.inCompilationBeta[1].compilationVersion[3],only_old,1_0_1,
DR99ABR01,ch2kDR99ABR01,DR99ABR01_d18O,paleoData.inCompilationBeta[1].compilationVersion[3],only_old,1_0_1,
DU94URV01,ch2kDU94URV01,DU94URV01_d18O,paleoData.inCompilationBeta[1].compilationVersion[3],only_old,1_0_1,
DU94URV02,ch2kDU94URV02,DU94URV02_d18O,paleoData.inCompilationBeta[1].compilationVersion[3],only_old,1_0_1,
EV18ROC01,ch2kEV18ROC01,EV18ROC01_SrCa,paleoData.inCompilationBeta[1].compilationVersion[3],only_old,1_0_1,
EV98KIR01,ch2kEV98KIR01,EV98KIR01_d18O,paleoData.inCompilationBeta[1].compilationVersion[3],only_old,1_0_1,
FE09OGA01,ch2kFE09OGA01,FE09OGA01_SrCa,paleoData.inCompilationBeta[1].compilationVersion[3],only_old,1_0_1,
FE09OGA01,ch2kFE09OGA01,FE09OGA01_d18O,paleoData.inCompilationBeta[1].compilationVersion[3],only_old,1_0_1,
FE18RUS01,ch2kFE18RUS01,FE18RUS01_SrCa,paleoData.inCompilationBeta[1].compilationVersion[3],only_old,1_0_1,
FE18RUS01,ch2kFE18RUS01,FE18RUS01_d18O,paleoData.inCompilationBeta[1].compilationVersion[3],only_old,1_0_1,
FL17DTO01,ch2kFL17DTO01,FL17DTO01_SrCa,paleoData.inCompilationBeta[1].compilationVersion[3],only_old,1_0_1,
FL17DTO02,ch2kFL17DTO02,FL17DTO02_SrCa,paleoData.inCompilationBeta[1].compilationVersion[3],only_old,1_0_1,
FL18DTO01,ch2kFL18DTO01,FL18DTO01_SrCa,paleoData.inCompilationBeta[1].compilationVersion[3],only_old,1_0_1,
FL18DTO02,ch2kFL18DTO02,FL18DTO02_SrCa,paleoData.inCompilationBeta[1].compilationVersion[3],only_old,1_0_1,
FL18DTO03,ch2kFL18DTO03,FL18DTO03_SrCa,paleoData.inCompilationBeta[1].compilationVersion[3],only_old,1_0_1,
FL18DTO04,ch2kFL18DTO04,FL18DTO04_SrCa,paleoData.inCompilationBeta[1].compilationVersion[3],only_old,1_0_1,
GO08BER01,ch2kGO08BER01,GO08BER01_SrCa,paleoData.inCompilationBeta[1].compilationVersion[3],only_old,1_0_1,
GO08BER01,ch2kGO08BER01,GO08BER01_d18O,paleoData.inCompilationBeta[1].compilationVersion[3],only_old,1_0_1,
GO12SBV01,ch2kGO12SBV01,GO12SBV01_SrCa,paleoData.inCompilationBeta[1].compilationVersion[3],only_old,1_0_1,
GO12SBV01,ch2kGO12SBV01,GO12SBV01_d18O,paleoData.inCompilationBeta[1].compilationVersion[3],only_old,1_0_1,
GR13MAD01,ch2kGR13MAD01,GR13MAD01_SrCa,paleoData.inCompilationBeta[1].compilationVersion[3],only_old,1_0_1,
GR13MAD02,ch2kGR13MAD02,GR13MAD02_SrCa,paleoData.inCompilationBeta[1].compilationVersion[3],only_old,1_0_1,
GU99NAU01,ch2kGU99NAU01,GU99NAU01_d18O,paleoData.inCompilationBeta[1].compilationVersion[3],only_old,1_0_1,
GU99NAU02,ch2kGU99NAU02,GU99NAU02_d18O,paleoData.inCompilationBeta[1].compilationVersion[3],only_old,1_0_1,
HE02GBR01,ch2kHE02GBR01,HE02GBR01_SrCa,paleoData.inCompilationBeta[1].compilationVersion[3],only_old,1_0_1,
HE02GBR01,ch2kHE02GBR01,HE02GBR01_d18O,paleoData.inCompilationBeta[1].compilationVersion[3],only_old,1_0_1,
HE02GBR01,ch2kHE02GBR01,HE02GBR01_d18O_sw,paleoData.inCompilationBeta[1].compilationVersion[3],only_old,1_0_1,
HE08LRA01,ch2kHE08LRA01,HE08LRA01_d18O,paleoData.inCompilationBeta[1].compilationVersion[3],only_old,1_0_1,
HE10GUA01,ch2kHE10GUA01,HE10GUA01_SrCa,paleoData.inCompilationBeta[1].compilationVersion[3],only_old,1_0_1,
HE10GUA01,ch2kHE10GUA01,HE10GUA01_d18O,paleoData.inCompilationBeta[1].compilationVersion[3],only_old,1_0_1,
HE13MIS01,ch2kHE13MIS01,HE13MIS01_SrCa,paleoData.inCompilationBeta[1].compilationVersion[3],only_old,1_0_1,
HE13MIS01,ch2kHE13MIS01,HE13MIS01_d18O,paleoData.inCompilationBeta[1].compilationVersion[3],only_old,1_0_1,
HE13MIS02,ch2kHE13MIS02,HE13MIS02_SrCa,paleoData.inCompilationBeta[1].compilationVersion[3],only_old,1_0_1,
HE13MIS02,ch2kHE13MIS02,HE13MIS02_d18O,paleoData.inCompilationBeta[1].compilationVersion[3],only_old,1_0_1,
HE18COC01,ch2kHE18COC01,HE18COC01_SrCa,paleoData.inCompilationBeta[1].compilationVersion[3],only_old,1_0_1,
HE18COC01,ch2kHE18COC01,HE18COC01_d18O,paleoData.inCompilationBeta[1].compilationVersion[3],only_old,1_0_1,
HE18COC01,ch2kHE18COC01,HE18COC01_d18O_sw,paleoData.inCompilationBeta[1].compilationVersion[3],only_old,1_0_1,
HE18COC02,ch2kHE18COC02,HE18COC02_SrCa,paleoData.inCompilationBeta[1].compilationVersion[3],only_old,1_0_1,
HE18COC02,ch2kHE18COC02,HE18COC02_d18O,paleoData.inCompilationBeta[1].compilationVersion[3],only_old,1_0_1,
HE18COC02,ch2kHE18COC02,HE18COC02_d18O_sw,paleoData.inCompilationBeta[1].compilationVersion[3],only_old,1_0_1,
JI18GAL01,ch2kJI18GAL01,JI18GAL01_SrCa,paleoData.inCompilationBeta[1].compilationVersion[3],only_old,1_0_1,
JI18GAL02,ch2kJI18GAL02,JI18GAL02_SrCa,paleoData.inCompilationBeta[1].compilationVersion[3],only_old,1_0_1,
KA17RYU01,ch2kKA17RYU01,KA17RYU01_SrCa,paleoData.inCompilationBeta[1].compilationVersion[3],only_old,1_0_1,
KI04MCV01,ch2kKI04MCV01,KI04MCV01_SrCa,paleoData.inCompilationBeta[1].compilationVersion[3],only_old,1_0_1,
KI04MCV01,ch2kKI04MCV01,KI04MCV01_d18O,paleoData.inCompilationBeta[1].compilationVersion[3],only_old,1_0_1,
KI08PAR01,ch2kKI08PAR01,KI08PAR01_SrCa,paleoData.inCompilationBeta[1].compilationVersion[3],only_old,1_0_1,
KI08PAR01,ch2kKI08PAR01,KI08PAR01_d18O,paleoData.inCompilationBeta[1].compilationVersion[3],only_old,1_0_1,
KI14PAR01,ch2kKI14PAR01,KI14PAR01_SrCa,paleoData.inCompilationBeta[1].compilationVersion[3],only_old,1_0_1,
KI14PAR01,ch2kKI14PAR01,KI14PAR01_d18O,paleoData.inCompilationBeta[1].compilationVersion[3],only_old,1_0_1,
KI14PAR01,ch2kKI14PAR01,KI14PAR01_d18O_sw,paleoData.inCompilationBeta[1].compilationVersion[3],only_old,1_0_1,
KL97DAH01,ch2kKL97DAH01,KL97DAH01_d18O,paleoData.inCompilationBeta[1].compilationVersion[3],only_old,1_0_1,
KR20SAR01,ch2kKR20SAR01,KR20SAR01_SrCa,paleoData.inCompilationBeta[1].compilationVersion[3],only_old,1_0_1,
KR20SAR01,ch2kKR20SAR01,KR20SAR01_d18O,paleoData.inCompilationBeta[1].compilationVersion[3],only_old,1_0_1,
KR20SAR01,ch2kKR20SAR01,KR20SAR01_d18O_sw,paleoData.inCompilationBeta[1].compilationVersion[3],only_old,1_0_1,
KR20SAR02,ch2kKR20SAR02,KR20SAR02_SrCa,paleoData.inCompilationBeta[1].compilationVersion[3],only_old,1_0_1,
KR20SAR02,ch2kKR20SAR02,KR20SAR02_d18O,paleoData.inCompilationBeta[1].compilationVersion[3],only_old,1_0_1,
KR20SAR02,ch2kKR20SAR02,KR20SAR02_d18O_sw,paleoData.inCompilationBeta[1].compilationVersion[3],only_old,1_0_1,
KU00NIN01,ch2kKU00NIN01,KU00NIN01_d18O,paleoData.inCompilationBeta[1].compilationVersion[3],only_old,1_0_1,
KU99HOU01,ch2kKU99HOU01,KU99HOU01_d18O,paleoData.inCompilationBeta[1].compilationVersion[3],only_old,1_0_1,
LI00RAR01,ch2kLI00RAR01,LI00RAR01_SrCa,paleoData.inCompilationBeta[1].compilationVersion[3],only_old,1_0_1,
LI00RAR01,ch2kLI00RAR01,LI00RAR01_d18O,paleoData.inCompilationBeta[1].compilationVersion[3],only_old,1_0_1,
LI00RAR01,ch2kLI00RAR01,LI00RAR01_d18O_sw,paleoData.inCompilationBeta[1].compilationVersion[3],only_old,1_0_1,
LI04FIJ01,ch2kLI04FIJ01,LI04FIJ01_SrCa,paleoData.inCompilationBeta[1].compilationVersion[3],only_old,1_0_1,
LI04FIJ01,ch2kLI04FIJ01,LI04FIJ01_d18O,paleoData.inCompilationBeta[1].compilationVersion[3],only_old,1_0_1,
LI04FIJ01,ch2kLI04FIJ01,LI04FIJ01_d18O_sw,paleoData.inCompilationBeta[1].compilationVersion[3],only_old,1_0_1,
LI06FIJ01,ch2kLI06FIJ01,LI06FIJ01_d18O,paleoData.inCompilationBeta[1].compilationVersion[3],only_old,1_0_1,
LI06RAR01,ch2kLI06RAR01,LI06RAR01_d18O,paleoData.inCompilationBeta[1].compilationVersion[3],only_old,1_0_1,
LI06RAR02,ch2kLI06RAR02,LI06RAR02_d18O,paleoData.inCompilationBeta[1].compilationVersion[3],only_old,1_0_1,
LI94SEC01,ch2kLI94SEC01,LI94SEC01_d18O,paleoData.inCompilationBeta[1].compilationVersion[3],only_old,1_0_1,
LI99CLI01,ch2kLI99CLI01,LI99CLI01_d18O,paleoData.inCompilationBeta[1].compilationVersion[3],only_old,1_0_1,
MA08DTO01,ch2kMA08DTO01,MA08DTO01_SrCa,paleoData.inCompilationBeta[1].compilationVersion[3],only_old,1_0_1,
MA08DTO01,ch2kMA08DTO01,MA08DTO01_d18O,paleoData.inCompilationBeta[1].compilationVersion[3],only_old,1_0_1,
MC04PNG01,ch2kMC04PNG01,MC04PNG01_d18O,paleoData.inCompilationBeta[1].compilationVersion[3],only_old,1_0_1,
MC11KIR01,ch2kMC11KIR01,MC11KIR01_d18O,paleoData.inCompilationBeta[1].compilationVersion[3],only_old,1_0_1,
MO06PED01,ch2kMO06PED01,MO06PED01_d18O,paleoData.inCompilationBeta[1].compilationVersion[3],only_old,1_0_1,
MO20KOI01,ch2kMO20KOI01,MO20KOI01_SrCa,paleoData.inCompilationBeta[1].compilationVersion[3],only_old,1_0_1,
MO20KOI01,ch2kMO20KOI01,MO20KOI01_d18O,paleoData.inCompilationBeta[1].compilationVersion[3],only_old,1_0_1,
MO20KOI01,ch2kMO20KOI01,MO20KOI01_d18O_sw,paleoData.inCompilationBeta[1].compilationVersion[3],only_old,1_0_1,
MO20WOA01,ch2kMO20WOA01,MO20WOA01_SrCa,paleoData.inCompilationBeta[1].compilationVersion[3],only_old,1_0_1,
MO20WOA01,ch2kMO20WOA01,MO20WOA01_d18O,paleoData.inCompilationBeta[1].compilationVersion[3],only_old,1_0_1,
MO20WOA01,ch2kMO20WOA01,MO20WOA01_d18O_sw,paleoData.inCompilationBeta[1].compilationVersion[3],only_old,1_0_1,
MU17DOA01,ch2kMU17DOA01,MU17DOA01_d18O,paleoData.inCompilationBeta[1].compilationVersion[3],only_old,1_0_1,
MU18GSI01,ch2kMU18GSI01,MU18GSI01_SrCa,paleoData.inCompilationBeta[1].compilationVersion[3],only_old,1_0_1,
MU18GSI01,ch2kMU18GSI01,MU18GSI01_d18O,paleoData.inCompilationBeta[1].compilationVersion[3],only_old,1_0_1,
MU18NPI01,ch2kMU18NPI01,MU18NPI01_SrCa,paleoData.inCompilationBeta[1].compilationVersion[3],only_old,1_0_1,
MU18NPI01,ch2kMU18NPI01,MU18NPI01_d18O,paleoData.inCompilationBeta[1].compilationVersion[3],only_old,1_0_1,
MU18RED01,ch2kMU18RED01,MU18RED01_SrCa,paleoData.inCompilationBeta[1].compilationVersion[3],only_old,1_0_1,
MU18RED02,ch2kMU18RED02,MU18RED02_SrCa,paleoData.inCompilationBeta[1].compilationVersion[3],only_old,1_0_1,
MU18RED03,ch2kMU18RED03,MU18RED03_SrCa,paleoData.inCompilationBeta[1].compilationVersion[3],only_old,1_0_1,
MU18RED04,ch2kMU18RED04,MU18RED04_SrCa,paleoData.inCompilationBeta[1].compilationVersion[3],only_old,1_0_1,
NA09MAL01,ch2kNA09MAL01,NA09MAL01_d18O,paleoData.inCompilationBeta[1].compilationVersion[3],only_old,1_0_1,
NU09FAN01,ch2kNU09FAN01,NU09FAN01_SrCa,paleoData.inCompilationBeta[1].compilationVersion[3],only_old,1_0_1,
NU09FAN01,ch2kNU09FAN01,NU09FAN01_d18O,paleoData.inCompilationBeta[1].compilationVersion[3],only_old,1_0_1,
NU09FAN01,ch2kNU09FAN01,NU09FAN01_d18O_sw,paleoData.inCompilationBeta[1].compilationVersion[3],only_old,1_0_1,
NU09KIR01,ch2kNU09KIR01,NU09KIR01_SrCa,paleoData.inCompilationBeta[1].compilationVersion[3],only_old,1_0_1,
NU09KIR01,ch2kNU09KIR01,NU09KIR01_d18O,paleoData.inCompilationBeta[1].compilationVersion[3],only_old,1_0_1,
NU09KIR01,ch2kNU09KIR01,NU09KIR01_d18O_sw,paleoData.inCompilationBeta[1].compilationVersion[3],only_old,1_0_1,
NU11PAL01,ch2kNU11PAL01,NU11PAL01_SrCa,paleoData.inCompilationBeta[1].compilationVersion[3],only_old,1_0_1,
NU11PAL01,ch2kNU11PAL01,NU11PAL01_d18O,paleoData.inCompilationBeta[1].compilationVersion[3],only_old,1_0_1,
NU11PAL01,ch2kNU11PAL01,NU11PAL01_d18O_sw,paleoData.inCompilationBeta[1].compilationVersion[3],only_old,1_0_1,
OS13NGP01,ch2kOS13NGP01,OS13NGP01_d18O,paleoData.inCompilationBeta[1].compilationVersion[3],only_old,1_0_1,
OS13NLP01,ch2kOS13NLP01,OS13NLP01_d18O,paleoData.inCompilationBeta[1].compilationVersion[3],only_old,1_0_1,
OS14RIP01,ch2kOS14RIP01,OS14RIP01_d18O,paleoData.inCompilationBeta[1].compilationVersion[3],only_old,1_0_1,
OS14UCP01,ch2kOS14UCP01,OS14UCP01_d18O,paleoData.inCompilationBeta[1].compilationVersion[3],only_old,1_0_1,
PF04PBA01,ch2kPF04PBA01,PF04PBA01_d18O,paleoData.inCompilationBeta[1].compilationVersion[3],only_old,1_0_1,
PF19LAR01,ch2kPF19LAR01,PF19LAR01_SrCa,paleoData.inCompilationBeta[1].compilationVersion[3],only_old,1_0_1,
PF19LAR01,ch2kPF19LAR01,PF19LAR01_d18O,paleoData.inCompilationBeta[1].compilationVersion[3],only_old,1_0_1,
QU06RAB01,ch2kQU06RAB01,QU06RAB01_SrCa,paleoData.inCompilationBeta[1].compilationVersion[3],only_old,1_0_1,
QU06RAB01,ch2kQU06RAB01,QU06RAB01_d18O,paleoData.inCompilationBeta[1].compilationVersion[3],only_old,1_0_1,
QU96ESV01,ch2kQU96ESV01,QU96ESV01_d18O,paleoData.inCompilationBeta[1].compilationVersion[3],only_old,1_0_1,
RA19PAI01,ch2kRA19PAI01,RA19PAI01_SrCa,paleoData.inCompilationBeta[1].compilationVersion[3],only_old,1_0_1,
RA19PAI01,ch2kRA19PAI01,RA19PAI01_d18O,paleoData.inCompilationBeta[1].compilationVersion[3],only_old,1_0_1,
RA20TAI01,ch2kRA20TAI01,RA20TAI01_SrCa,paleoData.inCompilationBeta[1].compilationVersion[3],only_old,1_0_1,
RA20TAI01,ch2kRA20TAI01,RA20TAI01_d18O,paleoData.inCompilationBeta[1].compilationVersion[3],only_old,1_0_1,
RE18CAY01,ch2kRE18CAY01,RE18CAY01_SrCa,paleoData.inCompilationBeta[1].compilationVersion[3],only_old,1_0_1,
RE18CAY01,ch2kRE18CAY01,RE18CAY01_d18O,paleoData.inCompilationBeta[1].compilationVersion[3],only_old,1_0_1,
RE19GBR01,ch2kRE19GBR01,RE19GBR01_SrCa,paleoData.inCompilationBeta[1].compilationVersion[3],only_old,1_0_1,
RE19GBR01,ch2kRE19GBR01,RE19GBR01_d18O,paleoData.inCompilationBeta[1].compilationVersion[3],only_old,1_0_1,
RE19GBR02,ch2kRE19GBR02,RE19GBR02_SrCa,paleoData.inCompilationBeta[1].compilationVersion[3],only_old,1_0_1,
RE19GBR02,ch2kRE19GBR02,RE19GBR02_d18O,paleoData.inCompilationBeta[1].compilationVersion[3],only_old,1_0_1,
RE19GBR03,ch2kRE19GBR03,RE19GBR03_SrCa,paleoData.inCompilationBeta[1].compilationVersion[3],only_old,1_0_1,
RE19GBR03,ch2kRE19GBR03,RE19GBR03_d18O,paleoData.inCompilationBeta[1].compilationVersion[3],only_old,1_0_1,
RE19GBR04,ch2kRE19GBR04,RE19GBR04_SrCa,paleoData.inCompilationBeta[1].compilationVersion[3],only_old,1_0_1,
RE19GBR05,ch2kRE19GBR05,RE19GBR05_SrCa,paleoData.inCompilationBeta[1].compilationVersion[3],only_old,1_0_1,
RI10PBL01,ch2kRI10PBL01,RI10PBL01_d18O,paleoData.inCompilationBeta[1].compilationVersion[3],only_old,1_0_1,
RO19MAR01,ch2kRO19MAR01,RO19MAR01_SrCa,paleoData.inCompilationBeta[1].compilationVersion[3],only_old,1_0_1,
RO19PAR01,ch2kRO19PAR01,RO19PAR01_SrCa,paleoData.inCompilationBeta[1].compilationVersion[3],only_old,1_0_1,
RO19YUC01,ch2kRO19YUC01,RO19YUC01_SrCa,paleoData.inCompilationBeta[1].compilationVersion[3],only_old,1_0_1,
SA16CLA01,ch2kSA16CLA01,SA16CLA01_d18O,paleoData.inCompilationBeta[1].compilationVersion[3],only_old,1_0_1,
SA18GBR01,ch2kSA18GBR01,SA18GBR01_SrCa,paleoData.inCompilationBeta[1].compilationVersion[3],only_old,1_0_1,
SA19PAL01,ch2kSA19PAL01,SA19PAL01_SrCa,paleoData.inCompilationBeta[1].compilationVersion[3],only_old,1_0_1,
SA19PAL01,ch2kSA19PAL01,SA19PAL01_d18O,paleoData.inCompilationBeta[1].compilationVersion[3],only_old,1_0_1,
SA19PAL02,ch2kSA19PAL02,SA19PAL02_SrCa,paleoData.inCompilationBeta[1].compilationVersion[3],only_old,1_0_1,
SA19PAL02,ch2kSA19PAL02,SA19PAL02_d18O,paleoData.inCompilationBeta[1].compilationVersion[3],only_old,1_0_1,
SA20FAN01,ch2kSA20FAN01,SA20FAN01_d18O,paleoData.inCompilationBeta[1].compilationVersion[3],only_old,1_0_1,
SA20FAN02,ch2kSA20FAN02,SA20FAN02_d18O,paleoData.inCompilationBeta[1].compilationVersion[3],only_old,1_0_1,
SH92PUN01,ch2kSH92PUN01,SH92PUN01_d18O,paleoData.inCompilationBeta[1].compilationVersion[3],only_old,1_0_1,
SM06LKF01,ch2kSM06LKF01,SM06LKF01_SrCa,paleoData.inCompilationBeta[1].compilationVersion[3],only_old,1_0_1,
SM06LKF01,ch2kSM06LKF01,SM06LKF01_d18O,paleoData.inCompilationBeta[1].compilationVersion[3],only_old,1_0_1,
SM06LKF02,ch2kSM06LKF02,SM06LKF02_SrCa,paleoData.inCompilationBeta[1].compilationVersion[3],only_old,1_0_1,
SM06LKF02,ch2kSM06LKF02,SM06LKF02_d18O,paleoData.inCompilationBeta[1].compilationVersion[3],only_old,1_0_1,
ST13MAL01,ch2kST13MAL01,ST13MAL01_SrCa,paleoData.inCompilationBeta[1].compilationVersion[3],only_old,1_0_1,
ST13MAL01,ch2kST13MAL01,ST13MAL01_d18O,paleoData.inCompilationBeta[1].compilationVersion[3],only_old,1_0_1,
SW98STP01,ch2kSW98STP01,SW98STP01_d18O,paleoData.inCompilationBeta[1].compilationVersion[3],only_old,1_0_1,
SW99LIG01,ch2kSW99LIG01,SW99LIG01_d18O,paleoData.inCompilationBeta[1].compilationVersion[3],only_old,1_0_1,
SW99LIG02,ch2kSW99LIG02,SW99LIG02_d18O,paleoData.inCompilationBeta[1].compilationVersion[3],only_old,1_0_1,
TA18TAS01,ch2kTA18TAS01,TA18TAS01_d18O,paleoData.inCompilationBeta[1].compilationVersion[3],only_old,1_0_1,
TU01DEP01,ch2kTU01DEP01,TU01DEP01_d18O,paleoData.inCompilationBeta[1].compilationVersion[3],only_old,1_0_1,
TU01LAI01,ch2kTU01LAI01,TU01LAI01_d18O,paleoData.inCompilationBeta[1].compilationVersion[3],only_old,1_0_1,
TU01SIA01,ch2kTU01SIA01,TU01SIA01_d18O,paleoData.inCompilationBeta[1].compilationVersion[3],only_old,1_0_1,
TU95MAD01,ch2kTU95MAD01,TU95MAD01_d18O,paleoData.inCompilationBeta[1].compilationVersion[3],only_old,1_0_1,
UR00MAI01,ch2kUR00MAI01,UR00MAI01_d18O,paleoData.inCompilationBeta[1].compilationVersion[3],only_old,1_0_1,
WA17BAN01,ch2kWA17BAN01,WA17BAN01_SrCa,paleoData.inCompilationBeta[1].compilationVersion[3],only_old,1_0_1,
WA17BAN01,ch2kWA17BAN01,WA17BAN01_d18O,paleoData.inCompilationBeta[1].compilationVersion[3],only_old,1_0_1,
WE09ARR01,ch2kWE09ARR01,WE09ARR01_SrCa,paleoData.inCompilationBeta[1].compilationVersion[3],only_old,1_0_1,
WE09ARR01,ch2kWE09ARR01,WE09ARR01_d18O,paleoData.inCompilationBeta[1].compilationVersion[3],only_old,1_0_1,
WU13TON01,ch2kWU13TON01,WU13TON01_SrCa,paleoData.inCompilationBeta[1].compilationVersion[3],only_old,1_0_1,
WU13TON01,ch2kWU13TON01,WU13TON01_d18O,paleoData.inCompilationBeta[1].compilationVersion[3],only_old,1_0_1,
WU14CLI01,ch2kWU14CLI01,WU14CLI01_SrCa,paleoData.inCompilationBeta[1].compilationVersion[3],only_old,1_0_1,
WU14CLI01,ch2kWU14CLI01,WU14CLI01_d18O,paleoData.inCompilationBeta[1].compilationVersion[3],only_old,1_0_1,
WU14CLI01,ch2kWU14CLI01,WU14CLI01_d18O_sw,paleoData.inCompilationBeta[1].compilationVersion[3],only_old,1_0_1,
XI17HAI01,ch2kXI17HAI01,XI17HAI01_SrCa,paleoData.inCompilationBeta[1].compilationVersion[3],only_old,1_0_1,
XI17HAI01,ch2kXI17HAI01,XI17HAI01_d18O,paleoData.inCompilationBeta[1].compilationVersion[3],only_old,1_0_1,
XI17HAI01,ch2kXI17HAI01,XI17HAI01_d18O_sw,paleoData.inCompilationBeta[1].compilationVersion[3],only_old,1_0_1,
XU15BVI01,ch2kXU15BVI01,XU15BVI01_SrCa,paleoData.inCompilationBeta[1].compilationVersion[3],only_old,1_0_1,
XU15BVI02,ch2kXU15BVI02,XU15BVI02_SrCa,paleoData.inCompilationBeta[1].compilationVersion[3],only_old,1_0_1,
XU15BVI03,ch2kXU15BVI03,XU15BVI03_SrCa,paleoData.inCompilationBeta[1].compilationVersion[3],only_old,1_0_1,
ZI04IFR01,ch2kZI04IFR01,ZI04IFR01_SrCa,paleoData.inCompilationBeta[1].compilationVersion[3],only_old,1_0_1,
ZI04IFR01,ch2kZI04IFR01,ZI04IFR01_d18O,paleoData.inCompilationBeta[1].compilationVersion[3],only_old,1_0_1,
ZI08MAY01,ch2kZI08MAY01,ZI08MAY01_SrCa,paleoData.inCompilationBeta[1].compilationVersion[3],only_old,1_0_1,
ZI08MAY01,ch2kZI08MAY01,ZI08MAY01_d18O,paleoData.inCompilationBeta[1].compilationVersion[3],only_old,1_0_1,
ZI08MAY01,ch2kZI08MAY01,ZI08MAY01_d18O_sw,paleoData.inCompilationBeta[1].compilationVersion[3],only_old,1_0_1,
ZI14HOU01,ch2kZI14HOU01,ZI14HOU01_SrCa,paleoData.inCompilationBeta[1].compilationVersion[3],only_old,1_0_1,
ZI14HOU01,ch2kZI14HOU01,ZI14HOU01_d18O,paleoData.inCompilationBeta[1].compilationVersion[3],only_old,1_0_1,
ZI14IFR02,ch2kZI14IFR02,ZI14IFR02_d18O,paleoData.inCompilationBeta[1].compilationVersion[3],only_old,1_0_1,
ZI14TUR01,ch2kZI14TUR01,ZI14TUR01_d18O,paleoData.inCompilationBeta[1].compilationVersion[3],only_old,1_0_1,
ZI15BUN01,ch2kZI15BUN01,ZI15BUN01_SrCa,paleoData.inCompilationBeta[1].compilationVersion[3],only_old,1_0_1,
ZI15CLE01,ch2kZI15CLE01,ZI15CLE01_SrCa,paleoData.inCompilationBeta[1].compilationVersion[3],only_old,1_0_1,
ZI15IMP01,ch2kZI15IMP01,ZI15IMP01_SrCa,paleoData.inCompilationBeta[1].compilationVersion[3],only_old,1_0_1,
ZI15IMP02,ch2kZI15IMP02,ZI15IMP02_SrCa,paleoData.inCompilationBeta[1].compilationVersion[3],only_old,1_0_1,
ZI15MER01,ch2kZI15MER01,ZI15MER01_SrCa,paleoData.inCompilationBeta[1].compilationVersion[3],only_old,1_0_1,
ZI15TAN01,ch2kZI15TAN01,ZI15TAN01_SrCa,paleoData.inCompilationBeta[1].compilationVersion[3],only_old,1_0_1,
ZI16ROD01,ch2kZI16ROD01,ZI16ROD01_SrCa,paleoData.inCompilationBeta[1].compilationVersion[3],only_old,1_0_1,
ZI16ROD02,ch2kZI16ROD02,ZI16ROD02_SrCa,paleoData.inCompilationBeta[1].compilationVersion[3],only_old,1_0_1,
AB08MEN01,ch2kAB08MEN01,,pub[1].author,only_old,"Abram, N. J., Gagan, M. K., Cole, J. E., Hantoro, W. S. and Mudelsee, M.",
AB15BHB01,ch2kAB15BHB01,,pub[1].author,only_old,"Abram, N. J., Dixon, B. C., Rosevear, M. G., Plunkett, B., Gagan, M. K., Hantoro, W. S. and Phipps, S. J.",
AB20MEN01,ch2kAB20MEN01,,pub[1].author,only_old,"Abram, N.J., Wright, N.M., Ellis, B., Dixon, B. C., Wurtzel, J. B., England, M. H., Ummenhofer, C. C., Philibosian, B., Cahyarini, S. Y., Yu, T.-L., Shen, C.-C., Cheng, H., Edwards, R. L. and Heslop, D.",
AB20MEN02,ch2kAB20MEN02,,pub[1].author,only_old,"Abram, N.J., Wright, N.M., Ellis, B., Dixon, B. C., Wurtzel, J. B., England, M. H., Ummenhofer, C. C., Philibosian, B., Cahyarini, S. Y., Yu, T.-L., Shen, C.-C., Cheng, H., Edwards, R. L. and Heslop, D.",
AB20MEN03,ch2kAB20MEN03,,pub[1].author,only_old,"Abram, N.J., Wright, N.M., Ellis, B., Dixon, B. C., Wurtzel, J. B., England, M. H., Ummenhofer, C. C., Philibosian, B., Cahyarini, S. Y., Yu, T.-L., Shen, C.-C., Cheng, H., Edwards, R. L. and Heslop, D.",
AB20MEN04,ch2kAB20MEN04,,pub[1].author,only_old,"Abram, N.J., Wright, N.M., Ellis, B., Dixon, B. C., Wurtzel, J. B., England, M. H., Ummenhofer, C. C., Philibosian, B., Cahyarini, S. Y., Yu, T.-L., Shen, C.-C., Cheng, H., Edwards, R. L. and Heslop, D.",
AB20MEN05,ch2kAB20MEN05,,pub[1].author,only_old,"Abram, N.J., Wright, N.M., Ellis, B., Dixon, B. C., Wurtzel, J. B., England, M. H., Ummenhofer, C. C., Philibosian, B., Cahyarini, S. Y., Yu, T.-L., Shen, C.-C., Cheng, H., Edwards, R. L. and Heslop, D.",
AB20MEN06,ch2kAB20MEN06,,pub[1].author,only_old,"Abram, N.J., Wright, N.M., Ellis, B., Dixon, B. C., Wurtzel, J. B., England, M. H., Ummenhofer, C. C., Philibosian, B., Cahyarini, S. Y., Yu, T.-L., Shen, C.-C., Cheng, H., Edwards, R. L. and Heslop, D.",
AB20MEN07,ch2kAB20MEN07,,pub[1].author,only_old,"Abram, N.J., Wright, N.M., Ellis, B., Dixon, B. C., Wurtzel, J. B., England, M. H., Ummenhofer, C. C., Philibosian, B., Cahyarini, S. Y., Yu, T.-L., Shen, C.-C., Cheng, H., Edwards, R. L. and Heslop, D.",
AB20MEN08,ch2kAB20MEN08,,pub[1].author,only_old,"Abram, N.J., Wright, N.M., Ellis, B., Dixon, B. C., Wurtzel, J. B., England, M. H., Ummenhofer, C. C., Philibosian, B., Cahyarini, S. Y., Yu, T.-L., Shen, C.-C., Cheng, H., Edwards, R. L. and Heslop, D.",
AB20MEN09,ch2kAB20MEN09,,pub[1].author,only_old,"Abram, N.J., Wright, N.M., Ellis, B., Dixon, B. C., Wurtzel, J. B., England, M. H., Ummenhofer, C. C., Philibosian, B., Cahyarini, S. Y., Yu, T.-L., Shen, C.-C., Cheng, H., Edwards, R. L. and Heslop, D.",
AL16PUR01,ch2kAL16PUR01,,pub[1].author,only_old,"Alpert, A. E., Cohen, A. L., Oppo, D. W., DeCarlo, T. M., Gaetani, G. A., Hernandez-Delgado, E. A., Winter, A. and Gonneea, M. E.",
AL16PUR02,ch2kAL16PUR02,,pub[1].author,only_old,"Alpert, A. E., Cohen, A. L., Oppo, D. W., DeCarlo, T. M., Gaetani, G. A., Hernandez-Delgado, E. A., Winter, A. and Gonneea, M. E.",
AL16YUC01,ch2kAL16YUC01,,pub[1].author,only_old,"Alpert, A. E., Cohen, A. L., Oppo, D. W., DeCarlo, T. M., Gaetani, G. A., Hernandez-Delgado, E. A., Winter, A. and Gonneea, M. E.",
AS05GUA01,ch2kAS05GUA01,,pub[1].author,only_old,"Asami, R., Yamada, T., Iryu, Y., Quinn, T. M., Meyer, C. P. and Paulay, G.",
BA04FIJ01,ch2kBA04FIJ01,,pub[1].author,only_old,"Bagnato, S., Linsley, B. K., Howe, S. S., Wellington, G. M. and Salinger, J.",
BA04FIJ02,ch2kBA04FIJ02,,pub[1].author,only_old,"Bagnato, S., Linsley, B. K., Howe, S. S., Wellington, G. M. and Salinger, J.",
BO14HTI01,ch2kBO14HTI01,,pub[1].author,only_old,"Bolton, A., Goodkin, N. F., Hughen, K., Ostermann, D. R., Vo, S. T. and Phan, H. K.",
BO14HTI02,ch2kBO14HTI02,,pub[1].author,only_old,"Bolton, A., Goodkin, N. F., Hughen, K., Ostermann, D. R., Vo, S. T. and Phan, H. K.",
BO99MOO01,ch2kBO99MOO01,,pub[1].author,only_old,"Boiseau, M., Ghil, M. and Juillet-Leclerc, A.",
BR19RED01,ch2kBR19RED01,,pub[1].author,only_old,"Bryan, S. P., Hughen, K. A., Karnauskas, K. B. and Farrar, J. T.",
CA07FLI01,ch2kCA07FLI01,,pub[1].author,only_old,"Calvo, E., Marshall, J. F., Pelejero, C., McCulloch, M. T., Gagan, M. K. and Lough, J. M.",
CA13DIA01,ch2kCA13DIA01,,pub[1].author,only_old,"Carilli, J. E., Charles, C. D., Garren, M., McField, M. and Norris, R. D.",
CA13PEL01,ch2kCA13PEL01,,pub[1].author,only_old,"Carilli, J. E., Charles, C. D., Garren, M., McField, M. and Norris, R. D.",
CA13SAP01,ch2kCA13SAP01,,pub[1].author,only_old,"Carilli, J. E., Charles, C. D., Garren, M., McField, M. and Norris, R. D.",
CA13TUR01,ch2kCA13TUR01,,pub[1].author,only_old,"Carilli, J. E., Charles, C. D., Garren, M., McField, M. and Norris, R. D.",
CA14BUT01,ch2kCA14BUT01,,pub[1].author,only_old,"Carilli, J. E., McGregor, H. V., Gaudry, J. J., Donner, S. D., Gagan, M. K., Stevenson, S., Wong, H., and Fink, D.",
CA14TIM01,ch2kCA14TIM01,,pub[1].author,only_old,"Cahyarini, S. Y., Pfeiffer, M., Nurhati, I. S., Aldrian, E., Dullo, W.-C. and Hetzinger, S.",
CH03BUN01,ch2kCH03BUN01,,pub[1].author,only_old,"Charles, C. D., Cobb, K., Moore, M. D. and Fairbanks, R. G.",
CH03LOM01,ch2kCH03LOM01,,pub[1].author,only_old,"Charles, C. D., Cobb, K., Moore, M. D. and Fairbanks, R. G.",
CH18YOA01,ch2kCH18YOA01,,pub[1].author,only_old,"Chen, T., Cobb, K. M., Roff, G., Zhao, J., Yang, H., Hu, M. and Zhao, K.",
CH18YOA02,ch2kCH18YOA02,,pub[1].author,only_old,"Chen, T., Cobb, K. M., Roff, G., Zhao, J., Yang, H., Hu, M. and Zhao, K.",
CH97BVB01,ch2kCH97BVB01,,pub[1].author,only_old,"Charles, C. D., Hunter, D. E. and Fairbanks, R. G.",
CH98PIR01,ch2kCH98PIR01,,pub[1].author,only_old,"Chakraborty, S. and Ramesh, R.",
CO00MAL01,ch2kCO00MAL01,,pub[1].author,only_old,"Cole, J. E., Dunbar, R. B., McClanahan,T. R. and Muthiga, N. A.",
CO03PAL01,ch2kCO03PAL01,,pub[1].author,only_old,"Cobb, K. M., Charles, C. D., Cheng, H. and Edwards, R. L.",
CO03PAL02,ch2kCO03PAL02,,pub[1].author,only_old,"Cobb, K. M., Charles, C. D., Cheng, H. and Edwards, R. L.",
CO03PAL03,ch2kCO03PAL03,,pub[1].author,only_old,"Cobb, K. M., Charles, C. D., Cheng, H. and Edwards, R. L.",
CO03PAL04,ch2kCO03PAL04,,pub[1].author,only_old,"Cobb, K. M., Charles, C. D., Cheng, H. and Edwards, R. L.",
CO03PAL05,ch2kCO03PAL05,,pub[1].author,only_old,"Cobb, K. M., Charles, C. D., Cheng, H. and Edwards, R. L.",
CO03PAL06,ch2kCO03PAL06,,pub[1].author,only_old,"Cobb, K. M., Charles, C. D., Cheng, H. and Edwards, R. L.",
CO03PAL07,ch2kCO03PAL07,,pub[1].author,only_old,"Cobb, K. M., Charles, C. D., Cheng, H. and Edwards, R. L.",
CO03PAL08,ch2kCO03PAL08,,pub[1].author,only_old,"Cobb, K. M., Charles, C. D., Cheng, H. and Edwards, R. L.",
CO03PAL09,ch2kCO03PAL09,,pub[1].author,only_old,"Cobb, K. M., Charles, C. D., Cheng, H. and Edwards, R. L.",
CO03PAL10,ch2kCO03PAL10,,pub[1].author,only_old,"Cobb, K. M., Charles, C. D., Cheng, H. and Edwards, R. L.",
CO93TAR01,ch2kCO93TAR01,,pub[1].author,only_old,"Cole, J. E., Fairbanks, R. G. and Shen, G. T.",
DA06MAF01,ch2kDA06MAF01,,pub[1].author,only_old,"Damassa, T. D., Cole, J. E., Barnett, H. R., Ault, T. R. and McClanahan, T. R.",
DA06MAF02,ch2kDA06MAF02,,pub[1].author,only_old,"Damassa, T. D., Cole, J. E., Barnett, H. R., Ault, T. R. and McClanahan, T. R.",
DE12ANC01,ch2kDE12ANC01,,pub[1].author,only_old,"DeLong, K. L., Quinn, T. M., Taylor, F. W., Lin, K. and Shen; C.-C.",
DE13HAI01,ch2kDE13HAI01,,pub[1].author,only_old,"Deng, W., Wei, G., Xie, L., Ke, T., Wang, Z., Zeng, T. and Liu, Y.",
DE14DTO01,ch2kDE14DTO01,,pub[1].author,only_old,"DeLong, K. L., Flannery, J. A., Poore, R. Z., Quinn, T. M., Maupin, C. R., Lin, K. and Shen, C.-C.",
DE14DTO02,ch2kDE14DTO02,,pub[1].author,only_old,"DeLong, K. L., Flannery, J. A., Poore, R. Z., Quinn, T. M., Maupin, C. R., Lin, K. and Shen, C.-C.",
DE14DTO03,ch2kDE14DTO03,,pub[1].author,only_old,"DeLong, K. L., Flannery, J. A., Poore, R. Z., Quinn, T. M., Maupin, C. R., Lin, K. and Shen, C.-C.",
DE14DTO04,ch2kDE14DTO04,,pub[1].author,only_old,"DeLong, K. L., Flannery, J. A., Poore, R. Z., Quinn, T. M., Maupin, C. R., Lin, K. and Shen, C.-C.",
DE16RED01,ch2kDE16RED01,,pub[1].author,only_old,"DeCarlo, T. M., Gaetani, G. A., Cohen, A. L., Foster, G. L., Alpert, A. E. and Stewart, J. A.",
DO18DAV01,ch2kDO18DAV01,,pub[1].author,only_old,"D'Olivo, J. P., Sinclair, D. J., Rankenburg, K. and McCulloch, M. T.",
DR00KSB01,ch2kDR00KSB01,,pub[1].author,only_old,"Draschba, S., Paetzold, J. and Wefer, G.",
DR00NBB01,ch2kDR00NBB01,,pub[1].author,only_old,"Draschba, S., Paetzold, J. and Wefer, G.",
DR99ABR01,ch2kDR99ABR01,,pub[1].author,only_old,"Druffel, E. R. M. and Griffin, S.",
DU94URV01,ch2kDU94URV01,,pub[1].author,only_old,"Dunbar, R. B., Wellington, G. M., Colgan, M. W. and Glynn, P. W.",
DU94URV02,ch2kDU94URV02,,pub[1].author,only_old,"Dunbar, R. B., Wellington, G. M., Colgan, M. W. and Glynn, P. W.",
EV18ROC01,ch2kEV18ROC01,,pub[1].author,only_old,"Evangelista, H., Sifeddine, A., Correge, T., Servain, J., Dassie, E. P., Logato, R., Cordeiro, R. C., Shen, C.-C., Le Cornec, F., Nogueira, J., Segal, B., Castagna, A. and Turcq, B.",
EV98KIR01,ch2kEV98KIR01,,pub[1].author,only_old,"Evans, M. N., Fairbanks, R. G. and Rubenstone, J. L.",
FE09OGA01,ch2kFE09OGA01,,pub[1].author,only_old,"Felis, T., Suzuki, A., Kuhnert, H., Dima, M., Lohmann, G. and Kawahata, H.",
FE18RUS01,ch2kFE18RUS01,,pub[1].author,only_old,"Felis, T., Ionita, M., Rimbu, N., Lohmann, G. and Kolling, M.",
FL17DTO01,ch2kFL17DTO01,,pub[1].author,only_old,"Flannery, J. A., Richey, J. N., Thirumalai, K., Poore, R. Z. and DeLong, K. L.",
FL17DTO02,ch2kFL17DTO02,,pub[1].author,only_old,"Flannery, J. A., Richey, J. N., Thirumalai, K., Poore, R. Z. and DeLong, K. L.",
FL18DTO01,ch2kFL18DTO01,,pub[1].author,only_old,"Flannery, J. A., Richey, J. N., Toth, L. T., Kuffner, I. B. and Poore, R. Z.",
FL18DTO02,ch2kFL18DTO02,,pub[1].author,only_old,"Flannery, J. A., Richey, J. N., Toth, L. T., Kuffner, I. B. and Poore, R. Z.",
FL18DTO03,ch2kFL18DTO03,,pub[1].author,only_old,"Flannery, J. A., Richey, J. N., Toth, L. T., Kuffner, I. B. and Poore, R. Z.",
FL18DTO04,ch2kFL18DTO04,,pub[1].author,only_old,"Flannery, J. A., Richey, J. N., Toth, L. T., Kuffner, I. B. and Poore, R. Z.",
GO08BER01,ch2kGO08BER01,,pub[1].author,only_old,"Goodkin, N. F., Hughen, K. A., Curry, W. B., Doney, S. C. and Ostermann, D. R.",
GO12SBV01,ch2kGO12SBV01,,pub[1].author,only_old,"Gorman, M. K., Quinn, T. M., Taylor, F. W., Partin, J. W., Cabioch, G., Austin Jr., J. A., Pelletier, B., Ballu, V., Maes, C. and Saustrup, S.",
GR13MAD01,ch2kGR13MAD01,,pub[1].author,only_old,"Grove, C. A., Kasper, S., Zinke, J., Pfeiffer, M., Garbe-Schonberg, D. and Brummer, G.-J. A.",
GR13MAD02,ch2kGR13MAD02,,pub[1].author,only_old,"Grove, C. A., Kasper, S., Zinke, J., Pfeiffer, M., Garbe-Schonberg, D. and Brummer, G.-J. A.",
GU99NAU01,ch2kGU99NAU01,,pub[1].author,only_old,"Guilderson, T. P. and Schrag, D. P.",
GU99NAU02,ch2kGU99NAU02,,pub[1].author,only_old,"Guilderson, T. P. and Schrag, D. P.",
HE02GBR01,ch2kHE02GBR01,,pub[1].author,only_old,"Hendy, E. J., Gagan, M. K., Alibert, C. A., McCulloch, M. T., Lough, J. M. and Isdale, P. J.",
HE08LRA01,ch2kHE08LRA01,,pub[1].author,only_old,"Hetzinger, S., Pfeiffer, M., Dullo, W.-C., Keenlyside, N., Latif, M. and Zinke, J.",
HE10GUA01,ch2kHE10GUA01,,pub[1].author,only_old,"Hetzinger, S., Pfeiffer, M., Dullo, W.-C., Garbe-Schonberg, D. and Halfar, J.",
HE13MIS01,ch2kHE13MIS01,,pub[1].author,only_old,"Hereid, K. A., Quinn, T. M., Taylor, F. W., Shen, C.-C., Edwards, R. L. and Cheng, H.",
HE13MIS02,ch2kHE13MIS02,,pub[1].author,only_old,"Hereid, K. A., Quinn, T. M., Taylor, F. W., Shen, C.-C., Edwards, R. L. and Cheng, H.",
HE18COC01,ch2kHE18COC01,,pub[1].author,only_old,"Hennekam, R., Zinke, J., van Sebille, E., ten Have, M., Brummer, G.-J. A. and Reichart, G.-J.",
HE18COC02,ch2kHE18COC02,,pub[1].author,only_old,"Hennekam, R., Zinke, J., van Sebille, E., ten Have, M., Brummer, G.-J. A. and Reichart, G.-J.",
JI18GAL01,ch2kJI18GAL01,,pub[1].author,only_old,"Jimenez, G., Cole, J. E., Thompson, D. M. and Tudhope, A. W.",
JI18GAL02,ch2kJI18GAL02,,pub[1].author,only_old,"Jimenez, G., Cole, J. E., Thompson, D. M. and Tudhope, A. W.",
KA17RYU01,ch2kKA17RYU01,,pub[1].author,only_old,"Kawakubo, Y., Alibert, C., and Yokoyama, Y.",
KI04MCV01,ch2kKI04MCV01,,pub[1].author,only_old,"Kilbourne, K. H., Quinn, T. M., Taylor, F. W., Delcroix, T. and Gouriou, Y.",
KI08PAR01,ch2kKI08PAR01,,pub[1].author,only_old,"Kilbourne, K. H., Quinn, T. M., Webb, R., Guilderson, T., Nyberg, J. and Winter, A.",
KI14PAR01,ch2kKI14PAR01,,pub[1].author,only_old,"Kilbourne, K. H., Alexander, M. A. and Nye, J. A.",
KL97DAH01,ch2kKL97DAH01,,pub[1].author,only_old,"Klein, R., Tudhope, A. W. , Chilcott, C. P., Patzold, J., Abdulkarim, Z., Fine, M., Fallick, A. E. and Loya, Y.",
KR20SAR01,ch2kKR20SAR01,,pub[1].author,only_old,"Krawczyk, H., Zinke, J., Browne, N., Struck, U., McIlwain, J., O'Leary, M. and Garbe-Schonberg, D.",
KR20SAR02,ch2kKR20SAR02,,pub[1].author,only_old,"Krawczyk, H., Zinke, J., Browne, N., Struck, U., McIlwain, J., O'Leary, M. and Garbe-Schonberg, D.",
KU00NIN01,ch2kKU00NIN01,,pub[1].author,only_old,"Kuhnert, H., Patzold, J., Wyrwoll, K.-H. and Wefer, G.",
KU99HOU01,ch2kKU99HOU01,,pub[1].author,only_old,"Kuhnert, H., Paetzold, J., Hatcher, B., Wyrwoll, K.-H., Eisenhauer, A., Collins, L. B., Zhu, Z. R. and Wefer, G.",
LI00RAR01,ch2kLI00RAR01,,pub[1].author,only_old,"Linsley, B. K., Wellington, G. M. and Schrag, D. P.",
LI04FIJ01,ch2kLI04FIJ01,,pub[1].author,only_old,"Linsley, B. K, Wellington, G. M, Schrag, D. P, Ren, L., Salinger, M. J. and Tudhope, A. W.",
LI06FIJ01,ch2kLI06FIJ01,,pub[1].author,only_old,"Linsley, B. K., Kaplan, A., Gouriou, Y., Salinger, J., deMenocal, P. B., Wellington, G. M. and Howe, S. S.",
LI06RAR01,ch2kLI06RAR01,,pub[1].author,only_old,"Linsley, B. K., Wellington, G. M., Schrag, D. P., Ren, L., Salinger, M. J. and Tudhope, A. W.",
LI06RAR02,ch2kLI06RAR02,,pub[1].author,only_old,"Linsley, B. K., Wellington, G. M., Schrag, D. P., Ren, L., Salinger, M. J. and Tudhope, A. W.",
LI94SEC01,ch2kLI94SEC01,,pub[1].author,only_old,"Linsley, B. K., Dunbar, R. B., Wellington, G. M. and Mucciarone, D. A.",
LI99CLI01,ch2kLI99CLI01,,pub[1].author,only_old,"Linsley, B. K., Messier, R. G. and Dunbar, R. B.",
MA08DTO01,ch2kMA08DTO01,,pub[1].author,only_old,"Maupin, C. R., Quinn, T. M. and Halley, R. B.",
MC04PNG01,ch2kMC04PNG01,,pub[1].author,only_old,"McGregor, H. V. and Gagan, M. K.",
MC11KIR01,ch2kMC11KIR01,,pub[1].author,only_old,"McGregor, H. V., Fischer, M. J., Gagan, M. K., Fink, D. and Woodroffe, C. D.",
MO06PED01,ch2kMO06PED01,,pub[1].author,only_old,"Moses, C. S., Swart, P. K. and Rosenheim, B. E.",
MO20KOI01,ch2kMO20KOI01,,pub[1].author,only_old,"Mohtar, A.T., Hughen, K.A., Goodkin, N.F., Streanga, I.M., Ramos, R.D., Samanta, D., Cervino, J. and Switzer, A.D.",
MO20WOA01,ch2kMO20WOA01,,pub[1].author,only_old,"Mohtar, A.T., Hughen, K.A., Goodkin, N.F., Streanga, I.M., Ramos, R.D., Samanta, D., Cervino, J. and Switzer, A.D.",
MU17DOA01,ch2kMU17DOA01,,pub[1].author,only_old,"Murty, S.A., Goodkin, N. F., Halide, H., Natawidjaja, D., Suwargadi, B., Suprihanto, I., Prayudi, D., Switzer, A. D. and Gordon, A. L.",
MU18GSI01,ch2kMU18GSI01,,pub[1].author,only_old,"Murty, S. A., Goodkin, N. F., Wiguna, A. A. and Gordon, A. L.",
MU18NPI01,ch2kMU18NPI01,,pub[1].author,only_old,"Murty, S. A., Goodkin, N. F., Wiguna, A. A. and Gordon, A. L.",
MU18RED01,ch2kMU18RED01,,pub[1].author,only_old,"Murty, S. A., Bernstein, W. N., Ossolinski, J. E., Davis, R. S., Goodkin, N. F. and Hughen, K. A.",
MU18RED02,ch2kMU18RED02,,pub[1].author,only_old,"Murty, S. A., Bernstein, W. N., Ossolinski, J. E., Davis, R. S., Goodkin, N. F. and Hughen, K. A.",
MU18RED03,ch2kMU18RED03,,pub[1].author,only_old,"Murty, S. A., Bernstein, W. N., Ossolinski, J. E., Davis, R. S., Goodkin, N. F. and Hughen, K. A.",
MU18RED04,ch2kMU18RED04,,pub[1].author,only_old,"Murty, S. A., Bernstein, W. N., Ossolinski, J. E., Davis, R. S., Goodkin, N. F. and Hughen, K. A.",
NA09MAL01,ch2kNA09MAL01,,pub[1].author,only_old,"Nakamura, N., Kayanne, H., Iijima, H., McClanahan, T. R., Behera, S. K. and Yamagata, T.",
NU09FAN01,ch2kNU09FAN01,,pub[1].author,only_old,"Nurhati, I. S., Cobb, K. M., Charles, C. D. and Dunbar, R. B.",
NU09KIR01,ch2kNU09KIR01,,pub[1].author,only_old,"Nurhati, I. S., Cobb, K. M., Charles, C. D. and Dunbar, R. B.",
NU11PAL01,ch2kNU11PAL01,,pub[1].author,only_old,"Nurhati, I. S., Cobb, K.M. and Di Lorenzo, E.",
OS13NGP01,ch2kOS13NGP01,,pub[1].author,only_old,"Osborne, M. C., Dunbar, R. B., Mucciarone, D. A., Sanchez-Cabeza, J.-A. and Druffel, E.",
OS13NLP01,ch2kOS13NLP01,,pub[1].author,only_old,"Osborne, M. C., Dunbar, R. B., Mucciarone, D. A., Sanchez-Cabeza, J.-A. and Druffel, E.",
OS14RIP01,ch2kOS14RIP01,,pub[1].author,only_old,"Osborne, M. C., Dunbar, R. B., Mucciarone, D. A., Druffel, E. and Sanchez-Cabeza, J.-A.",
OS14UCP01,ch2kOS14UCP01,,pub[1].author,only_old,"Osborne, M. C., Dunbar, R. B., Mucciarone, D. A., Druffel, E. and Sanchez-Cabeza, J.-A.",
PF04PBA01,ch2kPF04PBA01,,pub[1].author,only_old,"Pfeiffer, M., Dullo, W.-C. and Eisenhauer, A.",
PF19LAR01,ch2kPF19LAR01,,pub[1].author,only_old,"Pfeiffer, M., Reuning, L., Zinke, J., Garbe-Schonberg, D., Leupold, M. and Dullo, W.-C.",
QU06RAB01,ch2kQU06RAB01,,pub[1].author,only_old,"Quinn, T. M., Taylor, F. W. and Crowley, T. J.",
QU96ESV01,ch2kQU96ESV01,,pub[1].author,only_old,"Quinn, T. M., Crowley, T. J. and Taylor, F. W.",
RA19PAI01,ch2kRA19PAI01,,pub[1].author,only_old,"Ramos, R. D., Goodkin, N. F., Siringan, F. P. and Hughen, K. A.",
RA20TAI01,ch2kRA20TAI01,,pub[1].author,only_old,"Ramos, R. D., Goodkin, N. F. and Fan, T.Y.",
RE18CAY01,ch2kRE18CAY01,,pub[1].author,only_old,"von Reumont, J., Hetzinger, S., Garbe-Schonberg, D., Manfrino, C. and Dullo, W.-C.",
RE19GBR01,ch2kRE19GBR01,,pub[1].author,only_old,"Reed, E. V., Cole, J. E., Lough, J. M. Thompson, D. M. and Cantin, N. E.",
RE19GBR02,ch2kRE19GBR02,,pub[1].author,only_old,"Reed, E. V., Cole, J. E., Lough, J. M. Thompson, D. M. and Cantin, N. E.",
RE19GBR03,ch2kRE19GBR03,,pub[1].author,only_old,"Reed, E. V., Cole, J. E., Lough, J. M. Thompson, D. M. and Cantin, N. E.",
RE19GBR04,ch2kRE19GBR04,,pub[1].author,only_old,"Reed, E. V., Cole, J. E., Lough, J. M. Thompson, D. M. and Cantin, N. E.",
RE19GBR05,ch2kRE19GBR05,,pub[1].author,only_old,"Reed, E. V., Cole, J. E., Lough, J. M. Thompson, D. M. and Cantin, N. E.",
RI10PBL01,ch2kRI10PBL01,,pub[1].author,only_old,"Rixen, T., Ramachandran, P., Lehnhoff, L., Dasbach, D., Gaye, B., Urban, B., Ramachandran, R. and Ittekott, V.",
RO19MAR01,ch2kRO19MAR01,,pub[1].author,only_old,"Rodriguez, L. G., Cohen, A. L., Ramirez, W., Oppo, D. W., Pourmand, A., Edwards, R. L., Alpert, A. E. and Mollica, N.",
RO19PAR01,ch2kRO19PAR01,,pub[1].author,only_old,"Rodriguez, L. G., Cohen, A. L., Ramirez, W., Oppo, D. W., Pourmand, A., Edwards, R. L., Alpert, A. E. and Mollica, N.",
RO19YUC01,ch2kRO19YUC01,,pub[1].author,only_old,"Rodriguez, L. G., Cohen, A. L., Ramirez, W., Oppo, D. W., Pourmand, A., Edwards, R. L., Alpert, A. E. and Mollica, N.",
SA16CLA01,ch2kSA16CLA01,,pub[1].author,only_old,"Sanchez, S. C., Charles, C. D., Carriquiry, J. D. and Villaescusa, J. A.",
SA18GBR01,ch2kSA18GBR01,,pub[1].author,only_old,"Saha, N., Rodriguez-Ramirez, A., Nguyen, A. D., Clark, T. R., Zhao, J. X. and Webb, G. E.",
SA19PAL01,ch2kSA19PAL01,,pub[1].author,only_old,"Sayani, H. R., Cobb, K. M., DeLong, K., Hitt, N. T. and Druffel, E. R. M.",
SA19PAL02,ch2kSA19PAL02,,pub[1].author,only_old,"Sayani, H. R., Cobb, K. M., DeLong, K., Hitt, N. T. and Druffel, E. R. M.",
SA20FAN01,ch2kSA20FAN01,,pub[1].author,only_old,"Sanchez, S. C., Westphal, N., Haug, G. H., Cheng, H., Edwards, R. L., Schneider, T., Cobb, K. M. and Charles, C. D.",
SA20FAN02,ch2kSA20FAN02,,pub[1].author,only_old,"Sanchez, S. C., Westphal, N., Haug, G. H., Cheng, H., Edwards, R. L., Schneider, T., Cobb, K. M. and Charles, C. D.",
SH92PUN01,ch2kSH92PUN01,,pub[1].author,only_old,"Shen, G. T., Cole, J. E., Lea, D. W., Linn, L. J., McConnaughey, T. A. and Fairbanks, R. G.",
SM06LKF01,ch2kSM06LKF01,,pub[1].author,only_old,"Smith, J. M., Quinn, T. M., Helmle, K. P. and Halley, R. B.",
SM06LKF02,ch2kSM06LKF02,,pub[1].author,only_old,"Smith, J. M., Quinn, T. M., Helmle, K. P. and Halley, R. B.",
ST13MAL01,ch2kST13MAL01,,pub[1].author,only_old,"Storz, D., Gischler, E., Fiebig, J., Eisenhauer, A. and Garbe-Schonberg, D.",
SW98STP01,ch2kSW98STP01,,pub[1].author,only_old,"Swart, P. K., White, K. S., Enfield, D., Dodge, R. E. and Milne, P.",
SW99LIG01,ch2kSW99LIG01,,pub[1].author,only_old,"Swart, P. K., Healy, G., Greer, L., Lutz, M., Saied, A., Anderegg, D., Dodge, R. E. and Rudnick, D.",
SW99LIG02,ch2kSW99LIG02,,pub[1].author,only_old,"Swart, P. K., Healy, G., Greer, L., Lutz, M., Saied, A., Anderegg, D., Dodge, R. E. and Rudnick, D.",
TA18TAS01,ch2kTA18TAS01,,pub[1].author,only_old,"Tangri, N., Dunbar, R. B., Linsley, B. K. and Mucciarone, D. M.",
TU01DEP01,ch2kTU01DEP01,,pub[1].author,only_old,"Tudhope, A. W., Chilcott, C. P., McCulloch, M. T., Cook, E. R., Chappell, J., Ellam, R. M., Lea, D. W., Lough, J. M. and Shimmield, G. B.",
TU01LAI01,ch2kTU01LAI01,,pub[1].author,only_old,"Tudhope, A. W., Chilcott, C. P., McCulloch, M. T., Cook, E. R., Chappell, J., Ellam, R. M., Lea, D. W., Lough, J. M. and Shimmield, G. B.",
TU01SIA01,ch2kTU01SIA01,,pub[1].author,only_old,"Tudhope, A. W., Chilcott, C. P., McCulloch, M. T., Cook, E. R., Chappell, J., Ellam, R. M., Lea, D. W., Lough, J. M. and Shimmield, G. B.",
TU95MAD01,ch2kTU95MAD01,,pub[1].author,only_old,"Tudhope, A. W., Shimmield, G. B., Chilcott, C. P., Jebb, M., Fallick, A. E. and Dalgleish, A. N.",
UR00MAI01,ch2kUR00MAI01,,pub[1].author,only_old,"Urban, F. E., Cole, J. E. and Overpeck, J. T.",
WA17BAN01,ch2kWA17BAN01,,pub[1].author,only_old,"Watanabe, T.K., Watanabe, T., Yamazaki, A., Pfeiffer, M., Garbe-Schonberg, D. and Claereboudt, M.R.",
WE09ARR01,ch2kWE09ARR01,,pub[1].author,only_old,"Wei, G., McCulloch, M. T., Mortimer, G., Deng, W. and Xie, L.",
WU13TON01,ch2kWU13TON01,,pub[1].author,only_old,"Wu, H. C., Linsley, B. K., Dassie, E. P., Schiraldi, B. and deMenocal, P. B.",
WU14CLI01,ch2kWU14CLI01,,pub[1].author,only_old,"Wu, H. C., Moreau, M., Linsley, B. K., Schrag, D. P. and Correge, T.",
XI17HAI01,ch2kXI17HAI01,,pub[1].author,only_old,"Xiao, H., Deng, W., Chen, X., Wei, G., Zeng, T. and Zhao, J.-X.",
XU15BVI01,ch2kXU15BVI01,,pub[1].author,only_old,"Xu, Y.-Y., Pearson, S. and Kilbourne, H.",
XU15BVI02,ch2kXU15BVI02,,pub[1].author,only_old,"Xu, Y.-Y., Pearson, S. and Kilbourne, H.",
XU15BVI03,ch2kXU15BVI03,,pub[1].author,only_old,"Xu, Y.-Y., Pearson, S. and Kilbourne, H.",
ZI04IFR01,ch2kZI04IFR01,,pub[1].author,only_old,"Zinke, J., Dullo, W. C., Heiss, G. A. and Eisenhauer, A.",
ZI08MAY01,ch2kZI08MAY01,,pub[1].author,only_old,"Zinke, J., Pfeiffer, M., Timm, O., Dullo, W.-C., Kroon, D. and Thomassin, B. A.",
ZI14HOU01,ch2kZI14HOU01,,pub[1].author,only_old,"Zinke, J., Rountrey, A., Feng, M., Xie, S. P., Dissard, D., Rankenburg, K., Lough, J. and McCulloch, M.T.",
ZI14IFR02,ch2kZI14IFR02,,pub[1].author,only_old,"Zinke, J., Loveday, B. R., Reason, C. J. C., Dullo, W.-C. and Kroon, D.",
ZI14TUR01,ch2kZI14TUR01,,pub[1].author,only_old,"Zinke, J., Loveday, B. R., Reason, C. J. C., Dullo, W.-C. and Kroon, D.",
ZI15BUN01,ch2kZI15BUN01,,pub[1].author,only_old,"Zinke, J., Hoell, A., Lough, J. M., Feng, M., Kuret, A. J., Clarke, H., Ricca, V., Rankenburg, K. and McCulloch, M.T.",
ZI15CLE01,ch2kZI15CLE01,,pub[1].author,only_old,"Zinke, J., Hoell, A., Lough, J. M., Feng, M., Kuret, A. J., Clarke, H., Ricca, V., Rankenburg, K. and McCulloch, M.T.",
ZI15IMP01,ch2kZI15IMP01,,pub[1].author,only_old,"Zinke, J., Hoell, A., Lough, J. M., Feng, M., Kuret, A. J., Clarke, H., Ricca, V., Rankenburg, K. and McCulloch, M.T.",
ZI15IMP02,ch2kZI15IMP02,,pub[1].author,only_old,"Zinke, J., Hoell, A., Lough, J. M., Feng, M., Kuret, A. J., Clarke, H., Ricca, V., Rankenburg, K. and McCulloch, M.T.",
ZI15MER01,ch2kZI15MER01,,pub[1].author,only_old,"Zinke, J., Hoell, A., Lough, J. M., Feng, M., Kuret, A. J., Clarke, H., Ricca, V., Rankenburg, K. and McCulloch, M.T.",
ZI15TAN01,ch2kZI15TAN01,,pub[1].author,only_old,"Zinke, J., Hoell, A., Lough, J. M., Feng, M., Kuret, A. J., Clarke, H., Ricca, V., Rankenburg, K. and McCulloch, M.T.",
ZI16ROD01,ch2kZI16ROD01,,pub[1].author,only_old,"Zinke, J., Reuning, L., Pfeiffer, M., Wassenburg, J. A., Hardman, E., Jhangeer-Khan, R., Davies, G. R., Ng, C. K. C. and Kroon, D.",
ZI16ROD02,ch2kZI16ROD02,,pub[1].author,only_old,"Zinke, J., Reuning, L., Pfeiffer, M., Wassenburg, J. A., Hardman, E., Jhangeer-Khan, R., Davies, G. R., Ng, C. K. C. and Kroon, D.",
AB20MEN01,ch2kAB20MEN01,,pub[2].author,only_old,"Abram, N. J., B. C. Dixon, M. G. Rosevear, B. Plunkett, M. K. Gagan, W. S. Hantoro, and S. J. Phipps",
AB20MEN02,ch2kAB20MEN02,,pub[2].author,only_old,"Gagan, M. K., Sosdian, S. M., Scott-Gagan, H., Sieh, K., Hantoro, W. S., Natawidjaja, D. H., Briggs, R. W., Suwargadi, B. W. and Rifai, H.",
AL16YUC01,ch2kAL16YUC01,,pub[2].author,only_old,"Rodriguez, L. G., Cohen, A. L.,Ramirez, W., Oppo, D. W., Pourmand,A., Edwards, R. L., et al. ",
BO14HTI01,ch2kBO14HTI01,,pub[2].author,only_old,"Goodkin, N. F., Samanta, D., Bolton, A., Ong, M. R. K., Hoang, P. K., Vo, S. T., Karnauskas, K. B. and Hughen, K. A.",
BO14HTI02,ch2kBO14HTI02,,pub[2].author,only_old,"Goodkin, N. F., Samanta, D., Bolton, A., Ong, M. R. K., Hoang, P. K., Vo, S. T., Karnauskas, K. B. and Hughen, K. A.",
BO99MOO01,ch2kBO99MOO01,,pub[2].author,only_old,"Boiseau, M., A. Juillet-Leclerc, P. Yiou, B. Salvat, P. Isdale, and M. Guillaume",
CO00MAL01,ch2kCO00MAL01,,pub[2].author,only_old,"Fleitmann, D., Dunbar, R. B., McCulloch, M., Mudelsee, M., Vuille, M., McClanahan, T. R., Cole, J. E. and Eggins, S.",
CO03PAL01,ch2kCO03PAL01,,pub[2].author,only_old,"Cobb, K. M., Charles, C. D., Cheng, H., Kastner, M. and Edwards, R. L.",
CO03PAL02,ch2kCO03PAL02,,pub[2].author,only_old,"Cobb, K. M., Charles, C. D., Cheng, H., Kastner, M. and Edwards, R. L.",
CO03PAL03,ch2kCO03PAL03,,pub[2].author,only_old,"Cobb, K. M., Charles, C. D., Cheng, H., Kastner, M. and Edwards, R. L.",
CO03PAL04,ch2kCO03PAL04,,pub[2].author,only_old,"Cobb, K. M., Charles, C. D., Cheng, H., Kastner, M. and Edwards, R. L.",
CO03PAL05,ch2kCO03PAL05,,pub[2].author,only_old,"Cobb, K. M., Charles, C. D., Cheng, H., Kastner, M. and Edwards, R. L.",
CO03PAL06,ch2kCO03PAL06,,pub[2].author,only_old,"Cobb, K. M., Charles, C. D., Cheng, H., Kastner, M. and Edwards, R. L.",
CO03PAL07,ch2kCO03PAL07,,pub[2].author,only_old,"Cobb, K. M., Charles, C. D., Cheng, H., Kastner, M. and Edwards, R. L.",
CO03PAL08,ch2kCO03PAL08,,pub[2].author,only_old,"Cobb, K. M., Charles, C. D., Cheng, H., Kastner, M. and Edwards, R. L.",
CO03PAL09,ch2kCO03PAL09,,pub[2].author,only_old,"Cobb, K. M., Charles, C. D., Cheng, H., Kastner, M. and Edwards, R. L.",
CO03PAL10,ch2kCO03PAL10,,pub[2].author,only_old,"Cobb, K. M., Charles, C. D., Cheng, H., Kastner, M. and Edwards, R. L.",
DE12ANC01,ch2kDE12ANC01,,pub[2].author,only_old,"DeLong, K. L., Quinn, T. M. and Taylor, F. W. ",
DE14DTO01,ch2kDE14DTO01,,pub[2].author,only_old,"DeLong, K. L., Maupin, C. R., Flannery, J. A., Quinn, T. M. and Shen, C.-C.",
DE14DTO02,ch2kDE14DTO02,,pub[2].author,only_old,"DeLong, K. L., Maupin, C. R., Flannery, J. A., Quinn, T. M. and Shen, C.-C.",
DE14DTO03,ch2kDE14DTO03,,pub[2].author,only_old,"DeLong, K. L., Maupin, C. R., Flannery, J. A., Quinn, T. M. and Shen, C.-C.",
DE14DTO04,ch2kDE14DTO04,,pub[2].author,only_old,"DeLong, K. L., Maupin, C. R., Flannery, J. A., Quinn, T. M. and Shen, C.-C.",
DE16RED01,ch2kDE16RED01,,pub[2].author,only_old,"Alpert, A. E., Cohen, A. L., Oppo, D. W., DeCarlo, T. M., Gaetani, G. A., Hernandez-Delgado, E. A., Winter, A. and Gonneea, M. E.",
DR99ABR01,ch2kDR99ABR01,,pub[2].author,only_old,"Druffel, E. R. M., and  Griffin, S",
FE18RUS01,ch2kFE18RUS01,,pub[2].author,only_old,"Felis, T., J. Patzold, Y. Loya, M. Fine, A. H. Nawar, and G. Wefer",
FL17DTO01,ch2kFL17DTO01,,pub[2].author,only_old,"Flannery, J. A. and Poore, R. Z.",
FL17DTO02,ch2kFL17DTO02,,pub[2].author,only_old,"Weinzierl, M. S., Reich, C. D., Hickey, T. D., Bartlett, L. A. and Kuffner, I. B.",
FL18DTO01,ch2kFL18DTO01,,pub[2].author,only_old,"Flannery, J. A., Richey, J. N., Thirumalai, K., Poore, R. Z. and DeLong, K. L.",
FL18DTO02,ch2kFL18DTO02,,pub[2].author,only_old,"Hickey, D., Reich, C. D., DeLong, K. L., Poore, R. Z. and Brock, J. C. ",
FL18DTO03,ch2kFL18DTO03,,pub[2].author,only_old,"Weinzierl, M. S., Reich, C. D., Hickey, T. D., Bartlett, L. A. and Kuffner, I. B.",
FL18DTO04,ch2kFL18DTO04,,pub[2].author,only_old,"Weinzierl, M. S., Reich, C. D., Hickey, T. D., Bartlett, L. A. and Kuffner, I. B.",
GO08BER01,ch2kGO08BER01,,pub[2].author,only_old,"Goodkin, N. F., Hughen, K. A., Cohen, A. L. and Smith, S. R.",
GO12SBV01,ch2kGO12SBV01,,pub[2].author,only_old,"Lawman, A. E., Quinn, T. M., Partin, J. W., Thirumalai, K., Taylor, F. W., Wu, C.-C., Yu, T.-L., Gorman, M. K. and Shen, C.-C.",
HE10GUA01,ch2kHE10GUA01,,pub[2].author,only_old,"Hetzinger, S., Pfeiffer, M., Dullo, W.-C., Ruprecht, E. and Garbe-Schonberg, D.",
KA17RYU01,ch2kKA17RYU01,,pub[2].author,only_old,"Kawakubo, Y., Yokoyama, Y., Suzuki, A., Okai, T., Alibert, C., Kinsley, L. and Eggins, S.",
KI04MCV01,ch2kKI04MCV01,,pub[2].author,only_old,"Kilbourne, K. H., Quinn, T. M. and Taylor, F. W.",
KI08PAR01,ch2kKI08PAR01,,pub[2].author,only_old,"Kilbourne, K. H., Quinn, T. M., Webb, R., Guilderson, T., Nyberg, J. and Winter, A.",
KI14PAR01,ch2kKI14PAR01,,pub[2].author,only_old,"Watanabe, T., Winter, A. and Oba, T.",
KL97DAH01,ch2kKL97DAH01,,pub[2].author,only_old,"Ionita, M., Felis, T., Lohmann, G., Rimbu, N. and Patzold, J.",
KU99HOU01,ch2kKU99HOU01,,pub[2].author,only_old,"Zinke, J., Rountrey, A., Feng, M., Xie, S. P., Dissard, D., Rankenburg, K., Lough, J. and McCulloch, M.T.",
LI00RAR01,ch2kLI00RAR01,,pub[2].author,only_old,"Ren, L., Linsley, B. K., Wellington, G. M., Schrag, D. P. and Hoegh-Guldberg, O.",
LI06RAR01,ch2kLI06RAR01,,pub[2].author,only_old,"Linsley, B.K., Kaplan, A., Gouriou, Y., Salinger, J., deMenocal, P. B., Wellington, G. M. and Howe S. S",
LI06RAR02,ch2kLI06RAR02,,pub[2].author,only_old,"Linsley, B.K., Kaplan, A., Gouriou, Y., Salinger, J., deMenocal, P. B., Wellington, G. M. and Howe S. S",
MA08DTO01,ch2kMA08DTO01,,pub[2].author,only_old,"DeLong, K. L., Maupin, C. R., Flannery, J. A., Quinn, T. M. and Shen, C.-C.",
MC04PNG01,ch2kMC04PNG01,,pub[2].author,only_old,"McGregor, H. M., Gagan, M. K., McCulloch, M. T., Hodge, E. and Mortimer, G.",
MU18RED04,ch2kMU18RED04,,pub[2].author,only_old,"Bryan, S. P., Hughen, K. A., Karnauskas, K. B. and Farrar, J. T.",
NU11PAL01,ch2kNU11PAL01,,pub[2].author,only_old,"Nurhati, I. S., Cobb, K. M., Charles, C. D. and Dunbar, R. B.",
OS14RIP01,ch2kOS14RIP01,,pub[2].author,only_old,"Osborne, M. C., Dunbar, R. B., Mucciarone, D. A., Sanchez-Cabeza, J.-A. and Druffel, E.",
OS14UCP01,ch2kOS14UCP01,,pub[2].author,only_old,"Osborne, M. C., Dunbar, R. B., Mucciarone, D. A., Sanchez-Cabeza, J.-A. and Druffel, E.",
PF19LAR01,ch2kPF19LAR01,,pub[2].author,only_old,"Pfeiffer, M., Timm, O., Dullo, W.-C. and Podlech, S.",
QU96ESV01,ch2kQU96ESV01,,pub[2].author,only_old,"Quinn, T. M., Taylor, F. W. and Crowley, T. J.",
RE18CAY01,ch2kRE18CAY01,,pub[2].author,only_old,"von Reumont, J., Hetzinger, S., Garbe-Schonberg, D., Manfrino, C. and Dullo, W.-C.",
RO19PAR01,ch2kRO19PAR01,,pub[2].author,only_old,"Kilbourne, K. H., Quinn, T. M., Webb, R., Guilderson, T., Nyberg, J. and Winter, A.",
RO19YUC01,ch2kRO19YUC01,,pub[2].author,only_old,"Vasquez-Bedoya, L. F., Cohen, A. L., Oppo, D. W. and Blanchon, P.",
SA18GBR01,ch2kSA18GBR01,,pub[2].author,only_old,"Saha, N., Webb, G. E., Zhao, J. X., Lewis, S. E., Nguyen, A., Feng, Y.",
SW99LIG02,ch2kSW99LIG02,,pub[2].author,only_old,"Swart, P. K., Healy, G. F., Dodge, R. E., Kramer, P., Hudson, J. H., Halley, R. B. and Robblee, M. B",
WU13TON01,ch2kWU13TON01,,pub[2].author,only_old,"Linsley, B.K., Zhang, P., Kaplan, A., Howe, S.S. and Wellington, G.M.",
WU14CLI01,ch2kWU14CLI01,,pub[2].author,only_old,"Linsley, B. K., Messier, R. G. and Dunbar, R. B.",
ZI14IFR02,ch2kZI14IFR02,,pub[2].author,only_old,"Zinke, J., Dullo, W. C., Heiss, G. A. and Eisenhauer, A.",
ZI14TUR01,ch2kZI14TUR01,,pub[2].author,only_old,"Zinke, J., Dullo, W. C., Heiss, G. A. and Eisenhauer, A.",
DE16RED01,ch2kDE16RED01,,pub[2].citation,only_old,"Alpert, A. E., Cohen, A. L., Oppo, D. W., DeCarlo, T. M., Gaetani, G. A., Hernandez-Delgado, E. A., Winter, A. and Gonneea, M. E. 2017. Twentieth century warming of the tropical Atlantic captured by Sr-U paleothermometry. Paleoceanography, 32, 146160. doi:10.1002/2016PA002976",
KI04MCV01,ch2kKI04MCV01,,pub[2].citation,only_old,"Kilbourne, K. H., Quinn, T. M. and Taylor, F. W. 2004. A fossil coral perspective on western tropical Pacific climate 350 ka. Paleoceanography, 19, PA1019. doi:10.1029/2003PA000944",
DE16RED01,ch2kDE16RED01,,pub[2].doi,only_old,10.1002/2016PA002976,
KI04MCV01,ch2kKI04MCV01,,pub[2].doi,only_old,10.1029/2003PA000944,
DE16RED01,ch2kDE16RED01,,pub[2].firstauthor,only_old,"Alpert, A. E.",
KI04MCV01,ch2kKI04MCV01,,pub[2].firstauthor,only_old,"Kilbourne, K. H.",
DE16RED01,ch2kDE16RED01,,pub[2].journal,only_old,Paleoceanography and Paleoclimatology,
KI04MCV01,ch2kKI04MCV01,,pub[2].journal,only_old,Paleoceanography,
DE16RED01,ch2kDE16RED01,,pub[2].title,only_old,Twentieth century warming of the tropical Atlantic captured by Sr-U paleothermometryn,
KI04MCV01,ch2kKI04MCV01,,pub[2].title,only_old,A fossil coral perspective on western tropical Pacific climate 350 ka,
DE16RED01,ch2kDE16RED01,,pub[2].year,only_old,2016,
KI04MCV01,ch2kKI04MCV01,,pub[2].year,only_old,2004,
DE14DTO01,ch2kDE14DTO01,,pub[3].author,only_old,"Flannery, J. A., Richey, J. N., Thirumalai, K., Poore, R. Z. and DeLong, K. L. ",
DE14DTO02,ch2kDE14DTO02,,pub[3].author,only_old,"Flannery, J. A., Richey, J. N., Thirumalai, K., Poore, R. Z. and DeLong, K. L. ",
DE14DTO03,ch2kDE14DTO03,,pub[3].author,only_old,"DeLong, K. L., Flannery, J. A., Maupin, C. R., Poore, R. Z. and Quinn, T. M.",
DE14DTO04,ch2kDE14DTO04,,pub[3].author,only_old,"DeLong, K. L., Flannery, J. A., Maupin, C. R., Poore, R. Z. and Quinn, T. M.",
FL17DTO01,ch2kFL17DTO01,,pub[3].author,only_old,"DeLong, K. L., Flannery, J. A., Maupin, C. R., Poore, R. Z. and Quinn, T. M. ",
FL18DTO01,ch2kFL18DTO01,,pub[3].author,only_old,"Flannery, J. A. and Poore, R. Z.",
GO08BER01,ch2kGO08BER01,,pub[3].author,only_old,"Goodkin, N. F.",
KI14PAR01,ch2kKI14PAR01,,pub[3].author,only_old,"Kilbourne, K. H., Quinn, T. M., Webb, R., Guilderson, T., Nyberg, J. and Winter, A.",
LI00RAR01,ch2kLI00RAR01,,pub[3].author,only_old,"Linsley, B. K, Wellington, G. M., Schrag, D. P., Ren, L., Salinger, M. J. and Tudhope, A. W.",
NU11PAL01,ch2kNU11PAL01,,pub[3].author,only_old,"Cobb, K. M., Charles, C. D. and Hunter, D. E.",
RO19PAR01,ch2kRO19PAR01,,pub[3].author,only_old,"Watanabe, T., Winter, A. and Oba, T.",
DE14DTO01,ch2kDE14DTO01,,pub[3].citation,only_old,"Flannery, J. A., Richey, J. N., Thirumalai, K., Poore, R. Z. and DeLong, K. L. 2017. Multi-species coral Sr/Ca based sea-surface temperature reconstruction using Orbicella faveolata and Siderastrea siderea from the Florida Straits. Palaeogeography, Palaeoclimatology, Palaeoecology, 466, 100-109. doi:10.1016/j.palaeo.2016.10.022.",
DE14DTO02,ch2kDE14DTO02,,pub[3].citation,only_old,"Flannery, J. A., Richey, J. N., Thirumalai, K., Poore, R. Z. and DeLong, K. L. 2017. Multi-species coral Sr/Ca based sea-surface temperature reconstruction using Orbicella faveolata and Siderastrea siderea from the Florida Straits. Palaeogeography, Palaeoclimatology, Palaeoecology, 466, 100-109. doi:10.1016/j.palaeo.2016.10.022.",
DE14DTO03,ch2kDE14DTO03,,pub[3].citation,only_old,"DeLong, K. L., Flannery, J. A., Maupin, C. R., Poore, R. Z. and Quinn, T. M. 2011. A coral Sr/Ca calibration and replication study of two massive corals from the Gulf of Mexico. Palaeogeography, Palaeoclimatology, Palaeoecology307, 117-128. doi:10.1016/j.palaeo.2011.05.005.",
DE14DTO04,ch2kDE14DTO04,,pub[3].citation,only_old,"DeLong, K. L., Flannery, J. A., Maupin, C. R., Poore, R. Z. and Quinn, T. M. 2011. A coral Sr/Ca calibration and replication study of two massive corals from the Gulf of Mexico. Palaeogeography, Palaeoclimatology, Palaeoecology307, 117-128. doi:10.1016/j.palaeo.2011.05.005.",
FL17DTO01,ch2kFL17DTO01,,pub[3].citation,only_old,"DeLong, K. L., Flannery, J. A., Maupin, C. R., Poore, R. Z. and Quinn, T. M. 2011. A coral Sr/Ca calibration and replication study of two massive corals from the Gulf of Mexico. Palaeogeography, Palaeoclimatology, Palaeoecology, 307, 117-128. doi:10.1016/j.palaeo.2011.05.005.",
DE14DTO01,ch2kDE14DTO01,,pub[3].doi,only_old,10.1016/j.palaeo.2016.10.022,
DE14DTO02,ch2kDE14DTO02,,pub[3].doi,only_old,10.1016/j.palaeo.2016.10.022,
DE14DTO03,ch2kDE14DTO03,,pub[3].doi,only_old,10.1016/j.palaeo.2011.05.005,
DE14DTO04,ch2kDE14DTO04,,pub[3].doi,only_old,10.1016/j.palaeo.2011.05.005,
FL17DTO01,ch2kFL17DTO01,,pub[3].doi,only_old,10.1016/j.palaeo.2011.05.005,
DE14DTO01,ch2kDE14DTO01,,pub[3].firstauthor,only_old,"Flannery, J.",
DE14DTO02,ch2kDE14DTO02,,pub[3].firstauthor,only_old,"Flannery, J.",
DE14DTO03,ch2kDE14DTO03,,pub[3].firstauthor,only_old,"DeLong, K.",
DE14DTO04,ch2kDE14DTO04,,pub[3].firstauthor,only_old,"DeLong, K.",
FL17DTO01,ch2kFL17DTO01,,pub[3].firstauthor,only_old,"DeLong, K.",
DE14DTO01,ch2kDE14DTO01,,pub[3].journal,only_old,"Palaeogeography, Palaeoclimatology, Palaeoecology ",
DE14DTO02,ch2kDE14DTO02,,pub[3].journal,only_old,"Palaeogeography, Palaeoclimatology, Palaeoecology ",
DE14DTO03,ch2kDE14DTO03,,pub[3].journal,only_old,"Palaeogeography, Palaeoclimatology, Palaeoecology",
DE14DTO04,ch2kDE14DTO04,,pub[3].journal,only_old,"Palaeogeography, Palaeoclimatology, Palaeoecology",
FL17DTO01,ch2kFL17DTO01,,pub[3].journal,only_old,"Palaeogeography, Palaeoclimatology, Palaeoecology",
DE14DTO01,ch2kDE14DTO01,,pub[3].title,only_old,Multi-species coral Sr/Ca based sea-surface temperature reconstruction using Orbicella faveolata and Siderastrea siderea from the Florida Straits. ,
DE14DTO02,ch2kDE14DTO02,,pub[3].title,only_old,Multi-species coral Sr/Ca based sea-surface temperature reconstruction using Orbicella faveolata and Siderastrea siderea from the Florida Straits. ,
DE14DTO03,ch2kDE14DTO03,,pub[3].title,only_old,A coral Sr/Ca calibration and replication study of two massive corals from the Gulf of Mexico,
DE14DTO04,ch2kDE14DTO04,,pub[3].title,only_old,A coral Sr/Ca calibration and replication study of two massive corals from the Gulf of Mexico,
FL17DTO01,ch2kFL17DTO01,,pub[3].title,only_old,A coral Sr/Ca calibration and replication study of two massive corals from the Gulf of Mexico,
DE14DTO01,ch2kDE14DTO01,,pub[3].year,only_old,2017,
DE14DTO02,ch2kDE14DTO02,,pub[3].year,only_old,2017,
DE14DTO03,ch2kDE14DTO03,,pub[3].year,only_old,2011,
DE14DTO04,ch2kDE14DTO04,,pub[3].year,only_old,2011,
FL17DTO01,ch2kFL17DTO01,,pub[3].year,only_old,2011,
AB08MEN01,ch2kAB08MEN01,,environmentInterpretation1_interpretationApplies,only_new,,NA
AB20MEN01,ch2kAB20MEN01,,environmentInterpretation1_interpretationApplies,only_new,,NA
AB20MEN02,ch2kAB20MEN02,,environmentInterpretation1_interpretationApplies,only_new,,NA
AB20MEN04,ch2kAB20MEN04,,environmentInterpretation1_interpretationApplies,only_new,,NA
AB20MEN05,ch2kAB20MEN05,,environmentInterpretation1_interpretationApplies,only_new,,NA
AB20MEN06,ch2kAB20MEN06,,environmentInterpretation1_interpretationApplies,only_new,,NA
AB20MEN07,ch2kAB20MEN07,,environmentInterpretation1_interpretationApplies,only_new,,NA
AL16PUR01,ch2kAL16PUR01,,environmentInterpretation1_interpretationApplies,only_new,,NA
AL16PUR02,ch2kAL16PUR02,,environmentInterpretation1_interpretationApplies,only_new,,NA
AS05GUA01,ch2kAS05GUA01,,environmentInterpretation1_interpretationApplies,only_new,,NA
BA04FIJ01,ch2kBA04FIJ01,,environmentInterpretation1_interpretationApplies,only_new,,NA
BA04FIJ02,ch2kBA04FIJ02,,environmentInterpretation1_interpretationApplies,only_new,,NA
BO14HTI01,ch2kBO14HTI01,,environmentInterpretation1_interpretationApplies,only_new,,NA
BO14HTI02,ch2kBO14HTI02,,environmentInterpretation1_interpretationApplies,only_new,,NA
BO99MOO01,ch2kBO99MOO01,,environmentInterpretation1_interpretationApplies,only_new,,NA
BR19RED01,ch2kBR19RED01,,environmentInterpretation1_interpretationApplies,only_new,,NA
CA07FLI01,ch2kCA07FLI01,,environmentInterpretation1_interpretationApplies,only_new,,NA
CA13DIA01,ch2kCA13DIA01,,environmentInterpretation1_interpretationApplies,only_new,,NA
CA13PEL01,ch2kCA13PEL01,,environmentInterpretation1_interpretationApplies,only_new,,NA
CA13SAP01,ch2kCA13SAP01,,environmentInterpretation1_interpretationApplies,only_new,,NA
CA13TUR01,ch2kCA13TUR01,,environmentInterpretation1_interpretationApplies,only_new,,NA
CA14BUT01,ch2kCA14BUT01,,environmentInterpretation1_interpretationApplies,only_new,,NA
CA14TIM01,ch2kCA14TIM01,,environmentInterpretation1_interpretationApplies,only_new,,NA
CH03BUN01,ch2kCH03BUN01,,environmentInterpretation1_interpretationApplies,only_new,,NA
CH03LOM01,ch2kCH03LOM01,,environmentInterpretation1_interpretationApplies,only_new,,NA
CH97BVB01,ch2kCH97BVB01,,environmentInterpretation1_interpretationApplies,only_new,,NA
CH98PIR01,ch2kCH98PIR01,,environmentInterpretation1_interpretationApplies,only_new,,NA
CO00MAL01,ch2kCO00MAL01,,environmentInterpretation1_interpretationApplies,only_new,,NA
CO03PAL01,ch2kCO03PAL01,,environmentInterpretation1_interpretationApplies,only_new,,NA
CO03PAL02,ch2kCO03PAL02,,environmentInterpretation1_interpretationApplies,only_new,,NA
CO03PAL03,ch2kCO03PAL03,,environmentInterpretation1_interpretationApplies,only_new,,NA
CO03PAL04,ch2kCO03PAL04,,environmentInterpretation1_interpretationApplies,only_new,,NA
CO03PAL05,ch2kCO03PAL05,,environmentInterpretation1_interpretationApplies,only_new,,NA
CO03PAL06,ch2kCO03PAL06,,environmentInterpretation1_interpretationApplies,only_new,,NA
CO03PAL07,ch2kCO03PAL07,,environmentInterpretation1_interpretationApplies,only_new,,NA
CO03PAL08,ch2kCO03PAL08,,environmentInterpretation1_interpretationApplies,only_new,,NA
CO03PAL09,ch2kCO03PAL09,,environmentInterpretation1_interpretationApplies,only_new,,NA
CO03PAL10,ch2kCO03PAL10,,environmentInterpretation1_interpretationApplies,only_new,,NA
CO93TAR01,ch2kCO93TAR01,,environmentInterpretation1_interpretationApplies,only_new,,NA
DA06MAF01,ch2kDA06MAF01,,environmentInterpretation1_interpretationApplies,only_new,,NA
DA06MAF02,ch2kDA06MAF02,,environmentInterpretation1_interpretationApplies,only_new,,NA
DE12ANC01,ch2kDE12ANC01,,environmentInterpretation1_interpretationApplies,only_new,,NA
DE13HAI01,ch2kDE13HAI01,,environmentInterpretation1_interpretationApplies,only_new,,NA
DE14DTO01,ch2kDE14DTO01,,environmentInterpretation1_interpretationApplies,only_new,,NA
DE14DTO02,ch2kDE14DTO02,,environmentInterpretation1_interpretationApplies,only_new,,NA
DE14DTO03,ch2kDE14DTO03,,environmentInterpretation1_interpretationApplies,only_new,,NA
DE14DTO04,ch2kDE14DTO04,,environmentInterpretation1_interpretationApplies,only_new,,NA
DR99ABR01,ch2kDR99ABR01,,environmentInterpretation1_interpretationApplies,only_new,,NA
DU94URV01,ch2kDU94URV01,,environmentInterpretation1_interpretationApplies,only_new,,NA
EV18ROC01,ch2kEV18ROC01,,environmentInterpretation1_interpretationApplies,only_new,,NA
EV98KIR01,ch2kEV98KIR01,,environmentInterpretation1_interpretationApplies,only_new,,NA
FE09OGA01,ch2kFE09OGA01,,environmentInterpretation1_interpretationApplies,only_new,,NA
FE18RUS01,ch2kFE18RUS01,,environmentInterpretation1_interpretationApplies,only_new,,NA
FL17DTO01,ch2kFL17DTO01,,environmentInterpretation1_interpretationApplies,only_new,,NA
FL17DTO02,ch2kFL17DTO02,,environmentInterpretation1_interpretationApplies,only_new,,NA
GO08BER01,ch2kGO08BER01,,environmentInterpretation1_interpretationApplies,only_new,,NA
GO12SBV01,ch2kGO12SBV01,,environmentInterpretation1_interpretationApplies,only_new,,NA
GR13MAD01,ch2kGR13MAD01,,environmentInterpretation1_interpretationApplies,only_new,,NA
GR13MAD02,ch2kGR13MAD02,,environmentInterpretation1_interpretationApplies,only_new,,NA
GU99NAU01,ch2kGU99NAU01,,environmentInterpretation1_interpretationApplies,only_new,,NA
GU99NAU02,ch2kGU99NAU02,,environmentInterpretation1_interpretationApplies,only_new,,NA
HE02GBR01,ch2kHE02GBR01,,environmentInterpretation1_interpretationApplies,only_new,,NA
HE08LRA01,ch2kHE08LRA01,,environmentInterpretation1_interpretationApplies,only_new,,NA
HE10GUA01,ch2kHE10GUA01,,environmentInterpretation1_interpretationApplies,only_new,,NA
HE13MIS01,ch2kHE13MIS01,,environmentInterpretation1_interpretationApplies,only_new,,NA
HE18COC01,ch2kHE18COC01,,environmentInterpretation1_interpretationApplies,only_new,,NA
JI18GAL01,ch2kJI18GAL01,,environmentInterpretation1_interpretationApplies,only_new,,NA
JI18GAL02,ch2kJI18GAL02,,environmentInterpretation1_interpretationApplies,only_new,,NA
KA17RYU01,ch2kKA17RYU01,,environmentInterpretation1_interpretationApplies,only_new,,NA
KI04MCV01,ch2kKI04MCV01,,environmentInterpretation1_interpretationApplies,only_new,,NA
KI08PAR01,ch2kKI08PAR01,,environmentInterpretation1_interpretationApplies,only_new,,NA
KI14PAR01,ch2kKI14PAR01,,environmentInterpretation1_interpretationApplies,only_new,,NA
KL97DAH01,ch2kKL97DAH01,,environmentInterpretation1_interpretationApplies,only_new,,NA
KR20SAR01,ch2kKR20SAR01,,environmentInterpretation1_interpretationApplies,only_new,,NA
KU00NIN01,ch2kKU00NIN01,,environmentInterpretation1_interpretationApplies,only_new,,NA
KU99HOU01,ch2kKU99HOU01,,environmentInterpretation1_interpretationApplies,only_new,,NA
LI00RAR01,ch2kLI00RAR01,,environmentInterpretation1_interpretationApplies,only_new,,NA
LI04FIJ01,ch2kLI04FIJ01,,environmentInterpretation1_interpretationApplies,only_new,,NA
LI06FIJ01,ch2kLI06FIJ01,,environmentInterpretation1_interpretationApplies,only_new,,NA
LI06RAR01,ch2kLI06RAR01,,environmentInterpretation1_interpretationApplies,only_new,,NA
LI06RAR02,ch2kLI06RAR02,,environmentInterpretation1_interpretationApplies,only_new,,NA
LI94SEC01,ch2kLI94SEC01,,environmentInterpretation1_interpretationApplies,only_new,,NA
MA08DTO01,ch2kMA08DTO01,,environmentInterpretation1_interpretationApplies,only_new,,NA
MC04PNG01,ch2kMC04PNG01,,environmentInterpretation1_interpretationApplies,only_new,,NA
MC11KIR01,ch2kMC11KIR01,,environmentInterpretation1_interpretationApplies,only_new,,NA
MO06PED01,ch2kMO06PED01,,environmentInterpretation1_interpretationApplies,only_new,,NA
MU17DOA01,ch2kMU17DOA01,,environmentInterpretation1_interpretationApplies,only_new,,NA
MU18GSI01,ch2kMU18GSI01,,environmentInterpretation1_interpretationApplies,only_new,,NA
MU18NPI01,ch2kMU18NPI01,,environmentInterpretation1_interpretationApplies,only_new,,NA
MU18RED04,ch2kMU18RED04,,environmentInterpretation1_interpretationApplies,only_new,,NA
NA09MAL01,ch2kNA09MAL01,,environmentInterpretation1_interpretationApplies,only_new,,NA
NU09FAN01,ch2kNU09FAN01,,environmentInterpretation1_interpretationApplies,only_new,,NA
NU11PAL01,ch2kNU11PAL01,,environmentInterpretation1_interpretationApplies,only_new,,NA
OS13NGP01,ch2kOS13NGP01,,environmentInterpretation1_interpretationApplies,only_new,,NA
OS14RIP01,ch2kOS14RIP01,,environmentInterpretation1_interpretationApplies,only_new,,NA
OS14UCP01,ch2kOS14UCP01,,environmentInterpretation1_interpretationApplies,only_new,,NA
PF04PBA01,ch2kPF04PBA01,,environmentInterpretation1_interpretationApplies,only_new,,NA
PF19LAR01,ch2kPF19LAR01,,environmentInterpretation1_interpretationApplies,only_new,,NA
QU06RAB01,ch2kQU06RAB01,,environmentInterpretation1_interpretationApplies,only_new,,NA
QU96ESV01,ch2kQU96ESV01,,environmentInterpretation1_interpretationApplies,only_new,,NA
RA19PAI01,ch2kRA19PAI01,,environmentInterpretation1_interpretationApplies,only_new,,NA
RA20TAI01,ch2kRA20TAI01,,environmentInterpretation1_interpretationApplies,only_new,,NA
RE18CAY01,ch2kRE18CAY01,,environmentInterpretation1_interpretationApplies,only_new,,NA
RI10PBL01,ch2kRI10PBL01,,environmentInterpretation1_interpretationApplies,only_new,,NA
RO19MAR01,ch2kRO19MAR01,,environmentInterpretation1_interpretationApplies,only_new,,NA
RO19PAR01,ch2kRO19PAR01,,environmentInterpretation1_interpretationApplies,only_new,,NA
SA16CLA01,ch2kSA16CLA01,,environmentInterpretation1_interpretationApplies,only_new,,NA
SA18GBR01,ch2kSA18GBR01,,environmentInterpretation1_interpretationApplies,only_new,,NA
SA20FAN02,ch2kSA20FAN02,,environmentInterpretation1_interpretationApplies,only_new,,NA
SH92PUN01,ch2kSH92PUN01,,environmentInterpretation1_interpretationApplies,only_new,,NA
SM06LKF01,ch2kSM06LKF01,,environmentInterpretation1_interpretationApplies,only_new,,NA
SM06LKF02,ch2kSM06LKF02,,environmentInterpretation1_interpretationApplies,only_new,,NA
ST13MAL01,ch2kST13MAL01,,environmentInterpretation1_interpretationApplies,only_new,,NA
SW98STP01,ch2kSW98STP01,,environmentInterpretation1_interpretationApplies,only_new,,NA
SW99LIG01,ch2kSW99LIG01,,environmentInterpretation1_interpretationApplies,only_new,,NA
SW99LIG02,ch2kSW99LIG02,,environmentInterpretation1_interpretationApplies,only_new,,NA
TA18TAS01,ch2kTA18TAS01,,environmentInterpretation1_interpretationApplies,only_new,,NA
TU01DEP01,ch2kTU01DEP01,,environmentInterpretation1_interpretationApplies,only_new,,NA
TU01LAI01,ch2kTU01LAI01,,environmentInterpretation1_interpretationApplies,only_new,,NA
TU95MAD01,ch2kTU95MAD01,,environmentInterpretation1_interpretationApplies,only_new,,NA
UR00MAI01,ch2kUR00MAI01,,environmentInterpretation1_interpretationApplies,only_new,,NA
WE09ARR01,ch2kWE09ARR01,,environmentInterpretation1_interpretationApplies,only_new,,NA
WU13TON01,ch2kWU13TON01,,environmentInterpretation1_interpretationApplies,only_new,,NA
WU14CLI01,ch2kWU14CLI01,,environmentInterpretation1_interpretationApplies,only_new,,NA
XI17HAI01,ch2kXI17HAI01,,environmentInterpretation1_interpretationApplies,only_new,,NA
XU15BVI02,ch2kXU15BVI02,,environmentInterpretation1_interpretationApplies,only_new,,NA
ZI04IFR01,ch2kZI04IFR01,,environmentInterpretation1_interpretationApplies,only_new,,NA
ZI08MAY01,ch2kZI08MAY01,,environmentInterpretation1_interpretationApplies,only_new,,NA
ZI14HOU01,ch2kZI14HOU01,,environmentInterpretation1_interpretationApplies,only_new,,NA
ZI14IFR02,ch2kZI14IFR02,,environmentInterpretation1_interpretationApplies,only_new,,NA
ZI14TUR01,ch2kZI14TUR01,,environmentInterpretation1_interpretationApplies,only_new,,NA
ZI15BUN01,ch2kZI15BUN01,,environmentInterpretation1_interpretationApplies,only_new,,NA
ZI15CLE01,ch2kZI15CLE01,,environmentInterpretation1_interpretationApplies,only_new,,NA
ZI15IMP01,ch2kZI15IMP01,,environmentInterpretation1_interpretationApplies,only_new,,NA
ZI15IMP02,ch2kZI15IMP02,,environmentInterpretation1_interpretationApplies,only_new,,NA
ZI15MER01,ch2kZI15MER01,,environmentInterpretation1_interpretationApplies,only_new,,NA
ZI15TAN01,ch2kZI15TAN01,,environmentInterpretation1_interpretationApplies,only_new,,NA
ZI16ROD01,ch2kZI16ROD01,,environmentInterpretation1_interpretationApplies,only_new,,NA
ZI16ROD02,ch2kZI16ROD02,,environmentInterpretation1_interpretationApplies,only_new,,NA
AB08MEN01,ch2kAB08MEN01,,environmentInterpretation2_interpretationApplies,only_new,,NA
AB20MEN01,ch2kAB20MEN01,,environmentInterpretation2_interpretationApplies,only_new,,NA
AB20MEN02,ch2kAB20MEN02,,environmentInterpretation2_interpretationApplies,only_new,,NA
AB20MEN04,ch2kAB20MEN04,,environmentInterpretation2_interpretationApplies,only_new,,NA
AB20MEN05,ch2kAB20MEN05,,environmentInterpretation2_interpretationApplies,only_new,,NA
AB20MEN06,ch2kAB20MEN06,,environmentInterpretation2_interpretationApplies,only_new,,NA
AB20MEN07,ch2kAB20MEN07,,environmentInterpretation2_interpretationApplies,only_new,,NA
AL16PUR01,ch2kAL16PUR01,,environmentInterpretation2_interpretationApplies,only_new,,NA
AL16PUR02,ch2kAL16PUR02,,environmentInterpretation2_interpretationApplies,only_new,,NA
AS05GUA01,ch2kAS05GUA01,,environmentInterpretation2_interpretationApplies,only_new,,NA
BA04FIJ01,ch2kBA04FIJ01,,environmentInterpretation2_interpretationApplies,only_new,,NA
BA04FIJ02,ch2kBA04FIJ02,,environmentInterpretation2_interpretationApplies,only_new,,NA
BO14HTI01,ch2kBO14HTI01,,environmentInterpretation2_interpretationApplies,only_new,,NA
BO14HTI02,ch2kBO14HTI02,,environmentInterpretation2_interpretationApplies,only_new,,NA
BO99MOO01,ch2kBO99MOO01,,environmentInterpretation2_interpretationApplies,only_new,,NA
BR19RED01,ch2kBR19RED01,,environmentInterpretation2_interpretationApplies,only_new,,NA
CA07FLI01,ch2kCA07FLI01,,environmentInterpretation2_interpretationApplies,only_new,,NA
CA13DIA01,ch2kCA13DIA01,,environmentInterpretation2_interpretationApplies,only_new,,NA
CA13PEL01,ch2kCA13PEL01,,environmentInterpretation2_interpretationApplies,only_new,,NA
CA13SAP01,ch2kCA13SAP01,,environmentInterpretation2_interpretationApplies,only_new,,NA
CA13TUR01,ch2kCA13TUR01,,environmentInterpretation2_interpretationApplies,only_new,,NA
CA14BUT01,ch2kCA14BUT01,,environmentInterpretation2_interpretationApplies,only_new,,NA
CA14TIM01,ch2kCA14TIM01,,environmentInterpretation2_interpretationApplies,only_new,,NA
CH03BUN01,ch2kCH03BUN01,,environmentInterpretation2_interpretationApplies,only_new,,NA
CH03LOM01,ch2kCH03LOM01,,environmentInterpretation2_interpretationApplies,only_new,,NA
CH97BVB01,ch2kCH97BVB01,,environmentInterpretation2_interpretationApplies,only_new,,NA
CH98PIR01,ch2kCH98PIR01,,environmentInterpretation2_interpretationApplies,only_new,,NA
CO00MAL01,ch2kCO00MAL01,,environmentInterpretation2_interpretationApplies,only_new,,NA
CO03PAL01,ch2kCO03PAL01,,environmentInterpretation2_interpretationApplies,only_new,,NA
CO03PAL02,ch2kCO03PAL02,,environmentInterpretation2_interpretationApplies,only_new,,NA
CO03PAL03,ch2kCO03PAL03,,environmentInterpretation2_interpretationApplies,only_new,,NA
CO03PAL04,ch2kCO03PAL04,,environmentInterpretation2_interpretationApplies,only_new,,NA
CO03PAL05,ch2kCO03PAL05,,environmentInterpretation2_interpretationApplies,only_new,,NA
CO03PAL06,ch2kCO03PAL06,,environmentInterpretation2_interpretationApplies,only_new,,NA
CO03PAL07,ch2kCO03PAL07,,environmentInterpretation2_interpretationApplies,only_new,,NA
CO03PAL08,ch2kCO03PAL08,,environmentInterpretation2_interpretationApplies,only_new,,NA
CO03PAL09,ch2kCO03PAL09,,environmentInterpretation2_interpretationApplies,only_new,,NA
CO03PAL10,ch2kCO03PAL10,,environmentInterpretation2_interpretationApplies,only_new,,NA
CO93TAR01,ch2kCO93TAR01,,environmentInterpretation2_interpretationApplies,only_new,,NA
DA06MAF01,ch2kDA06MAF01,,environmentInterpretation2_interpretationApplies,only_new,,NA
DA06MAF02,ch2kDA06MAF02,,environmentInterpretation2_interpretationApplies,only_new,,NA
DE12ANC01,ch2kDE12ANC01,,environmentInterpretation2_interpretationApplies,only_new,,NA
DE13HAI01,ch2kDE13HAI01,,environmentInterpretation2_interpretationApplies,only_new,,NA
DE14DTO01,ch2kDE14DTO01,,environmentInterpretation2_interpretationApplies,only_new,,NA
DE14DTO02,ch2kDE14DTO02,,environmentInterpretation2_interpretationApplies,only_new,,NA
DE14DTO03,ch2kDE14DTO03,,environmentInterpretation2_interpretationApplies,only_new,,NA
DE14DTO04,ch2kDE14DTO04,,environmentInterpretation2_interpretationApplies,only_new,,NA
DR99ABR01,ch2kDR99ABR01,,environmentInterpretation2_interpretationApplies,only_new,,NA
DU94URV01,ch2kDU94URV01,,environmentInterpretation2_interpretationApplies,only_new,,NA
EV18ROC01,ch2kEV18ROC01,,environmentInterpretation2_interpretationApplies,only_new,,NA
EV98KIR01,ch2kEV98KIR01,,environmentInterpretation2_interpretationApplies,only_new,,NA
FE09OGA01,ch2kFE09OGA01,,environmentInterpretation2_interpretationApplies,only_new,,NA
FE18RUS01,ch2kFE18RUS01,,environmentInterpretation2_interpretationApplies,only_new,,NA
FL17DTO01,ch2kFL17DTO01,,environmentInterpretation2_interpretationApplies,only_new,,NA
FL17DTO02,ch2kFL17DTO02,,environmentInterpretation2_interpretationApplies,only_new,,NA
GO08BER01,ch2kGO08BER01,,environmentInterpretation2_interpretationApplies,only_new,,NA
GO12SBV01,ch2kGO12SBV01,,environmentInterpretation2_interpretationApplies,only_new,,NA
GR13MAD01,ch2kGR13MAD01,,environmentInterpretation2_interpretationApplies,only_new,,NA
GR13MAD02,ch2kGR13MAD02,,environmentInterpretation2_interpretationApplies,only_new,,NA
GU99NAU01,ch2kGU99NAU01,,environmentInterpretation2_interpretationApplies,only_new,,NA
GU99NAU02,ch2kGU99NAU02,,environmentInterpretation2_interpretationApplies,only_new,,NA
HE02GBR01,ch2kHE02GBR01,,environmentInterpretation2_interpretationApplies,only_new,,NA
HE08LRA01,ch2kHE08LRA01,,environmentInterpretation2_interpretationApplies,only_new,,NA
HE10GUA01,ch2kHE10GUA01,,environmentInterpretation2_interpretationApplies,only_new,,NA
HE13MIS01,ch2kHE13MIS01,,environmentInterpretation2_interpretationApplies,only_new,,NA
HE18COC01,ch2kHE18COC01,,environmentInterpretation2_interpretationApplies,only_new,,NA
JI18GAL01,ch2kJI18GAL01,,environmentInterpretation2_interpretationApplies,only_new,,NA
JI18GAL02,ch2kJI18GAL02,,environmentInterpretation2_interpretationApplies,only_new,,NA
KA17RYU01,ch2kKA17RYU01,,environmentInterpretation2_interpretationApplies,only_new,,NA
KI04MCV01,ch2kKI04MCV01,,environmentInterpretation2_interpretationApplies,only_new,,NA
KI08PAR01,ch2kKI08PAR01,,environmentInterpretation2_interpretationApplies,only_new,,NA
KI14PAR01,ch2kKI14PAR01,,environmentInterpretation2_interpretationApplies,only_new,,NA
KL97DAH01,ch2kKL97DAH01,,environmentInterpretation2_interpretationApplies,only_new,,NA
KR20SAR01,ch2kKR20SAR01,,environmentInterpretation2_interpretationApplies,only_new,,NA
KU00NIN01,ch2kKU00NIN01,,environmentInterpretation2_interpretationApplies,only_new,,NA
KU99HOU01,ch2kKU99HOU01,,environmentInterpretation2_interpretationApplies,only_new,,NA
LI00RAR01,ch2kLI00RAR01,,environmentInterpretation2_interpretationApplies,only_new,,NA
LI04FIJ01,ch2kLI04FIJ01,,environmentInterpretation2_interpretationApplies,only_new,,NA
LI06FIJ01,ch2kLI06FIJ01,,environmentInterpretation2_interpretationApplies,only_new,,NA
LI06RAR01,ch2kLI06RAR01,,environmentInterpretation2_interpretationApplies,only_new,,NA
LI06RAR02,ch2kLI06RAR02,,environmentInterpretation2_interpretationApplies,only_new,,NA
LI94SEC01,ch2kLI94SEC01,,environmentInterpretation2_interpretationApplies,only_new,,NA
MA08DTO01,ch2kMA08DTO01,,environmentInterpretation2_interpretationApplies,only_new,,NA
MC04PNG01,ch2kMC04PNG01,,environmentInterpretation2_interpretationApplies,only_new,,NA
MC11KIR01,ch2kMC11KIR01,,environmentInterpretation2_interpretationApplies,only_new,,NA
MO06PED01,ch2kMO06PED01,,environmentInterpretation2_interpretationApplies,only_new,,NA
MU17DOA01,ch2kMU17DOA01,,environmentInterpretation2_interpretationApplies,only_new,,NA
MU18GSI01,ch2kMU18GSI01,,environmentInterpretation2_interpretationApplies,only_new,,NA
MU18NPI01,ch2kMU18NPI01,,environmentInterpretation2_interpretationApplies,only_new,,NA
MU18RED04,ch2kMU18RED04,,environmentInterpretation2_interpretationApplies,only_new,,NA
NA09MAL01,ch2kNA09MAL01,,environmentInterpretation2_interpretationApplies,only_new,,NA
NU09FAN01,ch2kNU09FAN01,,environmentInterpretation2_interpretationApplies,only_new,,NA
NU11PAL01,ch2kNU11PAL01,,environmentInterpretation2_interpretationApplies,only_new,,NA
OS13NGP01,ch2kOS13NGP01,,environmentInterpretation2_interpretationApplies,only_new,,NA
OS14RIP01,ch2kOS14RIP01,,environmentInterpretation2_interpretationApplies,only_new,,NA
OS14UCP01,ch2kOS14UCP01,,environmentInterpretation2_interpretationApplies,only_new,,NA
PF04PBA01,ch2kPF04PBA01,,environmentInterpretation2_interpretationApplies,only_new,,NA
PF19LAR01,ch2kPF19LAR01,,environmentInterpretation2_interpretationApplies,only_new,,NA
QU06RAB01,ch2kQU06RAB01,,environmentInterpretation2_interpretationApplies,only_new,,NA
QU96ESV01,ch2kQU96ESV01,,environmentInterpretation2_interpretationApplies,only_new,,NA
RA19PAI01,ch2kRA19PAI01,,environmentInterpretation2_interpretationApplies,only_new,,NA
RA20TAI01,ch2kRA20TAI01,,environmentInterpretation2_interpretationApplies,only_new,,NA
RE18CAY01,ch2kRE18CAY01,,environmentInterpretation2_interpretationApplies,only_new,,NA
RI10PBL01,ch2kRI10PBL01,,environmentInterpretation2_interpretationApplies,only_new,,NA
RO19MAR01,ch2kRO19MAR01,,environmentInterpretation2_interpretationApplies,only_new,,NA
RO19PAR01,ch2kRO19PAR01,,environmentInterpretation2_interpretationApplies,only_new,,NA
SA16CLA01,ch2kSA16CLA01,,environmentInterpretation2_interpretationApplies,only_new,,NA
SA18GBR01,ch2kSA18GBR01,,environmentInterpretation2_interpretationApplies,only_new,,NA
SA20FAN02,ch2kSA20FAN02,,environmentInterpretation2_interpretationApplies,only_new,,NA
SH92PUN01,ch2kSH92PUN01,,environmentInterpretation2_interpretationApplies,only_new,,NA
SM06LKF01,ch2kSM06LKF01,,environmentInterpretation2_interpretationApplies,only_new,,NA
SM06LKF02,ch2kSM06LKF02,,environmentInterpretation2_interpretationApplies,only_new,,NA
ST13MAL01,ch2kST13MAL01,,environmentInterpretation2_interpretationApplies,only_new,,NA
SW98STP01,ch2kSW98STP01,,environmentInterpretation2_interpretationApplies,only_new,,NA
SW99LIG01,ch2kSW99LIG01,,environmentInterpretation2_interpretationApplies,only_new,,NA
SW99LIG02,ch2kSW99LIG02,,environmentInterpretation2_interpretationApplies,only_new,,NA
TA18TAS01,ch2kTA18TAS01,,environmentInterpretation2_interpretationApplies,only_new,,NA
TU01DEP01,ch2kTU01DEP01,,environmentInterpretation2_interpretationApplies,only_new,,NA
TU01LAI01,ch2kTU01LAI01,,environmentInterpretation2_interpretationApplies,only_new,,NA
TU95MAD01,ch2kTU95MAD01,,environmentInterpretation2_interpretationApplies,only_new,,NA
UR00MAI01,ch2kUR00MAI01,,environmentInterpretation2_interpretationApplies,only_new,,NA
WE09ARR01,ch2kWE09ARR01,,environmentInterpretation2_interpretationApplies,only_new,,NA
WU13TON01,ch2kWU13TON01,,environmentInterpretation2_interpretationApplies,only_new,,NA
WU14CLI01,ch2kWU14CLI01,,environmentInterpretation2_interpretationApplies,only_new,,NA
XI17HAI01,ch2kXI17HAI01,,environmentInterpretation2_interpretationApplies,only_new,,NA
XU15BVI02,ch2kXU15BVI02,,environmentInterpretation2_interpretationApplies,only_new,,NA
ZI04IFR01,ch2kZI04IFR01,,environmentInterpretation2_interpretationApplies,only_new,,NA
ZI08MAY01,ch2kZI08MAY01,,environmentInterpretation2_interpretationApplies,only_new,,NA
ZI14HOU01,ch2kZI14HOU01,,environmentInterpretation2_interpretationApplies,only_new,,NA
ZI14IFR02,ch2kZI14IFR02,,environmentInterpretation2_interpretationApplies,only_new,,NA
ZI14TUR01,ch2kZI14TUR01,,environmentInterpretation2_interpretationApplies,only_new,,NA
ZI15BUN01,ch2kZI15BUN01,,environmentInterpretation2_interpretationApplies,only_new,,NA
ZI15CLE01,ch2kZI15CLE01,,environmentInterpretation2_interpretationApplies,only_new,,NA
ZI15IMP01,ch2kZI15IMP01,,environmentInterpretation2_interpretationApplies,only_new,,NA
ZI15IMP02,ch2kZI15IMP02,,environmentInterpretation2_interpretationApplies,only_new,,NA
ZI15MER01,ch2kZI15MER01,,environmentInterpretation2_interpretationApplies,only_new,,NA
ZI15TAN01,ch2kZI15TAN01,,environmentInterpretation2_interpretationApplies,only_new,,NA
ZI16ROD01,ch2kZI16ROD01,,environmentInterpretation2_interpretationApplies,only_new,,NA
ZI16ROD02,ch2kZI16ROD02,,environmentInterpretation2_interpretationApplies,only_new,,NA
DE13HAI01,ch2kDE13HAI01,DE13HAI01_d18O_sw_annual,paleoData.inferredMaterial,only_new,,sea water
FE09OGA01,ch2kFE09OGA01,FE09OGA01_d18O_sw_annual,paleoData.inferredMaterial,only_new,,sea water
FE18RUS01,ch2kFE18RUS01,FE18RUS01_d18O_sw_annual,paleoData.inferredMaterial,only_new,,sea water
KI14PAR01,ch2kKI14PAR01,KI14PAR01_d18O_sw_annual,paleoData.inferredMaterial,only_new,,sea water
RE18CAY01,ch2kRE18CAY01,RE18CAY01_d18O_sw_annual,paleoData.inferredMaterial,only_new,,sea water
XI17HAI01,ch2kXI17HAI01,XI17HAI01_d18O_sw_annual,paleoData.inferredMaterial,only_new,,sea water
AB08MEN01,ch2kAB08MEN01,AB08MEN01_d18O,paleoData.interpretation[1].interpretationApplies,only_new,,NA
AB20MEN01,ch2kAB20MEN01,AB20MEN01_d18O,paleoData.interpretation[1].interpretationApplies,only_new,,NA
AB20MEN02,ch2kAB20MEN02,AB20MEN02_d18O,paleoData.interpretation[1].interpretationApplies,only_new,,NA
AB20MEN04,ch2kAB20MEN04,AB20MEN04_d18O,paleoData.interpretation[1].interpretationApplies,only_new,,NA
AB20MEN05,ch2kAB20MEN05,AB20MEN05_d18O,paleoData.interpretation[1].interpretationApplies,only_new,,NA
AB20MEN06,ch2kAB20MEN06,AB20MEN06_d18O,paleoData.interpretation[1].interpretationApplies,only_new,,NA
AB20MEN07,ch2kAB20MEN07,AB20MEN07_d18O,paleoData.interpretation[1].interpretationApplies,only_new,,NA
AL16PUR01,ch2kAL16PUR01,AL16PUR01_SrCa,paleoData.interpretation[1].interpretationApplies,only_new,,NA
AL16PUR01,ch2kAL16PUR01,AL16PUR01_SrCaUncertainty,paleoData.interpretation[1].interpretationApplies,only_new,,NA
AL16PUR02,ch2kAL16PUR02,AL16PUR02_SrCa,paleoData.interpretation[1].interpretationApplies,only_new,,NA
AL16PUR02,ch2kAL16PUR02,AL16PUR02_SrCaUncertainty,paleoData.interpretation[1].interpretationApplies,only_new,,NA
AS05GUA01,ch2kAS05GUA01,AS05GUA01_d18O,paleoData.interpretation[1].interpretationApplies,only_new,,NA
BA04FIJ01,ch2kBA04FIJ01,BA04FIJ01_SrCa,paleoData.interpretation[1].interpretationApplies,only_new,,NA
BA04FIJ01,ch2kBA04FIJ01,BA04FIJ01_d18O,paleoData.interpretation[1].interpretationApplies,only_new,,NA
BA04FIJ02,ch2kBA04FIJ02,BA04FIJ02_SrCa,paleoData.interpretation[1].interpretationApplies,only_new,,NA
BA04FIJ02,ch2kBA04FIJ02,BA04FIJ02_d18O,paleoData.interpretation[1].interpretationApplies,only_new,,NA
BO14HTI01,ch2kBO14HTI01,BO14HTI01_SrCa,paleoData.interpretation[1].interpretationApplies,only_new,,NA
BO14HTI01,ch2kBO14HTI01,BO14HTI01_SrCaUncertainty,paleoData.interpretation[1].interpretationApplies,only_new,,NA
BO14HTI01,ch2kBO14HTI01,BO14HTI01_d18O,paleoData.interpretation[1].interpretationApplies,only_new,,NA
BO14HTI02,ch2kBO14HTI02,BO14HTI02_SrCa,paleoData.interpretation[1].interpretationApplies,only_new,,NA
BO14HTI02,ch2kBO14HTI02,BO14HTI02_d18O,paleoData.interpretation[1].interpretationApplies,only_new,,NA
BO99MOO01,ch2kBO99MOO01,BO99MOO01_d18O,paleoData.interpretation[1].interpretationApplies,only_new,,NA
BR19RED01,ch2kBR19RED01,BR19RED01_SrCa,paleoData.interpretation[1].interpretationApplies,only_new,,NA
BR19RED01,ch2kBR19RED01,BR19RED01_SrCa_annual,paleoData.interpretation[1].interpretationApplies,only_new,,NA
CA07FLI01,ch2kCA07FLI01,CA07FLI01_SrCa,paleoData.interpretation[1].interpretationApplies,only_new,,NA
CA07FLI01,ch2kCA07FLI01,CA07FLI01_d18O,paleoData.interpretation[1].interpretationApplies,only_new,,NA
CA13DIA01,ch2kCA13DIA01,CA13DIA01_d18O,paleoData.interpretation[1].interpretationApplies,only_new,,NA
CA13PEL01,ch2kCA13PEL01,CA13PEL01_d18O,paleoData.interpretation[1].interpretationApplies,only_new,,NA
CA13SAP01,ch2kCA13SAP01,CA13SAP01_d18O,paleoData.interpretation[1].interpretationApplies,only_new,,NA
CA13TUR01,ch2kCA13TUR01,CA13TUR01_d18O,paleoData.interpretation[1].interpretationApplies,only_new,,NA
CA14BUT01,ch2kCA14BUT01,CA14BUT01_SrCa,paleoData.interpretation[1].interpretationApplies,only_new,,NA
CA14BUT01,ch2kCA14BUT01,CA14BUT01_d18O,paleoData.interpretation[1].interpretationApplies,only_new,,NA
CA14BUT01,ch2kCA14BUT01,CA14BUT01_d18O_sw,paleoData.interpretation[1].interpretationApplies,only_new,,NA
CA14TIM01,ch2kCA14TIM01,CA14TIM01_SrCa,paleoData.interpretation[1].interpretationApplies,only_new,,NA
CA14TIM01,ch2kCA14TIM01,CA14TIM01_d18O,paleoData.interpretation[1].interpretationApplies,only_new,,NA
CA14TIM01,ch2kCA14TIM01,CA14TIM01_d18O_sw,paleoData.interpretation[1].interpretationApplies,only_new,,NA
CH03BUN01,ch2kCH03BUN01,CH03BUN01_d18O,paleoData.interpretation[1].interpretationApplies,only_new,,NA
CH03LOM01,ch2kCH03LOM01,CH03LOM01_d18O,paleoData.interpretation[1].interpretationApplies,only_new,,NA
CH97BVB01,ch2kCH97BVB01,CH97BVB01_d18O,paleoData.interpretation[1].interpretationApplies,only_new,,NA
CH98PIR01,ch2kCH98PIR01,CH98PIR01_d18O,paleoData.interpretation[1].interpretationApplies,only_new,,NA
CO00MAL01,ch2kCO00MAL01,CO00MAL01_d18O,paleoData.interpretation[1].interpretationApplies,only_new,,NA
CO03PAL01,ch2kCO03PAL01,CO03PAL01_d18O,paleoData.interpretation[1].interpretationApplies,only_new,,NA
CO03PAL02,ch2kCO03PAL02,CO03PAL02_d18O,paleoData.interpretation[1].interpretationApplies,only_new,,NA
CO03PAL03,ch2kCO03PAL03,CO03PAL03_d18O,paleoData.interpretation[1].interpretationApplies,only_new,,NA
CO03PAL04,ch2kCO03PAL04,CO03PAL04_d18O,paleoData.interpretation[1].interpretationApplies,only_new,,NA
CO03PAL05,ch2kCO03PAL05,CO03PAL05_d18O,paleoData.interpretation[1].interpretationApplies,only_new,,NA
CO03PAL06,ch2kCO03PAL06,CO03PAL06_d18O,paleoData.interpretation[1].interpretationApplies,only_new,,NA
CO03PAL07,ch2kCO03PAL07,CO03PAL07_d18O,paleoData.interpretation[1].interpretationApplies,only_new,,NA
CO03PAL08,ch2kCO03PAL08,CO03PAL08_d18O,paleoData.interpretation[1].interpretationApplies,only_new,,NA
CO03PAL09,ch2kCO03PAL09,CO03PAL09_d18O,paleoData.interpretation[1].interpretationApplies,only_new,,NA
CO03PAL10,ch2kCO03PAL10,CO03PAL10_d18O,paleoData.interpretation[1].interpretationApplies,only_new,,NA
CO93TAR01,ch2kCO93TAR01,CO93TAR01_d18O,paleoData.interpretation[1].interpretationApplies,only_new,,NA
DA06MAF01,ch2kDA06MAF01,DA06MAF01_d18O,paleoData.interpretation[1].interpretationApplies,only_new,,NA
DA06MAF02,ch2kDA06MAF02,DA06MAF02_d18O,paleoData.interpretation[1].interpretationApplies,only_new,,NA
DE12ANC01,ch2kDE12ANC01,DE12ANC01_SrCa,paleoData.interpretation[1].interpretationApplies,only_new,,NA
DE13HAI01,ch2kDE13HAI01,DE13HAI01_SrCa,paleoData.interpretation[1].interpretationApplies,only_new,,NA
DE13HAI01,ch2kDE13HAI01,DE13HAI01_SrCa_annual,paleoData.interpretation[1].interpretationApplies,only_new,,NA
DE13HAI01,ch2kDE13HAI01,DE13HAI01_d18O,paleoData.interpretation[1].interpretationApplies,only_new,,NA
DE13HAI01,ch2kDE13HAI01,DE13HAI01_d18O_annual,paleoData.interpretation[1].interpretationApplies,only_new,,NA
DE13HAI01,ch2kDE13HAI01,DE13HAI01_d18O_sw,paleoData.interpretation[1].interpretationApplies,only_new,,NA
DE13HAI01,ch2kDE13HAI01,DE13HAI01_d18O_sw_annual,paleoData.interpretation[1].interpretationApplies,only_new,,NA
DE14DTO01,ch2kDE14DTO01,DE14DTO01_SrCa,paleoData.interpretation[1].interpretationApplies,only_new,,NA
DE14DTO02,ch2kDE14DTO02,DE14DTO02_SrCa,paleoData.interpretation[1].interpretationApplies,only_new,,NA
DE14DTO03,ch2kDE14DTO03,DE14DTO03_SrCa,paleoData.interpretation[1].interpretationApplies,only_new,,NA
DE14DTO04,ch2kDE14DTO04,DE14DTO04_SrCa,paleoData.interpretation[1].interpretationApplies,only_new,,NA
DR99ABR01,ch2kDR99ABR01,DR99ABR01_d18O,paleoData.interpretation[1].interpretationApplies,only_new,,NA
DR99ABR01,ch2kDR99ABR01,DR99ABR01_d18O_annual,paleoData.interpretation[1].interpretationApplies,only_new,,NA
DU94URV01,ch2kDU94URV01,DU94URV01_d18O,paleoData.interpretation[1].interpretationApplies,only_new,,NA
DU94URV01,ch2kDU94URV01,DU94URV01_d18O_annual,paleoData.interpretation[1].interpretationApplies,only_new,,NA
EV18ROC01,ch2kEV18ROC01,EV18ROC01_SrCa,paleoData.interpretation[1].interpretationApplies,only_new,,NA
EV18ROC01,ch2kEV18ROC01,EV18ROC01_SrCa_annual,paleoData.interpretation[1].interpretationApplies,only_new,,NA
EV98KIR01,ch2kEV98KIR01,EV98KIR01_d18O,paleoData.interpretation[1].interpretationApplies,only_new,,NA
FE09OGA01,ch2kFE09OGA01,FE09OGA01_SrCa,paleoData.interpretation[1].interpretationApplies,only_new,,NA
FE09OGA01,ch2kFE09OGA01,FE09OGA01_SrCa_annual,paleoData.interpretation[1].interpretationApplies,only_new,,NA
FE09OGA01,ch2kFE09OGA01,FE09OGA01_d18O,paleoData.interpretation[1].interpretationApplies,only_new,,NA
FE09OGA01,ch2kFE09OGA01,FE09OGA01_d18O_annual,paleoData.interpretation[1].interpretationApplies,only_new,,NA
FE09OGA01,ch2kFE09OGA01,FE09OGA01_d18O_sw_annual,paleoData.interpretation[1].interpretationApplies,only_new,,NA
FE18RUS01,ch2kFE18RUS01,FE18RUS01_SrCa,paleoData.interpretation[1].interpretationApplies,only_new,,NA
FE18RUS01,ch2kFE18RUS01,FE18RUS01_SrCa_annual,paleoData.interpretation[1].interpretationApplies,only_new,,NA
FE18RUS01,ch2kFE18RUS01,FE18RUS01_d18O,paleoData.interpretation[1].interpretationApplies,only_new,,NA
FE18RUS01,ch2kFE18RUS01,FE18RUS01_d18O_annual,paleoData.interpretation[1].interpretationApplies,only_new,,NA
FE18RUS01,ch2kFE18RUS01,FE18RUS01_d18O_sw_annual,paleoData.interpretation[1].interpretationApplies,only_new,,NA
FL17DTO01,ch2kFL17DTO01,FL17DTO01_SrCa,paleoData.interpretation[1].interpretationApplies,only_new,,NA
FL17DTO01,ch2kFL17DTO01,FL17DTO01_SrCa_annual,paleoData.interpretation[1].interpretationApplies,only_new,,NA
FL17DTO02,ch2kFL17DTO02,FL17DTO02_SrCa,paleoData.interpretation[1].interpretationApplies,only_new,,NA
FL17DTO02,ch2kFL17DTO02,FL17DTO02_SrCa_annual,paleoData.interpretation[1].interpretationApplies,only_new,,NA
GO08BER01,ch2kGO08BER01,GO08BER01_SrCa,paleoData.interpretation[1].interpretationApplies,only_new,,NA
GO08BER01,ch2kGO08BER01,GO08BER01_SrCaUncertainty,paleoData.interpretation[1].interpretationApplies,only_new,,NA
GO08BER01,ch2kGO08BER01,GO08BER01_SrCa_annual,paleoData.interpretation[1].interpretationApplies,only_new,,NA
GO08BER01,ch2kGO08BER01,GO08BER01_d18O,paleoData.interpretation[1].interpretationApplies,only_new,,NA
GO08BER01,ch2kGO08BER01,GO08BER01_d18OUncertainty,paleoData.interpretation[1].interpretationApplies,only_new,,NA
GO08BER01,ch2kGO08BER01,GO08BER01_d18O_annual,paleoData.interpretation[1].interpretationApplies,only_new,,NA
GO12SBV01,ch2kGO12SBV01,GO12SBV01_SrCa,paleoData.interpretation[1].interpretationApplies,only_new,,NA
GO12SBV01,ch2kGO12SBV01,GO12SBV01_d18O,paleoData.interpretation[1].interpretationApplies,only_new,,NA
GR13MAD01,ch2kGR13MAD01,GR13MAD01_SrCa,paleoData.interpretation[1].interpretationApplies,only_new,,NA
GR13MAD02,ch2kGR13MAD02,GR13MAD02_SrCa,paleoData.interpretation[1].interpretationApplies,only_new,,NA
GU99NAU01,ch2kGU99NAU01,GU99NAU01_d18O,paleoData.interpretation[1].interpretationApplies,only_new,,NA
GU99NAU02,ch2kGU99NAU02,GU99NAU02_d18O,paleoData.interpretation[1].interpretationApplies,only_new,,NA
HE02GBR01,ch2kHE02GBR01,HE02GBR01_SrCa,paleoData.interpretation[1].interpretationApplies,only_new,,NA
HE02GBR01,ch2kHE02GBR01,HE02GBR01_d18O,paleoData.interpretation[1].interpretationApplies,only_new,,NA
HE02GBR01,ch2kHE02GBR01,HE02GBR01_d18O_sw,paleoData.interpretation[1].interpretationApplies,only_new,,NA
HE08LRA01,ch2kHE08LRA01,HE08LRA01_d18O,paleoData.interpretation[1].interpretationApplies,only_new,,NA
HE10GUA01,ch2kHE10GUA01,HE10GUA01_SrCa,paleoData.interpretation[1].interpretationApplies,only_new,,NA
HE10GUA01,ch2kHE10GUA01,HE10GUA01_SrCa_annual,paleoData.interpretation[1].interpretationApplies,only_new,,NA
HE10GUA01,ch2kHE10GUA01,HE10GUA01_d18O,paleoData.interpretation[1].interpretationApplies,only_new,,NA
HE10GUA01,ch2kHE10GUA01,HE10GUA01_d18O_annual,paleoData.interpretation[1].interpretationApplies,only_new,,NA
HE13MIS01,ch2kHE13MIS01,HE13MIS01_SrCa,paleoData.interpretation[1].interpretationApplies,only_new,,NA
HE13MIS01,ch2kHE13MIS01,HE13MIS01_d18O,paleoData.interpretation[1].interpretationApplies,only_new,,NA
HE18COC01,ch2kHE18COC01,HE18COC01_SrCa,paleoData.interpretation[1].interpretationApplies,only_new,,NA
HE18COC01,ch2kHE18COC01,HE18COC01_d18O,paleoData.interpretation[1].interpretationApplies,only_new,,NA
HE18COC01,ch2kHE18COC01,HE18COC01_d18O_sw,paleoData.interpretation[1].interpretationApplies,only_new,,NA
JI18GAL01,ch2kJI18GAL01,JI18GAL01_SrCa,paleoData.interpretation[1].interpretationApplies,only_new,,NA
JI18GAL02,ch2kJI18GAL02,JI18GAL02_SrCa,paleoData.interpretation[1].interpretationApplies,only_new,,NA
KA17RYU01,ch2kKA17RYU01,KA17RYU01_SrCa,paleoData.interpretation[1].interpretationApplies,only_new,,NA
KI04MCV01,ch2kKI04MCV01,KI04MCV01_SrCa,paleoData.interpretation[1].interpretationApplies,only_new,,NA
KI04MCV01,ch2kKI04MCV01,KI04MCV01_d18O,paleoData.interpretation[1].interpretationApplies,only_new,,NA
KI08PAR01,ch2kKI08PAR01,KI08PAR01_SrCa,paleoData.interpretation[1].interpretationApplies,only_new,,NA
KI08PAR01,ch2kKI08PAR01,KI08PAR01_SrCa_annual,paleoData.interpretation[1].interpretationApplies,only_new,,NA
KI08PAR01,ch2kKI08PAR01,KI08PAR01_d18O,paleoData.interpretation[1].interpretationApplies,only_new,,NA
KI08PAR01,ch2kKI08PAR01,KI08PAR01_d18O_annual,paleoData.interpretation[1].interpretationApplies,only_new,,NA
KI14PAR01,ch2kKI14PAR01,KI14PAR01_SrCa,paleoData.interpretation[1].interpretationApplies,only_new,,NA
KI14PAR01,ch2kKI14PAR01,KI14PAR01_SrCa_annual,paleoData.interpretation[1].interpretationApplies,only_new,,NA
KI14PAR01,ch2kKI14PAR01,KI14PAR01_d18O,paleoData.interpretation[1].interpretationApplies,only_new,,NA
KI14PAR01,ch2kKI14PAR01,KI14PAR01_d18O_annual,paleoData.interpretation[1].interpretationApplies,only_new,,NA
KI14PAR01,ch2kKI14PAR01,KI14PAR01_d18O_sw,paleoData.interpretation[1].interpretationApplies,only_new,,NA
KI14PAR01,ch2kKI14PAR01,KI14PAR01_d18O_sw_annual,paleoData.interpretation[1].interpretationApplies,only_new,,NA
KL97DAH01,ch2kKL97DAH01,KL97DAH01_d18O,paleoData.interpretation[1].interpretationApplies,only_new,,NA
KR20SAR01,ch2kKR20SAR01,KR20SAR01_SrCa,paleoData.interpretation[1].interpretationApplies,only_new,,NA
KR20SAR01,ch2kKR20SAR01,KR20SAR01_d18O,paleoData.interpretation[1].interpretationApplies,only_new,,NA
KR20SAR01,ch2kKR20SAR01,KR20SAR01_d18O_sw,paleoData.interpretation[1].interpretationApplies,only_new,,NA
KU00NIN01,ch2kKU00NIN01,KU00NIN01_d18O,paleoData.interpretation[1].interpretationApplies,only_new,,NA
KU99HOU01,ch2kKU99HOU01,KU99HOU01_d18O,paleoData.interpretation[1].interpretationApplies,only_new,,NA
LI00RAR01,ch2kLI00RAR01,LI00RAR01_SrCa,paleoData.interpretation[1].interpretationApplies,only_new,,NA
LI00RAR01,ch2kLI00RAR01,LI00RAR01_d18O,paleoData.interpretation[1].interpretationApplies,only_new,,NA
LI00RAR01,ch2kLI00RAR01,LI00RAR01_d18O_sw,paleoData.interpretation[1].interpretationApplies,only_new,,NA
LI04FIJ01,ch2kLI04FIJ01,LI04FIJ01_SrCa,paleoData.interpretation[1].interpretationApplies,only_new,,NA
LI04FIJ01,ch2kLI04FIJ01,LI04FIJ01_d18O,paleoData.interpretation[1].interpretationApplies,only_new,,NA
LI04FIJ01,ch2kLI04FIJ01,LI04FIJ01_d18O_sw,paleoData.interpretation[1].interpretationApplies,only_new,,NA
LI06FIJ01,ch2kLI06FIJ01,LI06FIJ01_d18O,paleoData.interpretation[1].interpretationApplies,only_new,,NA
LI06RAR01,ch2kLI06RAR01,LI06RAR01_d18O,paleoData.interpretation[1].interpretationApplies,only_new,,NA
LI06RAR02,ch2kLI06RAR02,LI06RAR02_d18O,paleoData.interpretation[1].interpretationApplies,only_new,,NA
LI94SEC01,ch2kLI94SEC01,LI94SEC01_d18O,paleoData.interpretation[1].interpretationApplies,only_new,,NA
MA08DTO01,ch2kMA08DTO01,MA08DTO01_SrCa,paleoData.interpretation[1].interpretationApplies,only_new,,NA
MA08DTO01,ch2kMA08DTO01,MA08DTO01_d18O,paleoData.interpretation[1].interpretationApplies,only_new,,NA
MC04PNG01,ch2kMC04PNG01,MC04PNG01_d18O,paleoData.interpretation[1].interpretationApplies,only_new,,NA
MC11KIR01,ch2kMC11KIR01,MC11KIR01_d18O,paleoData.interpretation[1].interpretationApplies,only_new,,NA
MO06PED01,ch2kMO06PED01,MO06PED01_d18O,paleoData.interpretation[1].interpretationApplies,only_new,,NA
MU17DOA01,ch2kMU17DOA01,MU17DOA01_d18O,paleoData.interpretation[1].interpretationApplies,only_new,,NA
MU18GSI01,ch2kMU18GSI01,MU18GSI01_SrCa,paleoData.interpretation[1].interpretationApplies,only_new,,NA
MU18GSI01,ch2kMU18GSI01,MU18GSI01_d18O,paleoData.interpretation[1].interpretationApplies,only_new,,NA
MU18NPI01,ch2kMU18NPI01,MU18NPI01_SrCa,paleoData.interpretation[1].interpretationApplies,only_new,,NA
MU18NPI01,ch2kMU18NPI01,MU18NPI01_d18O,paleoData.interpretation[1].interpretationApplies,only_new,,NA
MU18RED04,ch2kMU18RED04,MU18RED04_SrCa,paleoData.interpretation[1].interpretationApplies,only_new,,NA
MU18RED04,ch2kMU18RED04,MU18RED04_SrCa_annual,paleoData.interpretation[1].interpretationApplies,only_new,,NA
NA09MAL01,ch2kNA09MAL01,NA09MAL01_d18O,paleoData.interpretation[1].interpretationApplies,only_new,,NA
NU09FAN01,ch2kNU09FAN01,NU09FAN01_SrCa,paleoData.interpretation[1].interpretationApplies,only_new,,NA
NU09FAN01,ch2kNU09FAN01,NU09FAN01_d18O,paleoData.interpretation[1].interpretationApplies,only_new,,NA
NU09FAN01,ch2kNU09FAN01,NU09FAN01_d18O_sw,paleoData.interpretation[1].interpretationApplies,only_new,,NA
NU11PAL01,ch2kNU11PAL01,NU11PAL01_SrCa,paleoData.interpretation[1].interpretationApplies,only_new,,NA
NU11PAL01,ch2kNU11PAL01,NU11PAL01_d18O,paleoData.interpretation[1].interpretationApplies,only_new,,NA
NU11PAL01,ch2kNU11PAL01,NU11PAL01_d18O_sw,paleoData.interpretation[1].interpretationApplies,only_new,,NA
OS13NGP01,ch2kOS13NGP01,OS13NGP01_d18O,paleoData.interpretation[1].interpretationApplies,only_new,,NA
OS14RIP01,ch2kOS14RIP01,OS14RIP01_d18O,paleoData.interpretation[1].interpretationApplies,only_new,,NA
OS14UCP01,ch2kOS14UCP01,OS14UCP01_d18O,paleoData.interpretation[1].interpretationApplies,only_new,,NA
PF04PBA01,ch2kPF04PBA01,PF04PBA01_d18O,paleoData.interpretation[1].interpretationApplies,only_new,,NA
PF19LAR01,ch2kPF19LAR01,PF19LAR01_SrCa,paleoData.interpretation[1].interpretationApplies,only_new,,NA
PF19LAR01,ch2kPF19LAR01,PF19LAR01_d18O,paleoData.interpretation[1].interpretationApplies,only_new,,NA
QU06RAB01,ch2kQU06RAB01,QU06RAB01_SrCa,paleoData.interpretation[1].interpretationApplies,only_new,,NA
QU06RAB01,ch2kQU06RAB01,QU06RAB01_d18O,paleoData.interpretation[1].interpretationApplies,only_new,,NA
QU96ESV01,ch2kQU96ESV01,QU96ESV01_d18O,paleoData.interpretation[1].interpretationApplies,only_new,,NA
RA19PAI01,ch2kRA19PAI01,RA19PAI01_SrCa,paleoData.interpretation[1].interpretationApplies,only_new,,NA
RA19PAI01,ch2kRA19PAI01,RA19PAI01_d18O,paleoData.interpretation[1].interpretationApplies,only_new,,NA
RA20TAI01,ch2kRA20TAI01,RA20TAI01_SrCa,paleoData.interpretation[1].interpretationApplies,only_new,,NA
RA20TAI01,ch2kRA20TAI01,RA20TAI01_d18O,paleoData.interpretation[1].interpretationApplies,only_new,,NA
RE18CAY01,ch2kRE18CAY01,RE18CAY01_SrCa,paleoData.interpretation[1].interpretationApplies,only_new,,NA
RE18CAY01,ch2kRE18CAY01,RE18CAY01_SrCa_annual,paleoData.interpretation[1].interpretationApplies,only_new,,NA
RE18CAY01,ch2kRE18CAY01,RE18CAY01_d18O,paleoData.interpretation[1].interpretationApplies,only_new,,NA
RE18CAY01,ch2kRE18CAY01,RE18CAY01_d18O_annual,paleoData.interpretation[1].interpretationApplies,only_new,,NA
RE18CAY01,ch2kRE18CAY01,RE18CAY01_d18O_sw_annual,paleoData.interpretation[1].interpretationApplies,only_new,,NA
RI10PBL01,ch2kRI10PBL01,RI10PBL01_d18O,paleoData.interpretation[1].interpretationApplies,only_new,,NA
RO19MAR01,ch2kRO19MAR01,RO19MAR01_SrCa,paleoData.interpretation[1].interpretationApplies,only_new,,NA
RO19PAR01,ch2kRO19PAR01,RO19PAR01_SrCa,paleoData.interpretation[1].interpretationApplies,only_new,,NA
SA16CLA01,ch2kSA16CLA01,SA16CLA01_d18O,paleoData.interpretation[1].interpretationApplies,only_new,,NA
SA18GBR01,ch2kSA18GBR01,SA18GBR01_SrCa,paleoData.interpretation[1].interpretationApplies,only_new,,NA
SA20FAN02,ch2kSA20FAN02,SA20FAN02_d18O,paleoData.interpretation[1].interpretationApplies,only_new,,NA
SH92PUN01,ch2kSH92PUN01,SH92PUN01_d18O,paleoData.interpretation[1].interpretationApplies,only_new,,NA
SM06LKF01,ch2kSM06LKF01,SM06LKF01_SrCa,paleoData.interpretation[1].interpretationApplies,only_new,,NA
SM06LKF01,ch2kSM06LKF01,SM06LKF01_d18O,paleoData.interpretation[1].interpretationApplies,only_new,,NA
SM06LKF02,ch2kSM06LKF02,SM06LKF02_SrCa,paleoData.interpretation[1].interpretationApplies,only_new,,NA
SM06LKF02,ch2kSM06LKF02,SM06LKF02_d18O,paleoData.interpretation[1].interpretationApplies,only_new,,NA
ST13MAL01,ch2kST13MAL01,ST13MAL01_SrCa,paleoData.interpretation[1].interpretationApplies,only_new,,NA
ST13MAL01,ch2kST13MAL01,ST13MAL01_d18O,paleoData.interpretation[1].interpretationApplies,only_new,,NA
SW98STP01,ch2kSW98STP01,SW98STP01_d18O,paleoData.interpretation[1].interpretationApplies,only_new,,NA
SW99LIG01,ch2kSW99LIG01,SW99LIG01_d18O,paleoData.interpretation[1].interpretationApplies,only_new,,NA
SW99LIG02,ch2kSW99LIG02,SW99LIG02_d18O,paleoData.interpretation[1].interpretationApplies,only_new,,NA
TA18TAS01,ch2kTA18TAS01,TA18TAS01_d18O,paleoData.interpretation[1].interpretationApplies,only_new,,NA
TU01DEP01,ch2kTU01DEP01,TU01DEP01_d18O,paleoData.interpretation[1].interpretationApplies,only_new,,NA
TU01LAI01,ch2kTU01LAI01,TU01LAI01_d18O,paleoData.interpretation[1].interpretationApplies,only_new,,NA
TU95MAD01,ch2kTU95MAD01,TU95MAD01_d18O,paleoData.interpretation[1].interpretationApplies,only_new,,NA
UR00MAI01,ch2kUR00MAI01,UR00MAI01_d18O,paleoData.interpretation[1].interpretationApplies,only_new,,NA
WE09ARR01,ch2kWE09ARR01,WE09ARR01_SrCa,paleoData.interpretation[1].interpretationApplies,only_new,,NA
WE09ARR01,ch2kWE09ARR01,WE09ARR01_d18O,paleoData.interpretation[1].interpretationApplies,only_new,,NA
WU13TON01,ch2kWU13TON01,WU13TON01_SrCa,paleoData.interpretation[1].interpretationApplies,only_new,,NA
WU13TON01,ch2kWU13TON01,WU13TON01_SrCa_annual,paleoData.interpretation[1].interpretationApplies,only_new,,NA
WU13TON01,ch2kWU13TON01,WU13TON01_d18O,paleoData.interpretation[1].interpretationApplies,only_new,,NA
WU13TON01,ch2kWU13TON01,WU13TON01_d18O_annual,paleoData.interpretation[1].interpretationApplies,only_new,,NA
WU14CLI01,ch2kWU14CLI01,WU14CLI01_SrCa,paleoData.interpretation[1].interpretationApplies,only_new,,NA
WU14CLI01,ch2kWU14CLI01,WU14CLI01_d18O,paleoData.interpretation[1].interpretationApplies,only_new,,NA
WU14CLI01,ch2kWU14CLI01,WU14CLI01_d18O_sw,paleoData.interpretation[1].interpretationApplies,only_new,,NA
XI17HAI01,ch2kXI17HAI01,XI17HAI01_SrCa,paleoData.interpretation[1].interpretationApplies,only_new,,NA
XI17HAI01,ch2kXI17HAI01,XI17HAI01_SrCa_annual,paleoData.interpretation[1].interpretationApplies,only_new,,NA
XI17HAI01,ch2kXI17HAI01,XI17HAI01_d18O,paleoData.interpretation[1].interpretationApplies,only_new,,NA
XI17HAI01,ch2kXI17HAI01,XI17HAI01_d18O_annual,paleoData.interpretation[1].interpretationApplies,only_new,,NA
XI17HAI01,ch2kXI17HAI01,XI17HAI01_d18O_sw,paleoData.interpretation[1].interpretationApplies,only_new,,NA
XI17HAI01,ch2kXI17HAI01,XI17HAI01_d18O_sw_annual,paleoData.interpretation[1].interpretationApplies,only_new,,NA
XU15BVI02,ch2kXU15BVI02,XU15BVI02_SrCa,paleoData.interpretation[1].interpretationApplies,only_new,,NA
ZI04IFR01,ch2kZI04IFR01,ZI04IFR01_SrCa,paleoData.interpretation[1].interpretationApplies,only_new,,NA
ZI04IFR01,ch2kZI04IFR01,ZI04IFR01_d18O,paleoData.interpretation[1].interpretationApplies,only_new,,NA
ZI08MAY01,ch2kZI08MAY01,ZI08MAY01_SrCa,paleoData.interpretation[1].interpretationApplies,only_new,,NA
ZI08MAY01,ch2kZI08MAY01,ZI08MAY01_d18O,paleoData.interpretation[1].interpretationApplies,only_new,,NA
ZI08MAY01,ch2kZI08MAY01,ZI08MAY01_d18O_sw,paleoData.interpretation[1].interpretationApplies,only_new,,NA
ZI14HOU01,ch2kZI14HOU01,ZI14HOU01_SrCa,paleoData.interpretation[1].interpretationApplies,only_new,,NA
ZI14HOU01,ch2kZI14HOU01,ZI14HOU01_SrCa_annual,paleoData.interpretation[1].interpretationApplies,only_new,,NA
ZI14HOU01,ch2kZI14HOU01,ZI14HOU01_d18O,paleoData.interpretation[1].interpretationApplies,only_new,,NA
ZI14HOU01,ch2kZI14HOU01,ZI14HOU01_d18O_annual,paleoData.interpretation[1].interpretationApplies,only_new,,NA
ZI14IFR02,ch2kZI14IFR02,ZI14IFR02_d18O,paleoData.interpretation[1].interpretationApplies,only_new,,NA
ZI14IFR02,ch2kZI14IFR02,ZI14IFR02_d18O_annual,paleoData.interpretation[1].interpretationApplies,only_new,,NA
ZI14TUR01,ch2kZI14TUR01,ZI14TUR01_d18O,paleoData.interpretation[1].interpretationApplies,only_new,,NA
ZI14TUR01,ch2kZI14TUR01,ZI14TUR01_d18O_annual,paleoData.interpretation[1].interpretationApplies,only_new,,NA
ZI15BUN01,ch2kZI15BUN01,ZI15BUN01_SrCa,paleoData.interpretation[1].interpretationApplies,only_new,,NA
ZI15BUN01,ch2kZI15BUN01,ZI15BUN01_SrCa_annual,paleoData.interpretation[1].interpretationApplies,only_new,,NA
ZI15CLE01,ch2kZI15CLE01,ZI15CLE01_SrCa,paleoData.interpretation[1].interpretationApplies,only_new,,NA
ZI15CLE01,ch2kZI15CLE01,ZI15CLE01_SrCa_annual,paleoData.interpretation[1].interpretationApplies,only_new,,NA
ZI15IMP01,ch2kZI15IMP01,ZI15IMP01_SrCa,paleoData.interpretation[1].interpretationApplies,only_new,,NA
ZI15IMP01,ch2kZI15IMP01,ZI15IMP01_SrCa_annual,paleoData.interpretation[1].interpretationApplies,only_new,,NA
ZI15IMP02,ch2kZI15IMP02,ZI15IMP02_SrCa,paleoData.interpretation[1].interpretationApplies,only_new,,NA
ZI15IMP02,ch2kZI15IMP02,ZI15IMP02_SrCa_annual,paleoData.interpretation[1].interpretationApplies,only_new,,NA
ZI15MER01,ch2kZI15MER01,ZI15MER01_SrCa,paleoData.interpretation[1].interpretationApplies,only_new,,NA
ZI15MER01,ch2kZI15MER01,ZI15MER01_SrCa_annual,paleoData.interpretation[1].interpretationApplies,only_new,,NA
ZI15TAN01,ch2kZI15TAN01,ZI15TAN01_SrCa,paleoData.interpretation[1].interpretationApplies,only_new,,NA
ZI15TAN01,ch2kZI15TAN01,ZI15TAN01_SrCa_annual,paleoData.interpretation[1].interpretationApplies,only_new,,NA
ZI16ROD01,ch2kZI16ROD01,ZI16ROD01_SrCa,paleoData.interpretation[1].interpretationApplies,only_new,,NA
ZI16ROD02,ch2kZI16ROD02,ZI16ROD02_SrCa,paleoData.interpretation[1].interpretationApplies,only_new,,NA
AB08MEN01,ch2kAB08MEN01,AB08MEN01_d18O,paleoData.interpretation[1].scope,only_new,,climate
AB15BHB01,ch2kAB15BHB01,AB15BHB01_d18O,paleoData.interpretation[1].scope,only_new,,climate
AB20MEN01,ch2kAB20MEN01,AB20MEN01_d18O,paleoData.interpretation[1].scope,only_new,,climate
AB20MEN02,ch2kAB20MEN02,AB20MEN02_d18O,paleoData.interpretation[1].scope,only_new,,climate
AB20MEN03,ch2kAB20MEN03,AB20MEN03_d18O,paleoData.interpretation[1].scope,only_new,,climate
AB20MEN04,ch2kAB20MEN04,AB20MEN04_d18O,paleoData.interpretation[1].scope,only_new,,climate
AB20MEN05,ch2kAB20MEN05,AB20MEN05_d18O,paleoData.interpretation[1].scope,only_new,,climate
AB20MEN06,ch2kAB20MEN06,AB20MEN06_d18O,paleoData.interpretation[1].scope,only_new,,climate
AB20MEN07,ch2kAB20MEN07,AB20MEN07_d18O,paleoData.interpretation[1].scope,only_new,,climate
AB20MEN08,ch2kAB20MEN08,AB20MEN08_d18O,paleoData.interpretation[1].scope,only_new,,climate
AB20MEN09,ch2kAB20MEN09,AB20MEN09_d18O,paleoData.interpretation[1].scope,only_new,,climate
AL16PUR01,ch2kAL16PUR01,AL16PUR01_SrCa,paleoData.interpretation[1].scope,only_new,,climate
AL16PUR01,ch2kAL16PUR01,AL16PUR01_SrCaUncertainty,paleoData.interpretation[1].scope,only_new,,climate
AL16PUR02,ch2kAL16PUR02,AL16PUR02_SrCa,paleoData.interpretation[1].scope,only_new,,climate
AL16PUR02,ch2kAL16PUR02,AL16PUR02_SrCaUncertainty,paleoData.interpretation[1].scope,only_new,,climate
AL16YUC01,ch2kAL16YUC01,AL16YUC01_SrCa,paleoData.interpretation[1].scope,only_new,,climate
AL16YUC01,ch2kAL16YUC01,AL16YUC01_SrCaUncertainty,paleoData.interpretation[1].scope,only_new,,climate
AS05GUA01,ch2kAS05GUA01,AS05GUA01_d18O,paleoData.interpretation[1].scope,only_new,,climate
BA04FIJ01,ch2kBA04FIJ01,BA04FIJ01_SrCa,paleoData.interpretation[1].scope,only_new,,climate
BA04FIJ01,ch2kBA04FIJ01,BA04FIJ01_d18O,paleoData.interpretation[1].scope,only_new,,climate
BA04FIJ02,ch2kBA04FIJ02,BA04FIJ02_SrCa,paleoData.interpretation[1].scope,only_new,,climate
BA04FIJ02,ch2kBA04FIJ02,BA04FIJ02_d18O,paleoData.interpretation[1].scope,only_new,,climate
BO14HTI01,ch2kBO14HTI01,BO14HTI01_SrCa,paleoData.interpretation[1].scope,only_new,,climate
BO14HTI01,ch2kBO14HTI01,BO14HTI01_SrCaUncertainty,paleoData.interpretation[1].scope,only_new,,climate
BO14HTI01,ch2kBO14HTI01,BO14HTI01_d18O,paleoData.interpretation[1].scope,only_new,,climate
BO14HTI02,ch2kBO14HTI02,BO14HTI02_SrCa,paleoData.interpretation[1].scope,only_new,,climate
BO14HTI02,ch2kBO14HTI02,BO14HTI02_d18O,paleoData.interpretation[1].scope,only_new,,climate
BO99MOO01,ch2kBO99MOO01,BO99MOO01_d18O,paleoData.interpretation[1].scope,only_new,,climate
BR19RED01,ch2kBR19RED01,BR19RED01_SrCa,paleoData.interpretation[1].scope,only_new,,climate
BR19RED01,ch2kBR19RED01,BR19RED01_SrCa_annual,paleoData.interpretation[1].scope,only_new,,climate
CA07FLI01,ch2kCA07FLI01,CA07FLI01_SrCa,paleoData.interpretation[1].scope,only_new,,climate
CA07FLI01,ch2kCA07FLI01,CA07FLI01_d18O,paleoData.interpretation[1].scope,only_new,,climate
CA13DIA01,ch2kCA13DIA01,CA13DIA01_d18O,paleoData.interpretation[1].scope,only_new,,climate
CA13PEL01,ch2kCA13PEL01,CA13PEL01_d18O,paleoData.interpretation[1].scope,only_new,,climate
CA13SAP01,ch2kCA13SAP01,CA13SAP01_d18O,paleoData.interpretation[1].scope,only_new,,climate
CA13TUR01,ch2kCA13TUR01,CA13TUR01_d18O,paleoData.interpretation[1].scope,only_new,,climate
CA14BUT01,ch2kCA14BUT01,CA14BUT01_SrCa,paleoData.interpretation[1].scope,only_new,,climate
CA14BUT01,ch2kCA14BUT01,CA14BUT01_d18O,paleoData.interpretation[1].scope,only_new,,climate
CA14BUT01,ch2kCA14BUT01,CA14BUT01_d18O_sw,paleoData.interpretation[1].scope,only_new,,climate
CA14TIM01,ch2kCA14TIM01,CA14TIM01_SrCa,paleoData.interpretation[1].scope,only_new,,climate
CA14TIM01,ch2kCA14TIM01,CA14TIM01_d18O,paleoData.interpretation[1].scope,only_new,,climate
CA14TIM01,ch2kCA14TIM01,CA14TIM01_d18O_sw,paleoData.interpretation[1].scope,only_new,,climate
CH03BUN01,ch2kCH03BUN01,CH03BUN01_d18O,paleoData.interpretation[1].scope,only_new,,climate
CH03LOM01,ch2kCH03LOM01,CH03LOM01_d18O,paleoData.interpretation[1].scope,only_new,,climate
CH18YOA01,ch2kCH18YOA01,CH18YOA01_SrCa,paleoData.interpretation[1].scope,only_new,,climate
CH18YOA02,ch2kCH18YOA02,CH18YOA02_SrCa,paleoData.interpretation[1].scope,only_new,,climate
CH97BVB01,ch2kCH97BVB01,CH97BVB01_d18O,paleoData.interpretation[1].scope,only_new,,climate
CH98PIR01,ch2kCH98PIR01,CH98PIR01_d18O,paleoData.interpretation[1].scope,only_new,,climate
CO00MAL01,ch2kCO00MAL01,CO00MAL01_d18O,paleoData.interpretation[1].scope,only_new,,climate
CO03PAL01,ch2kCO03PAL01,CO03PAL01_d18O,paleoData.interpretation[1].scope,only_new,,climate
CO03PAL02,ch2kCO03PAL02,CO03PAL02_d18O,paleoData.interpretation[1].scope,only_new,,climate
CO03PAL03,ch2kCO03PAL03,CO03PAL03_d18O,paleoData.interpretation[1].scope,only_new,,climate
CO03PAL04,ch2kCO03PAL04,CO03PAL04_d18O,paleoData.interpretation[1].scope,only_new,,climate
CO03PAL05,ch2kCO03PAL05,CO03PAL05_d18O,paleoData.interpretation[1].scope,only_new,,climate
CO03PAL06,ch2kCO03PAL06,CO03PAL06_d18O,paleoData.interpretation[1].scope,only_new,,climate
CO03PAL07,ch2kCO03PAL07,CO03PAL07_d18O,paleoData.interpretation[1].scope,only_new,,climate
CO03PAL08,ch2kCO03PAL08,CO03PAL08_d18O,paleoData.interpretation[1].scope,only_new,,climate
CO03PAL09,ch2kCO03PAL09,CO03PAL09_d18O,paleoData.interpretation[1].scope,only_new,,climate
CO03PAL10,ch2kCO03PAL10,CO03PAL10_d18O,paleoData.interpretation[1].scope,only_new,,climate
CO93TAR01,ch2kCO93TAR01,CO93TAR01_d18O,paleoData.interpretation[1].scope,only_new,,climate
DA06MAF01,ch2kDA06MAF01,DA06MAF01_d18O,paleoData.interpretation[1].scope,only_new,,climate
DA06MAF02,ch2kDA06MAF02,DA06MAF02_d18O,paleoData.interpretation[1].scope,only_new,,climate
DE12ANC01,ch2kDE12ANC01,DE12ANC01_SrCa,paleoData.interpretation[1].scope,only_new,,climate
DE13HAI01,ch2kDE13HAI01,DE13HAI01_SrCa,paleoData.interpretation[1].scope,only_new,,climate
DE13HAI01,ch2kDE13HAI01,DE13HAI01_SrCa_annual,paleoData.interpretation[1].scope,only_new,,climate
DE13HAI01,ch2kDE13HAI01,DE13HAI01_d18O,paleoData.interpretation[1].scope,only_new,,climate
DE13HAI01,ch2kDE13HAI01,DE13HAI01_d18O_annual,paleoData.interpretation[1].scope,only_new,,climate
DE13HAI01,ch2kDE13HAI01,DE13HAI01_d18O_sw,paleoData.interpretation[1].scope,only_new,,climate
DE13HAI01,ch2kDE13HAI01,DE13HAI01_d18O_sw_annual,paleoData.interpretation[1].scope,only_new,,climate
DE14DTO01,ch2kDE14DTO01,DE14DTO01_SrCa,paleoData.interpretation[1].scope,only_new,,climate
DE14DTO02,ch2kDE14DTO02,DE14DTO02_SrCa,paleoData.interpretation[1].scope,only_new,,climate
DE14DTO03,ch2kDE14DTO03,DE14DTO03_SrCa,paleoData.interpretation[1].scope,only_new,,climate
DE14DTO04,ch2kDE14DTO04,DE14DTO04_SrCa,paleoData.interpretation[1].scope,only_new,,climate
DE16RED01,ch2kDE16RED01,DE16RED01_SrCa,paleoData.interpretation[1].scope,only_new,,climate
DO18DAV01,ch2kDO18DAV01,DO18DAV01_SrCa,paleoData.interpretation[1].scope,only_new,,climate
DR00KSB01,ch2kDR00KSB01,DR00KSB01_d18O,paleoData.interpretation[1].scope,only_new,,climate
DR00NBB01,ch2kDR00NBB01,DR00NBB01_d18O,paleoData.interpretation[1].scope,only_new,,climate
DR99ABR01,ch2kDR99ABR01,DR99ABR01_d18O,paleoData.interpretation[1].scope,only_new,,climate
DR99ABR01,ch2kDR99ABR01,DR99ABR01_d18O_annual,paleoData.interpretation[1].scope,only_new,,climate
DU94URV01,ch2kDU94URV01,DU94URV01_d18O,paleoData.interpretation[1].scope,only_new,,climate
DU94URV01,ch2kDU94URV01,DU94URV01_d18O_annual,paleoData.interpretation[1].scope,only_new,,climate
DU94URV02,ch2kDU94URV02,DU94URV02_d18O,paleoData.interpretation[1].scope,only_new,,climate
DU94URV02,ch2kDU94URV02,DU94URV02_d18O_annual,paleoData.interpretation[1].scope,only_new,,climate
EV18ROC01,ch2kEV18ROC01,EV18ROC01_SrCa,paleoData.interpretation[1].scope,only_new,,climate
EV18ROC01,ch2kEV18ROC01,EV18ROC01_SrCa_annual,paleoData.interpretation[1].scope,only_new,,climate
EV98KIR01,ch2kEV98KIR01,EV98KIR01_d18O,paleoData.interpretation[1].scope,only_new,,climate
FE09OGA01,ch2kFE09OGA01,FE09OGA01_SrCa,paleoData.interpretation[1].scope,only_new,,climate
FE09OGA01,ch2kFE09OGA01,FE09OGA01_SrCa_annual,paleoData.interpretation[1].scope,only_new,,climate
FE09OGA01,ch2kFE09OGA01,FE09OGA01_d18O,paleoData.interpretation[1].scope,only_new,,climate
FE09OGA01,ch2kFE09OGA01,FE09OGA01_d18O_annual,paleoData.interpretation[1].scope,only_new,,climate
FE09OGA01,ch2kFE09OGA01,FE09OGA01_d18O_sw_annual,paleoData.interpretation[1].scope,only_new,,climate
FE18RUS01,ch2kFE18RUS01,FE18RUS01_SrCa,paleoData.interpretation[1].scope,only_new,,climate
FE18RUS01,ch2kFE18RUS01,FE18RUS01_SrCa_annual,paleoData.interpretation[1].scope,only_new,,climate
FE18RUS01,ch2kFE18RUS01,FE18RUS01_d18O,paleoData.interpretation[1].scope,only_new,,climate
FE18RUS01,ch2kFE18RUS01,FE18RUS01_d18O_annual,paleoData.interpretation[1].scope,only_new,,climate
FE18RUS01,ch2kFE18RUS01,FE18RUS01_d18O_sw_annual,paleoData.interpretation[1].scope,only_new,,climate
FL17DTO01,ch2kFL17DTO01,FL17DTO01_SrCa,paleoData.interpretation[1].scope,only_new,,climate
FL17DTO01,ch2kFL17DTO01,FL17DTO01_SrCa_annual,paleoData.interpretation[1].scope,only_new,,climate
FL17DTO02,ch2kFL17DTO02,FL17DTO02_SrCa,paleoData.interpretation[1].scope,only_new,,climate
FL17DTO02,ch2kFL17DTO02,FL17DTO02_SrCa_annual,paleoData.interpretation[1].scope,only_new,,climate
FL18DTO01,ch2kFL18DTO01,FL18DTO01_SrCa,paleoData.interpretation[1].scope,only_new,,climate
FL18DTO02,ch2kFL18DTO02,FL18DTO02_SrCa,paleoData.interpretation[1].scope,only_new,,climate
FL18DTO03,ch2kFL18DTO03,FL18DTO03_SrCa,paleoData.interpretation[1].scope,only_new,,climate
FL18DTO04,ch2kFL18DTO04,FL18DTO04_SrCa,paleoData.interpretation[1].scope,only_new,,climate
GO08BER01,ch2kGO08BER01,GO08BER01_SrCa,paleoData.interpretation[1].scope,only_new,,climate
GO08BER01,ch2kGO08BER01,GO08BER01_SrCaUncertainty,paleoData.interpretation[1].scope,only_new,,climate
GO08BER01,ch2kGO08BER01,GO08BER01_SrCa_annual,paleoData.interpretation[1].scope,only_new,,climate
GO08BER01,ch2kGO08BER01,GO08BER01_d18O,paleoData.interpretation[1].scope,only_new,,climate
GO08BER01,ch2kGO08BER01,GO08BER01_d18OUncertainty,paleoData.interpretation[1].scope,only_new,,climate
GO08BER01,ch2kGO08BER01,GO08BER01_d18O_annual,paleoData.interpretation[1].scope,only_new,,climate
GO12SBV01,ch2kGO12SBV01,GO12SBV01_SrCa,paleoData.interpretation[1].scope,only_new,,climate
GO12SBV01,ch2kGO12SBV01,GO12SBV01_d18O,paleoData.interpretation[1].scope,only_new,,climate
GR13MAD01,ch2kGR13MAD01,GR13MAD01_SrCa,paleoData.interpretation[1].scope,only_new,,climate
GR13MAD02,ch2kGR13MAD02,GR13MAD02_SrCa,paleoData.interpretation[1].scope,only_new,,climate
GU99NAU01,ch2kGU99NAU01,GU99NAU01_d18O,paleoData.interpretation[1].scope,only_new,,climate
GU99NAU02,ch2kGU99NAU02,GU99NAU02_d18O,paleoData.interpretation[1].scope,only_new,,climate
HE02GBR01,ch2kHE02GBR01,HE02GBR01_SrCa,paleoData.interpretation[1].scope,only_new,,climate
HE02GBR01,ch2kHE02GBR01,HE02GBR01_d18O,paleoData.interpretation[1].scope,only_new,,climate
HE02GBR01,ch2kHE02GBR01,HE02GBR01_d18O_sw,paleoData.interpretation[1].scope,only_new,,climate
HE08LRA01,ch2kHE08LRA01,HE08LRA01_d18O,paleoData.interpretation[1].scope,only_new,,climate
HE10GUA01,ch2kHE10GUA01,HE10GUA01_SrCa,paleoData.interpretation[1].scope,only_new,,climate
HE10GUA01,ch2kHE10GUA01,HE10GUA01_SrCa_annual,paleoData.interpretation[1].scope,only_new,,climate
HE10GUA01,ch2kHE10GUA01,HE10GUA01_d18O,paleoData.interpretation[1].scope,only_new,,climate
HE10GUA01,ch2kHE10GUA01,HE10GUA01_d18O_annual,paleoData.interpretation[1].scope,only_new,,climate
HE13MIS01,ch2kHE13MIS01,HE13MIS01_SrCa,paleoData.interpretation[1].scope,only_new,,climate
HE13MIS01,ch2kHE13MIS01,HE13MIS01_d18O,paleoData.interpretation[1].scope,only_new,,climate
HE13MIS02,ch2kHE13MIS02,HE13MIS02_SrCa,paleoData.interpretation[1].scope,only_new,,climate
HE13MIS02,ch2kHE13MIS02,HE13MIS02_d18O,paleoData.interpretation[1].scope,only_new,,climate
HE18COC01,ch2kHE18COC01,HE18COC01_SrCa,paleoData.interpretation[1].scope,only_new,,climate
HE18COC01,ch2kHE18COC01,HE18COC01_d18O,paleoData.interpretation[1].scope,only_new,,climate
HE18COC01,ch2kHE18COC01,HE18COC01_d18O_sw,paleoData.interpretation[1].scope,only_new,,climate
HE18COC02,ch2kHE18COC02,HE18COC02_SrCa,paleoData.interpretation[1].scope,only_new,,climate
HE18COC02,ch2kHE18COC02,HE18COC02_d18O,paleoData.interpretation[1].scope,only_new,,climate
HE18COC02,ch2kHE18COC02,HE18COC02_d18O_sw,paleoData.interpretation[1].scope,only_new,,climate
JI18GAL01,ch2kJI18GAL01,JI18GAL01_SrCa,paleoData.interpretation[1].scope,only_new,,climate
JI18GAL02,ch2kJI18GAL02,JI18GAL02_SrCa,paleoData.interpretation[1].scope,only_new,,climate
KA17RYU01,ch2kKA17RYU01,KA17RYU01_SrCa,paleoData.interpretation[1].scope,only_new,,climate
KI04MCV01,ch2kKI04MCV01,KI04MCV01_SrCa,paleoData.interpretation[1].scope,only_new,,climate
KI04MCV01,ch2kKI04MCV01,KI04MCV01_d18O,paleoData.interpretation[1].scope,only_new,,climate
KI08PAR01,ch2kKI08PAR01,KI08PAR01_SrCa,paleoData.interpretation[1].scope,only_new,,climate
KI08PAR01,ch2kKI08PAR01,KI08PAR01_SrCa_annual,paleoData.interpretation[1].scope,only_new,,climate
KI08PAR01,ch2kKI08PAR01,KI08PAR01_d18O,paleoData.interpretation[1].scope,only_new,,climate
KI08PAR01,ch2kKI08PAR01,KI08PAR01_d18O_annual,paleoData.interpretation[1].scope,only_new,,climate
KI14PAR01,ch2kKI14PAR01,KI14PAR01_SrCa,paleoData.interpretation[1].scope,only_new,,climate
KI14PAR01,ch2kKI14PAR01,KI14PAR01_SrCa_annual,paleoData.interpretation[1].scope,only_new,,climate
KI14PAR01,ch2kKI14PAR01,KI14PAR01_d18O,paleoData.interpretation[1].scope,only_new,,climate
KI14PAR01,ch2kKI14PAR01,KI14PAR01_d18O_annual,paleoData.interpretation[1].scope,only_new,,climate
KI14PAR01,ch2kKI14PAR01,KI14PAR01_d18O_sw,paleoData.interpretation[1].scope,only_new,,climate
KI14PAR01,ch2kKI14PAR01,KI14PAR01_d18O_sw_annual,paleoData.interpretation[1].scope,only_new,,climate
KL97DAH01,ch2kKL97DAH01,KL97DAH01_d18O,paleoData.interpretation[1].scope,only_new,,climate
KR20SAR01,ch2kKR20SAR01,KR20SAR01_SrCa,paleoData.interpretation[1].scope,only_new,,climate
KR20SAR01,ch2kKR20SAR01,KR20SAR01_d18O,paleoData.interpretation[1].scope,only_new,,climate
KR20SAR01,ch2kKR20SAR01,KR20SAR01_d18O_sw,paleoData.interpretation[1].scope,only_new,,climate
KR20SAR02,ch2kKR20SAR02,KR20SAR02_SrCa,paleoData.interpretation[1].scope,only_new,,climate
KR20SAR02,ch2kKR20SAR02,KR20SAR02_d18O,paleoData.interpretation[1].scope,only_new,,climate
KR20SAR02,ch2kKR20SAR02,KR20SAR02_d18O_sw,paleoData.interpretation[1].scope,only_new,,climate
KU00NIN01,ch2kKU00NIN01,KU00NIN01_d18O,paleoData.interpretation[1].scope,only_new,,climate
KU99HOU01,ch2kKU99HOU01,KU99HOU01_d18O,paleoData.interpretation[1].scope,only_new,,climate
LI00RAR01,ch2kLI00RAR01,LI00RAR01_SrCa,paleoData.interpretation[1].scope,only_new,,climate
LI00RAR01,ch2kLI00RAR01,LI00RAR01_d18O,paleoData.interpretation[1].scope,only_new,,climate
LI00RAR01,ch2kLI00RAR01,LI00RAR01_d18O_sw,paleoData.interpretation[1].scope,only_new,,climate
LI04FIJ01,ch2kLI04FIJ01,LI04FIJ01_SrCa,paleoData.interpretation[1].scope,only_new,,climate
LI04FIJ01,ch2kLI04FIJ01,LI04FIJ01_d18O,paleoData.interpretation[1].scope,only_new,,climate
LI04FIJ01,ch2kLI04FIJ01,LI04FIJ01_d18O_sw,paleoData.interpretation[1].scope,only_new,,climate
LI06FIJ01,ch2kLI06FIJ01,LI06FIJ01_d18O,paleoData.interpretation[1].scope,only_new,,climate
LI06RAR01,ch2kLI06RAR01,LI06RAR01_d18O,paleoData.interpretation[1].scope,only_new,,climate
LI06RAR02,ch2kLI06RAR02,LI06RAR02_d18O,paleoData.interpretation[1].scope,only_new,,climate
LI94SEC01,ch2kLI94SEC01,LI94SEC01_d18O,paleoData.interpretation[1].scope,only_new,,climate
LI99CLI01,ch2kLI99CLI01,LI99CLI01_d18O,paleoData.interpretation[1].scope,only_new,,climate
MA08DTO01,ch2kMA08DTO01,MA08DTO01_SrCa,paleoData.interpretation[1].scope,only_new,,climate
MA08DTO01,ch2kMA08DTO01,MA08DTO01_d18O,paleoData.interpretation[1].scope,only_new,,climate
MC04PNG01,ch2kMC04PNG01,MC04PNG01_d18O,paleoData.interpretation[1].scope,only_new,,climate
MC11KIR01,ch2kMC11KIR01,MC11KIR01_d18O,paleoData.interpretation[1].scope,only_new,,climate
MO06PED01,ch2kMO06PED01,MO06PED01_d18O,paleoData.interpretation[1].scope,only_new,,climate
MO20KOI01,ch2kMO20KOI01,MO20KOI01_SrCa,paleoData.interpretation[1].scope,only_new,,climate
MO20KOI01,ch2kMO20KOI01,MO20KOI01_d18O,paleoData.interpretation[1].scope,only_new,,climate
MO20KOI01,ch2kMO20KOI01,MO20KOI01_d18O_sw,paleoData.interpretation[1].scope,only_new,,climate
MO20WOA01,ch2kMO20WOA01,MO20WOA01_SrCa,paleoData.interpretation[1].scope,only_new,,climate
MO20WOA01,ch2kMO20WOA01,MO20WOA01_d18O,paleoData.interpretation[1].scope,only_new,,climate
MO20WOA01,ch2kMO20WOA01,MO20WOA01_d18O_sw,paleoData.interpretation[1].scope,only_new,,climate
MU17DOA01,ch2kMU17DOA01,MU17DOA01_d18O,paleoData.interpretation[1].scope,only_new,,climate
MU18GSI01,ch2kMU18GSI01,MU18GSI01_SrCa,paleoData.interpretation[1].scope,only_new,,climate
MU18GSI01,ch2kMU18GSI01,MU18GSI01_d18O,paleoData.interpretation[1].scope,only_new,,climate
MU18NPI01,ch2kMU18NPI01,MU18NPI01_SrCa,paleoData.interpretation[1].scope,only_new,,climate
MU18NPI01,ch2kMU18NPI01,MU18NPI01_d18O,paleoData.interpretation[1].scope,only_new,,climate
MU18RED01,ch2kMU18RED01,MU18RED01_SrCa,paleoData.interpretation[1].scope,only_new,,climate
MU18RED02,ch2kMU18RED02,MU18RED02_SrCa,paleoData.interpretation[1].scope,only_new,,climate
MU18RED03,ch2kMU18RED03,MU18RED03_SrCa,paleoData.interpretation[1].scope,only_new,,climate
MU18RED04,ch2kMU18RED04,MU18RED04_SrCa,paleoData.interpretation[1].scope,only_new,,climate
MU18RED04,ch2kMU18RED04,MU18RED04_SrCa_annual,paleoData.interpretation[1].scope,only_new,,climate
NA09MAL01,ch2kNA09MAL01,NA09MAL01_d18O,paleoData.interpretation[1].scope,only_new,,climate
NU09FAN01,ch2kNU09FAN01,NU09FAN01_SrCa,paleoData.interpretation[1].scope,only_new,,climate
NU09FAN01,ch2kNU09FAN01,NU09FAN01_d18O,paleoData.interpretation[1].scope,only_new,,climate
NU09FAN01,ch2kNU09FAN01,NU09FAN01_d18O_sw,paleoData.interpretation[1].scope,only_new,,climate
NU09KIR01,ch2kNU09KIR01,NU09KIR01_SrCa,paleoData.interpretation[1].scope,only_new,,climate
NU09KIR01,ch2kNU09KIR01,NU09KIR01_d18O,paleoData.interpretation[1].scope,only_new,,climate
NU09KIR01,ch2kNU09KIR01,NU09KIR01_d18O_sw,paleoData.interpretation[1].scope,only_new,,climate
NU11PAL01,ch2kNU11PAL01,NU11PAL01_SrCa,paleoData.interpretation[1].scope,only_new,,climate
NU11PAL01,ch2kNU11PAL01,NU11PAL01_d18O,paleoData.interpretation[1].scope,only_new,,climate
NU11PAL01,ch2kNU11PAL01,NU11PAL01_d18O_sw,paleoData.interpretation[1].scope,only_new,,climate
OS13NGP01,ch2kOS13NGP01,OS13NGP01_d18O,paleoData.interpretation[1].scope,only_new,,climate
OS13NLP01,ch2kOS13NLP01,OS13NLP01_d18O,paleoData.interpretation[1].scope,only_new,,climate
OS14RIP01,ch2kOS14RIP01,OS14RIP01_d18O,paleoData.interpretation[1].scope,only_new,,climate
OS14UCP01,ch2kOS14UCP01,OS14UCP01_d18O,paleoData.interpretation[1].scope,only_new,,climate
PF04PBA01,ch2kPF04PBA01,PF04PBA01_d18O,paleoData.interpretation[1].scope,only_new,,climate
PF19LAR01,ch2kPF19LAR01,PF19LAR01_SrCa,paleoData.interpretation[1].scope,only_new,,climate
PF19LAR01,ch2kPF19LAR01,PF19LAR01_d18O,paleoData.interpretation[1].scope,only_new,,climate
QU06RAB01,ch2kQU06RAB01,QU06RAB01_SrCa,paleoData.interpretation[1].scope,only_new,,climate
QU06RAB01,ch2kQU06RAB01,QU06RAB01_d18O,paleoData.interpretation[1].scope,only_new,,climate
QU96ESV01,ch2kQU96ESV01,QU96ESV01_d18O,paleoData.interpretation[1].scope,only_new,,climate
RA19PAI01,ch2kRA19PAI01,RA19PAI01_SrCa,paleoData.interpretation[1].scope,only_new,,climate
RA19PAI01,ch2kRA19PAI01,RA19PAI01_d18O,paleoData.interpretation[1].scope,only_new,,climate
RA20TAI01,ch2kRA20TAI01,RA20TAI01_SrCa,paleoData.interpretation[1].scope,only_new,,climate
RA20TAI01,ch2kRA20TAI01,RA20TAI01_d18O,paleoData.interpretation[1].scope,only_new,,climate
RE18CAY01,ch2kRE18CAY01,RE18CAY01_SrCa,paleoData.interpretation[1].scope,only_new,,climate
RE18CAY01,ch2kRE18CAY01,RE18CAY01_SrCa_annual,paleoData.interpretation[1].scope,only_new,,climate
RE18CAY01,ch2kRE18CAY01,RE18CAY01_d18O,paleoData.interpretation[1].scope,only_new,,climate
RE18CAY01,ch2kRE18CAY01,RE18CAY01_d18O_annual,paleoData.interpretation[1].scope,only_new,,climate
RE18CAY01,ch2kRE18CAY01,RE18CAY01_d18O_sw_annual,paleoData.interpretation[1].scope,only_new,,climate
RE19GBR01,ch2kRE19GBR01,RE19GBR01_SrCa,paleoData.interpretation[1].scope,only_new,,climate
RE19GBR01,ch2kRE19GBR01,RE19GBR01_d18O,paleoData.interpretation[1].scope,only_new,,climate
RE19GBR02,ch2kRE19GBR02,RE19GBR02_SrCa,paleoData.interpretation[1].scope,only_new,,climate
RE19GBR02,ch2kRE19GBR02,RE19GBR02_d18O,paleoData.interpretation[1].scope,only_new,,climate
RE19GBR03,ch2kRE19GBR03,RE19GBR03_SrCa,paleoData.interpretation[1].scope,only_new,,climate
RE19GBR03,ch2kRE19GBR03,RE19GBR03_d18O,paleoData.interpretation[1].scope,only_new,,climate
RE19GBR04,ch2kRE19GBR04,RE19GBR04_SrCa,paleoData.interpretation[1].scope,only_new,,climate
RE19GBR05,ch2kRE19GBR05,RE19GBR05_SrCa,paleoData.interpretation[1].scope,only_new,,climate
RI10PBL01,ch2kRI10PBL01,RI10PBL01_d18O,paleoData.interpretation[1].scope,only_new,,climate
RO19MAR01,ch2kRO19MAR01,RO19MAR01_SrCa,paleoData.interpretation[1].scope,only_new,,climate
RO19PAR01,ch2kRO19PAR01,RO19PAR01_SrCa,paleoData.interpretation[1].scope,only_new,,climate
RO19YUC01,ch2kRO19YUC01,RO19YUC01_SrCa,paleoData.interpretation[1].scope,only_new,,climate
RO19YUC01,ch2kRO19YUC01,RO19YUC01_SrCaUncertainty,paleoData.interpretation[1].scope,only_new,,climate
RO19YUC01,ch2kRO19YUC01,RO19YUC01_SrCa_annual,paleoData.interpretation[1].scope,only_new,,climate
SA16CLA01,ch2kSA16CLA01,SA16CLA01_d18O,paleoData.interpretation[1].scope,only_new,,climate
SA18GBR01,ch2kSA18GBR01,SA18GBR01_SrCa,paleoData.interpretation[1].scope,only_new,,climate
SA19PAL01,ch2kSA19PAL01,SA19PAL01_SrCa,paleoData.interpretation[1].scope,only_new,,climate
SA19PAL01,ch2kSA19PAL01,SA19PAL01_d18O,paleoData.interpretation[1].scope,only_new,,climate
SA19PAL02,ch2kSA19PAL02,SA19PAL02_SrCa,paleoData.interpretation[1].scope,only_new,,climate
SA19PAL02,ch2kSA19PAL02,SA19PAL02_d18O,paleoData.interpretation[1].scope,only_new,,climate
SA20FAN01,ch2kSA20FAN01,SA20FAN01_d18O,paleoData.interpretation[1].scope,only_new,,climate
SA20FAN02,ch2kSA20FAN02,SA20FAN02_d18O,paleoData.interpretation[1].scope,only_new,,climate
SH92PUN01,ch2kSH92PUN01,SH92PUN01_d18O,paleoData.interpretation[1].scope,only_new,,climate
SM06LKF01,ch2kSM06LKF01,SM06LKF01_SrCa,paleoData.interpretation[1].scope,only_new,,climate
SM06LKF01,ch2kSM06LKF01,SM06LKF01_d18O,paleoData.interpretation[1].scope,only_new,,climate
SM06LKF02,ch2kSM06LKF02,SM06LKF02_SrCa,paleoData.interpretation[1].scope,only_new,,climate
SM06LKF02,ch2kSM06LKF02,SM06LKF02_d18O,paleoData.interpretation[1].scope,only_new,,climate
ST13MAL01,ch2kST13MAL01,ST13MAL01_SrCa,paleoData.interpretation[1].scope,only_new,,climate
ST13MAL01,ch2kST13MAL01,ST13MAL01_d18O,paleoData.interpretation[1].scope,only_new,,climate
SW98STP01,ch2kSW98STP01,SW98STP01_d18O,paleoData.interpretation[1].scope,only_new,,climate
SW99LIG01,ch2kSW99LIG01,SW99LIG01_d18O,paleoData.interpretation[1].scope,only_new,,climate
SW99LIG02,ch2kSW99LIG02,SW99LIG02_d18O,paleoData.interpretation[1].scope,only_new,,climate
TA18TAS01,ch2kTA18TAS01,TA18TAS01_d18O,paleoData.interpretation[1].scope,only_new,,climate
TU01DEP01,ch2kTU01DEP01,TU01DEP01_d18O,paleoData.interpretation[1].scope,only_new,,climate
TU01LAI01,ch2kTU01LAI01,TU01LAI01_d18O,paleoData.interpretation[1].scope,only_new,,climate
TU01SIA01,ch2kTU01SIA01,TU01SIA01_d18O,paleoData.interpretation[1].scope,only_new,,climate
TU95MAD01,ch2kTU95MAD01,TU95MAD01_d18O,paleoData.interpretation[1].scope,only_new,,climate
UR00MAI01,ch2kUR00MAI01,UR00MAI01_d18O,paleoData.interpretation[1].scope,only_new,,climate
WA17BAN01,ch2kWA17BAN01,WA17BAN01_SrCa,paleoData.interpretation[1].scope,only_new,,climate
WA17BAN01,ch2kWA17BAN01,WA17BAN01_d18O,paleoData.interpretation[1].scope,only_new,,climate
WE09ARR01,ch2kWE09ARR01,WE09ARR01_SrCa,paleoData.interpretation[1].scope,only_new,,climate
WE09ARR01,ch2kWE09ARR01,WE09ARR01_d18O,paleoData.interpretation[1].scope,only_new,,climate
WU13TON01,ch2kWU13TON01,WU13TON01_SrCa,paleoData.interpretation[1].scope,only_new,,climate
WU13TON01,ch2kWU13TON01,WU13TON01_SrCa_annual,paleoData.interpretation[1].scope,only_new,,climate
WU13TON01,ch2kWU13TON01,WU13TON01_d18O,paleoData.interpretation[1].scope,only_new,,climate
WU13TON01,ch2kWU13TON01,WU13TON01_d18O_annual,paleoData.interpretation[1].scope,only_new,,climate
WU14CLI01,ch2kWU14CLI01,WU14CLI01_SrCa,paleoData.interpretation[1].scope,only_new,,climate
WU14CLI01,ch2kWU14CLI01,WU14CLI01_d18O,paleoData.interpretation[1].scope,only_new,,climate
WU14CLI01,ch2kWU14CLI01,WU14CLI01_d18O_sw,paleoData.interpretation[1].scope,only_new,,climate
XI17HAI01,ch2kXI17HAI01,XI17HAI01_SrCa,paleoData.interpretation[1].scope,only_new,,climate
XI17HAI01,ch2kXI17HAI01,XI17HAI01_SrCa_annual,paleoData.interpretation[1].scope,only_new,,climate
XI17HAI01,ch2kXI17HAI01,XI17HAI01_d18O,paleoData.interpretation[1].scope,only_new,,climate
XI17HAI01,ch2kXI17HAI01,XI17HAI01_d18O_annual,paleoData.interpretation[1].scope,only_new,,climate
XI17HAI01,ch2kXI17HAI01,XI17HAI01_d18O_sw,paleoData.interpretation[1].scope,only_new,,climate
XI17HAI01,ch2kXI17HAI01,XI17HAI01_d18O_sw_annual,paleoData.interpretation[1].scope,only_new,,climate
XU15BVI01,ch2kXU15BVI01,XU15BVI01_SrCa,paleoData.interpretation[1].scope,only_new,,climate
XU15BVI02,ch2kXU15BVI02,XU15BVI02_SrCa,paleoData.interpretation[1].scope,only_new,,climate
XU15BVI03,ch2kXU15BVI03,XU15BVI03_SrCa,paleoData.interpretation[1].scope,only_new,,climate
ZI04IFR01,ch2kZI04IFR01,ZI04IFR01_SrCa,paleoData.interpretation[1].scope,only_new,,climate
ZI04IFR01,ch2kZI04IFR01,ZI04IFR01_d18O,paleoData.interpretation[1].scope,only_new,,climate
ZI08MAY01,ch2kZI08MAY01,ZI08MAY01_SrCa,paleoData.interpretation[1].scope,only_new,,climate
ZI08MAY01,ch2kZI08MAY01,ZI08MAY01_d18O,paleoData.interpretation[1].scope,only_new,,climate
ZI08MAY01,ch2kZI08MAY01,ZI08MAY01_d18O_sw,paleoData.interpretation[1].scope,only_new,,climate
ZI14HOU01,ch2kZI14HOU01,ZI14HOU01_SrCa,paleoData.interpretation[1].scope,only_new,,climate
ZI14HOU01,ch2kZI14HOU01,ZI14HOU01_SrCa_annual,paleoData.interpretation[1].scope,only_new,,climate
ZI14HOU01,ch2kZI14HOU01,ZI14HOU01_d18O,paleoData.interpretation[1].scope,only_new,,climate
ZI14HOU01,ch2kZI14HOU01,ZI14HOU01_d18O_annual,paleoData.interpretation[1].scope,only_new,,climate
ZI14IFR02,ch2kZI14IFR02,ZI14IFR02_d18O,paleoData.interpretation[1].scope,only_new,,climate
ZI14IFR02,ch2kZI14IFR02,ZI14IFR02_d18O_annual,paleoData.interpretation[1].scope,only_new,,climate
ZI14TUR01,ch2kZI14TUR01,ZI14TUR01_d18O,paleoData.interpretation[1].scope,only_new,,climate
ZI14TUR01,ch2kZI14TUR01,ZI14TUR01_d18O_annual,paleoData.interpretation[1].scope,only_new,,climate
ZI15BUN01,ch2kZI15BUN01,ZI15BUN01_SrCa,paleoData.interpretation[1].scope,only_new,,climate
ZI15BUN01,ch2kZI15BUN01,ZI15BUN01_SrCa_annual,paleoData.interpretation[1].scope,only_new,,climate
ZI15CLE01,ch2kZI15CLE01,ZI15CLE01_SrCa,paleoData.interpretation[1].scope,only_new,,climate
ZI15CLE01,ch2kZI15CLE01,ZI15CLE01_SrCa_annual,paleoData.interpretation[1].scope,only_new,,climate
ZI15IMP01,ch2kZI15IMP01,ZI15IMP01_SrCa,paleoData.interpretation[1].scope,only_new,,climate
ZI15IMP01,ch2kZI15IMP01,ZI15IMP01_SrCa_annual,paleoData.interpretation[1].scope,only_new,,climate
ZI15IMP02,ch2kZI15IMP02,ZI15IMP02_SrCa,paleoData.interpretation[1].scope,only_new,,climate
ZI15IMP02,ch2kZI15IMP02,ZI15IMP02_SrCa_annual,paleoData.interpretation[1].scope,only_new,,climate
ZI15MER01,ch2kZI15MER01,ZI15MER01_SrCa,paleoData.interpretation[1].scope,only_new,,climate
ZI15MER01,ch2kZI15MER01,ZI15MER01_SrCa_annual,paleoData.interpretation[1].scope,only_new,,climate
ZI15TAN01,ch2kZI15TAN01,ZI15TAN01_SrCa,paleoData.interpretation[1].scope,only_new,,climate
ZI15TAN01,ch2kZI15TAN01,ZI15TAN01_SrCa_annual,paleoData.interpretation[1].scope,only_new,,climate
ZI16ROD01,ch2kZI16ROD01,ZI16ROD01_SrCa,paleoData.interpretation[1].scope,only_new,,climate
ZI16ROD02,ch2kZI16ROD02,ZI16ROD02_SrCa,paleoData.interpretation[1].scope,only_new,,climate
AB08MEN01,ch2kAB08MEN01,AB08MEN01_d18O,paleoData.interpretation[2].interpretationApplies,only_new,,NA
AB20MEN01,ch2kAB20MEN01,AB20MEN01_d18O,paleoData.interpretation[2].interpretationApplies,only_new,,NA
AB20MEN02,ch2kAB20MEN02,AB20MEN02_d18O,paleoData.interpretation[2].interpretationApplies,only_new,,NA
AB20MEN04,ch2kAB20MEN04,AB20MEN04_d18O,paleoData.interpretation[2].interpretationApplies,only_new,,NA
AB20MEN05,ch2kAB20MEN05,AB20MEN05_d18O,paleoData.interpretation[2].interpretationApplies,only_new,,NA
AB20MEN06,ch2kAB20MEN06,AB20MEN06_d18O,paleoData.interpretation[2].interpretationApplies,only_new,,NA
AB20MEN07,ch2kAB20MEN07,AB20MEN07_d18O,paleoData.interpretation[2].interpretationApplies,only_new,,NA
AL16PUR01,ch2kAL16PUR01,AL16PUR01_SrCa,paleoData.interpretation[2].interpretationApplies,only_new,,NA
AL16PUR01,ch2kAL16PUR01,AL16PUR01_SrCaUncertainty,paleoData.interpretation[2].interpretationApplies,only_new,,NA
AL16PUR02,ch2kAL16PUR02,AL16PUR02_SrCa,paleoData.interpretation[2].interpretationApplies,only_new,,NA
AL16PUR02,ch2kAL16PUR02,AL16PUR02_SrCaUncertainty,paleoData.interpretation[2].interpretationApplies,only_new,,NA
AS05GUA01,ch2kAS05GUA01,AS05GUA01_d18O,paleoData.interpretation[2].interpretationApplies,only_new,,NA
BA04FIJ01,ch2kBA04FIJ01,BA04FIJ01_SrCa,paleoData.interpretation[2].interpretationApplies,only_new,,NA
BA04FIJ01,ch2kBA04FIJ01,BA04FIJ01_d18O,paleoData.interpretation[2].interpretationApplies,only_new,,NA
BA04FIJ02,ch2kBA04FIJ02,BA04FIJ02_SrCa,paleoData.interpretation[2].interpretationApplies,only_new,,NA
BA04FIJ02,ch2kBA04FIJ02,BA04FIJ02_d18O,paleoData.interpretation[2].interpretationApplies,only_new,,NA
BO14HTI01,ch2kBO14HTI01,BO14HTI01_SrCa,paleoData.interpretation[2].interpretationApplies,only_new,,NA
BO14HTI01,ch2kBO14HTI01,BO14HTI01_SrCaUncertainty,paleoData.interpretation[2].interpretationApplies,only_new,,NA
BO14HTI01,ch2kBO14HTI01,BO14HTI01_d18O,paleoData.interpretation[2].interpretationApplies,only_new,,NA
BO14HTI02,ch2kBO14HTI02,BO14HTI02_SrCa,paleoData.interpretation[2].interpretationApplies,only_new,,NA
BO14HTI02,ch2kBO14HTI02,BO14HTI02_d18O,paleoData.interpretation[2].interpretationApplies,only_new,,NA
BO99MOO01,ch2kBO99MOO01,BO99MOO01_d18O,paleoData.interpretation[2].interpretationApplies,only_new,,NA
BR19RED01,ch2kBR19RED01,BR19RED01_SrCa,paleoData.interpretation[2].interpretationApplies,only_new,,NA
BR19RED01,ch2kBR19RED01,BR19RED01_SrCa_annual,paleoData.interpretation[2].interpretationApplies,only_new,,NA
CA07FLI01,ch2kCA07FLI01,CA07FLI01_SrCa,paleoData.interpretation[2].interpretationApplies,only_new,,NA
CA07FLI01,ch2kCA07FLI01,CA07FLI01_d18O,paleoData.interpretation[2].interpretationApplies,only_new,,NA
CA13DIA01,ch2kCA13DIA01,CA13DIA01_d18O,paleoData.interpretation[2].interpretationApplies,only_new,,NA
CA13PEL01,ch2kCA13PEL01,CA13PEL01_d18O,paleoData.interpretation[2].interpretationApplies,only_new,,NA
CA13SAP01,ch2kCA13SAP01,CA13SAP01_d18O,paleoData.interpretation[2].interpretationApplies,only_new,,NA
CA13TUR01,ch2kCA13TUR01,CA13TUR01_d18O,paleoData.interpretation[2].interpretationApplies,only_new,,NA
CA14BUT01,ch2kCA14BUT01,CA14BUT01_SrCa,paleoData.interpretation[2].interpretationApplies,only_new,,NA
CA14BUT01,ch2kCA14BUT01,CA14BUT01_d18O,paleoData.interpretation[2].interpretationApplies,only_new,,NA
CA14BUT01,ch2kCA14BUT01,CA14BUT01_d18O_sw,paleoData.interpretation[2].interpretationApplies,only_new,,NA
CA14TIM01,ch2kCA14TIM01,CA14TIM01_SrCa,paleoData.interpretation[2].interpretationApplies,only_new,,NA
CA14TIM01,ch2kCA14TIM01,CA14TIM01_d18O,paleoData.interpretation[2].interpretationApplies,only_new,,NA
CA14TIM01,ch2kCA14TIM01,CA14TIM01_d18O_sw,paleoData.interpretation[2].interpretationApplies,only_new,,NA
CH03BUN01,ch2kCH03BUN01,CH03BUN01_d18O,paleoData.interpretation[2].interpretationApplies,only_new,,NA
CH03LOM01,ch2kCH03LOM01,CH03LOM01_d18O,paleoData.interpretation[2].interpretationApplies,only_new,,NA
CH97BVB01,ch2kCH97BVB01,CH97BVB01_d18O,paleoData.interpretation[2].interpretationApplies,only_new,,NA
CH98PIR01,ch2kCH98PIR01,CH98PIR01_d18O,paleoData.interpretation[2].interpretationApplies,only_new,,NA
CO00MAL01,ch2kCO00MAL01,CO00MAL01_d18O,paleoData.interpretation[2].interpretationApplies,only_new,,NA
CO03PAL01,ch2kCO03PAL01,CO03PAL01_d18O,paleoData.interpretation[2].interpretationApplies,only_new,,NA
CO03PAL02,ch2kCO03PAL02,CO03PAL02_d18O,paleoData.interpretation[2].interpretationApplies,only_new,,NA
CO03PAL03,ch2kCO03PAL03,CO03PAL03_d18O,paleoData.interpretation[2].interpretationApplies,only_new,,NA
CO03PAL04,ch2kCO03PAL04,CO03PAL04_d18O,paleoData.interpretation[2].interpretationApplies,only_new,,NA
CO03PAL05,ch2kCO03PAL05,CO03PAL05_d18O,paleoData.interpretation[2].interpretationApplies,only_new,,NA
CO03PAL06,ch2kCO03PAL06,CO03PAL06_d18O,paleoData.interpretation[2].interpretationApplies,only_new,,NA
CO03PAL07,ch2kCO03PAL07,CO03PAL07_d18O,paleoData.interpretation[2].interpretationApplies,only_new,,NA
CO03PAL08,ch2kCO03PAL08,CO03PAL08_d18O,paleoData.interpretation[2].interpretationApplies,only_new,,NA
CO03PAL09,ch2kCO03PAL09,CO03PAL09_d18O,paleoData.interpretation[2].interpretationApplies,only_new,,NA
CO03PAL10,ch2kCO03PAL10,CO03PAL10_d18O,paleoData.interpretation[2].interpretationApplies,only_new,,NA
CO93TAR01,ch2kCO93TAR01,CO93TAR01_d18O,paleoData.interpretation[2].interpretationApplies,only_new,,NA
DA06MAF01,ch2kDA06MAF01,DA06MAF01_d18O,paleoData.interpretation[2].interpretationApplies,only_new,,NA
DA06MAF02,ch2kDA06MAF02,DA06MAF02_d18O,paleoData.interpretation[2].interpretationApplies,only_new,,NA
DE12ANC01,ch2kDE12ANC01,DE12ANC01_SrCa,paleoData.interpretation[2].interpretationApplies,only_new,,NA
DE13HAI01,ch2kDE13HAI01,DE13HAI01_SrCa,paleoData.interpretation[2].interpretationApplies,only_new,,NA
DE13HAI01,ch2kDE13HAI01,DE13HAI01_SrCa_annual,paleoData.interpretation[2].interpretationApplies,only_new,,NA
DE13HAI01,ch2kDE13HAI01,DE13HAI01_d18O,paleoData.interpretation[2].interpretationApplies,only_new,,NA
DE13HAI01,ch2kDE13HAI01,DE13HAI01_d18O_annual,paleoData.interpretation[2].interpretationApplies,only_new,,NA
DE13HAI01,ch2kDE13HAI01,DE13HAI01_d18O_sw,paleoData.interpretation[2].interpretationApplies,only_new,,NA
DE13HAI01,ch2kDE13HAI01,DE13HAI01_d18O_sw_annual,paleoData.interpretation[2].interpretationApplies,only_new,,NA
DE14DTO01,ch2kDE14DTO01,DE14DTO01_SrCa,paleoData.interpretation[2].interpretationApplies,only_new,,NA
DE14DTO02,ch2kDE14DTO02,DE14DTO02_SrCa,paleoData.interpretation[2].interpretationApplies,only_new,,NA
DE14DTO03,ch2kDE14DTO03,DE14DTO03_SrCa,paleoData.interpretation[2].interpretationApplies,only_new,,NA
DE14DTO04,ch2kDE14DTO04,DE14DTO04_SrCa,paleoData.interpretation[2].interpretationApplies,only_new,,NA
DR99ABR01,ch2kDR99ABR01,DR99ABR01_d18O,paleoData.interpretation[2].interpretationApplies,only_new,,NA
DR99ABR01,ch2kDR99ABR01,DR99ABR01_d18O_annual,paleoData.interpretation[2].interpretationApplies,only_new,,NA
DU94URV01,ch2kDU94URV01,DU94URV01_d18O,paleoData.interpretation[2].interpretationApplies,only_new,,NA
DU94URV01,ch2kDU94URV01,DU94URV01_d18O_annual,paleoData.interpretation[2].interpretationApplies,only_new,,NA
EV18ROC01,ch2kEV18ROC01,EV18ROC01_SrCa,paleoData.interpretation[2].interpretationApplies,only_new,,NA
EV18ROC01,ch2kEV18ROC01,EV18ROC01_SrCa_annual,paleoData.interpretation[2].interpretationApplies,only_new,,NA
EV98KIR01,ch2kEV98KIR01,EV98KIR01_d18O,paleoData.interpretation[2].interpretationApplies,only_new,,NA
FE09OGA01,ch2kFE09OGA01,FE09OGA01_SrCa,paleoData.interpretation[2].interpretationApplies,only_new,,NA
FE09OGA01,ch2kFE09OGA01,FE09OGA01_SrCa_annual,paleoData.interpretation[2].interpretationApplies,only_new,,NA
FE09OGA01,ch2kFE09OGA01,FE09OGA01_d18O,paleoData.interpretation[2].interpretationApplies,only_new,,NA
FE09OGA01,ch2kFE09OGA01,FE09OGA01_d18O_annual,paleoData.interpretation[2].interpretationApplies,only_new,,NA
FE09OGA01,ch2kFE09OGA01,FE09OGA01_d18O_sw_annual,paleoData.interpretation[2].interpretationApplies,only_new,,NA
FE18RUS01,ch2kFE18RUS01,FE18RUS01_SrCa,paleoData.interpretation[2].interpretationApplies,only_new,,NA
FE18RUS01,ch2kFE18RUS01,FE18RUS01_SrCa_annual,paleoData.interpretation[2].interpretationApplies,only_new,,NA
FE18RUS01,ch2kFE18RUS01,FE18RUS01_d18O,paleoData.interpretation[2].interpretationApplies,only_new,,NA
FE18RUS01,ch2kFE18RUS01,FE18RUS01_d18O_annual,paleoData.interpretation[2].interpretationApplies,only_new,,NA
FE18RUS01,ch2kFE18RUS01,FE18RUS01_d18O_sw_annual,paleoData.interpretation[2].interpretationApplies,only_new,,NA
FL17DTO01,ch2kFL17DTO01,FL17DTO01_SrCa,paleoData.interpretation[2].interpretationApplies,only_new,,NA
FL17DTO01,ch2kFL17DTO01,FL17DTO01_SrCa_annual,paleoData.interpretation[2].interpretationApplies,only_new,,NA
FL17DTO02,ch2kFL17DTO02,FL17DTO02_SrCa,paleoData.interpretation[2].interpretationApplies,only_new,,NA
FL17DTO02,ch2kFL17DTO02,FL17DTO02_SrCa_annual,paleoData.interpretation[2].interpretationApplies,only_new,,NA
GO08BER01,ch2kGO08BER01,GO08BER01_SrCa,paleoData.interpretation[2].interpretationApplies,only_new,,NA
GO08BER01,ch2kGO08BER01,GO08BER01_SrCaUncertainty,paleoData.interpretation[2].interpretationApplies,only_new,,NA
GO08BER01,ch2kGO08BER01,GO08BER01_SrCa_annual,paleoData.interpretation[2].interpretationApplies,only_new,,NA
GO08BER01,ch2kGO08BER01,GO08BER01_d18O,paleoData.interpretation[2].interpretationApplies,only_new,,NA
GO08BER01,ch2kGO08BER01,GO08BER01_d18OUncertainty,paleoData.interpretation[2].interpretationApplies,only_new,,NA
GO08BER01,ch2kGO08BER01,GO08BER01_d18O_annual,paleoData.interpretation[2].interpretationApplies,only_new,,NA
GO12SBV01,ch2kGO12SBV01,GO12SBV01_SrCa,paleoData.interpretation[2].interpretationApplies,only_new,,NA
GO12SBV01,ch2kGO12SBV01,GO12SBV01_d18O,paleoData.interpretation[2].interpretationApplies,only_new,,NA
GR13MAD01,ch2kGR13MAD01,GR13MAD01_SrCa,paleoData.interpretation[2].interpretationApplies,only_new,,NA
GR13MAD02,ch2kGR13MAD02,GR13MAD02_SrCa,paleoData.interpretation[2].interpretationApplies,only_new,,NA
GU99NAU01,ch2kGU99NAU01,GU99NAU01_d18O,paleoData.interpretation[2].interpretationApplies,only_new,,NA
GU99NAU02,ch2kGU99NAU02,GU99NAU02_d18O,paleoData.interpretation[2].interpretationApplies,only_new,,NA
HE02GBR01,ch2kHE02GBR01,HE02GBR01_SrCa,paleoData.interpretation[2].interpretationApplies,only_new,,NA
HE02GBR01,ch2kHE02GBR01,HE02GBR01_d18O,paleoData.interpretation[2].interpretationApplies,only_new,,NA
HE02GBR01,ch2kHE02GBR01,HE02GBR01_d18O_sw,paleoData.interpretation[2].interpretationApplies,only_new,,NA
HE08LRA01,ch2kHE08LRA01,HE08LRA01_d18O,paleoData.interpretation[2].interpretationApplies,only_new,,NA
HE10GUA01,ch2kHE10GUA01,HE10GUA01_SrCa,paleoData.interpretation[2].interpretationApplies,only_new,,NA
HE10GUA01,ch2kHE10GUA01,HE10GUA01_SrCa_annual,paleoData.interpretation[2].interpretationApplies,only_new,,NA
HE10GUA01,ch2kHE10GUA01,HE10GUA01_d18O,paleoData.interpretation[2].interpretationApplies,only_new,,NA
HE10GUA01,ch2kHE10GUA01,HE10GUA01_d18O_annual,paleoData.interpretation[2].interpretationApplies,only_new,,NA
HE13MIS01,ch2kHE13MIS01,HE13MIS01_SrCa,paleoData.interpretation[2].interpretationApplies,only_new,,NA
HE13MIS01,ch2kHE13MIS01,HE13MIS01_d18O,paleoData.interpretation[2].interpretationApplies,only_new,,NA
HE18COC01,ch2kHE18COC01,HE18COC01_SrCa,paleoData.interpretation[2].interpretationApplies,only_new,,NA
HE18COC01,ch2kHE18COC01,HE18COC01_d18O,paleoData.interpretation[2].interpretationApplies,only_new,,NA
HE18COC01,ch2kHE18COC01,HE18COC01_d18O_sw,paleoData.interpretation[2].interpretationApplies,only_new,,NA
JI18GAL01,ch2kJI18GAL01,JI18GAL01_SrCa,paleoData.interpretation[2].interpretationApplies,only_new,,NA
JI18GAL02,ch2kJI18GAL02,JI18GAL02_SrCa,paleoData.interpretation[2].interpretationApplies,only_new,,NA
KA17RYU01,ch2kKA17RYU01,KA17RYU01_SrCa,paleoData.interpretation[2].interpretationApplies,only_new,,NA
KI04MCV01,ch2kKI04MCV01,KI04MCV01_SrCa,paleoData.interpretation[2].interpretationApplies,only_new,,NA
KI04MCV01,ch2kKI04MCV01,KI04MCV01_d18O,paleoData.interpretation[2].interpretationApplies,only_new,,NA
KI08PAR01,ch2kKI08PAR01,KI08PAR01_SrCa,paleoData.interpretation[2].interpretationApplies,only_new,,NA
KI08PAR01,ch2kKI08PAR01,KI08PAR01_SrCa_annual,paleoData.interpretation[2].interpretationApplies,only_new,,NA
KI08PAR01,ch2kKI08PAR01,KI08PAR01_d18O,paleoData.interpretation[2].interpretationApplies,only_new,,NA
KI08PAR01,ch2kKI08PAR01,KI08PAR01_d18O_annual,paleoData.interpretation[2].interpretationApplies,only_new,,NA
KI14PAR01,ch2kKI14PAR01,KI14PAR01_SrCa,paleoData.interpretation[2].interpretationApplies,only_new,,NA
KI14PAR01,ch2kKI14PAR01,KI14PAR01_SrCa_annual,paleoData.interpretation[2].interpretationApplies,only_new,,NA
KI14PAR01,ch2kKI14PAR01,KI14PAR01_d18O,paleoData.interpretation[2].interpretationApplies,only_new,,NA
KI14PAR01,ch2kKI14PAR01,KI14PAR01_d18O_annual,paleoData.interpretation[2].interpretationApplies,only_new,,NA
KI14PAR01,ch2kKI14PAR01,KI14PAR01_d18O_sw,paleoData.interpretation[2].interpretationApplies,only_new,,NA
KI14PAR01,ch2kKI14PAR01,KI14PAR01_d18O_sw_annual,paleoData.interpretation[2].interpretationApplies,only_new,,NA
KL97DAH01,ch2kKL97DAH01,KL97DAH01_d18O,paleoData.interpretation[2].interpretationApplies,only_new,,NA
KR20SAR01,ch2kKR20SAR01,KR20SAR01_SrCa,paleoData.interpretation[2].interpretationApplies,only_new,,NA
KR20SAR01,ch2kKR20SAR01,KR20SAR01_d18O,paleoData.interpretation[2].interpretationApplies,only_new,,NA
KR20SAR01,ch2kKR20SAR01,KR20SAR01_d18O_sw,paleoData.interpretation[2].interpretationApplies,only_new,,NA
KU00NIN01,ch2kKU00NIN01,KU00NIN01_d18O,paleoData.interpretation[2].interpretationApplies,only_new,,NA
KU99HOU01,ch2kKU99HOU01,KU99HOU01_d18O,paleoData.interpretation[2].interpretationApplies,only_new,,NA
LI00RAR01,ch2kLI00RAR01,LI00RAR01_SrCa,paleoData.interpretation[2].interpretationApplies,only_new,,NA
LI00RAR01,ch2kLI00RAR01,LI00RAR01_d18O,paleoData.interpretation[2].interpretationApplies,only_new,,NA
LI00RAR01,ch2kLI00RAR01,LI00RAR01_d18O_sw,paleoData.interpretation[2].interpretationApplies,only_new,,NA
LI04FIJ01,ch2kLI04FIJ01,LI04FIJ01_SrCa,paleoData.interpretation[2].interpretationApplies,only_new,,NA
LI04FIJ01,ch2kLI04FIJ01,LI04FIJ01_d18O,paleoData.interpretation[2].interpretationApplies,only_new,,NA
LI04FIJ01,ch2kLI04FIJ01,LI04FIJ01_d18O_sw,paleoData.interpretation[2].interpretationApplies,only_new,,NA
LI06FIJ01,ch2kLI06FIJ01,LI06FIJ01_d18O,paleoData.interpretation[2].interpretationApplies,only_new,,NA
LI06RAR01,ch2kLI06RAR01,LI06RAR01_d18O,paleoData.interpretation[2].interpretationApplies,only_new,,NA
LI06RAR02,ch2kLI06RAR02,LI06RAR02_d18O,paleoData.interpretation[2].interpretationApplies,only_new,,NA
LI94SEC01,ch2kLI94SEC01,LI94SEC01_d18O,paleoData.interpretation[2].interpretationApplies,only_new,,NA
MA08DTO01,ch2kMA08DTO01,MA08DTO01_SrCa,paleoData.interpretation[2].interpretationApplies,only_new,,NA
MA08DTO01,ch2kMA08DTO01,MA08DTO01_d18O,paleoData.interpretation[2].interpretationApplies,only_new,,NA
MC04PNG01,ch2kMC04PNG01,MC04PNG01_d18O,paleoData.interpretation[2].interpretationApplies,only_new,,NA
MC11KIR01,ch2kMC11KIR01,MC11KIR01_d18O,paleoData.interpretation[2].interpretationApplies,only_new,,NA
MO06PED01,ch2kMO06PED01,MO06PED01_d18O,paleoData.interpretation[2].interpretationApplies,only_new,,NA
MU17DOA01,ch2kMU17DOA01,MU17DOA01_d18O,paleoData.interpretation[2].interpretationApplies,only_new,,NA
MU18GSI01,ch2kMU18GSI01,MU18GSI01_SrCa,paleoData.interpretation[2].interpretationApplies,only_new,,NA
MU18GSI01,ch2kMU18GSI01,MU18GSI01_d18O,paleoData.interpretation[2].interpretationApplies,only_new,,NA
MU18NPI01,ch2kMU18NPI01,MU18NPI01_SrCa,paleoData.interpretation[2].interpretationApplies,only_new,,NA
MU18NPI01,ch2kMU18NPI01,MU18NPI01_d18O,paleoData.interpretation[2].interpretationApplies,only_new,,NA
MU18RED04,ch2kMU18RED04,MU18RED04_SrCa,paleoData.interpretation[2].interpretationApplies,only_new,,NA
MU18RED04,ch2kMU18RED04,MU18RED04_SrCa_annual,paleoData.interpretation[2].interpretationApplies,only_new,,NA
NA09MAL01,ch2kNA09MAL01,NA09MAL01_d18O,paleoData.interpretation[2].interpretationApplies,only_new,,NA
NU09FAN01,ch2kNU09FAN01,NU09FAN01_SrCa,paleoData.interpretation[2].interpretationApplies,only_new,,NA
NU09FAN01,ch2kNU09FAN01,NU09FAN01_d18O,paleoData.interpretation[2].interpretationApplies,only_new,,NA
NU09FAN01,ch2kNU09FAN01,NU09FAN01_d18O_sw,paleoData.interpretation[2].interpretationApplies,only_new,,NA
NU11PAL01,ch2kNU11PAL01,NU11PAL01_SrCa,paleoData.interpretation[2].interpretationApplies,only_new,,NA
NU11PAL01,ch2kNU11PAL01,NU11PAL01_d18O,paleoData.interpretation[2].interpretationApplies,only_new,,NA
NU11PAL01,ch2kNU11PAL01,NU11PAL01_d18O_sw,paleoData.interpretation[2].interpretationApplies,only_new,,NA
OS13NGP01,ch2kOS13NGP01,OS13NGP01_d18O,paleoData.interpretation[2].interpretationApplies,only_new,,NA
OS14RIP01,ch2kOS14RIP01,OS14RIP01_d18O,paleoData.interpretation[2].interpretationApplies,only_new,,NA
OS14UCP01,ch2kOS14UCP01,OS14UCP01_d18O,paleoData.interpretation[2].interpretationApplies,only_new,,NA
PF04PBA01,ch2kPF04PBA01,PF04PBA01_d18O,paleoData.interpretation[2].interpretationApplies,only_new,,NA
PF19LAR01,ch2kPF19LAR01,PF19LAR01_SrCa,paleoData.interpretation[2].interpretationApplies,only_new,,NA
PF19LAR01,ch2kPF19LAR01,PF19LAR01_d18O,paleoData.interpretation[2].interpretationApplies,only_new,,NA
QU06RAB01,ch2kQU06RAB01,QU06RAB01_SrCa,paleoData.interpretation[2].interpretationApplies,only_new,,NA
QU06RAB01,ch2kQU06RAB01,QU06RAB01_d18O,paleoData.interpretation[2].interpretationApplies,only_new,,NA
QU96ESV01,ch2kQU96ESV01,QU96ESV01_d18O,paleoData.interpretation[2].interpretationApplies,only_new,,NA
RA19PAI01,ch2kRA19PAI01,RA19PAI01_SrCa,paleoData.interpretation[2].interpretationApplies,only_new,,NA
RA19PAI01,ch2kRA19PAI01,RA19PAI01_d18O,paleoData.interpretation[2].interpretationApplies,only_new,,NA
RA20TAI01,ch2kRA20TAI01,RA20TAI01_SrCa,paleoData.interpretation[2].interpretationApplies,only_new,,NA
RA20TAI01,ch2kRA20TAI01,RA20TAI01_d18O,paleoData.interpretation[2].interpretationApplies,only_new,,NA
RE18CAY01,ch2kRE18CAY01,RE18CAY01_SrCa,paleoData.interpretation[2].interpretationApplies,only_new,,NA
RE18CAY01,ch2kRE18CAY01,RE18CAY01_SrCa_annual,paleoData.interpretation[2].interpretationApplies,only_new,,NA
RE18CAY01,ch2kRE18CAY01,RE18CAY01_d18O,paleoData.interpretation[2].interpretationApplies,only_new,,NA
RE18CAY01,ch2kRE18CAY01,RE18CAY01_d18O_annual,paleoData.interpretation[2].interpretationApplies,only_new,,NA
RE18CAY01,ch2kRE18CAY01,RE18CAY01_d18O_sw_annual,paleoData.interpretation[2].interpretationApplies,only_new,,NA
RI10PBL01,ch2kRI10PBL01,RI10PBL01_d18O,paleoData.interpretation[2].interpretationApplies,only_new,,NA
RO19MAR01,ch2kRO19MAR01,RO19MAR01_SrCa,paleoData.interpretation[2].interpretationApplies,only_new,,NA
RO19PAR01,ch2kRO19PAR01,RO19PAR01_SrCa,paleoData.interpretation[2].interpretationApplies,only_new,,NA
SA16CLA01,ch2kSA16CLA01,SA16CLA01_d18O,paleoData.interpretation[2].interpretationApplies,only_new,,NA
SA18GBR01,ch2kSA18GBR01,SA18GBR01_SrCa,paleoData.interpretation[2].interpretationApplies,only_new,,NA
SA20FAN02,ch2kSA20FAN02,SA20FAN02_d18O,paleoData.interpretation[2].interpretationApplies,only_new,,NA
SH92PUN01,ch2kSH92PUN01,SH92PUN01_d18O,paleoData.interpretation[2].interpretationApplies,only_new,,NA
SM06LKF01,ch2kSM06LKF01,SM06LKF01_SrCa,paleoData.interpretation[2].interpretationApplies,only_new,,NA
SM06LKF01,ch2kSM06LKF01,SM06LKF01_d18O,paleoData.interpretation[2].interpretationApplies,only_new,,NA
SM06LKF02,ch2kSM06LKF02,SM06LKF02_SrCa,paleoData.interpretation[2].interpretationApplies,only_new,,NA
SM06LKF02,ch2kSM06LKF02,SM06LKF02_d18O,paleoData.interpretation[2].interpretationApplies,only_new,,NA
ST13MAL01,ch2kST13MAL01,ST13MAL01_SrCa,paleoData.interpretation[2].interpretationApplies,only_new,,NA
ST13MAL01,ch2kST13MAL01,ST13MAL01_d18O,paleoData.interpretation[2].interpretationApplies,only_new,,NA
SW98STP01,ch2kSW98STP01,SW98STP01_d18O,paleoData.interpretation[2].interpretationApplies,only_new,,NA
SW99LIG01,ch2kSW99LIG01,SW99LIG01_d18O,paleoData.interpretation[2].interpretationApplies,only_new,,NA
SW99LIG02,ch2kSW99LIG02,SW99LIG02_d18O,paleoData.interpretation[2].interpretationApplies,only_new,,NA
TA18TAS01,ch2kTA18TAS01,TA18TAS01_d18O,paleoData.interpretation[2].interpretationApplies,only_new,,NA
TU01DEP01,ch2kTU01DEP01,TU01DEP01_d18O,paleoData.interpretation[2].interpretationApplies,only_new,,NA
TU01LAI01,ch2kTU01LAI01,TU01LAI01_d18O,paleoData.interpretation[2].interpretationApplies,only_new,,NA
TU95MAD01,ch2kTU95MAD01,TU95MAD01_d18O,paleoData.interpretation[2].interpretationApplies,only_new,,NA
UR00MAI01,ch2kUR00MAI01,UR00MAI01_d18O,paleoData.interpretation[2].interpretationApplies,only_new,,NA
WE09ARR01,ch2kWE09ARR01,WE09ARR01_SrCa,paleoData.interpretation[2].interpretationApplies,only_new,,NA
WE09ARR01,ch2kWE09ARR01,WE09ARR01_d18O,paleoData.interpretation[2].interpretationApplies,only_new,,NA
WU13TON01,ch2kWU13TON01,WU13TON01_SrCa,paleoData.interpretation[2].interpretationApplies,only_new,,NA
WU13TON01,ch2kWU13TON01,WU13TON01_SrCa_annual,paleoData.interpretation[2].interpretationApplies,only_new,,NA
WU13TON01,ch2kWU13TON01,WU13TON01_d18O,paleoData.interpretation[2].interpretationApplies,only_new,,NA
WU13TON01,ch2kWU13TON01,WU13TON01_d18O_annual,paleoData.interpretation[2].interpretationApplies,only_new,,NA
WU14CLI01,ch2kWU14CLI01,WU14CLI01_SrCa,paleoData.interpretation[2].interpretationApplies,only_new,,NA
WU14CLI01,ch2kWU14CLI01,WU14CLI01_d18O,paleoData.interpretation[2].interpretationApplies,only_new,,NA
WU14CLI01,ch2kWU14CLI01,WU14CLI01_d18O_sw,paleoData.interpretation[2].interpretationApplies,only_new,,NA
XI17HAI01,ch2kXI17HAI01,XI17HAI01_SrCa,paleoData.interpretation[2].interpretationApplies,only_new,,NA
XI17HAI01,ch2kXI17HAI01,XI17HAI01_SrCa_annual,paleoData.interpretation[2].interpretationApplies,only_new,,NA
XI17HAI01,ch2kXI17HAI01,XI17HAI01_d18O,paleoData.interpretation[2].interpretationApplies,only_new,,NA
XI17HAI01,ch2kXI17HAI01,XI17HAI01_d18O_annual,paleoData.interpretation[2].interpretationApplies,only_new,,NA
XI17HAI01,ch2kXI17HAI01,XI17HAI01_d18O_sw,paleoData.interpretation[2].interpretationApplies,only_new,,NA
XI17HAI01,ch2kXI17HAI01,XI17HAI01_d18O_sw_annual,paleoData.interpretation[2].interpretationApplies,only_new,,NA
XU15BVI02,ch2kXU15BVI02,XU15BVI02_SrCa,paleoData.interpretation[2].interpretationApplies,only_new,,NA
ZI04IFR01,ch2kZI04IFR01,ZI04IFR01_SrCa,paleoData.interpretation[2].interpretationApplies,only_new,,NA
ZI04IFR01,ch2kZI04IFR01,ZI04IFR01_d18O,paleoData.interpretation[2].interpretationApplies,only_new,,NA
ZI08MAY01,ch2kZI08MAY01,ZI08MAY01_SrCa,paleoData.interpretation[2].interpretationApplies,only_new,,NA
ZI08MAY01,ch2kZI08MAY01,ZI08MAY01_d18O,paleoData.interpretation[2].interpretationApplies,only_new,,NA
ZI08MAY01,ch2kZI08MAY01,ZI08MAY01_d18O_sw,paleoData.interpretation[2].interpretationApplies,only_new,,NA
ZI14HOU01,ch2kZI14HOU01,ZI14HOU01_SrCa,paleoData.interpretation[2].interpretationApplies,only_new,,NA
ZI14HOU01,ch2kZI14HOU01,ZI14HOU01_SrCa_annual,paleoData.interpretation[2].interpretationApplies,only_new,,NA
ZI14HOU01,ch2kZI14HOU01,ZI14HOU01_d18O,paleoData.interpretation[2].interpretationApplies,only_new,,NA
ZI14HOU01,ch2kZI14HOU01,ZI14HOU01_d18O_annual,paleoData.interpretation[2].interpretationApplies,only_new,,NA
ZI14IFR02,ch2kZI14IFR02,ZI14IFR02_d18O,paleoData.interpretation[2].interpretationApplies,only_new,,NA
ZI14IFR02,ch2kZI14IFR02,ZI14IFR02_d18O_annual,paleoData.interpretation[2].interpretationApplies,only_new,,NA
ZI14TUR01,ch2kZI14TUR01,ZI14TUR01_d18O,paleoData.interpretation[2].interpretationApplies,only_new,,NA
ZI14TUR01,ch2kZI14TUR01,ZI14TUR01_d18O_annual,paleoData.interpretation[2].interpretationApplies,only_new,,NA
ZI15BUN01,ch2kZI15BUN01,ZI15BUN01_SrCa,paleoData.interpretation[2].interpretationApplies,only_new,,NA
ZI15BUN01,ch2kZI15BUN01,ZI15BUN01_SrCa_annual,paleoData.interpretation[2].interpretationApplies,only_new,,NA
ZI15CLE01,ch2kZI15CLE01,ZI15CLE01_SrCa,paleoData.interpretation[2].interpretationApplies,only_new,,NA
ZI15CLE01,ch2kZI15CLE01,ZI15CLE01_SrCa_annual,paleoData.interpretation[2].interpretationApplies,only_new,,NA
ZI15IMP01,ch2kZI15IMP01,ZI15IMP01_SrCa,paleoData.interpretation[2].interpretationApplies,only_new,,NA
ZI15IMP01,ch2kZI15IMP01,ZI15IMP01_SrCa_annual,paleoData.interpretation[2].interpretationApplies,only_new,,NA
ZI15IMP02,ch2kZI15IMP02,ZI15IMP02_SrCa,paleoData.interpretation[2].interpretationApplies,only_new,,NA
ZI15IMP02,ch2kZI15IMP02,ZI15IMP02_SrCa_annual,paleoData.interpretation[2].interpretationApplies,only_new,,NA
ZI15MER01,ch2kZI15MER01,ZI15MER01_SrCa,paleoData.interpretation[2].interpretationApplies,only_new,,NA
ZI15MER01,ch2kZI15MER01,ZI15MER01_SrCa_annual,paleoData.interpretation[2].interpretationApplies,only_new,,NA
ZI15TAN01,ch2kZI15TAN01,ZI15TAN01_SrCa,paleoData.interpretation[2].interpretationApplies,only_new,,NA
ZI15TAN01,ch2kZI15TAN01,ZI15TAN01_SrCa_annual,paleoData.interpretation[2].interpretationApplies,only_new,,NA
ZI16ROD01,ch2kZI16ROD01,ZI16ROD01_SrCa,paleoData.interpretation[2].interpretationApplies,only_new,,NA
ZI16ROD02,ch2kZI16ROD02,ZI16ROD02_SrCa,paleoData.interpretation[2].interpretationApplies,only_new,,NA
AB08MEN01,ch2kAB08MEN01,AB08MEN01_d18O,paleoData.interpretation[2].scope,only_new,,climate
AB15BHB01,ch2kAB15BHB01,AB15BHB01_d18O,paleoData.interpretation[2].scope,only_new,,climate
AB20MEN01,ch2kAB20MEN01,AB20MEN01_d18O,paleoData.interpretation[2].scope,only_new,,climate
AB20MEN02,ch2kAB20MEN02,AB20MEN02_d18O,paleoData.interpretation[2].scope,only_new,,climate
AB20MEN03,ch2kAB20MEN03,AB20MEN03_d18O,paleoData.interpretation[2].scope,only_new,,climate
AB20MEN04,ch2kAB20MEN04,AB20MEN04_d18O,paleoData.interpretation[2].scope,only_new,,climate
AB20MEN05,ch2kAB20MEN05,AB20MEN05_d18O,paleoData.interpretation[2].scope,only_new,,climate
AB20MEN06,ch2kAB20MEN06,AB20MEN06_d18O,paleoData.interpretation[2].scope,only_new,,climate
AB20MEN07,ch2kAB20MEN07,AB20MEN07_d18O,paleoData.interpretation[2].scope,only_new,,climate
AB20MEN08,ch2kAB20MEN08,AB20MEN08_d18O,paleoData.interpretation[2].scope,only_new,,climate
AB20MEN09,ch2kAB20MEN09,AB20MEN09_d18O,paleoData.interpretation[2].scope,only_new,,climate
AL16PUR01,ch2kAL16PUR01,AL16PUR01_SrCa,paleoData.interpretation[2].scope,only_new,,climate
AL16PUR01,ch2kAL16PUR01,AL16PUR01_SrCaUncertainty,paleoData.interpretation[2].scope,only_new,,climate
AL16PUR02,ch2kAL16PUR02,AL16PUR02_SrCa,paleoData.interpretation[2].scope,only_new,,climate
AL16PUR02,ch2kAL16PUR02,AL16PUR02_SrCaUncertainty,paleoData.interpretation[2].scope,only_new,,climate
AL16YUC01,ch2kAL16YUC01,AL16YUC01_SrCa,paleoData.interpretation[2].scope,only_new,,climate
AL16YUC01,ch2kAL16YUC01,AL16YUC01_SrCaUncertainty,paleoData.interpretation[2].scope,only_new,,climate
AS05GUA01,ch2kAS05GUA01,AS05GUA01_d18O,paleoData.interpretation[2].scope,only_new,,climate
BA04FIJ01,ch2kBA04FIJ01,BA04FIJ01_SrCa,paleoData.interpretation[2].scope,only_new,,climate
BA04FIJ01,ch2kBA04FIJ01,BA04FIJ01_d18O,paleoData.interpretation[2].scope,only_new,,climate
BA04FIJ02,ch2kBA04FIJ02,BA04FIJ02_SrCa,paleoData.interpretation[2].scope,only_new,,climate
BA04FIJ02,ch2kBA04FIJ02,BA04FIJ02_d18O,paleoData.interpretation[2].scope,only_new,,climate
BO14HTI01,ch2kBO14HTI01,BO14HTI01_SrCa,paleoData.interpretation[2].scope,only_new,,climate
BO14HTI01,ch2kBO14HTI01,BO14HTI01_SrCaUncertainty,paleoData.interpretation[2].scope,only_new,,climate
BO14HTI01,ch2kBO14HTI01,BO14HTI01_d18O,paleoData.interpretation[2].scope,only_new,,climate
BO14HTI02,ch2kBO14HTI02,BO14HTI02_SrCa,paleoData.interpretation[2].scope,only_new,,climate
BO14HTI02,ch2kBO14HTI02,BO14HTI02_d18O,paleoData.interpretation[2].scope,only_new,,climate
BO99MOO01,ch2kBO99MOO01,BO99MOO01_d18O,paleoData.interpretation[2].scope,only_new,,climate
BR19RED01,ch2kBR19RED01,BR19RED01_SrCa,paleoData.interpretation[2].scope,only_new,,climate
BR19RED01,ch2kBR19RED01,BR19RED01_SrCa_annual,paleoData.interpretation[2].scope,only_new,,climate
CA07FLI01,ch2kCA07FLI01,CA07FLI01_SrCa,paleoData.interpretation[2].scope,only_new,,climate
CA07FLI01,ch2kCA07FLI01,CA07FLI01_d18O,paleoData.interpretation[2].scope,only_new,,climate
CA13DIA01,ch2kCA13DIA01,CA13DIA01_d18O,paleoData.interpretation[2].scope,only_new,,climate
CA13PEL01,ch2kCA13PEL01,CA13PEL01_d18O,paleoData.interpretation[2].scope,only_new,,climate
CA13SAP01,ch2kCA13SAP01,CA13SAP01_d18O,paleoData.interpretation[2].scope,only_new,,climate
CA13TUR01,ch2kCA13TUR01,CA13TUR01_d18O,paleoData.interpretation[2].scope,only_new,,climate
CA14BUT01,ch2kCA14BUT01,CA14BUT01_SrCa,paleoData.interpretation[2].scope,only_new,,climate
CA14BUT01,ch2kCA14BUT01,CA14BUT01_d18O,paleoData.interpretation[2].scope,only_new,,climate
CA14BUT01,ch2kCA14BUT01,CA14BUT01_d18O_sw,paleoData.interpretation[2].scope,only_new,,climate
CA14TIM01,ch2kCA14TIM01,CA14TIM01_SrCa,paleoData.interpretation[2].scope,only_new,,climate
CA14TIM01,ch2kCA14TIM01,CA14TIM01_d18O,paleoData.interpretation[2].scope,only_new,,climate
CA14TIM01,ch2kCA14TIM01,CA14TIM01_d18O_sw,paleoData.interpretation[2].scope,only_new,,climate
CH03BUN01,ch2kCH03BUN01,CH03BUN01_d18O,paleoData.interpretation[2].scope,only_new,,climate
CH03LOM01,ch2kCH03LOM01,CH03LOM01_d18O,paleoData.interpretation[2].scope,only_new,,climate
CH18YOA01,ch2kCH18YOA01,CH18YOA01_SrCa,paleoData.interpretation[2].scope,only_new,,climate
CH18YOA02,ch2kCH18YOA02,CH18YOA02_SrCa,paleoData.interpretation[2].scope,only_new,,climate
CH97BVB01,ch2kCH97BVB01,CH97BVB01_d18O,paleoData.interpretation[2].scope,only_new,,climate
CH98PIR01,ch2kCH98PIR01,CH98PIR01_d18O,paleoData.interpretation[2].scope,only_new,,climate
CO00MAL01,ch2kCO00MAL01,CO00MAL01_d18O,paleoData.interpretation[2].scope,only_new,,climate
CO03PAL01,ch2kCO03PAL01,CO03PAL01_d18O,paleoData.interpretation[2].scope,only_new,,climate
CO03PAL02,ch2kCO03PAL02,CO03PAL02_d18O,paleoData.interpretation[2].scope,only_new,,climate
CO03PAL03,ch2kCO03PAL03,CO03PAL03_d18O,paleoData.interpretation[2].scope,only_new,,climate
CO03PAL04,ch2kCO03PAL04,CO03PAL04_d18O,paleoData.interpretation[2].scope,only_new,,climate
CO03PAL05,ch2kCO03PAL05,CO03PAL05_d18O,paleoData.interpretation[2].scope,only_new,,climate
CO03PAL06,ch2kCO03PAL06,CO03PAL06_d18O,paleoData.interpretation[2].scope,only_new,,climate
CO03PAL07,ch2kCO03PAL07,CO03PAL07_d18O,paleoData.interpretation[2].scope,only_new,,climate
CO03PAL08,ch2kCO03PAL08,CO03PAL08_d18O,paleoData.interpretation[2].scope,only_new,,climate
CO03PAL09,ch2kCO03PAL09,CO03PAL09_d18O,paleoData.interpretation[2].scope,only_new,,climate
CO03PAL10,ch2kCO03PAL10,CO03PAL10_d18O,paleoData.interpretation[2].scope,only_new,,climate
CO93TAR01,ch2kCO93TAR01,CO93TAR01_d18O,paleoData.interpretation[2].scope,only_new,,climate
DA06MAF01,ch2kDA06MAF01,DA06MAF01_d18O,paleoData.interpretation[2].scope,only_new,,climate
DA06MAF02,ch2kDA06MAF02,DA06MAF02_d18O,paleoData.interpretation[2].scope,only_new,,climate
DE12ANC01,ch2kDE12ANC01,DE12ANC01_SrCa,paleoData.interpretation[2].scope,only_new,,climate
DE13HAI01,ch2kDE13HAI01,DE13HAI01_SrCa,paleoData.interpretation[2].scope,only_new,,climate
DE13HAI01,ch2kDE13HAI01,DE13HAI01_SrCa_annual,paleoData.interpretation[2].scope,only_new,,climate
DE13HAI01,ch2kDE13HAI01,DE13HAI01_d18O,paleoData.interpretation[2].scope,only_new,,climate
DE13HAI01,ch2kDE13HAI01,DE13HAI01_d18O_annual,paleoData.interpretation[2].scope,only_new,,climate
DE13HAI01,ch2kDE13HAI01,DE13HAI01_d18O_sw,paleoData.interpretation[2].scope,only_new,,climate
DE13HAI01,ch2kDE13HAI01,DE13HAI01_d18O_sw_annual,paleoData.interpretation[2].scope,only_new,,climate
DE14DTO01,ch2kDE14DTO01,DE14DTO01_SrCa,paleoData.interpretation[2].scope,only_new,,climate
DE14DTO02,ch2kDE14DTO02,DE14DTO02_SrCa,paleoData.interpretation[2].scope,only_new,,climate
DE14DTO03,ch2kDE14DTO03,DE14DTO03_SrCa,paleoData.interpretation[2].scope,only_new,,climate
DE14DTO04,ch2kDE14DTO04,DE14DTO04_SrCa,paleoData.interpretation[2].scope,only_new,,climate
DE16RED01,ch2kDE16RED01,DE16RED01_SrCa,paleoData.interpretation[2].scope,only_new,,climate
DO18DAV01,ch2kDO18DAV01,DO18DAV01_SrCa,paleoData.interpretation[2].scope,only_new,,climate
DR00KSB01,ch2kDR00KSB01,DR00KSB01_d18O,paleoData.interpretation[2].scope,only_new,,climate
DR00NBB01,ch2kDR00NBB01,DR00NBB01_d18O,paleoData.interpretation[2].scope,only_new,,climate
DR99ABR01,ch2kDR99ABR01,DR99ABR01_d18O,paleoData.interpretation[2].scope,only_new,,climate
DR99ABR01,ch2kDR99ABR01,DR99ABR01_d18O_annual,paleoData.interpretation[2].scope,only_new,,climate
DU94URV01,ch2kDU94URV01,DU94URV01_d18O,paleoData.interpretation[2].scope,only_new,,climate
DU94URV01,ch2kDU94URV01,DU94URV01_d18O_annual,paleoData.interpretation[2].scope,only_new,,climate
DU94URV02,ch2kDU94URV02,DU94URV02_d18O,paleoData.interpretation[2].scope,only_new,,climate
DU94URV02,ch2kDU94URV02,DU94URV02_d18O_annual,paleoData.interpretation[2].scope,only_new,,climate
EV18ROC01,ch2kEV18ROC01,EV18ROC01_SrCa,paleoData.interpretation[2].scope,only_new,,climate
EV18ROC01,ch2kEV18ROC01,EV18ROC01_SrCa_annual,paleoData.interpretation[2].scope,only_new,,climate
EV98KIR01,ch2kEV98KIR01,EV98KIR01_d18O,paleoData.interpretation[2].scope,only_new,,climate
FE09OGA01,ch2kFE09OGA01,FE09OGA01_SrCa,paleoData.interpretation[2].scope,only_new,,climate
FE09OGA01,ch2kFE09OGA01,FE09OGA01_SrCa_annual,paleoData.interpretation[2].scope,only_new,,climate
FE09OGA01,ch2kFE09OGA01,FE09OGA01_d18O,paleoData.interpretation[2].scope,only_new,,climate
FE09OGA01,ch2kFE09OGA01,FE09OGA01_d18O_annual,paleoData.interpretation[2].scope,only_new,,climate
FE09OGA01,ch2kFE09OGA01,FE09OGA01_d18O_sw_annual,paleoData.interpretation[2].scope,only_new,,climate
FE18RUS01,ch2kFE18RUS01,FE18RUS01_SrCa,paleoData.interpretation[2].scope,only_new,,climate
FE18RUS01,ch2kFE18RUS01,FE18RUS01_SrCa_annual,paleoData.interpretation[2].scope,only_new,,climate
FE18RUS01,ch2kFE18RUS01,FE18RUS01_d18O,paleoData.interpretation[2].scope,only_new,,climate
FE18RUS01,ch2kFE18RUS01,FE18RUS01_d18O_annual,paleoData.interpretation[2].scope,only_new,,climate
FE18RUS01,ch2kFE18RUS01,FE18RUS01_d18O_sw_annual,paleoData.interpretation[2].scope,only_new,,climate
FL17DTO01,ch2kFL17DTO01,FL17DTO01_SrCa,paleoData.interpretation[2].scope,only_new,,climate
FL17DTO01,ch2kFL17DTO01,FL17DTO01_SrCa_annual,paleoData.interpretation[2].scope,only_new,,climate
FL17DTO02,ch2kFL17DTO02,FL17DTO02_SrCa,paleoData.interpretation[2].scope,only_new,,climate
FL17DTO02,ch2kFL17DTO02,FL17DTO02_SrCa_annual,paleoData.interpretation[2].scope,only_new,,climate
FL18DTO01,ch2kFL18DTO01,FL18DTO01_SrCa,paleoData.interpretation[2].scope,only_new,,climate
FL18DTO02,ch2kFL18DTO02,FL18DTO02_SrCa,paleoData.interpretation[2].scope,only_new,,climate
FL18DTO03,ch2kFL18DTO03,FL18DTO03_SrCa,paleoData.interpretation[2].scope,only_new,,climate
FL18DTO04,ch2kFL18DTO04,FL18DTO04_SrCa,paleoData.interpretation[2].scope,only_new,,climate
GO08BER01,ch2kGO08BER01,GO08BER01_SrCa,paleoData.interpretation[2].scope,only_new,,climate
GO08BER01,ch2kGO08BER01,GO08BER01_SrCaUncertainty,paleoData.interpretation[2].scope,only_new,,climate
GO08BER01,ch2kGO08BER01,GO08BER01_SrCa_annual,paleoData.interpretation[2].scope,only_new,,climate
GO08BER01,ch2kGO08BER01,GO08BER01_d18O,paleoData.interpretation[2].scope,only_new,,climate
GO08BER01,ch2kGO08BER01,GO08BER01_d18OUncertainty,paleoData.interpretation[2].scope,only_new,,climate
GO08BER01,ch2kGO08BER01,GO08BER01_d18O_annual,paleoData.interpretation[2].scope,only_new,,climate
GO12SBV01,ch2kGO12SBV01,GO12SBV01_SrCa,paleoData.interpretation[2].scope,only_new,,climate
GO12SBV01,ch2kGO12SBV01,GO12SBV01_d18O,paleoData.interpretation[2].scope,only_new,,climate
GR13MAD01,ch2kGR13MAD01,GR13MAD01_SrCa,paleoData.interpretation[2].scope,only_new,,climate
GR13MAD02,ch2kGR13MAD02,GR13MAD02_SrCa,paleoData.interpretation[2].scope,only_new,,climate
GU99NAU01,ch2kGU99NAU01,GU99NAU01_d18O,paleoData.interpretation[2].scope,only_new,,climate
GU99NAU02,ch2kGU99NAU02,GU99NAU02_d18O,paleoData.interpretation[2].scope,only_new,,climate
HE02GBR01,ch2kHE02GBR01,HE02GBR01_SrCa,paleoData.interpretation[2].scope,only_new,,climate
HE02GBR01,ch2kHE02GBR01,HE02GBR01_d18O,paleoData.interpretation[2].scope,only_new,,climate
HE02GBR01,ch2kHE02GBR01,HE02GBR01_d18O_sw,paleoData.interpretation[2].scope,only_new,,climate
HE08LRA01,ch2kHE08LRA01,HE08LRA01_d18O,paleoData.interpretation[2].scope,only_new,,climate
HE10GUA01,ch2kHE10GUA01,HE10GUA01_SrCa,paleoData.interpretation[2].scope,only_new,,climate
HE10GUA01,ch2kHE10GUA01,HE10GUA01_SrCa_annual,paleoData.interpretation[2].scope,only_new,,climate
HE10GUA01,ch2kHE10GUA01,HE10GUA01_d18O,paleoData.interpretation[2].scope,only_new,,climate
HE10GUA01,ch2kHE10GUA01,HE10GUA01_d18O_annual,paleoData.interpretation[2].scope,only_new,,climate
HE13MIS01,ch2kHE13MIS01,HE13MIS01_SrCa,paleoData.interpretation[2].scope,only_new,,climate
HE13MIS01,ch2kHE13MIS01,HE13MIS01_d18O,paleoData.interpretation[2].scope,only_new,,climate
HE13MIS02,ch2kHE13MIS02,HE13MIS02_SrCa,paleoData.interpretation[2].scope,only_new,,climate
HE13MIS02,ch2kHE13MIS02,HE13MIS02_d18O,paleoData.interpretation[2].scope,only_new,,climate
HE18COC01,ch2kHE18COC01,HE18COC01_SrCa,paleoData.interpretation[2].scope,only_new,,climate
HE18COC01,ch2kHE18COC01,HE18COC01_d18O,paleoData.interpretation[2].scope,only_new,,climate
HE18COC01,ch2kHE18COC01,HE18COC01_d18O_sw,paleoData.interpretation[2].scope,only_new,,climate
HE18COC02,ch2kHE18COC02,HE18COC02_SrCa,paleoData.interpretation[2].scope,only_new,,climate
HE18COC02,ch2kHE18COC02,HE18COC02_d18O,paleoData.interpretation[2].scope,only_new,,climate
HE18COC02,ch2kHE18COC02,HE18COC02_d18O_sw,paleoData.interpretation[2].scope,only_new,,climate
JI18GAL01,ch2kJI18GAL01,JI18GAL01_SrCa,paleoData.interpretation[2].scope,only_new,,climate
JI18GAL02,ch2kJI18GAL02,JI18GAL02_SrCa,paleoData.interpretation[2].scope,only_new,,climate
KA17RYU01,ch2kKA17RYU01,KA17RYU01_SrCa,paleoData.interpretation[2].scope,only_new,,climate
KI04MCV01,ch2kKI04MCV01,KI04MCV01_SrCa,paleoData.interpretation[2].scope,only_new,,climate
KI04MCV01,ch2kKI04MCV01,KI04MCV01_d18O,paleoData.interpretation[2].scope,only_new,,climate
KI08PAR01,ch2kKI08PAR01,KI08PAR01_SrCa,paleoData.interpretation[2].scope,only_new,,climate
KI08PAR01,ch2kKI08PAR01,KI08PAR01_SrCa_annual,paleoData.interpretation[2].scope,only_new,,climate
KI08PAR01,ch2kKI08PAR01,KI08PAR01_d18O,paleoData.interpretation[2].scope,only_new,,climate
KI08PAR01,ch2kKI08PAR01,KI08PAR01_d18O_annual,paleoData.interpretation[2].scope,only_new,,climate
KI14PAR01,ch2kKI14PAR01,KI14PAR01_SrCa,paleoData.interpretation[2].scope,only_new,,climate
KI14PAR01,ch2kKI14PAR01,KI14PAR01_SrCa_annual,paleoData.interpretation[2].scope,only_new,,climate
KI14PAR01,ch2kKI14PAR01,KI14PAR01_d18O,paleoData.interpretation[2].scope,only_new,,climate
KI14PAR01,ch2kKI14PAR01,KI14PAR01_d18O_annual,paleoData.interpretation[2].scope,only_new,,climate
KI14PAR01,ch2kKI14PAR01,KI14PAR01_d18O_sw,paleoData.interpretation[2].scope,only_new,,climate
KI14PAR01,ch2kKI14PAR01,KI14PAR01_d18O_sw_annual,paleoData.interpretation[2].scope,only_new,,climate
KL97DAH01,ch2kKL97DAH01,KL97DAH01_d18O,paleoData.interpretation[2].scope,only_new,,climate
KR20SAR01,ch2kKR20SAR01,KR20SAR01_SrCa,paleoData.interpretation[2].scope,only_new,,climate
KR20SAR01,ch2kKR20SAR01,KR20SAR01_d18O,paleoData.interpretation[2].scope,only_new,,climate
KR20SAR01,ch2kKR20SAR01,KR20SAR01_d18O_sw,paleoData.interpretation[2].scope,only_new,,climate
KR20SAR02,ch2kKR20SAR02,KR20SAR02_SrCa,paleoData.interpretation[2].scope,only_new,,climate
KR20SAR02,ch2kKR20SAR02,KR20SAR02_d18O,paleoData.interpretation[2].scope,only_new,,climate
KR20SAR02,ch2kKR20SAR02,KR20SAR02_d18O_sw,paleoData.interpretation[2].scope,only_new,,climate
KU00NIN01,ch2kKU00NIN01,KU00NIN01_d18O,paleoData.interpretation[2].scope,only_new,,climate
KU99HOU01,ch2kKU99HOU01,KU99HOU01_d18O,paleoData.interpretation[2].scope,only_new,,climate
LI00RAR01,ch2kLI00RAR01,LI00RAR01_SrCa,paleoData.interpretation[2].scope,only_new,,climate
LI00RAR01,ch2kLI00RAR01,LI00RAR01_d18O,paleoData.interpretation[2].scope,only_new,,climate
LI00RAR01,ch2kLI00RAR01,LI00RAR01_d18O_sw,paleoData.interpretation[2].scope,only_new,,climate
LI04FIJ01,ch2kLI04FIJ01,LI04FIJ01_SrCa,paleoData.interpretation[2].scope,only_new,,climate
LI04FIJ01,ch2kLI04FIJ01,LI04FIJ01_d18O,paleoData.interpretation[2].scope,only_new,,climate
LI04FIJ01,ch2kLI04FIJ01,LI04FIJ01_d18O_sw,paleoData.interpretation[2].scope,only_new,,climate
LI06FIJ01,ch2kLI06FIJ01,LI06FIJ01_d18O,paleoData.interpretation[2].scope,only_new,,climate
LI06RAR01,ch2kLI06RAR01,LI06RAR01_d18O,paleoData.interpretation[2].scope,only_new,,climate
LI06RAR02,ch2kLI06RAR02,LI06RAR02_d18O,paleoData.interpretation[2].scope,only_new,,climate
LI94SEC01,ch2kLI94SEC01,LI94SEC01_d18O,paleoData.interpretation[2].scope,only_new,,climate
LI99CLI01,ch2kLI99CLI01,LI99CLI01_d18O,paleoData.interpretation[2].scope,only_new,,climate
MA08DTO01,ch2kMA08DTO01,MA08DTO01_SrCa,paleoData.interpretation[2].scope,only_new,,climate
MA08DTO01,ch2kMA08DTO01,MA08DTO01_d18O,paleoData.interpretation[2].scope,only_new,,climate
MC04PNG01,ch2kMC04PNG01,MC04PNG01_d18O,paleoData.interpretation[2].scope,only_new,,climate
MC11KIR01,ch2kMC11KIR01,MC11KIR01_d18O,paleoData.interpretation[2].scope,only_new,,climate
MO06PED01,ch2kMO06PED01,MO06PED01_d18O,paleoData.interpretation[2].scope,only_new,,climate
MO20KOI01,ch2kMO20KOI01,MO20KOI01_SrCa,paleoData.interpretation[2].scope,only_new,,climate
MO20KOI01,ch2kMO20KOI01,MO20KOI01_d18O,paleoData.interpretation[2].scope,only_new,,climate
MO20KOI01,ch2kMO20KOI01,MO20KOI01_d18O_sw,paleoData.interpretation[2].scope,only_new,,climate
MO20WOA01,ch2kMO20WOA01,MO20WOA01_SrCa,paleoData.interpretation[2].scope,only_new,,climate
MO20WOA01,ch2kMO20WOA01,MO20WOA01_d18O,paleoData.interpretation[2].scope,only_new,,climate
MO20WOA01,ch2kMO20WOA01,MO20WOA01_d18O_sw,paleoData.interpretation[2].scope,only_new,,climate
MU17DOA01,ch2kMU17DOA01,MU17DOA01_d18O,paleoData.interpretation[2].scope,only_new,,climate
MU18GSI01,ch2kMU18GSI01,MU18GSI01_SrCa,paleoData.interpretation[2].scope,only_new,,climate
MU18GSI01,ch2kMU18GSI01,MU18GSI01_d18O,paleoData.interpretation[2].scope,only_new,,climate
MU18NPI01,ch2kMU18NPI01,MU18NPI01_SrCa,paleoData.interpretation[2].scope,only_new,,climate
MU18NPI01,ch2kMU18NPI01,MU18NPI01_d18O,paleoData.interpretation[2].scope,only_new,,climate
MU18RED01,ch2kMU18RED01,MU18RED01_SrCa,paleoData.interpretation[2].scope,only_new,,climate
MU18RED02,ch2kMU18RED02,MU18RED02_SrCa,paleoData.interpretation[2].scope,only_new,,climate
MU18RED03,ch2kMU18RED03,MU18RED03_SrCa,paleoData.interpretation[2].scope,only_new,,climate
MU18RED04,ch2kMU18RED04,MU18RED04_SrCa,paleoData.interpretation[2].scope,only_new,,climate
MU18RED04,ch2kMU18RED04,MU18RED04_SrCa_annual,paleoData.interpretation[2].scope,only_new,,climate
NA09MAL01,ch2kNA09MAL01,NA09MAL01_d18O,paleoData.interpretation[2].scope,only_new,,climate
NU09FAN01,ch2kNU09FAN01,NU09FAN01_SrCa,paleoData.interpretation[2].scope,only_new,,climate
NU09FAN01,ch2kNU09FAN01,NU09FAN01_d18O,paleoData.interpretation[2].scope,only_new,,climate
NU09FAN01,ch2kNU09FAN01,NU09FAN01_d18O_sw,paleoData.interpretation[2].scope,only_new,,climate
NU09KIR01,ch2kNU09KIR01,NU09KIR01_SrCa,paleoData.interpretation[2].scope,only_new,,climate
NU09KIR01,ch2kNU09KIR01,NU09KIR01_d18O,paleoData.interpretation[2].scope,only_new,,climate
NU09KIR01,ch2kNU09KIR01,NU09KIR01_d18O_sw,paleoData.interpretation[2].scope,only_new,,climate
NU11PAL01,ch2kNU11PAL01,NU11PAL01_SrCa,paleoData.interpretation[2].scope,only_new,,climate
NU11PAL01,ch2kNU11PAL01,NU11PAL01_d18O,paleoData.interpretation[2].scope,only_new,,climate
NU11PAL01,ch2kNU11PAL01,NU11PAL01_d18O_sw,paleoData.interpretation[2].scope,only_new,,climate
OS13NGP01,ch2kOS13NGP01,OS13NGP01_d18O,paleoData.interpretation[2].scope,only_new,,climate
OS13NLP01,ch2kOS13NLP01,OS13NLP01_d18O,paleoData.interpretation[2].scope,only_new,,climate
OS14RIP01,ch2kOS14RIP01,OS14RIP01_d18O,paleoData.interpretation[2].scope,only_new,,climate
OS14UCP01,ch2kOS14UCP01,OS14UCP01_d18O,paleoData.interpretation[2].scope,only_new,,climate
PF04PBA01,ch2kPF04PBA01,PF04PBA01_d18O,paleoData.interpretation[2].scope,only_new,,climate
PF19LAR01,ch2kPF19LAR01,PF19LAR01_SrCa,paleoData.interpretation[2].scope,only_new,,climate
PF19LAR01,ch2kPF19LAR01,PF19LAR01_d18O,paleoData.interpretation[2].scope,only_new,,climate
QU06RAB01,ch2kQU06RAB01,QU06RAB01_SrCa,paleoData.interpretation[2].scope,only_new,,climate
QU06RAB01,ch2kQU06RAB01,QU06RAB01_d18O,paleoData.interpretation[2].scope,only_new,,climate
QU96ESV01,ch2kQU96ESV01,QU96ESV01_d18O,paleoData.interpretation[2].scope,only_new,,climate
RA19PAI01,ch2kRA19PAI01,RA19PAI01_SrCa,paleoData.interpretation[2].scope,only_new,,climate
RA19PAI01,ch2kRA19PAI01,RA19PAI01_d18O,paleoData.interpretation[2].scope,only_new,,climate
RA20TAI01,ch2kRA20TAI01,RA20TAI01_SrCa,paleoData.interpretation[2].scope,only_new,,climate
RA20TAI01,ch2kRA20TAI01,RA20TAI01_d18O,paleoData.interpretation[2].scope,only_new,,climate
RE18CAY01,ch2kRE18CAY01,RE18CAY01_SrCa,paleoData.interpretation[2].scope,only_new,,climate
RE18CAY01,ch2kRE18CAY01,RE18CAY01_SrCa_annual,paleoData.interpretation[2].scope,only_new,,climate
RE18CAY01,ch2kRE18CAY01,RE18CAY01_d18O,paleoData.interpretation[2].scope,only_new,,climate
RE18CAY01,ch2kRE18CAY01,RE18CAY01_d18O_annual,paleoData.interpretation[2].scope,only_new,,climate
RE18CAY01,ch2kRE18CAY01,RE18CAY01_d18O_sw_annual,paleoData.interpretation[2].scope,only_new,,climate
RE19GBR01,ch2kRE19GBR01,RE19GBR01_SrCa,paleoData.interpretation[2].scope,only_new,,climate
RE19GBR01,ch2kRE19GBR01,RE19GBR01_d18O,paleoData.interpretation[2].scope,only_new,,climate
RE19GBR02,ch2kRE19GBR02,RE19GBR02_SrCa,paleoData.interpretation[2].scope,only_new,,climate
RE19GBR02,ch2kRE19GBR02,RE19GBR02_d18O,paleoData.interpretation[2].scope,only_new,,climate
RE19GBR03,ch2kRE19GBR03,RE19GBR03_SrCa,paleoData.interpretation[2].scope,only_new,,climate
RE19GBR03,ch2kRE19GBR03,RE19GBR03_d18O,paleoData.interpretation[2].scope,only_new,,climate
RE19GBR04,ch2kRE19GBR04,RE19GBR04_SrCa,paleoData.interpretation[2].scope,only_new,,climate
RE19GBR05,ch2kRE19GBR05,RE19GBR05_SrCa,paleoData.interpretation[2].scope,only_new,,climate
RI10PBL01,ch2kRI10PBL01,RI10PBL01_d18O,paleoData.interpretation[2].scope,only_new,,climate
RO19MAR01,ch2kRO19MAR01,RO19MAR01_SrCa,paleoData.interpretation[2].scope,only_new,,climate
RO19PAR01,ch2kRO19PAR01,RO19PAR01_SrCa,paleoData.interpretation[2].scope,only_new,,climate
RO19YUC01,ch2kRO19YUC01,RO19YUC01_SrCa,paleoData.interpretation[2].scope,only_new,,climate
RO19YUC01,ch2kRO19YUC01,RO19YUC01_SrCaUncertainty,paleoData.interpretation[2].scope,only_new,,climate
RO19YUC01,ch2kRO19YUC01,RO19YUC01_SrCa_annual,paleoData.interpretation[2].scope,only_new,,climate
SA16CLA01,ch2kSA16CLA01,SA16CLA01_d18O,paleoData.interpretation[2].scope,only_new,,climate
SA18GBR01,ch2kSA18GBR01,SA18GBR01_SrCa,paleoData.interpretation[2].scope,only_new,,climate
SA19PAL01,ch2kSA19PAL01,SA19PAL01_SrCa,paleoData.interpretation[2].scope,only_new,,climate
SA19PAL01,ch2kSA19PAL01,SA19PAL01_d18O,paleoData.interpretation[2].scope,only_new,,climate
SA19PAL02,ch2kSA19PAL02,SA19PAL02_SrCa,paleoData.interpretation[2].scope,only_new,,climate
SA19PAL02,ch2kSA19PAL02,SA19PAL02_d18O,paleoData.interpretation[2].scope,only_new,,climate
SA20FAN01,ch2kSA20FAN01,SA20FAN01_d18O,paleoData.interpretation[2].scope,only_new,,climate
SA20FAN02,ch2kSA20FAN02,SA20FAN02_d18O,paleoData.interpretation[2].scope,only_new,,climate
SH92PUN01,ch2kSH92PUN01,SH92PUN01_d18O,paleoData.interpretation[2].scope,only_new,,climate
SM06LKF01,ch2kSM06LKF01,SM06LKF01_SrCa,paleoData.interpretation[2].scope,only_new,,climate
SM06LKF01,ch2kSM06LKF01,SM06LKF01_d18O,paleoData.interpretation[2].scope,only_new,,climate
SM06LKF02,ch2kSM06LKF02,SM06LKF02_SrCa,paleoData.interpretation[2].scope,only_new,,climate
SM06LKF02,ch2kSM06LKF02,SM06LKF02_d18O,paleoData.interpretation[2].scope,only_new,,climate
ST13MAL01,ch2kST13MAL01,ST13MAL01_SrCa,paleoData.interpretation[2].scope,only_new,,climate
ST13MAL01,ch2kST13MAL01,ST13MAL01_d18O,paleoData.interpretation[2].scope,only_new,,climate
SW98STP01,ch2kSW98STP01,SW98STP01_d18O,paleoData.interpretation[2].scope,only_new,,climate
SW99LIG01,ch2kSW99LIG01,SW99LIG01_d18O,paleoData.interpretation[2].scope,only_new,,climate
SW99LIG02,ch2kSW99LIG02,SW99LIG02_d18O,paleoData.interpretation[2].scope,only_new,,climate
TA18TAS01,ch2kTA18TAS01,TA18TAS01_d18O,paleoData.interpretation[2].scope,only_new,,climate
TU01DEP01,ch2kTU01DEP01,TU01DEP01_d18O,paleoData.interpretation[2].scope,only_new,,climate
TU01LAI01,ch2kTU01LAI01,TU01LAI01_d18O,paleoData.interpretation[2].scope,only_new,,climate
TU01SIA01,ch2kTU01SIA01,TU01SIA01_d18O,paleoData.interpretation[2].scope,only_new,,climate
TU95MAD01,ch2kTU95MAD01,TU95MAD01_d18O,paleoData.interpretation[2].scope,only_new,,climate
UR00MAI01,ch2kUR00MAI01,UR00MAI01_d18O,paleoData.interpretation[2].scope,only_new,,climate
WA17BAN01,ch2kWA17BAN01,WA17BAN01_SrCa,paleoData.interpretation[2].scope,only_new,,climate
WA17BAN01,ch2kWA17BAN01,WA17BAN01_d18O,paleoData.interpretation[2].scope,only_new,,climate
WE09ARR01,ch2kWE09ARR01,WE09ARR01_SrCa,paleoData.interpretation[2].scope,only_new,,climate
WE09ARR01,ch2kWE09ARR01,WE09ARR01_d18O,paleoData.interpretation[2].scope,only_new,,climate
WU13TON01,ch2kWU13TON01,WU13TON01_SrCa,paleoData.interpretation[2].scope,only_new,,climate
WU13TON01,ch2kWU13TON01,WU13TON01_SrCa_annual,paleoData.interpretation[2].scope,only_new,,climate
WU13TON01,ch2kWU13TON01,WU13TON01_d18O,paleoData.interpretation[2].scope,only_new,,climate
WU13TON01,ch2kWU13TON01,WU13TON01_d18O_annual,paleoData.interpretation[2].scope,only_new,,climate
WU14CLI01,ch2kWU14CLI01,WU14CLI01_SrCa,paleoData.interpretation[2].scope,only_new,,climate
WU14CLI01,ch2kWU14CLI01,WU14CLI01_d18O,paleoData.interpretation[2].scope,only_new,,climate
WU14CLI01,ch2kWU14CLI01,WU14CLI01_d18O_sw,paleoData.interpretation[2].scope,only_new,,climate
XI17HAI01,ch2kXI17HAI01,XI17HAI01_SrCa,paleoData.interpretation[2].scope,only_new,,climate
XI17HAI01,ch2kXI17HAI01,XI17HAI01_SrCa_annual,paleoData.interpretation[2].scope,only_new,,climate
XI17HAI01,ch2kXI17HAI01,XI17HAI01_d18O,paleoData.interpretation[2].scope,only_new,,climate
XI17HAI01,ch2kXI17HAI01,XI17HAI01_d18O_annual,paleoData.interpretation[2].scope,only_new,,climate
XI17HAI01,ch2kXI17HAI01,XI17HAI01_d18O_sw,paleoData.interpretation[2].scope,only_new,,climate
XI17HAI01,ch2kXI17HAI01,XI17HAI01_d18O_sw_annual,paleoData.interpretation[2].scope,only_new,,climate
XU15BVI01,ch2kXU15BVI01,XU15BVI01_SrCa,paleoData.interpretation[2].scope,only_new,,climate
XU15BVI02,ch2kXU15BVI02,XU15BVI02_SrCa,paleoData.interpretation[2].scope,only_new,,climate
XU15BVI03,ch2kXU15BVI03,XU15BVI03_SrCa,paleoData.interpretation[2].scope,only_new,,climate
ZI04IFR01,ch2kZI04IFR01,ZI04IFR01_SrCa,paleoData.interpretation[2].scope,only_new,,climate
ZI04IFR01,ch2kZI04IFR01,ZI04IFR01_d18O,paleoData.interpretation[2].scope,only_new,,climate
ZI08MAY01,ch2kZI08MAY01,ZI08MAY01_SrCa,paleoData.interpretation[2].scope,only_new,,climate
ZI08MAY01,ch2kZI08MAY01,ZI08MAY01_d18O,paleoData.interpretation[2].scope,only_new,,climate
ZI08MAY01,ch2kZI08MAY01,ZI08MAY01_d18O_sw,paleoData.interpretation[2].scope,only_new,,climate
ZI14HOU01,ch2kZI14HOU01,ZI14HOU01_SrCa,paleoData.interpretation[2].scope,only_new,,climate
ZI14HOU01,ch2kZI14HOU01,ZI14HOU01_SrCa_annual,paleoData.interpretation[2].scope,only_new,,climate
ZI14HOU01,ch2kZI14HOU01,ZI14HOU01_d18O,paleoData.interpretation[2].scope,only_new,,climate
ZI14HOU01,ch2kZI14HOU01,ZI14HOU01_d18O_annual,paleoData.interpretation[2].scope,only_new,,climate
ZI14IFR02,ch2kZI14IFR02,ZI14IFR02_d18O,paleoData.interpretation[2].scope,only_new,,climate
ZI14IFR02,ch2kZI14IFR02,ZI14IFR02_d18O_annual,paleoData.interpretation[2].scope,only_new,,climate
ZI14TUR01,ch2kZI14TUR01,ZI14TUR01_d18O,paleoData.interpretation[2].scope,only_new,,climate
ZI14TUR01,ch2kZI14TUR01,ZI14TUR01_d18O_annual,paleoData.interpretation[2].scope,only_new,,climate
ZI15BUN01,ch2kZI15BUN01,ZI15BUN01_SrCa,paleoData.interpretation[2].scope,only_new,,climate
ZI15BUN01,ch2kZI15BUN01,ZI15BUN01_SrCa_annual,paleoData.interpretation[2].scope,only_new,,climate
ZI15CLE01,ch2kZI15CLE01,ZI15CLE01_SrCa,paleoData.interpretation[2].scope,only_new,,climate
ZI15CLE01,ch2kZI15CLE01,ZI15CLE01_SrCa_annual,paleoData.interpretation[2].scope,only_new,,climate
ZI15IMP01,ch2kZI15IMP01,ZI15IMP01_SrCa,paleoData.interpretation[2].scope,only_new,,climate
ZI15IMP01,ch2kZI15IMP01,ZI15IMP01_SrCa_annual,paleoData.interpretation[2].scope,only_new,,climate
ZI15IMP02,ch2kZI15IMP02,ZI15IMP02_SrCa,paleoData.interpretation[2].scope,only_new,,climate
ZI15IMP02,ch2kZI15IMP02,ZI15IMP02_SrCa_annual,paleoData.interpretation[2].scope,only_new,,climate
ZI15MER01,ch2kZI15MER01,ZI15MER01_SrCa,paleoData.interpretation[2].scope,only_new,,climate
ZI15MER01,ch2kZI15MER01,ZI15MER01_SrCa_annual,paleoData.interpretation[2].scope,only_new,,climate
ZI15TAN01,ch2kZI15TAN01,ZI15TAN01_SrCa,paleoData.interpretation[2].scope,only_new,,climate
ZI15TAN01,ch2kZI15TAN01,ZI15TAN01_SrCa_annual,paleoData.interpretation[2].scope,only_new,,climate
ZI16ROD01,ch2kZI16ROD01,ZI16ROD01_SrCa,paleoData.interpretation[2].scope,only_new,,climate
ZI16ROD02,ch2kZI16ROD02,ZI16ROD02_SrCa,paleoData.interpretation[2].scope,only_new,,climate
AB08MEN01,ch2kAB08MEN01,AB08MEN01_d18O,paleoData.interpretation[3].scope,only_new,,climate
AB15BHB01,ch2kAB15BHB01,AB15BHB01_d18O,paleoData.interpretation[3].scope,only_new,,climate
AB20MEN01,ch2kAB20MEN01,AB20MEN01_d18O,paleoData.interpretation[3].scope,only_new,,climate
AB20MEN02,ch2kAB20MEN02,AB20MEN02_d18O,paleoData.interpretation[3].scope,only_new,,climate
AB20MEN03,ch2kAB20MEN03,AB20MEN03_d18O,paleoData.interpretation[3].scope,only_new,,climate
AB20MEN04,ch2kAB20MEN04,AB20MEN04_d18O,paleoData.interpretation[3].scope,only_new,,climate
AB20MEN05,ch2kAB20MEN05,AB20MEN05_d18O,paleoData.interpretation[3].scope,only_new,,climate
AB20MEN06,ch2kAB20MEN06,AB20MEN06_d18O,paleoData.interpretation[3].scope,only_new,,climate
AB20MEN07,ch2kAB20MEN07,AB20MEN07_d18O,paleoData.interpretation[3].scope,only_new,,climate
AB20MEN08,ch2kAB20MEN08,AB20MEN08_d18O,paleoData.interpretation[3].scope,only_new,,climate
AB20MEN09,ch2kAB20MEN09,AB20MEN09_d18O,paleoData.interpretation[3].scope,only_new,,climate
AL16PUR01,ch2kAL16PUR01,AL16PUR01_SrCa,paleoData.interpretation[3].scope,only_new,,climate
AL16PUR01,ch2kAL16PUR01,AL16PUR01_SrCaUncertainty,paleoData.interpretation[3].scope,only_new,,climate
AL16PUR02,ch2kAL16PUR02,AL16PUR02_SrCa,paleoData.interpretation[3].scope,only_new,,climate
AL16PUR02,ch2kAL16PUR02,AL16PUR02_SrCaUncertainty,paleoData.interpretation[3].scope,only_new,,climate
AL16YUC01,ch2kAL16YUC01,AL16YUC01_SrCa,paleoData.interpretation[3].scope,only_new,,climate
AL16YUC01,ch2kAL16YUC01,AL16YUC01_SrCaUncertainty,paleoData.interpretation[3].scope,only_new,,climate
AS05GUA01,ch2kAS05GUA01,AS05GUA01_d18O,paleoData.interpretation[3].scope,only_new,,climate
BA04FIJ01,ch2kBA04FIJ01,BA04FIJ01_SrCa,paleoData.interpretation[3].scope,only_new,,climate
BA04FIJ01,ch2kBA04FIJ01,BA04FIJ01_d18O,paleoData.interpretation[3].scope,only_new,,climate
BA04FIJ02,ch2kBA04FIJ02,BA04FIJ02_SrCa,paleoData.interpretation[3].scope,only_new,,climate
BA04FIJ02,ch2kBA04FIJ02,BA04FIJ02_d18O,paleoData.interpretation[3].scope,only_new,,climate
BO14HTI01,ch2kBO14HTI01,BO14HTI01_SrCa,paleoData.interpretation[3].scope,only_new,,climate
BO14HTI01,ch2kBO14HTI01,BO14HTI01_SrCaUncertainty,paleoData.interpretation[3].scope,only_new,,climate
BO14HTI01,ch2kBO14HTI01,BO14HTI01_d18O,paleoData.interpretation[3].scope,only_new,,climate
BO14HTI02,ch2kBO14HTI02,BO14HTI02_SrCa,paleoData.interpretation[3].scope,only_new,,climate
BO14HTI02,ch2kBO14HTI02,BO14HTI02_d18O,paleoData.interpretation[3].scope,only_new,,climate
BO99MOO01,ch2kBO99MOO01,BO99MOO01_d18O,paleoData.interpretation[3].scope,only_new,,climate
BR19RED01,ch2kBR19RED01,BR19RED01_SrCa,paleoData.interpretation[3].scope,only_new,,climate
BR19RED01,ch2kBR19RED01,BR19RED01_SrCa_annual,paleoData.interpretation[3].scope,only_new,,climate
CA07FLI01,ch2kCA07FLI01,CA07FLI01_SrCa,paleoData.interpretation[3].scope,only_new,,climate
CA07FLI01,ch2kCA07FLI01,CA07FLI01_d18O,paleoData.interpretation[3].scope,only_new,,climate
CA13DIA01,ch2kCA13DIA01,CA13DIA01_d18O,paleoData.interpretation[3].scope,only_new,,climate
CA13PEL01,ch2kCA13PEL01,CA13PEL01_d18O,paleoData.interpretation[3].scope,only_new,,climate
CA13SAP01,ch2kCA13SAP01,CA13SAP01_d18O,paleoData.interpretation[3].scope,only_new,,climate
CA13TUR01,ch2kCA13TUR01,CA13TUR01_d18O,paleoData.interpretation[3].scope,only_new,,climate
CA14BUT01,ch2kCA14BUT01,CA14BUT01_SrCa,paleoData.interpretation[3].scope,only_new,,climate
CA14BUT01,ch2kCA14BUT01,CA14BUT01_d18O,paleoData.interpretation[3].scope,only_new,,climate
CA14BUT01,ch2kCA14BUT01,CA14BUT01_d18O_sw,paleoData.interpretation[3].scope,only_new,,climate
CA14TIM01,ch2kCA14TIM01,CA14TIM01_SrCa,paleoData.interpretation[3].scope,only_new,,climate
CA14TIM01,ch2kCA14TIM01,CA14TIM01_d18O,paleoData.interpretation[3].scope,only_new,,climate
CA14TIM01,ch2kCA14TIM01,CA14TIM01_d18O_sw,paleoData.interpretation[3].scope,only_new,,climate
CH03BUN01,ch2kCH03BUN01,CH03BUN01_d18O,paleoData.interpretation[3].scope,only_new,,climate
CH03LOM01,ch2kCH03LOM01,CH03LOM01_d18O,paleoData.interpretation[3].scope,only_new,,climate
CH18YOA01,ch2kCH18YOA01,CH18YOA01_SrCa,paleoData.interpretation[3].scope,only_new,,climate
CH18YOA02,ch2kCH18YOA02,CH18YOA02_SrCa,paleoData.interpretation[3].scope,only_new,,climate
CH97BVB01,ch2kCH97BVB01,CH97BVB01_d18O,paleoData.interpretation[3].scope,only_new,,climate
CH98PIR01,ch2kCH98PIR01,CH98PIR01_d18O,paleoData.interpretation[3].scope,only_new,,climate
CO00MAL01,ch2kCO00MAL01,CO00MAL01_d18O,paleoData.interpretation[3].scope,only_new,,climate
CO03PAL01,ch2kCO03PAL01,CO03PAL01_d18O,paleoData.interpretation[3].scope,only_new,,climate
CO03PAL02,ch2kCO03PAL02,CO03PAL02_d18O,paleoData.interpretation[3].scope,only_new,,climate
CO03PAL03,ch2kCO03PAL03,CO03PAL03_d18O,paleoData.interpretation[3].scope,only_new,,climate
CO03PAL04,ch2kCO03PAL04,CO03PAL04_d18O,paleoData.interpretation[3].scope,only_new,,climate
CO03PAL05,ch2kCO03PAL05,CO03PAL05_d18O,paleoData.interpretation[3].scope,only_new,,climate
CO03PAL06,ch2kCO03PAL06,CO03PAL06_d18O,paleoData.interpretation[3].scope,only_new,,climate
CO03PAL07,ch2kCO03PAL07,CO03PAL07_d18O,paleoData.interpretation[3].scope,only_new,,climate
CO03PAL08,ch2kCO03PAL08,CO03PAL08_d18O,paleoData.interpretation[3].scope,only_new,,climate
CO03PAL09,ch2kCO03PAL09,CO03PAL09_d18O,paleoData.interpretation[3].scope,only_new,,climate
CO03PAL10,ch2kCO03PAL10,CO03PAL10_d18O,paleoData.interpretation[3].scope,only_new,,climate
CO93TAR01,ch2kCO93TAR01,CO93TAR01_d18O,paleoData.interpretation[3].scope,only_new,,climate
DA06MAF01,ch2kDA06MAF01,DA06MAF01_d18O,paleoData.interpretation[3].scope,only_new,,climate
DA06MAF02,ch2kDA06MAF02,DA06MAF02_d18O,paleoData.interpretation[3].scope,only_new,,climate
DE12ANC01,ch2kDE12ANC01,DE12ANC01_SrCa,paleoData.interpretation[3].scope,only_new,,climate
DE13HAI01,ch2kDE13HAI01,DE13HAI01_SrCa,paleoData.interpretation[3].scope,only_new,,climate
DE13HAI01,ch2kDE13HAI01,DE13HAI01_SrCa_annual,paleoData.interpretation[3].scope,only_new,,climate
DE13HAI01,ch2kDE13HAI01,DE13HAI01_d18O,paleoData.interpretation[3].scope,only_new,,climate
DE13HAI01,ch2kDE13HAI01,DE13HAI01_d18O_annual,paleoData.interpretation[3].scope,only_new,,climate
DE13HAI01,ch2kDE13HAI01,DE13HAI01_d18O_sw,paleoData.interpretation[3].scope,only_new,,climate
DE13HAI01,ch2kDE13HAI01,DE13HAI01_d18O_sw_annual,paleoData.interpretation[3].scope,only_new,,climate
DE14DTO01,ch2kDE14DTO01,DE14DTO01_SrCa,paleoData.interpretation[3].scope,only_new,,climate
DE14DTO02,ch2kDE14DTO02,DE14DTO02_SrCa,paleoData.interpretation[3].scope,only_new,,climate
DE14DTO03,ch2kDE14DTO03,DE14DTO03_SrCa,paleoData.interpretation[3].scope,only_new,,climate
DE14DTO04,ch2kDE14DTO04,DE14DTO04_SrCa,paleoData.interpretation[3].scope,only_new,,climate
DE16RED01,ch2kDE16RED01,DE16RED01_SrCa,paleoData.interpretation[3].scope,only_new,,climate
DO18DAV01,ch2kDO18DAV01,DO18DAV01_SrCa,paleoData.interpretation[3].scope,only_new,,climate
DR00KSB01,ch2kDR00KSB01,DR00KSB01_d18O,paleoData.interpretation[3].scope,only_new,,climate
DR00NBB01,ch2kDR00NBB01,DR00NBB01_d18O,paleoData.interpretation[3].scope,only_new,,climate
DR99ABR01,ch2kDR99ABR01,DR99ABR01_d18O,paleoData.interpretation[3].scope,only_new,,climate
DR99ABR01,ch2kDR99ABR01,DR99ABR01_d18O_annual,paleoData.interpretation[3].scope,only_new,,climate
DU94URV01,ch2kDU94URV01,DU94URV01_d18O,paleoData.interpretation[3].scope,only_new,,climate
DU94URV01,ch2kDU94URV01,DU94URV01_d18O_annual,paleoData.interpretation[3].scope,only_new,,climate
DU94URV02,ch2kDU94URV02,DU94URV02_d18O,paleoData.interpretation[3].scope,only_new,,climate
DU94URV02,ch2kDU94URV02,DU94URV02_d18O_annual,paleoData.interpretation[3].scope,only_new,,climate
EV18ROC01,ch2kEV18ROC01,EV18ROC01_SrCa,paleoData.interpretation[3].scope,only_new,,climate
EV18ROC01,ch2kEV18ROC01,EV18ROC01_SrCa_annual,paleoData.interpretation[3].scope,only_new,,climate
EV98KIR01,ch2kEV98KIR01,EV98KIR01_d18O,paleoData.interpretation[3].scope,only_new,,climate
FE09OGA01,ch2kFE09OGA01,FE09OGA01_SrCa,paleoData.interpretation[3].scope,only_new,,climate
FE09OGA01,ch2kFE09OGA01,FE09OGA01_SrCa_annual,paleoData.interpretation[3].scope,only_new,,climate
FE09OGA01,ch2kFE09OGA01,FE09OGA01_d18O,paleoData.interpretation[3].scope,only_new,,climate
FE09OGA01,ch2kFE09OGA01,FE09OGA01_d18O_annual,paleoData.interpretation[3].scope,only_new,,climate
FE09OGA01,ch2kFE09OGA01,FE09OGA01_d18O_sw_annual,paleoData.interpretation[3].scope,only_new,,climate
FE18RUS01,ch2kFE18RUS01,FE18RUS01_SrCa,paleoData.interpretation[3].scope,only_new,,climate
FE18RUS01,ch2kFE18RUS01,FE18RUS01_SrCa_annual,paleoData.interpretation[3].scope,only_new,,climate
FE18RUS01,ch2kFE18RUS01,FE18RUS01_d18O,paleoData.interpretation[3].scope,only_new,,climate
FE18RUS01,ch2kFE18RUS01,FE18RUS01_d18O_annual,paleoData.interpretation[3].scope,only_new,,climate
FE18RUS01,ch2kFE18RUS01,FE18RUS01_d18O_sw_annual,paleoData.interpretation[3].scope,only_new,,climate
FL17DTO01,ch2kFL17DTO01,FL17DTO01_SrCa,paleoData.interpretation[3].scope,only_new,,climate
FL17DTO01,ch2kFL17DTO01,FL17DTO01_SrCa_annual,paleoData.interpretation[3].scope,only_new,,climate
FL17DTO02,ch2kFL17DTO02,FL17DTO02_SrCa,paleoData.interpretation[3].scope,only_new,,climate
FL17DTO02,ch2kFL17DTO02,FL17DTO02_SrCa_annual,paleoData.interpretation[3].scope,only_new,,climate
FL18DTO01,ch2kFL18DTO01,FL18DTO01_SrCa,paleoData.interpretation[3].scope,only_new,,climate
FL18DTO02,ch2kFL18DTO02,FL18DTO02_SrCa,paleoData.interpretation[3].scope,only_new,,climate
FL18DTO03,ch2kFL18DTO03,FL18DTO03_SrCa,paleoData.interpretation[3].scope,only_new,,climate
FL18DTO04,ch2kFL18DTO04,FL18DTO04_SrCa,paleoData.interpretation[3].scope,only_new,,climate
GO08BER01,ch2kGO08BER01,GO08BER01_SrCa,paleoData.interpretation[3].scope,only_new,,climate
GO08BER01,ch2kGO08BER01,GO08BER01_SrCaUncertainty,paleoData.interpretation[3].scope,only_new,,climate
GO08BER01,ch2kGO08BER01,GO08BER01_SrCa_annual,paleoData.interpretation[3].scope,only_new,,climate
GO08BER01,ch2kGO08BER01,GO08BER01_d18O,paleoData.interpretation[3].scope,only_new,,climate
GO08BER01,ch2kGO08BER01,GO08BER01_d18OUncertainty,paleoData.interpretation[3].scope,only_new,,climate
GO08BER01,ch2kGO08BER01,GO08BER01_d18O_annual,paleoData.interpretation[3].scope,only_new,,climate
GO12SBV01,ch2kGO12SBV01,GO12SBV01_SrCa,paleoData.interpretation[3].scope,only_new,,climate
GO12SBV01,ch2kGO12SBV01,GO12SBV01_d18O,paleoData.interpretation[3].scope,only_new,,climate
GR13MAD01,ch2kGR13MAD01,GR13MAD01_SrCa,paleoData.interpretation[3].scope,only_new,,climate
GR13MAD02,ch2kGR13MAD02,GR13MAD02_SrCa,paleoData.interpretation[3].scope,only_new,,climate
GU99NAU01,ch2kGU99NAU01,GU99NAU01_d18O,paleoData.interpretation[3].scope,only_new,,climate
GU99NAU02,ch2kGU99NAU02,GU99NAU02_d18O,paleoData.interpretation[3].scope,only_new,,climate
HE02GBR01,ch2kHE02GBR01,HE02GBR01_SrCa,paleoData.interpretation[3].scope,only_new,,climate
HE02GBR01,ch2kHE02GBR01,HE02GBR01_d18O,paleoData.interpretation[3].scope,only_new,,climate
HE02GBR01,ch2kHE02GBR01,HE02GBR01_d18O_sw,paleoData.interpretation[3].scope,only_new,,climate
HE08LRA01,ch2kHE08LRA01,HE08LRA01_d18O,paleoData.interpretation[3].scope,only_new,,climate
HE10GUA01,ch2kHE10GUA01,HE10GUA01_SrCa,paleoData.interpretation[3].scope,only_new,,climate
HE10GUA01,ch2kHE10GUA01,HE10GUA01_SrCa_annual,paleoData.interpretation[3].scope,only_new,,climate
HE10GUA01,ch2kHE10GUA01,HE10GUA01_d18O,paleoData.interpretation[3].scope,only_new,,climate
HE10GUA01,ch2kHE10GUA01,HE10GUA01_d18O_annual,paleoData.interpretation[3].scope,only_new,,climate
HE13MIS01,ch2kHE13MIS01,HE13MIS01_SrCa,paleoData.interpretation[3].scope,only_new,,climate
HE13MIS01,ch2kHE13MIS01,HE13MIS01_d18O,paleoData.interpretation[3].scope,only_new,,climate
HE13MIS02,ch2kHE13MIS02,HE13MIS02_SrCa,paleoData.interpretation[3].scope,only_new,,climate
HE13MIS02,ch2kHE13MIS02,HE13MIS02_d18O,paleoData.interpretation[3].scope,only_new,,climate
HE18COC01,ch2kHE18COC01,HE18COC01_SrCa,paleoData.interpretation[3].scope,only_new,,climate
HE18COC01,ch2kHE18COC01,HE18COC01_d18O,paleoData.interpretation[3].scope,only_new,,climate
HE18COC01,ch2kHE18COC01,HE18COC01_d18O_sw,paleoData.interpretation[3].scope,only_new,,climate
HE18COC02,ch2kHE18COC02,HE18COC02_SrCa,paleoData.interpretation[3].scope,only_new,,climate
HE18COC02,ch2kHE18COC02,HE18COC02_d18O,paleoData.interpretation[3].scope,only_new,,climate
HE18COC02,ch2kHE18COC02,HE18COC02_d18O_sw,paleoData.interpretation[3].scope,only_new,,climate
JI18GAL01,ch2kJI18GAL01,JI18GAL01_SrCa,paleoData.interpretation[3].scope,only_new,,climate
JI18GAL02,ch2kJI18GAL02,JI18GAL02_SrCa,paleoData.interpretation[3].scope,only_new,,climate
KA17RYU01,ch2kKA17RYU01,KA17RYU01_SrCa,paleoData.interpretation[3].scope,only_new,,climate
KI04MCV01,ch2kKI04MCV01,KI04MCV01_SrCa,paleoData.interpretation[3].scope,only_new,,climate
KI04MCV01,ch2kKI04MCV01,KI04MCV01_d18O,paleoData.interpretation[3].scope,only_new,,climate
KI08PAR01,ch2kKI08PAR01,KI08PAR01_SrCa,paleoData.interpretation[3].scope,only_new,,climate
KI08PAR01,ch2kKI08PAR01,KI08PAR01_SrCa_annual,paleoData.interpretation[3].scope,only_new,,climate
KI08PAR01,ch2kKI08PAR01,KI08PAR01_d18O,paleoData.interpretation[3].scope,only_new,,climate
KI08PAR01,ch2kKI08PAR01,KI08PAR01_d18O_annual,paleoData.interpretation[3].scope,only_new,,climate
KI14PAR01,ch2kKI14PAR01,KI14PAR01_SrCa,paleoData.interpretation[3].scope,only_new,,climate
KI14PAR01,ch2kKI14PAR01,KI14PAR01_SrCa_annual,paleoData.interpretation[3].scope,only_new,,climate
KI14PAR01,ch2kKI14PAR01,KI14PAR01_d18O,paleoData.interpretation[3].scope,only_new,,climate
KI14PAR01,ch2kKI14PAR01,KI14PAR01_d18O_annual,paleoData.interpretation[3].scope,only_new,,climate
KI14PAR01,ch2kKI14PAR01,KI14PAR01_d18O_sw,paleoData.interpretation[3].scope,only_new,,climate
KI14PAR01,ch2kKI14PAR01,KI14PAR01_d18O_sw_annual,paleoData.interpretation[3].scope,only_new,,climate
KL97DAH01,ch2kKL97DAH01,KL97DAH01_d18O,paleoData.interpretation[3].scope,only_new,,climate
KR20SAR01,ch2kKR20SAR01,KR20SAR01_SrCa,paleoData.interpretation[3].scope,only_new,,climate
KR20SAR01,ch2kKR20SAR01,KR20SAR01_d18O,paleoData.interpretation[3].scope,only_new,,climate
KR20SAR01,ch2kKR20SAR01,KR20SAR01_d18O_sw,paleoData.interpretation[3].scope,only_new,,climate
KR20SAR02,ch2kKR20SAR02,KR20SAR02_SrCa,paleoData.interpretation[3].scope,only_new,,climate
KR20SAR02,ch2kKR20SAR02,KR20SAR02_d18O,paleoData.interpretation[3].scope,only_new,,climate
KR20SAR02,ch2kKR20SAR02,KR20SAR02_d18O_sw,paleoData.interpretation[3].scope,only_new,,climate
KU00NIN01,ch2kKU00NIN01,KU00NIN01_d18O,paleoData.interpretation[3].scope,only_new,,climate
KU99HOU01,ch2kKU99HOU01,KU99HOU01_d18O,paleoData.interpretation[3].scope,only_new,,climate
LI00RAR01,ch2kLI00RAR01,LI00RAR01_SrCa,paleoData.interpretation[3].scope,only_new,,climate
LI00RAR01,ch2kLI00RAR01,LI00RAR01_d18O,paleoData.interpretation[3].scope,only_new,,climate
LI00RAR01,ch2kLI00RAR01,LI00RAR01_d18O_sw,paleoData.interpretation[3].scope,only_new,,climate
LI04FIJ01,ch2kLI04FIJ01,LI04FIJ01_SrCa,paleoData.interpretation[3].scope,only_new,,climate
LI04FIJ01,ch2kLI04FIJ01,LI04FIJ01_d18O,paleoData.interpretation[3].scope,only_new,,climate
LI04FIJ01,ch2kLI04FIJ01,LI04FIJ01_d18O_sw,paleoData.interpretation[3].scope,only_new,,climate
LI06FIJ01,ch2kLI06FIJ01,LI06FIJ01_d18O,paleoData.interpretation[3].scope,only_new,,climate
LI06RAR01,ch2kLI06RAR01,LI06RAR01_d18O,paleoData.interpretation[3].scope,only_new,,climate
LI06RAR02,ch2kLI06RAR02,LI06RAR02_d18O,paleoData.interpretation[3].scope,only_new,,climate
LI94SEC01,ch2kLI94SEC01,LI94SEC01_d18O,paleoData.interpretation[3].scope,only_new,,climate
LI99CLI01,ch2kLI99CLI01,LI99CLI01_d18O,paleoData.interpretation[3].scope,only_new,,climate
MA08DTO01,ch2kMA08DTO01,MA08DTO01_SrCa,paleoData.interpretation[3].scope,only_new,,climate
MA08DTO01,ch2kMA08DTO01,MA08DTO01_d18O,paleoData.interpretation[3].scope,only_new,,climate
MC04PNG01,ch2kMC04PNG01,MC04PNG01_d18O,paleoData.interpretation[3].scope,only_new,,climate
MC11KIR01,ch2kMC11KIR01,MC11KIR01_d18O,paleoData.interpretation[3].scope,only_new,,climate
MO06PED01,ch2kMO06PED01,MO06PED01_d18O,paleoData.interpretation[3].scope,only_new,,climate
MO20KOI01,ch2kMO20KOI01,MO20KOI01_SrCa,paleoData.interpretation[3].scope,only_new,,climate
MO20KOI01,ch2kMO20KOI01,MO20KOI01_d18O,paleoData.interpretation[3].scope,only_new,,climate
MO20KOI01,ch2kMO20KOI01,MO20KOI01_d18O_sw,paleoData.interpretation[3].scope,only_new,,climate
MO20WOA01,ch2kMO20WOA01,MO20WOA01_SrCa,paleoData.interpretation[3].scope,only_new,,climate
MO20WOA01,ch2kMO20WOA01,MO20WOA01_d18O,paleoData.interpretation[3].scope,only_new,,climate
MO20WOA01,ch2kMO20WOA01,MO20WOA01_d18O_sw,paleoData.interpretation[3].scope,only_new,,climate
MU17DOA01,ch2kMU17DOA01,MU17DOA01_d18O,paleoData.interpretation[3].scope,only_new,,climate
MU18GSI01,ch2kMU18GSI01,MU18GSI01_SrCa,paleoData.interpretation[3].scope,only_new,,climate
MU18GSI01,ch2kMU18GSI01,MU18GSI01_d18O,paleoData.interpretation[3].scope,only_new,,climate
MU18NPI01,ch2kMU18NPI01,MU18NPI01_SrCa,paleoData.interpretation[3].scope,only_new,,climate
MU18NPI01,ch2kMU18NPI01,MU18NPI01_d18O,paleoData.interpretation[3].scope,only_new,,climate
MU18RED01,ch2kMU18RED01,MU18RED01_SrCa,paleoData.interpretation[3].scope,only_new,,climate
MU18RED02,ch2kMU18RED02,MU18RED02_SrCa,paleoData.interpretation[3].scope,only_new,,climate
MU18RED03,ch2kMU18RED03,MU18RED03_SrCa,paleoData.interpretation[3].scope,only_new,,climate
MU18RED04,ch2kMU18RED04,MU18RED04_SrCa,paleoData.interpretation[3].scope,only_new,,climate
MU18RED04,ch2kMU18RED04,MU18RED04_SrCa_annual,paleoData.interpretation[3].scope,only_new,,climate
NA09MAL01,ch2kNA09MAL01,NA09MAL01_d18O,paleoData.interpretation[3].scope,only_new,,climate
NU09FAN01,ch2kNU09FAN01,NU09FAN01_SrCa,paleoData.interpretation[3].scope,only_new,,climate
NU09FAN01,ch2kNU09FAN01,NU09FAN01_d18O,paleoData.interpretation[3].scope,only_new,,climate
NU09FAN01,ch2kNU09FAN01,NU09FAN01_d18O_sw,paleoData.interpretation[3].scope,only_new,,climate
NU09KIR01,ch2kNU09KIR01,NU09KIR01_SrCa,paleoData.interpretation[3].scope,only_new,,climate
NU09KIR01,ch2kNU09KIR01,NU09KIR01_d18O,paleoData.interpretation[3].scope,only_new,,climate
NU09KIR01,ch2kNU09KIR01,NU09KIR01_d18O_sw,paleoData.interpretation[3].scope,only_new,,climate
NU11PAL01,ch2kNU11PAL01,NU11PAL01_SrCa,paleoData.interpretation[3].scope,only_new,,climate
NU11PAL01,ch2kNU11PAL01,NU11PAL01_d18O,paleoData.interpretation[3].scope,only_new,,climate
NU11PAL01,ch2kNU11PAL01,NU11PAL01_d18O_sw,paleoData.interpretation[3].scope,only_new,,climate
OS13NGP01,ch2kOS13NGP01,OS13NGP01_d18O,paleoData.interpretation[3].scope,only_new,,climate
OS13NLP01,ch2kOS13NLP01,OS13NLP01_d18O,paleoData.interpretation[3].scope,only_new,,climate
OS14RIP01,ch2kOS14RIP01,OS14RIP01_d18O,paleoData.interpretation[3].scope,only_new,,climate
OS14UCP01,ch2kOS14UCP01,OS14UCP01_d18O,paleoData.interpretation[3].scope,only_new,,climate
PF04PBA01,ch2kPF04PBA01,PF04PBA01_d18O,paleoData.interpretation[3].scope,only_new,,climate
PF19LAR01,ch2kPF19LAR01,PF19LAR01_SrCa,paleoData.interpretation[3].scope,only_new,,climate
PF19LAR01,ch2kPF19LAR01,PF19LAR01_d18O,paleoData.interpretation[3].scope,only_new,,climate
QU06RAB01,ch2kQU06RAB01,QU06RAB01_SrCa,paleoData.interpretation[3].scope,only_new,,climate
QU06RAB01,ch2kQU06RAB01,QU06RAB01_d18O,paleoData.interpretation[3].scope,only_new,,climate
QU96ESV01,ch2kQU96ESV01,QU96ESV01_d18O,paleoData.interpretation[3].scope,only_new,,climate
RA19PAI01,ch2kRA19PAI01,RA19PAI01_SrCa,paleoData.interpretation[3].scope,only_new,,climate
RA19PAI01,ch2kRA19PAI01,RA19PAI01_d18O,paleoData.interpretation[3].scope,only_new,,climate
RA20TAI01,ch2kRA20TAI01,RA20TAI01_SrCa,paleoData.interpretation[3].scope,only_new,,climate
RA20TAI01,ch2kRA20TAI01,RA20TAI01_d18O,paleoData.interpretation[3].scope,only_new,,climate
RE18CAY01,ch2kRE18CAY01,RE18CAY01_SrCa,paleoData.interpretation[3].scope,only_new,,climate
RE18CAY01,ch2kRE18CAY01,RE18CAY01_SrCa_annual,paleoData.interpretation[3].scope,only_new,,climate
RE18CAY01,ch2kRE18CAY01,RE18CAY01_d18O,paleoData.interpretation[3].scope,only_new,,climate
RE18CAY01,ch2kRE18CAY01,RE18CAY01_d18O_annual,paleoData.interpretation[3].scope,only_new,,climate
RE18CAY01,ch2kRE18CAY01,RE18CAY01_d18O_sw_annual,paleoData.interpretation[3].scope,only_new,,climate
RE19GBR01,ch2kRE19GBR01,RE19GBR01_SrCa,paleoData.interpretation[3].scope,only_new,,climate
RE19GBR01,ch2kRE19GBR01,RE19GBR01_d18O,paleoData.interpretation[3].scope,only_new,,climate
RE19GBR02,ch2kRE19GBR02,RE19GBR02_SrCa,paleoData.interpretation[3].scope,only_new,,climate
RE19GBR02,ch2kRE19GBR02,RE19GBR02_d18O,paleoData.interpretation[3].scope,only_new,,climate
RE19GBR03,ch2kRE19GBR03,RE19GBR03_SrCa,paleoData.interpretation[3].scope,only_new,,climate
RE19GBR03,ch2kRE19GBR03,RE19GBR03_d18O,paleoData.interpretation[3].scope,only_new,,climate
RE19GBR04,ch2kRE19GBR04,RE19GBR04_SrCa,paleoData.interpretation[3].scope,only_new,,climate
RE19GBR05,ch2kRE19GBR05,RE19GBR05_SrCa,paleoData.interpretation[3].scope,only_new,,climate
RI10PBL01,ch2kRI10PBL01,RI10PBL01_d18O,paleoData.interpretation[3].scope,only_new,,climate
RO19MAR01,ch2kRO19MAR01,RO19MAR01_SrCa,paleoData.interpretation[3].scope,only_new,,climate
RO19PAR01,ch2kRO19PAR01,RO19PAR01_SrCa,paleoData.interpretation[3].scope,only_new,,climate
RO19YUC01,ch2kRO19YUC01,RO19YUC01_SrCa,paleoData.interpretation[3].scope,only_new,,climate
RO19YUC01,ch2kRO19YUC01,RO19YUC01_SrCaUncertainty,paleoData.interpretation[3].scope,only_new,,climate
RO19YUC01,ch2kRO19YUC01,RO19YUC01_SrCa_annual,paleoData.interpretation[3].scope,only_new,,climate
SA16CLA01,ch2kSA16CLA01,SA16CLA01_d18O,paleoData.interpretation[3].scope,only_new,,climate
SA18GBR01,ch2kSA18GBR01,SA18GBR01_SrCa,paleoData.interpretation[3].scope,only_new,,climate
SA19PAL01,ch2kSA19PAL01,SA19PAL01_SrCa,paleoData.interpretation[3].scope,only_new,,climate
SA19PAL01,ch2kSA19PAL01,SA19PAL01_d18O,paleoData.interpretation[3].scope,only_new,,climate
SA19PAL02,ch2kSA19PAL02,SA19PAL02_SrCa,paleoData.interpretation[3].scope,only_new,,climate
SA19PAL02,ch2kSA19PAL02,SA19PAL02_d18O,paleoData.interpretation[3].scope,only_new,,climate
SA20FAN01,ch2kSA20FAN01,SA20FAN01_d18O,paleoData.interpretation[3].scope,only_new,,climate
SA20FAN02,ch2kSA20FAN02,SA20FAN02_d18O,paleoData.interpretation[3].scope,only_new,,climate
SH92PUN01,ch2kSH92PUN01,SH92PUN01_d18O,paleoData.interpretation[3].scope,only_new,,climate
SM06LKF01,ch2kSM06LKF01,SM06LKF01_SrCa,paleoData.interpretation[3].scope,only_new,,climate
SM06LKF01,ch2kSM06LKF01,SM06LKF01_d18O,paleoData.interpretation[3].scope,only_new,,climate
SM06LKF02,ch2kSM06LKF02,SM06LKF02_SrCa,paleoData.interpretation[3].scope,only_new,,climate
SM06LKF02,ch2kSM06LKF02,SM06LKF02_d18O,paleoData.interpretation[3].scope,only_new,,climate
ST13MAL01,ch2kST13MAL01,ST13MAL01_SrCa,paleoData.interpretation[3].scope,only_new,,climate
ST13MAL01,ch2kST13MAL01,ST13MAL01_d18O,paleoData.interpretation[3].scope,only_new,,climate
SW98STP01,ch2kSW98STP01,SW98STP01_d18O,paleoData.interpretation[3].scope,only_new,,climate
SW99LIG01,ch2kSW99LIG01,SW99LIG01_d18O,paleoData.interpretation[3].scope,only_new,,climate
SW99LIG02,ch2kSW99LIG02,SW99LIG02_d18O,paleoData.interpretation[3].scope,only_new,,climate
TA18TAS01,ch2kTA18TAS01,TA18TAS01_d18O,paleoData.interpretation[3].scope,only_new,,climate
TU01DEP01,ch2kTU01DEP01,TU01DEP01_d18O,paleoData.interpretation[3].scope,only_new,,climate
TU01LAI01,ch2kTU01LAI01,TU01LAI01_d18O,paleoData.interpretation[3].scope,only_new,,climate
TU01SIA01,ch2kTU01SIA01,TU01SIA01_d18O,paleoData.interpretation[3].scope,only_new,,climate
TU95MAD01,ch2kTU95MAD01,TU95MAD01_d18O,paleoData.interpretation[3].scope,only_new,,climate
UR00MAI01,ch2kUR00MAI01,UR00MAI01_d18O,paleoData.interpretation[3].scope,only_new,,climate
WA17BAN01,ch2kWA17BAN01,WA17BAN01_SrCa,paleoData.interpretation[3].scope,only_new,,climate
WA17BAN01,ch2kWA17BAN01,WA17BAN01_d18O,paleoData.interpretation[3].scope,only_new,,climate
WE09ARR01,ch2kWE09ARR01,WE09ARR01_SrCa,paleoData.interpretation[3].scope,only_new,,climate
WE09ARR01,ch2kWE09ARR01,WE09ARR01_d18O,paleoData.interpretation[3].scope,only_new,,climate
WU13TON01,ch2kWU13TON01,WU13TON01_SrCa,paleoData.interpretation[3].scope,only_new,,climate
WU13TON01,ch2kWU13TON01,WU13TON01_SrCa_annual,paleoData.interpretation[3].scope,only_new,,climate
WU13TON01,ch2kWU13TON01,WU13TON01_d18O,paleoData.interpretation[3].scope,only_new,,climate
WU13TON01,ch2kWU13TON01,WU13TON01_d18O_annual,paleoData.interpretation[3].scope,only_new,,climate
WU14CLI01,ch2kWU14CLI01,WU14CLI01_SrCa,paleoData.interpretation[3].scope,only_new,,climate
WU14CLI01,ch2kWU14CLI01,WU14CLI01_d18O,paleoData.interpretation[3].scope,only_new,,climate
WU14CLI01,ch2kWU14CLI01,WU14CLI01_d18O_sw,paleoData.interpretation[3].scope,only_new,,climate
XI17HAI01,ch2kXI17HAI01,XI17HAI01_SrCa,paleoData.interpretation[3].scope,only_new,,climate
XI17HAI01,ch2kXI17HAI01,XI17HAI01_SrCa_annual,paleoData.interpretation[3].scope,only_new,,climate
XI17HAI01,ch2kXI17HAI01,XI17HAI01_d18O,paleoData.interpretation[3].scope,only_new,,climate
XI17HAI01,ch2kXI17HAI01,XI17HAI01_d18O_annual,paleoData.interpretation[3].scope,only_new,,climate
XI17HAI01,ch2kXI17HAI01,XI17HAI01_d18O_sw,paleoData.interpretation[3].scope,only_new,,climate
XI17HAI01,ch2kXI17HAI01,XI17HAI01_d18O_sw_annual,paleoData.interpretation[3].scope,only_new,,climate
XU15BVI01,ch2kXU15BVI01,XU15BVI01_SrCa,paleoData.interpretation[3].scope,only_new,,climate
XU15BVI02,ch2kXU15BVI02,XU15BVI02_SrCa,paleoData.interpretation[3].scope,only_new,,climate
XU15BVI03,ch2kXU15BVI03,XU15BVI03_SrCa,paleoData.interpretation[3].scope,only_new,,climate
ZI04IFR01,ch2kZI04IFR01,ZI04IFR01_SrCa,paleoData.interpretation[3].scope,only_new,,climate
ZI04IFR01,ch2kZI04IFR01,ZI04IFR01_d18O,paleoData.interpretation[3].scope,only_new,,climate
ZI08MAY01,ch2kZI08MAY01,ZI08MAY01_SrCa,paleoData.interpretation[3].scope,only_new,,climate
ZI08MAY01,ch2kZI08MAY01,ZI08MAY01_d18O,paleoData.interpretation[3].scope,only_new,,climate
ZI08MAY01,ch2kZI08MAY01,ZI08MAY01_d18O_sw,paleoData.interpretation[3].scope,only_new,,climate
ZI14HOU01,ch2kZI14HOU01,ZI14HOU01_SrCa,paleoData.interpretation[3].scope,only_new,,climate
ZI14HOU01,ch2kZI14HOU01,ZI14HOU01_SrCa_annual,paleoData.interpretation[3].scope,only_new,,climate
ZI14HOU01,ch2kZI14HOU01,ZI14HOU01_d18O,paleoData.interpretation[3].scope,only_new,,climate
ZI14HOU01,ch2kZI14HOU01,ZI14HOU01_d18O_annual,paleoData.interpretation[3].scope,only_new,,climate
ZI14IFR02,ch2kZI14IFR02,ZI14IFR02_d18O,paleoData.interpretation[3].scope,only_new,,climate
ZI14IFR02,ch2kZI14IFR02,ZI14IFR02_d18O_annual,paleoData.interpretation[3].scope,only_new,,climate
ZI14TUR01,ch2kZI14TUR01,ZI14TUR01_d18O,paleoData.interpretation[3].scope,only_new,,climate
ZI14TUR01,ch2kZI14TUR01,ZI14TUR01_d18O_annual,paleoData.interpretation[3].scope,only_new,,climate
ZI15BUN01,ch2kZI15BUN01,ZI15BUN01_SrCa,paleoData.interpretation[3].scope,only_new,,climate
ZI15BUN01,ch2kZI15BUN01,ZI15BUN01_SrCa_annual,paleoData.interpretation[3].scope,only_new,,climate
ZI15CLE01,ch2kZI15CLE01,ZI15CLE01_SrCa,paleoData.interpretation[3].scope,only_new,,climate
ZI15CLE01,ch2kZI15CLE01,ZI15CLE01_SrCa_annual,paleoData.interpretation[3].scope,only_new,,climate
ZI15IMP01,ch2kZI15IMP01,ZI15IMP01_SrCa,paleoData.interpretation[3].scope,only_new,,climate
ZI15IMP01,ch2kZI15IMP01,ZI15IMP01_SrCa_annual,paleoData.interpretation[3].scope,only_new,,climate
ZI15IMP02,ch2kZI15IMP02,ZI15IMP02_SrCa,paleoData.interpretation[3].scope,only_new,,climate
ZI15IMP02,ch2kZI15IMP02,ZI15IMP02_SrCa_annual,paleoData.interpretation[3].scope,only_new,,climate
ZI15MER01,ch2kZI15MER01,ZI15MER01_SrCa,paleoData.interpretation[3].scope,only_new,,climate
ZI15MER01,ch2kZI15MER01,ZI15MER01_SrCa_annual,paleoData.interpretation[3].scope,only_new,,climate
ZI15TAN01,ch2kZI15TAN01,ZI15TAN01_SrCa,paleoData.interpretation[3].scope,only_new,,climate
ZI15TAN01,ch2kZI15TAN01,ZI15TAN01_SrCa_annual,paleoData.interpretation[3].scope,only_new,,climate
ZI16ROD01,ch2kZI16ROD01,ZI16ROD01_SrCa,paleoData.interpretation[3].scope,only_new,,climate
ZI16ROD02,ch2kZI16ROD02,ZI16ROD02_SrCa,paleoData.interpretation[3].scope,only_new,,climate
AB08MEN01,ch2kAB08MEN01,AB08MEN01_d18O,paleoData.interpretation[4].scope,only_new,,isotope
AB15BHB01,ch2kAB15BHB01,AB15BHB01_d18O,paleoData.interpretation[4].scope,only_new,,isotope
AB20MEN01,ch2kAB20MEN01,AB20MEN01_d18O,paleoData.interpretation[4].scope,only_new,,isotope
AB20MEN02,ch2kAB20MEN02,AB20MEN02_d18O,paleoData.interpretation[4].scope,only_new,,isotope
AB20MEN03,ch2kAB20MEN03,AB20MEN03_d18O,paleoData.interpretation[4].scope,only_new,,isotope
AB20MEN04,ch2kAB20MEN04,AB20MEN04_d18O,paleoData.interpretation[4].scope,only_new,,isotope
AB20MEN05,ch2kAB20MEN05,AB20MEN05_d18O,paleoData.interpretation[4].scope,only_new,,isotope
AB20MEN06,ch2kAB20MEN06,AB20MEN06_d18O,paleoData.interpretation[4].scope,only_new,,isotope
AB20MEN07,ch2kAB20MEN07,AB20MEN07_d18O,paleoData.interpretation[4].scope,only_new,,isotope
AB20MEN08,ch2kAB20MEN08,AB20MEN08_d18O,paleoData.interpretation[4].scope,only_new,,isotope
AB20MEN09,ch2kAB20MEN09,AB20MEN09_d18O,paleoData.interpretation[4].scope,only_new,,isotope
AL16PUR01,ch2kAL16PUR01,AL16PUR01_SrCa,paleoData.interpretation[4].scope,only_new,,isotope
AL16PUR01,ch2kAL16PUR01,AL16PUR01_SrCaUncertainty,paleoData.interpretation[4].scope,only_new,,isotope
AL16PUR02,ch2kAL16PUR02,AL16PUR02_SrCa,paleoData.interpretation[4].scope,only_new,,isotope
AL16PUR02,ch2kAL16PUR02,AL16PUR02_SrCaUncertainty,paleoData.interpretation[4].scope,only_new,,isotope
AL16YUC01,ch2kAL16YUC01,AL16YUC01_SrCa,paleoData.interpretation[4].scope,only_new,,isotope
AL16YUC01,ch2kAL16YUC01,AL16YUC01_SrCaUncertainty,paleoData.interpretation[4].scope,only_new,,isotope
AS05GUA01,ch2kAS05GUA01,AS05GUA01_d18O,paleoData.interpretation[4].scope,only_new,,isotope
BA04FIJ01,ch2kBA04FIJ01,BA04FIJ01_SrCa,paleoData.interpretation[4].scope,only_new,,isotope
BA04FIJ01,ch2kBA04FIJ01,BA04FIJ01_d18O,paleoData.interpretation[4].scope,only_new,,isotope
BA04FIJ02,ch2kBA04FIJ02,BA04FIJ02_SrCa,paleoData.interpretation[4].scope,only_new,,isotope
BA04FIJ02,ch2kBA04FIJ02,BA04FIJ02_d18O,paleoData.interpretation[4].scope,only_new,,isotope
BO14HTI01,ch2kBO14HTI01,BO14HTI01_SrCa,paleoData.interpretation[4].scope,only_new,,isotope
BO14HTI01,ch2kBO14HTI01,BO14HTI01_SrCaUncertainty,paleoData.interpretation[4].scope,only_new,,isotope
BO14HTI01,ch2kBO14HTI01,BO14HTI01_d18O,paleoData.interpretation[4].scope,only_new,,isotope
BO14HTI02,ch2kBO14HTI02,BO14HTI02_SrCa,paleoData.interpretation[4].scope,only_new,,isotope
BO14HTI02,ch2kBO14HTI02,BO14HTI02_d18O,paleoData.interpretation[4].scope,only_new,,isotope
BO99MOO01,ch2kBO99MOO01,BO99MOO01_d18O,paleoData.interpretation[4].scope,only_new,,isotope
BR19RED01,ch2kBR19RED01,BR19RED01_SrCa,paleoData.interpretation[4].scope,only_new,,isotope
BR19RED01,ch2kBR19RED01,BR19RED01_SrCa_annual,paleoData.interpretation[4].scope,only_new,,isotope
CA07FLI01,ch2kCA07FLI01,CA07FLI01_SrCa,paleoData.interpretation[4].scope,only_new,,isotope
CA07FLI01,ch2kCA07FLI01,CA07FLI01_d18O,paleoData.interpretation[4].scope,only_new,,isotope
CA13DIA01,ch2kCA13DIA01,CA13DIA01_d18O,paleoData.interpretation[4].scope,only_new,,isotope
CA13PEL01,ch2kCA13PEL01,CA13PEL01_d18O,paleoData.interpretation[4].scope,only_new,,isotope
CA13SAP01,ch2kCA13SAP01,CA13SAP01_d18O,paleoData.interpretation[4].scope,only_new,,isotope
CA13TUR01,ch2kCA13TUR01,CA13TUR01_d18O,paleoData.interpretation[4].scope,only_new,,isotope
CA14BUT01,ch2kCA14BUT01,CA14BUT01_SrCa,paleoData.interpretation[4].scope,only_new,,isotope
CA14BUT01,ch2kCA14BUT01,CA14BUT01_d18O,paleoData.interpretation[4].scope,only_new,,isotope
CA14BUT01,ch2kCA14BUT01,CA14BUT01_d18O_sw,paleoData.interpretation[4].scope,only_new,,isotope
CA14TIM01,ch2kCA14TIM01,CA14TIM01_SrCa,paleoData.interpretation[4].scope,only_new,,isotope
CA14TIM01,ch2kCA14TIM01,CA14TIM01_d18O,paleoData.interpretation[4].scope,only_new,,isotope
CA14TIM01,ch2kCA14TIM01,CA14TIM01_d18O_sw,paleoData.interpretation[4].scope,only_new,,isotope
CH03BUN01,ch2kCH03BUN01,CH03BUN01_d18O,paleoData.interpretation[4].scope,only_new,,isotope
CH03LOM01,ch2kCH03LOM01,CH03LOM01_d18O,paleoData.interpretation[4].scope,only_new,,isotope
CH18YOA01,ch2kCH18YOA01,CH18YOA01_SrCa,paleoData.interpretation[4].scope,only_new,,isotope
CH18YOA02,ch2kCH18YOA02,CH18YOA02_SrCa,paleoData.interpretation[4].scope,only_new,,isotope
CH97BVB01,ch2kCH97BVB01,CH97BVB01_d18O,paleoData.interpretation[4].scope,only_new,,isotope
CH98PIR01,ch2kCH98PIR01,CH98PIR01_d18O,paleoData.interpretation[4].scope,only_new,,isotope
CO00MAL01,ch2kCO00MAL01,CO00MAL01_d18O,paleoData.interpretation[4].scope,only_new,,isotope
CO03PAL01,ch2kCO03PAL01,CO03PAL01_d18O,paleoData.interpretation[4].scope,only_new,,isotope
CO03PAL02,ch2kCO03PAL02,CO03PAL02_d18O,paleoData.interpretation[4].scope,only_new,,isotope
CO03PAL03,ch2kCO03PAL03,CO03PAL03_d18O,paleoData.interpretation[4].scope,only_new,,isotope
CO03PAL04,ch2kCO03PAL04,CO03PAL04_d18O,paleoData.interpretation[4].scope,only_new,,isotope
CO03PAL05,ch2kCO03PAL05,CO03PAL05_d18O,paleoData.interpretation[4].scope,only_new,,isotope
CO03PAL06,ch2kCO03PAL06,CO03PAL06_d18O,paleoData.interpretation[4].scope,only_new,,isotope
CO03PAL07,ch2kCO03PAL07,CO03PAL07_d18O,paleoData.interpretation[4].scope,only_new,,isotope
CO03PAL08,ch2kCO03PAL08,CO03PAL08_d18O,paleoData.interpretation[4].scope,only_new,,isotope
CO03PAL09,ch2kCO03PAL09,CO03PAL09_d18O,paleoData.interpretation[4].scope,only_new,,isotope
CO03PAL10,ch2kCO03PAL10,CO03PAL10_d18O,paleoData.interpretation[4].scope,only_new,,isotope
CO93TAR01,ch2kCO93TAR01,CO93TAR01_d18O,paleoData.interpretation[4].scope,only_new,,isotope
DA06MAF01,ch2kDA06MAF01,DA06MAF01_d18O,paleoData.interpretation[4].scope,only_new,,isotope
DA06MAF02,ch2kDA06MAF02,DA06MAF02_d18O,paleoData.interpretation[4].scope,only_new,,isotope
DE12ANC01,ch2kDE12ANC01,DE12ANC01_SrCa,paleoData.interpretation[4].scope,only_new,,isotope
DE13HAI01,ch2kDE13HAI01,DE13HAI01_SrCa,paleoData.interpretation[4].scope,only_new,,isotope
DE13HAI01,ch2kDE13HAI01,DE13HAI01_SrCa_annual,paleoData.interpretation[4].scope,only_new,,isotope
DE13HAI01,ch2kDE13HAI01,DE13HAI01_d18O,paleoData.interpretation[4].scope,only_new,,isotope
DE13HAI01,ch2kDE13HAI01,DE13HAI01_d18O_annual,paleoData.interpretation[4].scope,only_new,,isotope
DE13HAI01,ch2kDE13HAI01,DE13HAI01_d18O_sw,paleoData.interpretation[4].scope,only_new,,isotope
DE13HAI01,ch2kDE13HAI01,DE13HAI01_d18O_sw_annual,paleoData.interpretation[4].scope,only_new,,isotope
DE14DTO01,ch2kDE14DTO01,DE14DTO01_SrCa,paleoData.interpretation[4].scope,only_new,,isotope
DE14DTO02,ch2kDE14DTO02,DE14DTO02_SrCa,paleoData.interpretation[4].scope,only_new,,isotope
DE14DTO03,ch2kDE14DTO03,DE14DTO03_SrCa,paleoData.interpretation[4].scope,only_new,,isotope
DE14DTO04,ch2kDE14DTO04,DE14DTO04_SrCa,paleoData.interpretation[4].scope,only_new,,isotope
DE16RED01,ch2kDE16RED01,DE16RED01_SrCa,paleoData.interpretation[4].scope,only_new,,isotope
DO18DAV01,ch2kDO18DAV01,DO18DAV01_SrCa,paleoData.interpretation[4].scope,only_new,,isotope
DR00KSB01,ch2kDR00KSB01,DR00KSB01_d18O,paleoData.interpretation[4].scope,only_new,,isotope
DR00NBB01,ch2kDR00NBB01,DR00NBB01_d18O,paleoData.interpretation[4].scope,only_new,,isotope
DR99ABR01,ch2kDR99ABR01,DR99ABR01_d18O,paleoData.interpretation[4].scope,only_new,,isotope
DR99ABR01,ch2kDR99ABR01,DR99ABR01_d18O_annual,paleoData.interpretation[4].scope,only_new,,isotope
DU94URV01,ch2kDU94URV01,DU94URV01_d18O,paleoData.interpretation[4].scope,only_new,,isotope
DU94URV01,ch2kDU94URV01,DU94URV01_d18O_annual,paleoData.interpretation[4].scope,only_new,,isotope
DU94URV02,ch2kDU94URV02,DU94URV02_d18O,paleoData.interpretation[4].scope,only_new,,isotope
DU94URV02,ch2kDU94URV02,DU94URV02_d18O_annual,paleoData.interpretation[4].scope,only_new,,isotope
EV18ROC01,ch2kEV18ROC01,EV18ROC01_SrCa,paleoData.interpretation[4].scope,only_new,,isotope
EV18ROC01,ch2kEV18ROC01,EV18ROC01_SrCa_annual,paleoData.interpretation[4].scope,only_new,,isotope
EV98KIR01,ch2kEV98KIR01,EV98KIR01_d18O,paleoData.interpretation[4].scope,only_new,,isotope
FE09OGA01,ch2kFE09OGA01,FE09OGA01_SrCa,paleoData.interpretation[4].scope,only_new,,isotope
FE09OGA01,ch2kFE09OGA01,FE09OGA01_SrCa_annual,paleoData.interpretation[4].scope,only_new,,isotope
FE09OGA01,ch2kFE09OGA01,FE09OGA01_d18O,paleoData.interpretation[4].scope,only_new,,isotope
FE09OGA01,ch2kFE09OGA01,FE09OGA01_d18O_annual,paleoData.interpretation[4].scope,only_new,,isotope
FE09OGA01,ch2kFE09OGA01,FE09OGA01_d18O_sw_annual,paleoData.interpretation[4].scope,only_new,,isotope
FE18RUS01,ch2kFE18RUS01,FE18RUS01_SrCa,paleoData.interpretation[4].scope,only_new,,isotope
FE18RUS01,ch2kFE18RUS01,FE18RUS01_SrCa_annual,paleoData.interpretation[4].scope,only_new,,isotope
FE18RUS01,ch2kFE18RUS01,FE18RUS01_d18O,paleoData.interpretation[4].scope,only_new,,isotope
FE18RUS01,ch2kFE18RUS01,FE18RUS01_d18O_annual,paleoData.interpretation[4].scope,only_new,,isotope
FE18RUS01,ch2kFE18RUS01,FE18RUS01_d18O_sw_annual,paleoData.interpretation[4].scope,only_new,,isotope
FL17DTO01,ch2kFL17DTO01,FL17DTO01_SrCa,paleoData.interpretation[4].scope,only_new,,isotope
FL17DTO01,ch2kFL17DTO01,FL17DTO01_SrCa_annual,paleoData.interpretation[4].scope,only_new,,isotope
FL17DTO02,ch2kFL17DTO02,FL17DTO02_SrCa,paleoData.interpretation[4].scope,only_new,,isotope
FL17DTO02,ch2kFL17DTO02,FL17DTO02_SrCa_annual,paleoData.interpretation[4].scope,only_new,,isotope
FL18DTO01,ch2kFL18DTO01,FL18DTO01_SrCa,paleoData.interpretation[4].scope,only_new,,isotope
FL18DTO02,ch2kFL18DTO02,FL18DTO02_SrCa,paleoData.interpretation[4].scope,only_new,,isotope
FL18DTO03,ch2kFL18DTO03,FL18DTO03_SrCa,paleoData.interpretation[4].scope,only_new,,isotope
FL18DTO04,ch2kFL18DTO04,FL18DTO04_SrCa,paleoData.interpretation[4].scope,only_new,,isotope
GO08BER01,ch2kGO08BER01,GO08BER01_SrCa,paleoData.interpretation[4].scope,only_new,,isotope
GO08BER01,ch2kGO08BER01,GO08BER01_SrCaUncertainty,paleoData.interpretation[4].scope,only_new,,isotope
GO08BER01,ch2kGO08BER01,GO08BER01_SrCa_annual,paleoData.interpretation[4].scope,only_new,,isotope
GO08BER01,ch2kGO08BER01,GO08BER01_d18O,paleoData.interpretation[4].scope,only_new,,isotope
GO08BER01,ch2kGO08BER01,GO08BER01_d18OUncertainty,paleoData.interpretation[4].scope,only_new,,isotope
GO08BER01,ch2kGO08BER01,GO08BER01_d18O_annual,paleoData.interpretation[4].scope,only_new,,isotope
GO12SBV01,ch2kGO12SBV01,GO12SBV01_SrCa,paleoData.interpretation[4].scope,only_new,,isotope
GO12SBV01,ch2kGO12SBV01,GO12SBV01_d18O,paleoData.interpretation[4].scope,only_new,,isotope
GR13MAD01,ch2kGR13MAD01,GR13MAD01_SrCa,paleoData.interpretation[4].scope,only_new,,isotope
GR13MAD02,ch2kGR13MAD02,GR13MAD02_SrCa,paleoData.interpretation[4].scope,only_new,,isotope
GU99NAU01,ch2kGU99NAU01,GU99NAU01_d18O,paleoData.interpretation[4].scope,only_new,,isotope
GU99NAU02,ch2kGU99NAU02,GU99NAU02_d18O,paleoData.interpretation[4].scope,only_new,,isotope
HE02GBR01,ch2kHE02GBR01,HE02GBR01_SrCa,paleoData.interpretation[4].scope,only_new,,isotope
HE02GBR01,ch2kHE02GBR01,HE02GBR01_d18O,paleoData.interpretation[4].scope,only_new,,isotope
HE02GBR01,ch2kHE02GBR01,HE02GBR01_d18O_sw,paleoData.interpretation[4].scope,only_new,,isotope
HE08LRA01,ch2kHE08LRA01,HE08LRA01_d18O,paleoData.interpretation[4].scope,only_new,,isotope
HE10GUA01,ch2kHE10GUA01,HE10GUA01_SrCa,paleoData.interpretation[4].scope,only_new,,isotope
HE10GUA01,ch2kHE10GUA01,HE10GUA01_SrCa_annual,paleoData.interpretation[4].scope,only_new,,isotope
HE10GUA01,ch2kHE10GUA01,HE10GUA01_d18O,paleoData.interpretation[4].scope,only_new,,isotope
HE10GUA01,ch2kHE10GUA01,HE10GUA01_d18O_annual,paleoData.interpretation[4].scope,only_new,,isotope
HE13MIS01,ch2kHE13MIS01,HE13MIS01_SrCa,paleoData.interpretation[4].scope,only_new,,isotope
HE13MIS01,ch2kHE13MIS01,HE13MIS01_d18O,paleoData.interpretation[4].scope,only_new,,isotope
HE13MIS02,ch2kHE13MIS02,HE13MIS02_SrCa,paleoData.interpretation[4].scope,only_new,,isotope
HE13MIS02,ch2kHE13MIS02,HE13MIS02_d18O,paleoData.interpretation[4].scope,only_new,,isotope
HE18COC01,ch2kHE18COC01,HE18COC01_SrCa,paleoData.interpretation[4].scope,only_new,,isotope
HE18COC01,ch2kHE18COC01,HE18COC01_d18O,paleoData.interpretation[4].scope,only_new,,isotope
HE18COC01,ch2kHE18COC01,HE18COC01_d18O_sw,paleoData.interpretation[4].scope,only_new,,isotope
HE18COC02,ch2kHE18COC02,HE18COC02_SrCa,paleoData.interpretation[4].scope,only_new,,isotope
HE18COC02,ch2kHE18COC02,HE18COC02_d18O,paleoData.interpretation[4].scope,only_new,,isotope
HE18COC02,ch2kHE18COC02,HE18COC02_d18O_sw,paleoData.interpretation[4].scope,only_new,,isotope
JI18GAL01,ch2kJI18GAL01,JI18GAL01_SrCa,paleoData.interpretation[4].scope,only_new,,isotope
JI18GAL02,ch2kJI18GAL02,JI18GAL02_SrCa,paleoData.interpretation[4].scope,only_new,,isotope
KA17RYU01,ch2kKA17RYU01,KA17RYU01_SrCa,paleoData.interpretation[4].scope,only_new,,isotope
KI04MCV01,ch2kKI04MCV01,KI04MCV01_SrCa,paleoData.interpretation[4].scope,only_new,,isotope
KI04MCV01,ch2kKI04MCV01,KI04MCV01_d18O,paleoData.interpretation[4].scope,only_new,,isotope
KI08PAR01,ch2kKI08PAR01,KI08PAR01_SrCa,paleoData.interpretation[4].scope,only_new,,isotope
KI08PAR01,ch2kKI08PAR01,KI08PAR01_SrCa_annual,paleoData.interpretation[4].scope,only_new,,isotope
KI08PAR01,ch2kKI08PAR01,KI08PAR01_d18O,paleoData.interpretation[4].scope,only_new,,isotope
KI08PAR01,ch2kKI08PAR01,KI08PAR01_d18O_annual,paleoData.interpretation[4].scope,only_new,,isotope
KI14PAR01,ch2kKI14PAR01,KI14PAR01_SrCa,paleoData.interpretation[4].scope,only_new,,isotope
KI14PAR01,ch2kKI14PAR01,KI14PAR01_SrCa_annual,paleoData.interpretation[4].scope,only_new,,isotope
KI14PAR01,ch2kKI14PAR01,KI14PAR01_d18O,paleoData.interpretation[4].scope,only_new,,isotope
KI14PAR01,ch2kKI14PAR01,KI14PAR01_d18O_annual,paleoData.interpretation[4].scope,only_new,,isotope
KI14PAR01,ch2kKI14PAR01,KI14PAR01_d18O_sw,paleoData.interpretation[4].scope,only_new,,isotope
KI14PAR01,ch2kKI14PAR01,KI14PAR01_d18O_sw_annual,paleoData.interpretation[4].scope,only_new,,isotope
KL97DAH01,ch2kKL97DAH01,KL97DAH01_d18O,paleoData.interpretation[4].scope,only_new,,isotope
KR20SAR01,ch2kKR20SAR01,KR20SAR01_SrCa,paleoData.interpretation[4].scope,only_new,,isotope
KR20SAR01,ch2kKR20SAR01,KR20SAR01_d18O,paleoData.interpretation[4].scope,only_new,,isotope
KR20SAR01,ch2kKR20SAR01,KR20SAR01_d18O_sw,paleoData.interpretation[4].scope,only_new,,isotope
KR20SAR02,ch2kKR20SAR02,KR20SAR02_SrCa,paleoData.interpretation[4].scope,only_new,,isotope
KR20SAR02,ch2kKR20SAR02,KR20SAR02_d18O,paleoData.interpretation[4].scope,only_new,,isotope
KR20SAR02,ch2kKR20SAR02,KR20SAR02_d18O_sw,paleoData.interpretation[4].scope,only_new,,isotope
KU00NIN01,ch2kKU00NIN01,KU00NIN01_d18O,paleoData.interpretation[4].scope,only_new,,isotope
KU99HOU01,ch2kKU99HOU01,KU99HOU01_d18O,paleoData.interpretation[4].scope,only_new,,isotope
LI00RAR01,ch2kLI00RAR01,LI00RAR01_SrCa,paleoData.interpretation[4].scope,only_new,,isotope
LI00RAR01,ch2kLI00RAR01,LI00RAR01_d18O,paleoData.interpretation[4].scope,only_new,,isotope
LI00RAR01,ch2kLI00RAR01,LI00RAR01_d18O_sw,paleoData.interpretation[4].scope,only_new,,isotope
LI04FIJ01,ch2kLI04FIJ01,LI04FIJ01_SrCa,paleoData.interpretation[4].scope,only_new,,isotope
LI04FIJ01,ch2kLI04FIJ01,LI04FIJ01_d18O,paleoData.interpretation[4].scope,only_new,,isotope
LI04FIJ01,ch2kLI04FIJ01,LI04FIJ01_d18O_sw,paleoData.interpretation[4].scope,only_new,,isotope
LI06FIJ01,ch2kLI06FIJ01,LI06FIJ01_d18O,paleoData.interpretation[4].scope,only_new,,isotope
LI06RAR01,ch2kLI06RAR01,LI06RAR01_d18O,paleoData.interpretation[4].scope,only_new,,isotope
LI06RAR02,ch2kLI06RAR02,LI06RAR02_d18O,paleoData.interpretation[4].scope,only_new,,isotope
LI94SEC01,ch2kLI94SEC01,LI94SEC01_d18O,paleoData.interpretation[4].scope,only_new,,isotope
LI99CLI01,ch2kLI99CLI01,LI99CLI01_d18O,paleoData.interpretation[4].scope,only_new,,isotope
MA08DTO01,ch2kMA08DTO01,MA08DTO01_SrCa,paleoData.interpretation[4].scope,only_new,,isotope
MA08DTO01,ch2kMA08DTO01,MA08DTO01_d18O,paleoData.interpretation[4].scope,only_new,,isotope
MC04PNG01,ch2kMC04PNG01,MC04PNG01_d18O,paleoData.interpretation[4].scope,only_new,,isotope
MC11KIR01,ch2kMC11KIR01,MC11KIR01_d18O,paleoData.interpretation[4].scope,only_new,,isotope
MO06PED01,ch2kMO06PED01,MO06PED01_d18O,paleoData.interpretation[4].scope,only_new,,isotope
MO20KOI01,ch2kMO20KOI01,MO20KOI01_SrCa,paleoData.interpretation[4].scope,only_new,,isotope
MO20KOI01,ch2kMO20KOI01,MO20KOI01_d18O,paleoData.interpretation[4].scope,only_new,,isotope
MO20KOI01,ch2kMO20KOI01,MO20KOI01_d18O_sw,paleoData.interpretation[4].scope,only_new,,isotope
MO20WOA01,ch2kMO20WOA01,MO20WOA01_SrCa,paleoData.interpretation[4].scope,only_new,,isotope
MO20WOA01,ch2kMO20WOA01,MO20WOA01_d18O,paleoData.interpretation[4].scope,only_new,,isotope
MO20WOA01,ch2kMO20WOA01,MO20WOA01_d18O_sw,paleoData.interpretation[4].scope,only_new,,isotope
MU17DOA01,ch2kMU17DOA01,MU17DOA01_d18O,paleoData.interpretation[4].scope,only_new,,isotope
MU18GSI01,ch2kMU18GSI01,MU18GSI01_SrCa,paleoData.interpretation[4].scope,only_new,,isotope
MU18GSI01,ch2kMU18GSI01,MU18GSI01_d18O,paleoData.interpretation[4].scope,only_new,,isotope
MU18NPI01,ch2kMU18NPI01,MU18NPI01_SrCa,paleoData.interpretation[4].scope,only_new,,isotope
MU18NPI01,ch2kMU18NPI01,MU18NPI01_d18O,paleoData.interpretation[4].scope,only_new,,isotope
MU18RED01,ch2kMU18RED01,MU18RED01_SrCa,paleoData.interpretation[4].scope,only_new,,isotope
MU18RED02,ch2kMU18RED02,MU18RED02_SrCa,paleoData.interpretation[4].scope,only_new,,isotope
MU18RED03,ch2kMU18RED03,MU18RED03_SrCa,paleoData.interpretation[4].scope,only_new,,isotope
MU18RED04,ch2kMU18RED04,MU18RED04_SrCa,paleoData.interpretation[4].scope,only_new,,isotope
MU18RED04,ch2kMU18RED04,MU18RED04_SrCa_annual,paleoData.interpretation[4].scope,only_new,,isotope
NA09MAL01,ch2kNA09MAL01,NA09MAL01_d18O,paleoData.interpretation[4].scope,only_new,,isotope
NU09FAN01,ch2kNU09FAN01,NU09FAN01_SrCa,paleoData.interpretation[4].scope,only_new,,isotope
NU09FAN01,ch2kNU09FAN01,NU09FAN01_d18O,paleoData.interpretation[4].scope,only_new,,isotope
NU09FAN01,ch2kNU09FAN01,NU09FAN01_d18O_sw,paleoData.interpretation[4].scope,only_new,,isotope
NU09KIR01,ch2kNU09KIR01,NU09KIR01_SrCa,paleoData.interpretation[4].scope,only_new,,isotope
NU09KIR01,ch2kNU09KIR01,NU09KIR01_d18O,paleoData.interpretation[4].scope,only_new,,isotope
NU09KIR01,ch2kNU09KIR01,NU09KIR01_d18O_sw,paleoData.interpretation[4].scope,only_new,,isotope
NU11PAL01,ch2kNU11PAL01,NU11PAL01_SrCa,paleoData.interpretation[4].scope,only_new,,isotope
NU11PAL01,ch2kNU11PAL01,NU11PAL01_d18O,paleoData.interpretation[4].scope,only_new,,isotope
NU11PAL01,ch2kNU11PAL01,NU11PAL01_d18O_sw,paleoData.interpretation[4].scope,only_new,,isotope
OS13NGP01,ch2kOS13NGP01,OS13NGP01_d18O,paleoData.interpretation[4].scope,only_new,,isotope
OS13NLP01,ch2kOS13NLP01,OS13NLP01_d18O,paleoData.interpretation[4].scope,only_new,,isotope
OS14RIP01,ch2kOS14RIP01,OS14RIP01_d18O,paleoData.interpretation[4].scope,only_new,,isotope
OS14UCP01,ch2kOS14UCP01,OS14UCP01_d18O,paleoData.interpretation[4].scope,only_new,,isotope
PF04PBA01,ch2kPF04PBA01,PF04PBA01_d18O,paleoData.interpretation[4].scope,only_new,,isotope
PF19LAR01,ch2kPF19LAR01,PF19LAR01_SrCa,paleoData.interpretation[4].scope,only_new,,isotope
PF19LAR01,ch2kPF19LAR01,PF19LAR01_d18O,paleoData.interpretation[4].scope,only_new,,isotope
QU06RAB01,ch2kQU06RAB01,QU06RAB01_SrCa,paleoData.interpretation[4].scope,only_new,,isotope
QU06RAB01,ch2kQU06RAB01,QU06RAB01_d18O,paleoData.interpretation[4].scope,only_new,,isotope
QU96ESV01,ch2kQU96ESV01,QU96ESV01_d18O,paleoData.interpretation[4].scope,only_new,,isotope
RA19PAI01,ch2kRA19PAI01,RA19PAI01_SrCa,paleoData.interpretation[4].scope,only_new,,isotope
RA19PAI01,ch2kRA19PAI01,RA19PAI01_d18O,paleoData.interpretation[4].scope,only_new,,isotope
RA20TAI01,ch2kRA20TAI01,RA20TAI01_SrCa,paleoData.interpretation[4].scope,only_new,,isotope
RA20TAI01,ch2kRA20TAI01,RA20TAI01_d18O,paleoData.interpretation[4].scope,only_new,,isotope
RE18CAY01,ch2kRE18CAY01,RE18CAY01_SrCa,paleoData.interpretation[4].scope,only_new,,isotope
RE18CAY01,ch2kRE18CAY01,RE18CAY01_SrCa_annual,paleoData.interpretation[4].scope,only_new,,isotope
RE18CAY01,ch2kRE18CAY01,RE18CAY01_d18O,paleoData.interpretation[4].scope,only_new,,isotope
RE18CAY01,ch2kRE18CAY01,RE18CAY01_d18O_annual,paleoData.interpretation[4].scope,only_new,,isotope
RE18CAY01,ch2kRE18CAY01,RE18CAY01_d18O_sw_annual,paleoData.interpretation[4].scope,only_new,,isotope
RE19GBR01,ch2kRE19GBR01,RE19GBR01_SrCa,paleoData.interpretation[4].scope,only_new,,isotope
RE19GBR01,ch2kRE19GBR01,RE19GBR01_d18O,paleoData.interpretation[4].scope,only_new,,isotope
RE19GBR02,ch2kRE19GBR02,RE19GBR02_SrCa,paleoData.interpretation[4].scope,only_new,,isotope
RE19GBR02,ch2kRE19GBR02,RE19GBR02_d18O,paleoData.interpretation[4].scope,only_new,,isotope
RE19GBR03,ch2kRE19GBR03,RE19GBR03_SrCa,paleoData.interpretation[4].scope,only_new,,isotope
RE19GBR03,ch2kRE19GBR03,RE19GBR03_d18O,paleoData.interpretation[4].scope,only_new,,isotope
RE19GBR04,ch2kRE19GBR04,RE19GBR04_SrCa,paleoData.interpretation[4].scope,only_new,,isotope
RE19GBR05,ch2kRE19GBR05,RE19GBR05_SrCa,paleoData.interpretation[4].scope,only_new,,isotope
RI10PBL01,ch2kRI10PBL01,RI10PBL01_d18O,paleoData.interpretation[4].scope,only_new,,isotope
RO19MAR01,ch2kRO19MAR01,RO19MAR01_SrCa,paleoData.interpretation[4].scope,only_new,,isotope
RO19PAR01,ch2kRO19PAR01,RO19PAR01_SrCa,paleoData.interpretation[4].scope,only_new,,isotope
RO19YUC01,ch2kRO19YUC01,RO19YUC01_SrCa,paleoData.interpretation[4].scope,only_new,,isotope
RO19YUC01,ch2kRO19YUC01,RO19YUC01_SrCaUncertainty,paleoData.interpretation[4].scope,only_new,,isotope
RO19YUC01,ch2kRO19YUC01,RO19YUC01_SrCa_annual,paleoData.interpretation[4].scope,only_new,,isotope
SA16CLA01,ch2kSA16CLA01,SA16CLA01_d18O,paleoData.interpretation[4].scope,only_new,,isotope
SA18GBR01,ch2kSA18GBR01,SA18GBR01_SrCa,paleoData.interpretation[4].scope,only_new,,isotope
SA19PAL01,ch2kSA19PAL01,SA19PAL01_SrCa,paleoData.interpretation[4].scope,only_new,,isotope
SA19PAL01,ch2kSA19PAL01,SA19PAL01_d18O,paleoData.interpretation[4].scope,only_new,,isotope
SA19PAL02,ch2kSA19PAL02,SA19PAL02_SrCa,paleoData.interpretation[4].scope,only_new,,isotope
SA19PAL02,ch2kSA19PAL02,SA19PAL02_d18O,paleoData.interpretation[4].scope,only_new,,isotope
SA20FAN01,ch2kSA20FAN01,SA20FAN01_d18O,paleoData.interpretation[4].scope,only_new,,isotope
SA20FAN02,ch2kSA20FAN02,SA20FAN02_d18O,paleoData.interpretation[4].scope,only_new,,isotope
SH92PUN01,ch2kSH92PUN01,SH92PUN01_d18O,paleoData.interpretation[4].scope,only_new,,isotope
SM06LKF01,ch2kSM06LKF01,SM06LKF01_SrCa,paleoData.interpretation[4].scope,only_new,,isotope
SM06LKF01,ch2kSM06LKF01,SM06LKF01_d18O,paleoData.interpretation[4].scope,only_new,,isotope
SM06LKF02,ch2kSM06LKF02,SM06LKF02_SrCa,paleoData.interpretation[4].scope,only_new,,isotope
SM06LKF02,ch2kSM06LKF02,SM06LKF02_d18O,paleoData.interpretation[4].scope,only_new,,isotope
ST13MAL01,ch2kST13MAL01,ST13MAL01_SrCa,paleoData.interpretation[4].scope,only_new,,isotope
ST13MAL01,ch2kST13MAL01,ST13MAL01_d18O,paleoData.interpretation[4].scope,only_new,,isotope
SW98STP01,ch2kSW98STP01,SW98STP01_d18O,paleoData.interpretation[4].scope,only_new,,isotope
SW99LIG01,ch2kSW99LIG01,SW99LIG01_d18O,paleoData.interpretation[4].scope,only_new,,isotope
SW99LIG02,ch2kSW99LIG02,SW99LIG02_d18O,paleoData.interpretation[4].scope,only_new,,isotope
TA18TAS01,ch2kTA18TAS01,TA18TAS01_d18O,paleoData.interpretation[4].scope,only_new,,isotope
TU01DEP01,ch2kTU01DEP01,TU01DEP01_d18O,paleoData.interpretation[4].scope,only_new,,isotope
TU01LAI01,ch2kTU01LAI01,TU01LAI01_d18O,paleoData.interpretation[4].scope,only_new,,isotope
TU01SIA01,ch2kTU01SIA01,TU01SIA01_d18O,paleoData.interpretation[4].scope,only_new,,isotope
TU95MAD01,ch2kTU95MAD01,TU95MAD01_d18O,paleoData.interpretation[4].scope,only_new,,isotope
UR00MAI01,ch2kUR00MAI01,UR00MAI01_d18O,paleoData.interpretation[4].scope,only_new,,isotope
WA17BAN01,ch2kWA17BAN01,WA17BAN01_SrCa,paleoData.interpretation[4].scope,only_new,,isotope
WA17BAN01,ch2kWA17BAN01,WA17BAN01_d18O,paleoData.interpretation[4].scope,only_new,,isotope
WE09ARR01,ch2kWE09ARR01,WE09ARR01_SrCa,paleoData.interpretation[4].scope,only_new,,isotope
WE09ARR01,ch2kWE09ARR01,WE09ARR01_d18O,paleoData.interpretation[4].scope,only_new,,isotope
WU13TON01,ch2kWU13TON01,WU13TON01_SrCa,paleoData.interpretation[4].scope,only_new,,isotope
WU13TON01,ch2kWU13TON01,WU13TON01_SrCa_annual,paleoData.interpretation[4].scope,only_new,,isotope
WU13TON01,ch2kWU13TON01,WU13TON01_d18O,paleoData.interpretation[4].scope,only_new,,isotope
WU13TON01,ch2kWU13TON01,WU13TON01_d18O_annual,paleoData.interpretation[4].scope,only_new,,isotope
WU14CLI01,ch2kWU14CLI01,WU14CLI01_SrCa,paleoData.interpretation[4].scope,only_new,,isotope
WU14CLI01,ch2kWU14CLI01,WU14CLI01_d18O,paleoData.interpretation[4].scope,only_new,,isotope
WU14CLI01,ch2kWU14CLI01,WU14CLI01_d18O_sw,paleoData.interpretation[4].scope,only_new,,isotope
XI17HAI01,ch2kXI17HAI01,XI17HAI01_SrCa,paleoData.interpretation[4].scope,only_new,,isotope
XI17HAI01,ch2kXI17HAI01,XI17HAI01_SrCa_annual,paleoData.interpretation[4].scope,only_new,,isotope
XI17HAI01,ch2kXI17HAI01,XI17HAI01_d18O,paleoData.interpretation[4].scope,only_new,,isotope
XI17HAI01,ch2kXI17HAI01,XI17HAI01_d18O_annual,paleoData.interpretation[4].scope,only_new,,isotope
XI17HAI01,ch2kXI17HAI01,XI17HAI01_d18O_sw,paleoData.interpretation[4].scope,only_new,,isotope
XI17HAI01,ch2kXI17HAI01,XI17HAI01_d18O_sw_annual,paleoData.interpretation[4].scope,only_new,,isotope
XU15BVI01,ch2kXU15BVI01,XU15BVI01_SrCa,paleoData.interpretation[4].scope,only_new,,isotope
XU15BVI02,ch2kXU15BVI02,XU15BVI02_SrCa,paleoData.interpretation[4].scope,only_new,,isotope
XU15BVI03,ch2kXU15BVI03,XU15BVI03_SrCa,paleoData.interpretation[4].scope,only_new,,isotope
ZI04IFR01,ch2kZI04IFR01,ZI04IFR01_SrCa,paleoData.interpretation[4].scope,only_new,,isotope
ZI04IFR01,ch2kZI04IFR01,ZI04IFR01_d18O,paleoData.interpretation[4].scope,only_new,,isotope
ZI08MAY01,ch2kZI08MAY01,ZI08MAY01_SrCa,paleoData.interpretation[4].scope,only_new,,isotope
ZI08MAY01,ch2kZI08MAY01,ZI08MAY01_d18O,paleoData.interpretation[4].scope,only_new,,isotope
ZI08MAY01,ch2kZI08MAY01,ZI08MAY01_d18O_sw,paleoData.interpretation[4].scope,only_new,,isotope
ZI14HOU01,ch2kZI14HOU01,ZI14HOU01_SrCa,paleoData.interpretation[4].scope,only_new,,isotope
ZI14HOU01,ch2kZI14HOU01,ZI14HOU01_SrCa_annual,paleoData.interpretation[4].scope,only_new,,isotope
ZI14HOU01,ch2kZI14HOU01,ZI14HOU01_d18O,paleoData.interpretation[4].scope,only_new,,isotope
ZI14HOU01,ch2kZI14HOU01,ZI14HOU01_d18O_annual,paleoData.interpretation[4].scope,only_new,,isotope
ZI14IFR02,ch2kZI14IFR02,ZI14IFR02_d18O,paleoData.interpretation[4].scope,only_new,,isotope
ZI14IFR02,ch2kZI14IFR02,ZI14IFR02_d18O_annual,paleoData.interpretation[4].scope,only_new,,isotope
ZI14TUR01,ch2kZI14TUR01,ZI14TUR01_d18O,paleoData.interpretation[4].scope,only_new,,isotope
ZI14TUR01,ch2kZI14TUR01,ZI14TUR01_d18O_annual,paleoData.interpretation[4].scope,only_new,,isotope
ZI15BUN01,ch2kZI15BUN01,ZI15BUN01_SrCa,paleoData.interpretation[4].scope,only_new,,isotope
ZI15BUN01,ch2kZI15BUN01,ZI15BUN01_SrCa_annual,paleoData.interpretation[4].scope,only_new,,isotope
ZI15CLE01,ch2kZI15CLE01,ZI15CLE01_SrCa,paleoData.interpretation[4].scope,only_new,,isotope
ZI15CLE01,ch2kZI15CLE01,ZI15CLE01_SrCa_annual,paleoData.interpretation[4].scope,only_new,,isotope
ZI15IMP01,ch2kZI15IMP01,ZI15IMP01_SrCa,paleoData.interpretation[4].scope,only_new,,isotope
ZI15IMP01,ch2kZI15IMP01,ZI15IMP01_SrCa_annual,paleoData.interpretation[4].scope,only_new,,isotope
ZI15IMP02,ch2kZI15IMP02,ZI15IMP02_SrCa,paleoData.interpretation[4].scope,only_new,,isotope
ZI15IMP02,ch2kZI15IMP02,ZI15IMP02_SrCa_annual,paleoData.interpretation[4].scope,only_new,,isotope
ZI15MER01,ch2kZI15MER01,ZI15MER01_SrCa,paleoData.interpretation[4].scope,only_new,,isotope
ZI15MER01,ch2kZI15MER01,ZI15MER01_SrCa_annual,paleoData.interpretation[4].scope,only_new,,isotope
ZI15TAN01,ch2kZI15TAN01,ZI15TAN01_SrCa,paleoData.interpretation[4].scope,only_new,,isotope
ZI15TAN01,ch2kZI15TAN01,ZI15TAN01_SrCa_annual,paleoData.interpretation[4].scope,only_new,,isotope
ZI16ROD01,ch2kZI16ROD01,ZI16ROD01_SrCa,paleoData.interpretation[4].scope,only_new,,isotope
ZI16ROD02,ch2kZI16ROD02,ZI16ROD02_SrCa,paleoData.interpretation[4].scope,only_new,,isotope
AB08MEN01,ch2kAB08MEN01,AB08MEN01_d18O,paleoData.interpretation[5].scope,only_new,,isotope
AB15BHB01,ch2kAB15BHB01,AB15BHB01_d18O,paleoData.interpretation[5].scope,only_new,,isotope
AB20MEN01,ch2kAB20MEN01,AB20MEN01_d18O,paleoData.interpretation[5].scope,only_new,,isotope
AB20MEN02,ch2kAB20MEN02,AB20MEN02_d18O,paleoData.interpretation[5].scope,only_new,,isotope
AB20MEN03,ch2kAB20MEN03,AB20MEN03_d18O,paleoData.interpretation[5].scope,only_new,,isotope
AB20MEN04,ch2kAB20MEN04,AB20MEN04_d18O,paleoData.interpretation[5].scope,only_new,,isotope
AB20MEN05,ch2kAB20MEN05,AB20MEN05_d18O,paleoData.interpretation[5].scope,only_new,,isotope
AB20MEN06,ch2kAB20MEN06,AB20MEN06_d18O,paleoData.interpretation[5].scope,only_new,,isotope
AB20MEN07,ch2kAB20MEN07,AB20MEN07_d18O,paleoData.interpretation[5].scope,only_new,,isotope
AB20MEN08,ch2kAB20MEN08,AB20MEN08_d18O,paleoData.interpretation[5].scope,only_new,,isotope
AB20MEN09,ch2kAB20MEN09,AB20MEN09_d18O,paleoData.interpretation[5].scope,only_new,,isotope
AL16PUR01,ch2kAL16PUR01,AL16PUR01_SrCa,paleoData.interpretation[5].scope,only_new,,isotope
AL16PUR01,ch2kAL16PUR01,AL16PUR01_SrCaUncertainty,paleoData.interpretation[5].scope,only_new,,isotope
AL16PUR02,ch2kAL16PUR02,AL16PUR02_SrCa,paleoData.interpretation[5].scope,only_new,,isotope
AL16PUR02,ch2kAL16PUR02,AL16PUR02_SrCaUncertainty,paleoData.interpretation[5].scope,only_new,,isotope
AL16YUC01,ch2kAL16YUC01,AL16YUC01_SrCa,paleoData.interpretation[5].scope,only_new,,isotope
AL16YUC01,ch2kAL16YUC01,AL16YUC01_SrCaUncertainty,paleoData.interpretation[5].scope,only_new,,isotope
AS05GUA01,ch2kAS05GUA01,AS05GUA01_d18O,paleoData.interpretation[5].scope,only_new,,isotope
BA04FIJ01,ch2kBA04FIJ01,BA04FIJ01_SrCa,paleoData.interpretation[5].scope,only_new,,isotope
BA04FIJ01,ch2kBA04FIJ01,BA04FIJ01_d18O,paleoData.interpretation[5].scope,only_new,,isotope
BA04FIJ02,ch2kBA04FIJ02,BA04FIJ02_SrCa,paleoData.interpretation[5].scope,only_new,,isotope
BA04FIJ02,ch2kBA04FIJ02,BA04FIJ02_d18O,paleoData.interpretation[5].scope,only_new,,isotope
BO14HTI01,ch2kBO14HTI01,BO14HTI01_SrCa,paleoData.interpretation[5].scope,only_new,,isotope
BO14HTI01,ch2kBO14HTI01,BO14HTI01_SrCaUncertainty,paleoData.interpretation[5].scope,only_new,,isotope
BO14HTI01,ch2kBO14HTI01,BO14HTI01_d18O,paleoData.interpretation[5].scope,only_new,,isotope
BO14HTI02,ch2kBO14HTI02,BO14HTI02_SrCa,paleoData.interpretation[5].scope,only_new,,isotope
BO14HTI02,ch2kBO14HTI02,BO14HTI02_d18O,paleoData.interpretation[5].scope,only_new,,isotope
BO99MOO01,ch2kBO99MOO01,BO99MOO01_d18O,paleoData.interpretation[5].scope,only_new,,isotope
BR19RED01,ch2kBR19RED01,BR19RED01_SrCa,paleoData.interpretation[5].scope,only_new,,isotope
BR19RED01,ch2kBR19RED01,BR19RED01_SrCa_annual,paleoData.interpretation[5].scope,only_new,,isotope
CA07FLI01,ch2kCA07FLI01,CA07FLI01_SrCa,paleoData.interpretation[5].scope,only_new,,isotope
CA07FLI01,ch2kCA07FLI01,CA07FLI01_d18O,paleoData.interpretation[5].scope,only_new,,isotope
CA13DIA01,ch2kCA13DIA01,CA13DIA01_d18O,paleoData.interpretation[5].scope,only_new,,isotope
CA13PEL01,ch2kCA13PEL01,CA13PEL01_d18O,paleoData.interpretation[5].scope,only_new,,isotope
CA13SAP01,ch2kCA13SAP01,CA13SAP01_d18O,paleoData.interpretation[5].scope,only_new,,isotope
CA13TUR01,ch2kCA13TUR01,CA13TUR01_d18O,paleoData.interpretation[5].scope,only_new,,isotope
CA14BUT01,ch2kCA14BUT01,CA14BUT01_SrCa,paleoData.interpretation[5].scope,only_new,,isotope
CA14BUT01,ch2kCA14BUT01,CA14BUT01_d18O,paleoData.interpretation[5].scope,only_new,,isotope
CA14BUT01,ch2kCA14BUT01,CA14BUT01_d18O_sw,paleoData.interpretation[5].scope,only_new,,isotope
CA14TIM01,ch2kCA14TIM01,CA14TIM01_SrCa,paleoData.interpretation[5].scope,only_new,,isotope
CA14TIM01,ch2kCA14TIM01,CA14TIM01_d18O,paleoData.interpretation[5].scope,only_new,,isotope
CA14TIM01,ch2kCA14TIM01,CA14TIM01_d18O_sw,paleoData.interpretation[5].scope,only_new,,isotope
CH03BUN01,ch2kCH03BUN01,CH03BUN01_d18O,paleoData.interpretation[5].scope,only_new,,isotope
CH03LOM01,ch2kCH03LOM01,CH03LOM01_d18O,paleoData.interpretation[5].scope,only_new,,isotope
CH18YOA01,ch2kCH18YOA01,CH18YOA01_SrCa,paleoData.interpretation[5].scope,only_new,,isotope
CH18YOA02,ch2kCH18YOA02,CH18YOA02_SrCa,paleoData.interpretation[5].scope,only_new,,isotope
CH97BVB01,ch2kCH97BVB01,CH97BVB01_d18O,paleoData.interpretation[5].scope,only_new,,isotope
CH98PIR01,ch2kCH98PIR01,CH98PIR01_d18O,paleoData.interpretation[5].scope,only_new,,isotope
CO00MAL01,ch2kCO00MAL01,CO00MAL01_d18O,paleoData.interpretation[5].scope,only_new,,isotope
CO03PAL01,ch2kCO03PAL01,CO03PAL01_d18O,paleoData.interpretation[5].scope,only_new,,isotope
CO03PAL02,ch2kCO03PAL02,CO03PAL02_d18O,paleoData.interpretation[5].scope,only_new,,isotope
CO03PAL03,ch2kCO03PAL03,CO03PAL03_d18O,paleoData.interpretation[5].scope,only_new,,isotope
CO03PAL04,ch2kCO03PAL04,CO03PAL04_d18O,paleoData.interpretation[5].scope,only_new,,isotope
CO03PAL05,ch2kCO03PAL05,CO03PAL05_d18O,paleoData.interpretation[5].scope,only_new,,isotope
CO03PAL06,ch2kCO03PAL06,CO03PAL06_d18O,paleoData.interpretation[5].scope,only_new,,isotope
CO03PAL07,ch2kCO03PAL07,CO03PAL07_d18O,paleoData.interpretation[5].scope,only_new,,isotope
CO03PAL08,ch2kCO03PAL08,CO03PAL08_d18O,paleoData.interpretation[5].scope,only_new,,isotope
CO03PAL09,ch2kCO03PAL09,CO03PAL09_d18O,paleoData.interpretation[5].scope,only_new,,isotope
CO03PAL10,ch2kCO03PAL10,CO03PAL10_d18O,paleoData.interpretation[5].scope,only_new,,isotope
CO93TAR01,ch2kCO93TAR01,CO93TAR01_d18O,paleoData.interpretation[5].scope,only_new,,isotope
DA06MAF01,ch2kDA06MAF01,DA06MAF01_d18O,paleoData.interpretation[5].scope,only_new,,isotope
DA06MAF02,ch2kDA06MAF02,DA06MAF02_d18O,paleoData.interpretation[5].scope,only_new,,isotope
DE12ANC01,ch2kDE12ANC01,DE12ANC01_SrCa,paleoData.interpretation[5].scope,only_new,,isotope
DE13HAI01,ch2kDE13HAI01,DE13HAI01_SrCa,paleoData.interpretation[5].scope,only_new,,isotope
DE13HAI01,ch2kDE13HAI01,DE13HAI01_SrCa_annual,paleoData.interpretation[5].scope,only_new,,isotope
DE13HAI01,ch2kDE13HAI01,DE13HAI01_d18O,paleoData.interpretation[5].scope,only_new,,isotope
DE13HAI01,ch2kDE13HAI01,DE13HAI01_d18O_annual,paleoData.interpretation[5].scope,only_new,,isotope
DE13HAI01,ch2kDE13HAI01,DE13HAI01_d18O_sw,paleoData.interpretation[5].scope,only_new,,isotope
DE13HAI01,ch2kDE13HAI01,DE13HAI01_d18O_sw_annual,paleoData.interpretation[5].scope,only_new,,isotope
DE14DTO01,ch2kDE14DTO01,DE14DTO01_SrCa,paleoData.interpretation[5].scope,only_new,,isotope
DE14DTO02,ch2kDE14DTO02,DE14DTO02_SrCa,paleoData.interpretation[5].scope,only_new,,isotope
DE14DTO03,ch2kDE14DTO03,DE14DTO03_SrCa,paleoData.interpretation[5].scope,only_new,,isotope
DE14DTO04,ch2kDE14DTO04,DE14DTO04_SrCa,paleoData.interpretation[5].scope,only_new,,isotope
DE16RED01,ch2kDE16RED01,DE16RED01_SrCa,paleoData.interpretation[5].scope,only_new,,isotope
DO18DAV01,ch2kDO18DAV01,DO18DAV01_SrCa,paleoData.interpretation[5].scope,only_new,,isotope
DR00KSB01,ch2kDR00KSB01,DR00KSB01_d18O,paleoData.interpretation[5].scope,only_new,,isotope
DR00NBB01,ch2kDR00NBB01,DR00NBB01_d18O,paleoData.interpretation[5].scope,only_new,,isotope
DR99ABR01,ch2kDR99ABR01,DR99ABR01_d18O,paleoData.interpretation[5].scope,only_new,,isotope
DR99ABR01,ch2kDR99ABR01,DR99ABR01_d18O_annual,paleoData.interpretation[5].scope,only_new,,isotope
DU94URV01,ch2kDU94URV01,DU94URV01_d18O,paleoData.interpretation[5].scope,only_new,,isotope
DU94URV01,ch2kDU94URV01,DU94URV01_d18O_annual,paleoData.interpretation[5].scope,only_new,,isotope
DU94URV02,ch2kDU94URV02,DU94URV02_d18O,paleoData.interpretation[5].scope,only_new,,isotope
DU94URV02,ch2kDU94URV02,DU94URV02_d18O_annual,paleoData.interpretation[5].scope,only_new,,isotope
EV18ROC01,ch2kEV18ROC01,EV18ROC01_SrCa,paleoData.interpretation[5].scope,only_new,,isotope
EV18ROC01,ch2kEV18ROC01,EV18ROC01_SrCa_annual,paleoData.interpretation[5].scope,only_new,,isotope
EV98KIR01,ch2kEV98KIR01,EV98KIR01_d18O,paleoData.interpretation[5].scope,only_new,,isotope
FE09OGA01,ch2kFE09OGA01,FE09OGA01_SrCa,paleoData.interpretation[5].scope,only_new,,isotope
FE09OGA01,ch2kFE09OGA01,FE09OGA01_SrCa_annual,paleoData.interpretation[5].scope,only_new,,isotope
FE09OGA01,ch2kFE09OGA01,FE09OGA01_d18O,paleoData.interpretation[5].scope,only_new,,isotope
FE09OGA01,ch2kFE09OGA01,FE09OGA01_d18O_annual,paleoData.interpretation[5].scope,only_new,,isotope
FE09OGA01,ch2kFE09OGA01,FE09OGA01_d18O_sw_annual,paleoData.interpretation[5].scope,only_new,,isotope
FE18RUS01,ch2kFE18RUS01,FE18RUS01_SrCa,paleoData.interpretation[5].scope,only_new,,isotope
FE18RUS01,ch2kFE18RUS01,FE18RUS01_SrCa_annual,paleoData.interpretation[5].scope,only_new,,isotope
FE18RUS01,ch2kFE18RUS01,FE18RUS01_d18O,paleoData.interpretation[5].scope,only_new,,isotope
FE18RUS01,ch2kFE18RUS01,FE18RUS01_d18O_annual,paleoData.interpretation[5].scope,only_new,,isotope
FE18RUS01,ch2kFE18RUS01,FE18RUS01_d18O_sw_annual,paleoData.interpretation[5].scope,only_new,,isotope
FL17DTO01,ch2kFL17DTO01,FL17DTO01_SrCa,paleoData.interpretation[5].scope,only_new,,isotope
FL17DTO01,ch2kFL17DTO01,FL17DTO01_SrCa_annual,paleoData.interpretation[5].scope,only_new,,isotope
FL17DTO02,ch2kFL17DTO02,FL17DTO02_SrCa,paleoData.interpretation[5].scope,only_new,,isotope
FL17DTO02,ch2kFL17DTO02,FL17DTO02_SrCa_annual,paleoData.interpretation[5].scope,only_new,,isotope
FL18DTO01,ch2kFL18DTO01,FL18DTO01_SrCa,paleoData.interpretation[5].scope,only_new,,isotope
FL18DTO02,ch2kFL18DTO02,FL18DTO02_SrCa,paleoData.interpretation[5].scope,only_new,,isotope
FL18DTO03,ch2kFL18DTO03,FL18DTO03_SrCa,paleoData.interpretation[5].scope,only_new,,isotope
FL18DTO04,ch2kFL18DTO04,FL18DTO04_SrCa,paleoData.interpretation[5].scope,only_new,,isotope
GO08BER01,ch2kGO08BER01,GO08BER01_SrCa,paleoData.interpretation[5].scope,only_new,,isotope
GO08BER01,ch2kGO08BER01,GO08BER01_SrCaUncertainty,paleoData.interpretation[5].scope,only_new,,isotope
GO08BER01,ch2kGO08BER01,GO08BER01_SrCa_annual,paleoData.interpretation[5].scope,only_new,,isotope
GO08BER01,ch2kGO08BER01,GO08BER01_d18O,paleoData.interpretation[5].scope,only_new,,isotope
GO08BER01,ch2kGO08BER01,GO08BER01_d18OUncertainty,paleoData.interpretation[5].scope,only_new,,isotope
GO08BER01,ch2kGO08BER01,GO08BER01_d18O_annual,paleoData.interpretation[5].scope,only_new,,isotope
GO12SBV01,ch2kGO12SBV01,GO12SBV01_SrCa,paleoData.interpretation[5].scope,only_new,,isotope
GO12SBV01,ch2kGO12SBV01,GO12SBV01_d18O,paleoData.interpretation[5].scope,only_new,,isotope
GR13MAD01,ch2kGR13MAD01,GR13MAD01_SrCa,paleoData.interpretation[5].scope,only_new,,isotope
GR13MAD02,ch2kGR13MAD02,GR13MAD02_SrCa,paleoData.interpretation[5].scope,only_new,,isotope
GU99NAU01,ch2kGU99NAU01,GU99NAU01_d18O,paleoData.interpretation[5].scope,only_new,,isotope
GU99NAU02,ch2kGU99NAU02,GU99NAU02_d18O,paleoData.interpretation[5].scope,only_new,,isotope
HE02GBR01,ch2kHE02GBR01,HE02GBR01_SrCa,paleoData.interpretation[5].scope,only_new,,isotope
HE02GBR01,ch2kHE02GBR01,HE02GBR01_d18O,paleoData.interpretation[5].scope,only_new,,isotope
HE02GBR01,ch2kHE02GBR01,HE02GBR01_d18O_sw,paleoData.interpretation[5].scope,only_new,,isotope
HE08LRA01,ch2kHE08LRA01,HE08LRA01_d18O,paleoData.interpretation[5].scope,only_new,,isotope
HE10GUA01,ch2kHE10GUA01,HE10GUA01_SrCa,paleoData.interpretation[5].scope,only_new,,isotope
HE10GUA01,ch2kHE10GUA01,HE10GUA01_SrCa_annual,paleoData.interpretation[5].scope,only_new,,isotope
HE10GUA01,ch2kHE10GUA01,HE10GUA01_d18O,paleoData.interpretation[5].scope,only_new,,isotope
HE10GUA01,ch2kHE10GUA01,HE10GUA01_d18O_annual,paleoData.interpretation[5].scope,only_new,,isotope
HE13MIS01,ch2kHE13MIS01,HE13MIS01_SrCa,paleoData.interpretation[5].scope,only_new,,isotope
HE13MIS01,ch2kHE13MIS01,HE13MIS01_d18O,paleoData.interpretation[5].scope,only_new,,isotope
HE13MIS02,ch2kHE13MIS02,HE13MIS02_SrCa,paleoData.interpretation[5].scope,only_new,,isotope
HE13MIS02,ch2kHE13MIS02,HE13MIS02_d18O,paleoData.interpretation[5].scope,only_new,,isotope
HE18COC01,ch2kHE18COC01,HE18COC01_SrCa,paleoData.interpretation[5].scope,only_new,,isotope
HE18COC01,ch2kHE18COC01,HE18COC01_d18O,paleoData.interpretation[5].scope,only_new,,isotope
HE18COC01,ch2kHE18COC01,HE18COC01_d18O_sw,paleoData.interpretation[5].scope,only_new,,isotope
HE18COC02,ch2kHE18COC02,HE18COC02_SrCa,paleoData.interpretation[5].scope,only_new,,isotope
HE18COC02,ch2kHE18COC02,HE18COC02_d18O,paleoData.interpretation[5].scope,only_new,,isotope
HE18COC02,ch2kHE18COC02,HE18COC02_d18O_sw,paleoData.interpretation[5].scope,only_new,,isotope
JI18GAL01,ch2kJI18GAL01,JI18GAL01_SrCa,paleoData.interpretation[5].scope,only_new,,isotope
JI18GAL02,ch2kJI18GAL02,JI18GAL02_SrCa,paleoData.interpretation[5].scope,only_new,,isotope
KA17RYU01,ch2kKA17RYU01,KA17RYU01_SrCa,paleoData.interpretation[5].scope,only_new,,isotope
KI04MCV01,ch2kKI04MCV01,KI04MCV01_SrCa,paleoData.interpretation[5].scope,only_new,,isotope
KI04MCV01,ch2kKI04MCV01,KI04MCV01_d18O,paleoData.interpretation[5].scope,only_new,,isotope
KI08PAR01,ch2kKI08PAR01,KI08PAR01_SrCa,paleoData.interpretation[5].scope,only_new,,isotope
KI08PAR01,ch2kKI08PAR01,KI08PAR01_SrCa_annual,paleoData.interpretation[5].scope,only_new,,isotope
KI08PAR01,ch2kKI08PAR01,KI08PAR01_d18O,paleoData.interpretation[5].scope,only_new,,isotope
KI08PAR01,ch2kKI08PAR01,KI08PAR01_d18O_annual,paleoData.interpretation[5].scope,only_new,,isotope
KI14PAR01,ch2kKI14PAR01,KI14PAR01_SrCa,paleoData.interpretation[5].scope,only_new,,isotope
KI14PAR01,ch2kKI14PAR01,KI14PAR01_SrCa_annual,paleoData.interpretation[5].scope,only_new,,isotope
KI14PAR01,ch2kKI14PAR01,KI14PAR01_d18O,paleoData.interpretation[5].scope,only_new,,isotope
KI14PAR01,ch2kKI14PAR01,KI14PAR01_d18O_annual,paleoData.interpretation[5].scope,only_new,,isotope
KI14PAR01,ch2kKI14PAR01,KI14PAR01_d18O_sw,paleoData.interpretation[5].scope,only_new,,isotope
KI14PAR01,ch2kKI14PAR01,KI14PAR01_d18O_sw_annual,paleoData.interpretation[5].scope,only_new,,isotope
KL97DAH01,ch2kKL97DAH01,KL97DAH01_d18O,paleoData.interpretation[5].scope,only_new,,isotope
KR20SAR01,ch2kKR20SAR01,KR20SAR01_SrCa,paleoData.interpretation[5].scope,only_new,,isotope
KR20SAR01,ch2kKR20SAR01,KR20SAR01_d18O,paleoData.interpretation[5].scope,only_new,,isotope
KR20SAR01,ch2kKR20SAR01,KR20SAR01_d18O_sw,paleoData.interpretation[5].scope,only_new,,isotope
KR20SAR02,ch2kKR20SAR02,KR20SAR02_SrCa,paleoData.interpretation[5].scope,only_new,,isotope
KR20SAR02,ch2kKR20SAR02,KR20SAR02_d18O,paleoData.interpretation[5].scope,only_new,,isotope
KR20SAR02,ch2kKR20SAR02,KR20SAR02_d18O_sw,paleoData.interpretation[5].scope,only_new,,isotope
KU00NIN01,ch2kKU00NIN01,KU00NIN01_d18O,paleoData.interpretation[5].scope,only_new,,isotope
KU99HOU01,ch2kKU99HOU01,KU99HOU01_d18O,paleoData.interpretation[5].scope,only_new,,isotope
LI00RAR01,ch2kLI00RAR01,LI00RAR01_SrCa,paleoData.interpretation[5].scope,only_new,,isotope
LI00RAR01,ch2kLI00RAR01,LI00RAR01_d18O,paleoData.interpretation[5].scope,only_new,,isotope
LI00RAR01,ch2kLI00RAR01,LI00RAR01_d18O_sw,paleoData.interpretation[5].scope,only_new,,isotope
LI04FIJ01,ch2kLI04FIJ01,LI04FIJ01_SrCa,paleoData.interpretation[5].scope,only_new,,isotope
LI04FIJ01,ch2kLI04FIJ01,LI04FIJ01_d18O,paleoData.interpretation[5].scope,only_new,,isotope
LI04FIJ01,ch2kLI04FIJ01,LI04FIJ01_d18O_sw,paleoData.interpretation[5].scope,only_new,,isotope
LI06FIJ01,ch2kLI06FIJ01,LI06FIJ01_d18O,paleoData.interpretation[5].scope,only_new,,isotope
LI06RAR01,ch2kLI06RAR01,LI06RAR01_d18O,paleoData.interpretation[5].scope,only_new,,isotope
LI06RAR02,ch2kLI06RAR02,LI06RAR02_d18O,paleoData.interpretation[5].scope,only_new,,isotope
LI94SEC01,ch2kLI94SEC01,LI94SEC01_d18O,paleoData.interpretation[5].scope,only_new,,isotope
LI99CLI01,ch2kLI99CLI01,LI99CLI01_d18O,paleoData.interpretation[5].scope,only_new,,isotope
MA08DTO01,ch2kMA08DTO01,MA08DTO01_SrCa,paleoData.interpretation[5].scope,only_new,,isotope
MA08DTO01,ch2kMA08DTO01,MA08DTO01_d18O,paleoData.interpretation[5].scope,only_new,,isotope
MC04PNG01,ch2kMC04PNG01,MC04PNG01_d18O,paleoData.interpretation[5].scope,only_new,,isotope
MC11KIR01,ch2kMC11KIR01,MC11KIR01_d18O,paleoData.interpretation[5].scope,only_new,,isotope
MO06PED01,ch2kMO06PED01,MO06PED01_d18O,paleoData.interpretation[5].scope,only_new,,isotope
MO20KOI01,ch2kMO20KOI01,MO20KOI01_SrCa,paleoData.interpretation[5].scope,only_new,,isotope
MO20KOI01,ch2kMO20KOI01,MO20KOI01_d18O,paleoData.interpretation[5].scope,only_new,,isotope
MO20KOI01,ch2kMO20KOI01,MO20KOI01_d18O_sw,paleoData.interpretation[5].scope,only_new,,isotope
MO20WOA01,ch2kMO20WOA01,MO20WOA01_SrCa,paleoData.interpretation[5].scope,only_new,,isotope
MO20WOA01,ch2kMO20WOA01,MO20WOA01_d18O,paleoData.interpretation[5].scope,only_new,,isotope
MO20WOA01,ch2kMO20WOA01,MO20WOA01_d18O_sw,paleoData.interpretation[5].scope,only_new,,isotope
MU17DOA01,ch2kMU17DOA01,MU17DOA01_d18O,paleoData.interpretation[5].scope,only_new,,isotope
MU18GSI01,ch2kMU18GSI01,MU18GSI01_SrCa,paleoData.interpretation[5].scope,only_new,,isotope
MU18GSI01,ch2kMU18GSI01,MU18GSI01_d18O,paleoData.interpretation[5].scope,only_new,,isotope
MU18NPI01,ch2kMU18NPI01,MU18NPI01_SrCa,paleoData.interpretation[5].scope,only_new,,isotope
MU18NPI01,ch2kMU18NPI01,MU18NPI01_d18O,paleoData.interpretation[5].scope,only_new,,isotope
MU18RED01,ch2kMU18RED01,MU18RED01_SrCa,paleoData.interpretation[5].scope,only_new,,isotope
MU18RED02,ch2kMU18RED02,MU18RED02_SrCa,paleoData.interpretation[5].scope,only_new,,isotope
MU18RED03,ch2kMU18RED03,MU18RED03_SrCa,paleoData.interpretation[5].scope,only_new,,isotope
MU18RED04,ch2kMU18RED04,MU18RED04_SrCa,paleoData.interpretation[5].scope,only_new,,isotope
MU18RED04,ch2kMU18RED04,MU18RED04_SrCa_annual,paleoData.interpretation[5].scope,only_new,,isotope
NA09MAL01,ch2kNA09MAL01,NA09MAL01_d18O,paleoData.interpretation[5].scope,only_new,,isotope
NU09FAN01,ch2kNU09FAN01,NU09FAN01_SrCa,paleoData.interpretation[5].scope,only_new,,isotope
NU09FAN01,ch2kNU09FAN01,NU09FAN01_d18O,paleoData.interpretation[5].scope,only_new,,isotope
NU09FAN01,ch2kNU09FAN01,NU09FAN01_d18O_sw,paleoData.interpretation[5].scope,only_new,,isotope
NU09KIR01,ch2kNU09KIR01,NU09KIR01_SrCa,paleoData.interpretation[5].scope,only_new,,isotope
NU09KIR01,ch2kNU09KIR01,NU09KIR01_d18O,paleoData.interpretation[5].scope,only_new,,isotope
NU09KIR01,ch2kNU09KIR01,NU09KIR01_d18O_sw,paleoData.interpretation[5].scope,only_new,,isotope
NU11PAL01,ch2kNU11PAL01,NU11PAL01_SrCa,paleoData.interpretation[5].scope,only_new,,isotope
NU11PAL01,ch2kNU11PAL01,NU11PAL01_d18O,paleoData.interpretation[5].scope,only_new,,isotope
NU11PAL01,ch2kNU11PAL01,NU11PAL01_d18O_sw,paleoData.interpretation[5].scope,only_new,,isotope
OS13NGP01,ch2kOS13NGP01,OS13NGP01_d18O,paleoData.interpretation[5].scope,only_new,,isotope
OS13NLP01,ch2kOS13NLP01,OS13NLP01_d18O,paleoData.interpretation[5].scope,only_new,,isotope
OS14RIP01,ch2kOS14RIP01,OS14RIP01_d18O,paleoData.interpretation[5].scope,only_new,,isotope
OS14UCP01,ch2kOS14UCP01,OS14UCP01_d18O,paleoData.interpretation[5].scope,only_new,,isotope
PF04PBA01,ch2kPF04PBA01,PF04PBA01_d18O,paleoData.interpretation[5].scope,only_new,,isotope
PF19LAR01,ch2kPF19LAR01,PF19LAR01_SrCa,paleoData.interpretation[5].scope,only_new,,isotope
PF19LAR01,ch2kPF19LAR01,PF19LAR01_d18O,paleoData.interpretation[5].scope,only_new,,isotope
QU06RAB01,ch2kQU06RAB01,QU06RAB01_SrCa,paleoData.interpretation[5].scope,only_new,,isotope
QU06RAB01,ch2kQU06RAB01,QU06RAB01_d18O,paleoData.interpretation[5].scope,only_new,,isotope
QU96ESV01,ch2kQU96ESV01,QU96ESV01_d18O,paleoData.interpretation[5].scope,only_new,,isotope
RA19PAI01,ch2kRA19PAI01,RA19PAI01_SrCa,paleoData.interpretation[5].scope,only_new,,isotope
RA19PAI01,ch2kRA19PAI01,RA19PAI01_d18O,paleoData.interpretation[5].scope,only_new,,isotope
RA20TAI01,ch2kRA20TAI01,RA20TAI01_SrCa,paleoData.interpretation[5].scope,only_new,,isotope
RA20TAI01,ch2kRA20TAI01,RA20TAI01_d18O,paleoData.interpretation[5].scope,only_new,,isotope
RE18CAY01,ch2kRE18CAY01,RE18CAY01_SrCa,paleoData.interpretation[5].scope,only_new,,isotope
RE18CAY01,ch2kRE18CAY01,RE18CAY01_SrCa_annual,paleoData.interpretation[5].scope,only_new,,isotope
RE18CAY01,ch2kRE18CAY01,RE18CAY01_d18O,paleoData.interpretation[5].scope,only_new,,isotope
RE18CAY01,ch2kRE18CAY01,RE18CAY01_d18O_annual,paleoData.interpretation[5].scope,only_new,,isotope
RE18CAY01,ch2kRE18CAY01,RE18CAY01_d18O_sw_annual,paleoData.interpretation[5].scope,only_new,,isotope
RE19GBR01,ch2kRE19GBR01,RE19GBR01_SrCa,paleoData.interpretation[5].scope,only_new,,isotope
RE19GBR01,ch2kRE19GBR01,RE19GBR01_d18O,paleoData.interpretation[5].scope,only_new,,isotope
RE19GBR02,ch2kRE19GBR02,RE19GBR02_SrCa,paleoData.interpretation[5].scope,only_new,,isotope
RE19GBR02,ch2kRE19GBR02,RE19GBR02_d18O,paleoData.interpretation[5].scope,only_new,,isotope
RE19GBR03,ch2kRE19GBR03,RE19GBR03_SrCa,paleoData.interpretation[5].scope,only_new,,isotope
RE19GBR03,ch2kRE19GBR03,RE19GBR03_d18O,paleoData.interpretation[5].scope,only_new,,isotope
RE19GBR04,ch2kRE19GBR04,RE19GBR04_SrCa,paleoData.interpretation[5].scope,only_new,,isotope
RE19GBR05,ch2kRE19GBR05,RE19GBR05_SrCa,paleoData.interpretation[5].scope,only_new,,isotope
RI10PBL01,ch2kRI10PBL01,RI10PBL01_d18O,paleoData.interpretation[5].scope,only_new,,isotope
RO19MAR01,ch2kRO19MAR01,RO19MAR01_SrCa,paleoData.interpretation[5].scope,only_new,,isotope
RO19PAR01,ch2kRO19PAR01,RO19PAR01_SrCa,paleoData.interpretation[5].scope,only_new,,isotope
RO19YUC01,ch2kRO19YUC01,RO19YUC01_SrCa,paleoData.interpretation[5].scope,only_new,,isotope
RO19YUC01,ch2kRO19YUC01,RO19YUC01_SrCaUncertainty,paleoData.interpretation[5].scope,only_new,,isotope
RO19YUC01,ch2kRO19YUC01,RO19YUC01_SrCa_annual,paleoData.interpretation[5].scope,only_new,,isotope
SA16CLA01,ch2kSA16CLA01,SA16CLA01_d18O,paleoData.interpretation[5].scope,only_new,,isotope
SA18GBR01,ch2kSA18GBR01,SA18GBR01_SrCa,paleoData.interpretation[5].scope,only_new,,isotope
SA19PAL01,ch2kSA19PAL01,SA19PAL01_SrCa,paleoData.interpretation[5].scope,only_new,,isotope
SA19PAL01,ch2kSA19PAL01,SA19PAL01_d18O,paleoData.interpretation[5].scope,only_new,,isotope
SA19PAL02,ch2kSA19PAL02,SA19PAL02_SrCa,paleoData.interpretation[5].scope,only_new,,isotope
SA19PAL02,ch2kSA19PAL02,SA19PAL02_d18O,paleoData.interpretation[5].scope,only_new,,isotope
SA20FAN01,ch2kSA20FAN01,SA20FAN01_d18O,paleoData.interpretation[5].scope,only_new,,isotope
SA20FAN02,ch2kSA20FAN02,SA20FAN02_d18O,paleoData.interpretation[5].scope,only_new,,isotope
SH92PUN01,ch2kSH92PUN01,SH92PUN01_d18O,paleoData.interpretation[5].scope,only_new,,isotope
SM06LKF01,ch2kSM06LKF01,SM06LKF01_SrCa,paleoData.interpretation[5].scope,only_new,,isotope
SM06LKF01,ch2kSM06LKF01,SM06LKF01_d18O,paleoData.interpretation[5].scope,only_new,,isotope
SM06LKF02,ch2kSM06LKF02,SM06LKF02_SrCa,paleoData.interpretation[5].scope,only_new,,isotope
SM06LKF02,ch2kSM06LKF02,SM06LKF02_d18O,paleoData.interpretation[5].scope,only_new,,isotope
ST13MAL01,ch2kST13MAL01,ST13MAL01_SrCa,paleoData.interpretation[5].scope,only_new,,isotope
ST13MAL01,ch2kST13MAL01,ST13MAL01_d18O,paleoData.interpretation[5].scope,only_new,,isotope
SW98STP01,ch2kSW98STP01,SW98STP01_d18O,paleoData.interpretation[5].scope,only_new,,isotope
SW99LIG01,ch2kSW99LIG01,SW99LIG01_d18O,paleoData.interpretation[5].scope,only_new,,isotope
SW99LIG02,ch2kSW99LIG02,SW99LIG02_d18O,paleoData.interpretation[5].scope,only_new,,isotope
TA18TAS01,ch2kTA18TAS01,TA18TAS01_d18O,paleoData.interpretation[5].scope,only_new,,isotope
TU01DEP01,ch2kTU01DEP01,TU01DEP01_d18O,paleoData.interpretation[5].scope,only_new,,isotope
TU01LAI01,ch2kTU01LAI01,TU01LAI01_d18O,paleoData.interpretation[5].scope,only_new,,isotope
TU01SIA01,ch2kTU01SIA01,TU01SIA01_d18O,paleoData.interpretation[5].scope,only_new,,isotope
TU95MAD01,ch2kTU95MAD01,TU95MAD01_d18O,paleoData.interpretation[5].scope,only_new,,isotope
UR00MAI01,ch2kUR00MAI01,UR00MAI01_d18O,paleoData.interpretation[5].scope,only_new,,isotope
WA17BAN01,ch2kWA17BAN01,WA17BAN01_SrCa,paleoData.interpretation[5].scope,only_new,,isotope
WA17BAN01,ch2kWA17BAN01,WA17BAN01_d18O,paleoData.interpretation[5].scope,only_new,,isotope
WE09ARR01,ch2kWE09ARR01,WE09ARR01_SrCa,paleoData.interpretation[5].scope,only_new,,isotope
WE09ARR01,ch2kWE09ARR01,WE09ARR01_d18O,paleoData.interpretation[5].scope,only_new,,isotope
WU13TON01,ch2kWU13TON01,WU13TON01_SrCa,paleoData.interpretation[5].scope,only_new,,isotope
WU13TON01,ch2kWU13TON01,WU13TON01_SrCa_annual,paleoData.interpretation[5].scope,only_new,,isotope
WU13TON01,ch2kWU13TON01,WU13TON01_d18O,paleoData.interpretation[5].scope,only_new,,isotope
WU13TON01,ch2kWU13TON01,WU13TON01_d18O_annual,paleoData.interpretation[5].scope,only_new,,isotope
WU14CLI01,ch2kWU14CLI01,WU14CLI01_SrCa,paleoData.interpretation[5].scope,only_new,,isotope
WU14CLI01,ch2kWU14CLI01,WU14CLI01_d18O,paleoData.interpretation[5].scope,only_new,,isotope
WU14CLI01,ch2kWU14CLI01,WU14CLI01_d18O_sw,paleoData.interpretation[5].scope,only_new,,isotope
XI17HAI01,ch2kXI17HAI01,XI17HAI01_SrCa,paleoData.interpretation[5].scope,only_new,,isotope
XI17HAI01,ch2kXI17HAI01,XI17HAI01_SrCa_annual,paleoData.interpretation[5].scope,only_new,,isotope
XI17HAI01,ch2kXI17HAI01,XI17HAI01_d18O,paleoData.interpretation[5].scope,only_new,,isotope
XI17HAI01,ch2kXI17HAI01,XI17HAI01_d18O_annual,paleoData.interpretation[5].scope,only_new,,isotope
XI17HAI01,ch2kXI17HAI01,XI17HAI01_d18O_sw,paleoData.interpretation[5].scope,only_new,,isotope
XI17HAI01,ch2kXI17HAI01,XI17HAI01_d18O_sw_annual,paleoData.interpretation[5].scope,only_new,,isotope
XU15BVI01,ch2kXU15BVI01,XU15BVI01_SrCa,paleoData.interpretation[5].scope,only_new,,isotope
XU15BVI02,ch2kXU15BVI02,XU15BVI02_SrCa,paleoData.interpretation[5].scope,only_new,,isotope
XU15BVI03,ch2kXU15BVI03,XU15BVI03_SrCa,paleoData.interpretation[5].scope,only_new,,isotope
ZI04IFR01,ch2kZI04IFR01,ZI04IFR01_SrCa,paleoData.interpretation[5].scope,only_new,,isotope
ZI04IFR01,ch2kZI04IFR01,ZI04IFR01_d18O,paleoData.interpretation[5].scope,only_new,,isotope
ZI08MAY01,ch2kZI08MAY01,ZI08MAY01_SrCa,paleoData.interpretation[5].scope,only_new,,isotope
ZI08MAY01,ch2kZI08MAY01,ZI08MAY01_d18O,paleoData.interpretation[5].scope,only_new,,isotope
ZI08MAY01,ch2kZI08MAY01,ZI08MAY01_d18O_sw,paleoData.interpretation[5].scope,only_new,,isotope
ZI14HOU01,ch2kZI14HOU01,ZI14HOU01_SrCa,paleoData.interpretation[5].scope,only_new,,isotope
ZI14HOU01,ch2kZI14HOU01,ZI14HOU01_SrCa_annual,paleoData.interpretation[5].scope,only_new,,isotope
ZI14HOU01,ch2kZI14HOU01,ZI14HOU01_d18O,paleoData.interpretation[5].scope,only_new,,isotope
ZI14HOU01,ch2kZI14HOU01,ZI14HOU01_d18O_annual,paleoData.interpretation[5].scope,only_new,,isotope
ZI14IFR02,ch2kZI14IFR02,ZI14IFR02_d18O,paleoData.interpretation[5].scope,only_new,,isotope
ZI14IFR02,ch2kZI14IFR02,ZI14IFR02_d18O_annual,paleoData.interpretation[5].scope,only_new,,isotope
ZI14TUR01,ch2kZI14TUR01,ZI14TUR01_d18O,paleoData.interpretation[5].scope,only_new,,isotope
ZI14TUR01,ch2kZI14TUR01,ZI14TUR01_d18O_annual,paleoData.interpretation[5].scope,only_new,,isotope
ZI15BUN01,ch2kZI15BUN01,ZI15BUN01_SrCa,paleoData.interpretation[5].scope,only_new,,isotope
ZI15BUN01,ch2kZI15BUN01,ZI15BUN01_SrCa_annual,paleoData.interpretation[5].scope,only_new,,isotope
ZI15CLE01,ch2kZI15CLE01,ZI15CLE01_SrCa,paleoData.interpretation[5].scope,only_new,,isotope
ZI15CLE01,ch2kZI15CLE01,ZI15CLE01_SrCa_annual,paleoData.interpretation[5].scope,only_new,,isotope
ZI15IMP01,ch2kZI15IMP01,ZI15IMP01_SrCa,paleoData.interpretation[5].scope,only_new,,isotope
ZI15IMP01,ch2kZI15IMP01,ZI15IMP01_SrCa_annual,paleoData.interpretation[5].scope,only_new,,isotope
ZI15IMP02,ch2kZI15IMP02,ZI15IMP02_SrCa,paleoData.interpretation[5].scope,only_new,,isotope
ZI15IMP02,ch2kZI15IMP02,ZI15IMP02_SrCa_annual,paleoData.interpretation[5].scope,only_new,,isotope
ZI15MER01,ch2kZI15MER01,ZI15MER01_SrCa,paleoData.interpretation[5].scope,only_new,,isotope
ZI15MER01,ch2kZI15MER01,ZI15MER01_SrCa_annual,paleoData.interpretation[5].scope,only_new,,isotope
ZI15TAN01,ch2kZI15TAN01,ZI15TAN01_SrCa,paleoData.interpretation[5].scope,only_new,,isotope
ZI15TAN01,ch2kZI15TAN01,ZI15TAN01_SrCa_annual,paleoData.interpretation[5].scope,only_new,,isotope
ZI16ROD01,ch2kZI16ROD01,ZI16ROD01_SrCa,paleoData.interpretation[5].scope,only_new,,isotope
ZI16ROD02,ch2kZI16ROD02,ZI16ROD02_SrCa,paleoData.interpretation[5].scope,only_new,,isotope
AB08MEN01,ch2kAB08MEN01,AB08MEN01_d18O,paleoData.interpretation[6].scope,only_new,,isotope
AB15BHB01,ch2kAB15BHB01,AB15BHB01_d18O,paleoData.interpretation[6].scope,only_new,,isotope
AB20MEN01,ch2kAB20MEN01,AB20MEN01_d18O,paleoData.interpretation[6].scope,only_new,,isotope
AB20MEN02,ch2kAB20MEN02,AB20MEN02_d18O,paleoData.interpretation[6].scope,only_new,,isotope
AB20MEN03,ch2kAB20MEN03,AB20MEN03_d18O,paleoData.interpretation[6].scope,only_new,,isotope
AB20MEN04,ch2kAB20MEN04,AB20MEN04_d18O,paleoData.interpretation[6].scope,only_new,,isotope
AB20MEN05,ch2kAB20MEN05,AB20MEN05_d18O,paleoData.interpretation[6].scope,only_new,,isotope
AB20MEN06,ch2kAB20MEN06,AB20MEN06_d18O,paleoData.interpretation[6].scope,only_new,,isotope
AB20MEN07,ch2kAB20MEN07,AB20MEN07_d18O,paleoData.interpretation[6].scope,only_new,,isotope
AB20MEN08,ch2kAB20MEN08,AB20MEN08_d18O,paleoData.interpretation[6].scope,only_new,,isotope
AB20MEN09,ch2kAB20MEN09,AB20MEN09_d18O,paleoData.interpretation[6].scope,only_new,,isotope
AL16PUR01,ch2kAL16PUR01,AL16PUR01_SrCa,paleoData.interpretation[6].scope,only_new,,isotope
AL16PUR01,ch2kAL16PUR01,AL16PUR01_SrCaUncertainty,paleoData.interpretation[6].scope,only_new,,isotope
AL16PUR02,ch2kAL16PUR02,AL16PUR02_SrCa,paleoData.interpretation[6].scope,only_new,,isotope
AL16PUR02,ch2kAL16PUR02,AL16PUR02_SrCaUncertainty,paleoData.interpretation[6].scope,only_new,,isotope
AL16YUC01,ch2kAL16YUC01,AL16YUC01_SrCa,paleoData.interpretation[6].scope,only_new,,isotope
AL16YUC01,ch2kAL16YUC01,AL16YUC01_SrCaUncertainty,paleoData.interpretation[6].scope,only_new,,isotope
AS05GUA01,ch2kAS05GUA01,AS05GUA01_d18O,paleoData.interpretation[6].scope,only_new,,isotope
BA04FIJ01,ch2kBA04FIJ01,BA04FIJ01_SrCa,paleoData.interpretation[6].scope,only_new,,isotope
BA04FIJ01,ch2kBA04FIJ01,BA04FIJ01_d18O,paleoData.interpretation[6].scope,only_new,,isotope
BA04FIJ02,ch2kBA04FIJ02,BA04FIJ02_SrCa,paleoData.interpretation[6].scope,only_new,,isotope
BA04FIJ02,ch2kBA04FIJ02,BA04FIJ02_d18O,paleoData.interpretation[6].scope,only_new,,isotope
BO14HTI01,ch2kBO14HTI01,BO14HTI01_SrCa,paleoData.interpretation[6].scope,only_new,,isotope
BO14HTI01,ch2kBO14HTI01,BO14HTI01_SrCaUncertainty,paleoData.interpretation[6].scope,only_new,,isotope
BO14HTI01,ch2kBO14HTI01,BO14HTI01_d18O,paleoData.interpretation[6].scope,only_new,,isotope
BO14HTI02,ch2kBO14HTI02,BO14HTI02_SrCa,paleoData.interpretation[6].scope,only_new,,isotope
BO14HTI02,ch2kBO14HTI02,BO14HTI02_d18O,paleoData.interpretation[6].scope,only_new,,isotope
BO99MOO01,ch2kBO99MOO01,BO99MOO01_d18O,paleoData.interpretation[6].scope,only_new,,isotope
BR19RED01,ch2kBR19RED01,BR19RED01_SrCa,paleoData.interpretation[6].scope,only_new,,isotope
BR19RED01,ch2kBR19RED01,BR19RED01_SrCa_annual,paleoData.interpretation[6].scope,only_new,,isotope
CA07FLI01,ch2kCA07FLI01,CA07FLI01_SrCa,paleoData.interpretation[6].scope,only_new,,isotope
CA07FLI01,ch2kCA07FLI01,CA07FLI01_d18O,paleoData.interpretation[6].scope,only_new,,isotope
CA13DIA01,ch2kCA13DIA01,CA13DIA01_d18O,paleoData.interpretation[6].scope,only_new,,isotope
CA13PEL01,ch2kCA13PEL01,CA13PEL01_d18O,paleoData.interpretation[6].scope,only_new,,isotope
CA13SAP01,ch2kCA13SAP01,CA13SAP01_d18O,paleoData.interpretation[6].scope,only_new,,isotope
CA13TUR01,ch2kCA13TUR01,CA13TUR01_d18O,paleoData.interpretation[6].scope,only_new,,isotope
CA14BUT01,ch2kCA14BUT01,CA14BUT01_SrCa,paleoData.interpretation[6].scope,only_new,,isotope
CA14BUT01,ch2kCA14BUT01,CA14BUT01_d18O,paleoData.interpretation[6].scope,only_new,,isotope
CA14BUT01,ch2kCA14BUT01,CA14BUT01_d18O_sw,paleoData.interpretation[6].scope,only_new,,isotope
CA14TIM01,ch2kCA14TIM01,CA14TIM01_SrCa,paleoData.interpretation[6].scope,only_new,,isotope
CA14TIM01,ch2kCA14TIM01,CA14TIM01_d18O,paleoData.interpretation[6].scope,only_new,,isotope
CA14TIM01,ch2kCA14TIM01,CA14TIM01_d18O_sw,paleoData.interpretation[6].scope,only_new,,isotope
CH03BUN01,ch2kCH03BUN01,CH03BUN01_d18O,paleoData.interpretation[6].scope,only_new,,isotope
CH03LOM01,ch2kCH03LOM01,CH03LOM01_d18O,paleoData.interpretation[6].scope,only_new,,isotope
CH18YOA01,ch2kCH18YOA01,CH18YOA01_SrCa,paleoData.interpretation[6].scope,only_new,,isotope
CH18YOA02,ch2kCH18YOA02,CH18YOA02_SrCa,paleoData.interpretation[6].scope,only_new,,isotope
CH97BVB01,ch2kCH97BVB01,CH97BVB01_d18O,paleoData.interpretation[6].scope,only_new,,isotope
CH98PIR01,ch2kCH98PIR01,CH98PIR01_d18O,paleoData.interpretation[6].scope,only_new,,isotope
CO00MAL01,ch2kCO00MAL01,CO00MAL01_d18O,paleoData.interpretation[6].scope,only_new,,isotope
CO03PAL01,ch2kCO03PAL01,CO03PAL01_d18O,paleoData.interpretation[6].scope,only_new,,isotope
CO03PAL02,ch2kCO03PAL02,CO03PAL02_d18O,paleoData.interpretation[6].scope,only_new,,isotope
CO03PAL03,ch2kCO03PAL03,CO03PAL03_d18O,paleoData.interpretation[6].scope,only_new,,isotope
CO03PAL04,ch2kCO03PAL04,CO03PAL04_d18O,paleoData.interpretation[6].scope,only_new,,isotope
CO03PAL05,ch2kCO03PAL05,CO03PAL05_d18O,paleoData.interpretation[6].scope,only_new,,isotope
CO03PAL06,ch2kCO03PAL06,CO03PAL06_d18O,paleoData.interpretation[6].scope,only_new,,isotope
CO03PAL07,ch2kCO03PAL07,CO03PAL07_d18O,paleoData.interpretation[6].scope,only_new,,isotope
CO03PAL08,ch2kCO03PAL08,CO03PAL08_d18O,paleoData.interpretation[6].scope,only_new,,isotope
CO03PAL09,ch2kCO03PAL09,CO03PAL09_d18O,paleoData.interpretation[6].scope,only_new,,isotope
CO03PAL10,ch2kCO03PAL10,CO03PAL10_d18O,paleoData.interpretation[6].scope,only_new,,isotope
CO93TAR01,ch2kCO93TAR01,CO93TAR01_d18O,paleoData.interpretation[6].scope,only_new,,isotope
DA06MAF01,ch2kDA06MAF01,DA06MAF01_d18O,paleoData.interpretation[6].scope,only_new,,isotope
DA06MAF02,ch2kDA06MAF02,DA06MAF02_d18O,paleoData.interpretation[6].scope,only_new,,isotope
DE12ANC01,ch2kDE12ANC01,DE12ANC01_SrCa,paleoData.interpretation[6].scope,only_new,,isotope
DE13HAI01,ch2kDE13HAI01,DE13HAI01_SrCa,paleoData.interpretation[6].scope,only_new,,isotope
DE13HAI01,ch2kDE13HAI01,DE13HAI01_SrCa_annual,paleoData.interpretation[6].scope,only_new,,isotope
DE13HAI01,ch2kDE13HAI01,DE13HAI01_d18O,paleoData.interpretation[6].scope,only_new,,isotope
DE13HAI01,ch2kDE13HAI01,DE13HAI01_d18O_annual,paleoData.interpretation[6].scope,only_new,,isotope
DE13HAI01,ch2kDE13HAI01,DE13HAI01_d18O_sw,paleoData.interpretation[6].scope,only_new,,isotope
DE13HAI01,ch2kDE13HAI01,DE13HAI01_d18O_sw_annual,paleoData.interpretation[6].scope,only_new,,isotope
DE14DTO01,ch2kDE14DTO01,DE14DTO01_SrCa,paleoData.interpretation[6].scope,only_new,,isotope
DE14DTO02,ch2kDE14DTO02,DE14DTO02_SrCa,paleoData.interpretation[6].scope,only_new,,isotope
DE14DTO03,ch2kDE14DTO03,DE14DTO03_SrCa,paleoData.interpretation[6].scope,only_new,,isotope
DE14DTO04,ch2kDE14DTO04,DE14DTO04_SrCa,paleoData.interpretation[6].scope,only_new,,isotope
DE16RED01,ch2kDE16RED01,DE16RED01_SrCa,paleoData.interpretation[6].scope,only_new,,isotope
DO18DAV01,ch2kDO18DAV01,DO18DAV01_SrCa,paleoData.interpretation[6].scope,only_new,,isotope
DR00KSB01,ch2kDR00KSB01,DR00KSB01_d18O,paleoData.interpretation[6].scope,only_new,,isotope
DR00NBB01,ch2kDR00NBB01,DR00NBB01_d18O,paleoData.interpretation[6].scope,only_new,,isotope
DR99ABR01,ch2kDR99ABR01,DR99ABR01_d18O,paleoData.interpretation[6].scope,only_new,,isotope
DR99ABR01,ch2kDR99ABR01,DR99ABR01_d18O_annual,paleoData.interpretation[6].scope,only_new,,isotope
DU94URV01,ch2kDU94URV01,DU94URV01_d18O,paleoData.interpretation[6].scope,only_new,,isotope
DU94URV01,ch2kDU94URV01,DU94URV01_d18O_annual,paleoData.interpretation[6].scope,only_new,,isotope
DU94URV02,ch2kDU94URV02,DU94URV02_d18O,paleoData.interpretation[6].scope,only_new,,isotope
DU94URV02,ch2kDU94URV02,DU94URV02_d18O_annual,paleoData.interpretation[6].scope,only_new,,isotope
EV18ROC01,ch2kEV18ROC01,EV18ROC01_SrCa,paleoData.interpretation[6].scope,only_new,,isotope
EV18ROC01,ch2kEV18ROC01,EV18ROC01_SrCa_annual,paleoData.interpretation[6].scope,only_new,,isotope
EV98KIR01,ch2kEV98KIR01,EV98KIR01_d18O,paleoData.interpretation[6].scope,only_new,,isotope
FE09OGA01,ch2kFE09OGA01,FE09OGA01_SrCa,paleoData.interpretation[6].scope,only_new,,isotope
FE09OGA01,ch2kFE09OGA01,FE09OGA01_SrCa_annual,paleoData.interpretation[6].scope,only_new,,isotope
FE09OGA01,ch2kFE09OGA01,FE09OGA01_d18O,paleoData.interpretation[6].scope,only_new,,isotope
FE09OGA01,ch2kFE09OGA01,FE09OGA01_d18O_annual,paleoData.interpretation[6].scope,only_new,,isotope
FE09OGA01,ch2kFE09OGA01,FE09OGA01_d18O_sw_annual,paleoData.interpretation[6].scope,only_new,,isotope
FE18RUS01,ch2kFE18RUS01,FE18RUS01_SrCa,paleoData.interpretation[6].scope,only_new,,isotope
FE18RUS01,ch2kFE18RUS01,FE18RUS01_SrCa_annual,paleoData.interpretation[6].scope,only_new,,isotope
FE18RUS01,ch2kFE18RUS01,FE18RUS01_d18O,paleoData.interpretation[6].scope,only_new,,isotope
FE18RUS01,ch2kFE18RUS01,FE18RUS01_d18O_annual,paleoData.interpretation[6].scope,only_new,,isotope
FE18RUS01,ch2kFE18RUS01,FE18RUS01_d18O_sw_annual,paleoData.interpretation[6].scope,only_new,,isotope
FL17DTO01,ch2kFL17DTO01,FL17DTO01_SrCa,paleoData.interpretation[6].scope,only_new,,isotope
FL17DTO01,ch2kFL17DTO01,FL17DTO01_SrCa_annual,paleoData.interpretation[6].scope,only_new,,isotope
FL17DTO02,ch2kFL17DTO02,FL17DTO02_SrCa,paleoData.interpretation[6].scope,only_new,,isotope
FL17DTO02,ch2kFL17DTO02,FL17DTO02_SrCa_annual,paleoData.interpretation[6].scope,only_new,,isotope
FL18DTO01,ch2kFL18DTO01,FL18DTO01_SrCa,paleoData.interpretation[6].scope,only_new,,isotope
FL18DTO02,ch2kFL18DTO02,FL18DTO02_SrCa,paleoData.interpretation[6].scope,only_new,,isotope
FL18DTO03,ch2kFL18DTO03,FL18DTO03_SrCa,paleoData.interpretation[6].scope,only_new,,isotope
FL18DTO04,ch2kFL18DTO04,FL18DTO04_SrCa,paleoData.interpretation[6].scope,only_new,,isotope
GO08BER01,ch2kGO08BER01,GO08BER01_SrCa,paleoData.interpretation[6].scope,only_new,,isotope
GO08BER01,ch2kGO08BER01,GO08BER01_SrCaUncertainty,paleoData.interpretation[6].scope,only_new,,isotope
GO08BER01,ch2kGO08BER01,GO08BER01_SrCa_annual,paleoData.interpretation[6].scope,only_new,,isotope
GO08BER01,ch2kGO08BER01,GO08BER01_d18O,paleoData.interpretation[6].scope,only_new,,isotope
GO08BER01,ch2kGO08BER01,GO08BER01_d18OUncertainty,paleoData.interpretation[6].scope,only_new,,isotope
GO08BER01,ch2kGO08BER01,GO08BER01_d18O_annual,paleoData.interpretation[6].scope,only_new,,isotope
GO12SBV01,ch2kGO12SBV01,GO12SBV01_SrCa,paleoData.interpretation[6].scope,only_new,,isotope
GO12SBV01,ch2kGO12SBV01,GO12SBV01_d18O,paleoData.interpretation[6].scope,only_new,,isotope
GR13MAD01,ch2kGR13MAD01,GR13MAD01_SrCa,paleoData.interpretation[6].scope,only_new,,isotope
GR13MAD02,ch2kGR13MAD02,GR13MAD02_SrCa,paleoData.interpretation[6].scope,only_new,,isotope
GU99NAU01,ch2kGU99NAU01,GU99NAU01_d18O,paleoData.interpretation[6].scope,only_new,,isotope
GU99NAU02,ch2kGU99NAU02,GU99NAU02_d18O,paleoData.interpretation[6].scope,only_new,,isotope
HE02GBR01,ch2kHE02GBR01,HE02GBR01_SrCa,paleoData.interpretation[6].scope,only_new,,isotope
HE02GBR01,ch2kHE02GBR01,HE02GBR01_d18O,paleoData.interpretation[6].scope,only_new,,isotope
HE02GBR01,ch2kHE02GBR01,HE02GBR01_d18O_sw,paleoData.interpretation[6].scope,only_new,,isotope
HE08LRA01,ch2kHE08LRA01,HE08LRA01_d18O,paleoData.interpretation[6].scope,only_new,,isotope
HE10GUA01,ch2kHE10GUA01,HE10GUA01_SrCa,paleoData.interpretation[6].scope,only_new,,isotope
HE10GUA01,ch2kHE10GUA01,HE10GUA01_SrCa_annual,paleoData.interpretation[6].scope,only_new,,isotope
HE10GUA01,ch2kHE10GUA01,HE10GUA01_d18O,paleoData.interpretation[6].scope,only_new,,isotope
HE10GUA01,ch2kHE10GUA01,HE10GUA01_d18O_annual,paleoData.interpretation[6].scope,only_new,,isotope
HE13MIS01,ch2kHE13MIS01,HE13MIS01_SrCa,paleoData.interpretation[6].scope,only_new,,isotope
HE13MIS01,ch2kHE13MIS01,HE13MIS01_d18O,paleoData.interpretation[6].scope,only_new,,isotope
HE13MIS02,ch2kHE13MIS02,HE13MIS02_SrCa,paleoData.interpretation[6].scope,only_new,,isotope
HE13MIS02,ch2kHE13MIS02,HE13MIS02_d18O,paleoData.interpretation[6].scope,only_new,,isotope
HE18COC01,ch2kHE18COC01,HE18COC01_SrCa,paleoData.interpretation[6].scope,only_new,,isotope
HE18COC01,ch2kHE18COC01,HE18COC01_d18O,paleoData.interpretation[6].scope,only_new,,isotope
HE18COC01,ch2kHE18COC01,HE18COC01_d18O_sw,paleoData.interpretation[6].scope,only_new,,isotope
HE18COC02,ch2kHE18COC02,HE18COC02_SrCa,paleoData.interpretation[6].scope,only_new,,isotope
HE18COC02,ch2kHE18COC02,HE18COC02_d18O,paleoData.interpretation[6].scope,only_new,,isotope
HE18COC02,ch2kHE18COC02,HE18COC02_d18O_sw,paleoData.interpretation[6].scope,only_new,,isotope
JI18GAL01,ch2kJI18GAL01,JI18GAL01_SrCa,paleoData.interpretation[6].scope,only_new,,isotope
JI18GAL02,ch2kJI18GAL02,JI18GAL02_SrCa,paleoData.interpretation[6].scope,only_new,,isotope
KA17RYU01,ch2kKA17RYU01,KA17RYU01_SrCa,paleoData.interpretation[6].scope,only_new,,isotope
KI04MCV01,ch2kKI04MCV01,KI04MCV01_SrCa,paleoData.interpretation[6].scope,only_new,,isotope
KI04MCV01,ch2kKI04MCV01,KI04MCV01_d18O,paleoData.interpretation[6].scope,only_new,,isotope
KI08PAR01,ch2kKI08PAR01,KI08PAR01_SrCa,paleoData.interpretation[6].scope,only_new,,isotope
KI08PAR01,ch2kKI08PAR01,KI08PAR01_SrCa_annual,paleoData.interpretation[6].scope,only_new,,isotope
KI08PAR01,ch2kKI08PAR01,KI08PAR01_d18O,paleoData.interpretation[6].scope,only_new,,isotope
KI08PAR01,ch2kKI08PAR01,KI08PAR01_d18O_annual,paleoData.interpretation[6].scope,only_new,,isotope
KI14PAR01,ch2kKI14PAR01,KI14PAR01_SrCa,paleoData.interpretation[6].scope,only_new,,isotope
KI14PAR01,ch2kKI14PAR01,KI14PAR01_SrCa_annual,paleoData.interpretation[6].scope,only_new,,isotope
KI14PAR01,ch2kKI14PAR01,KI14PAR01_d18O,paleoData.interpretation[6].scope,only_new,,isotope
KI14PAR01,ch2kKI14PAR01,KI14PAR01_d18O_annual,paleoData.interpretation[6].scope,only_new,,isotope
KI14PAR01,ch2kKI14PAR01,KI14PAR01_d18O_sw,paleoData.interpretation[6].scope,only_new,,isotope
KI14PAR01,ch2kKI14PAR01,KI14PAR01_d18O_sw_annual,paleoData.interpretation[6].scope,only_new,,isotope
KL97DAH01,ch2kKL97DAH01,KL97DAH01_d18O,paleoData.interpretation[6].scope,only_new,,isotope
KR20SAR01,ch2kKR20SAR01,KR20SAR01_SrCa,paleoData.interpretation[6].scope,only_new,,isotope
KR20SAR01,ch2kKR20SAR01,KR20SAR01_d18O,paleoData.interpretation[6].scope,only_new,,isotope
KR20SAR01,ch2kKR20SAR01,KR20SAR01_d18O_sw,paleoData.interpretation[6].scope,only_new,,isotope
KR20SAR02,ch2kKR20SAR02,KR20SAR02_SrCa,paleoData.interpretation[6].scope,only_new,,isotope
KR20SAR02,ch2kKR20SAR02,KR20SAR02_d18O,paleoData.interpretation[6].scope,only_new,,isotope
KR20SAR02,ch2kKR20SAR02,KR20SAR02_d18O_sw,paleoData.interpretation[6].scope,only_new,,isotope
KU00NIN01,ch2kKU00NIN01,KU00NIN01_d18O,paleoData.interpretation[6].scope,only_new,,isotope
KU99HOU01,ch2kKU99HOU01,KU99HOU01_d18O,paleoData.interpretation[6].scope,only_new,,isotope
LI00RAR01,ch2kLI00RAR01,LI00RAR01_SrCa,paleoData.interpretation[6].scope,only_new,,isotope
LI00RAR01,ch2kLI00RAR01,LI00RAR01_d18O,paleoData.interpretation[6].scope,only_new,,isotope
LI00RAR01,ch2kLI00RAR01,LI00RAR01_d18O_sw,paleoData.interpretation[6].scope,only_new,,isotope
LI04FIJ01,ch2kLI04FIJ01,LI04FIJ01_SrCa,paleoData.interpretation[6].scope,only_new,,isotope
LI04FIJ01,ch2kLI04FIJ01,LI04FIJ01_d18O,paleoData.interpretation[6].scope,only_new,,isotope
LI04FIJ01,ch2kLI04FIJ01,LI04FIJ01_d18O_sw,paleoData.interpretation[6].scope,only_new,,isotope
LI06FIJ01,ch2kLI06FIJ01,LI06FIJ01_d18O,paleoData.interpretation[6].scope,only_new,,isotope
LI06RAR01,ch2kLI06RAR01,LI06RAR01_d18O,paleoData.interpretation[6].scope,only_new,,isotope
LI06RAR02,ch2kLI06RAR02,LI06RAR02_d18O,paleoData.interpretation[6].scope,only_new,,isotope
LI94SEC01,ch2kLI94SEC01,LI94SEC01_d18O,paleoData.interpretation[6].scope,only_new,,isotope
LI99CLI01,ch2kLI99CLI01,LI99CLI01_d18O,paleoData.interpretation[6].scope,only_new,,isotope
MA08DTO01,ch2kMA08DTO01,MA08DTO01_SrCa,paleoData.interpretation[6].scope,only_new,,isotope
MA08DTO01,ch2kMA08DTO01,MA08DTO01_d18O,paleoData.interpretation[6].scope,only_new,,isotope
MC04PNG01,ch2kMC04PNG01,MC04PNG01_d18O,paleoData.interpretation[6].scope,only_new,,isotope
MC11KIR01,ch2kMC11KIR01,MC11KIR01_d18O,paleoData.interpretation[6].scope,only_new,,isotope
MO06PED01,ch2kMO06PED01,MO06PED01_d18O,paleoData.interpretation[6].scope,only_new,,isotope
MO20KOI01,ch2kMO20KOI01,MO20KOI01_SrCa,paleoData.interpretation[6].scope,only_new,,isotope
MO20KOI01,ch2kMO20KOI01,MO20KOI01_d18O,paleoData.interpretation[6].scope,only_new,,isotope
MO20KOI01,ch2kMO20KOI01,MO20KOI01_d18O_sw,paleoData.interpretation[6].scope,only_new,,isotope
MO20WOA01,ch2kMO20WOA01,MO20WOA01_SrCa,paleoData.interpretation[6].scope,only_new,,isotope
MO20WOA01,ch2kMO20WOA01,MO20WOA01_d18O,paleoData.interpretation[6].scope,only_new,,isotope
MO20WOA01,ch2kMO20WOA01,MO20WOA01_d18O_sw,paleoData.interpretation[6].scope,only_new,,isotope
MU17DOA01,ch2kMU17DOA01,MU17DOA01_d18O,paleoData.interpretation[6].scope,only_new,,isotope
MU18GSI01,ch2kMU18GSI01,MU18GSI01_SrCa,paleoData.interpretation[6].scope,only_new,,isotope
MU18GSI01,ch2kMU18GSI01,MU18GSI01_d18O,paleoData.interpretation[6].scope,only_new,,isotope
MU18NPI01,ch2kMU18NPI01,MU18NPI01_SrCa,paleoData.interpretation[6].scope,only_new,,isotope
MU18NPI01,ch2kMU18NPI01,MU18NPI01_d18O,paleoData.interpretation[6].scope,only_new,,isotope
MU18RED01,ch2kMU18RED01,MU18RED01_SrCa,paleoData.interpretation[6].scope,only_new,,isotope
MU18RED02,ch2kMU18RED02,MU18RED02_SrCa,paleoData.interpretation[6].scope,only_new,,isotope
MU18RED03,ch2kMU18RED03,MU18RED03_SrCa,paleoData.interpretation[6].scope,only_new,,isotope
MU18RED04,ch2kMU18RED04,MU18RED04_SrCa,paleoData.interpretation[6].scope,only_new,,isotope
MU18RED04,ch2kMU18RED04,MU18RED04_SrCa_annual,paleoData.interpretation[6].scope,only_new,,isotope
NA09MAL01,ch2kNA09MAL01,NA09MAL01_d18O,paleoData.interpretation[6].scope,only_new,,isotope
NU09FAN01,ch2kNU09FAN01,NU09FAN01_SrCa,paleoData.interpretation[6].scope,only_new,,isotope
NU09FAN01,ch2kNU09FAN01,NU09FAN01_d18O,paleoData.interpretation[6].scope,only_new,,isotope
NU09FAN01,ch2kNU09FAN01,NU09FAN01_d18O_sw,paleoData.interpretation[6].scope,only_new,,isotope
NU09KIR01,ch2kNU09KIR01,NU09KIR01_SrCa,paleoData.interpretation[6].scope,only_new,,isotope
NU09KIR01,ch2kNU09KIR01,NU09KIR01_d18O,paleoData.interpretation[6].scope,only_new,,isotope
NU09KIR01,ch2kNU09KIR01,NU09KIR01_d18O_sw,paleoData.interpretation[6].scope,only_new,,isotope
NU11PAL01,ch2kNU11PAL01,NU11PAL01_SrCa,paleoData.interpretation[6].scope,only_new,,isotope
NU11PAL01,ch2kNU11PAL01,NU11PAL01_d18O,paleoData.interpretation[6].scope,only_new,,isotope
NU11PAL01,ch2kNU11PAL01,NU11PAL01_d18O_sw,paleoData.interpretation[6].scope,only_new,,isotope
OS13NGP01,ch2kOS13NGP01,OS13NGP01_d18O,paleoData.interpretation[6].scope,only_new,,isotope
OS13NLP01,ch2kOS13NLP01,OS13NLP01_d18O,paleoData.interpretation[6].scope,only_new,,isotope
OS14RIP01,ch2kOS14RIP01,OS14RIP01_d18O,paleoData.interpretation[6].scope,only_new,,isotope
OS14UCP01,ch2kOS14UCP01,OS14UCP01_d18O,paleoData.interpretation[6].scope,only_new,,isotope
PF04PBA01,ch2kPF04PBA01,PF04PBA01_d18O,paleoData.interpretation[6].scope,only_new,,isotope
PF19LAR01,ch2kPF19LAR01,PF19LAR01_SrCa,paleoData.interpretation[6].scope,only_new,,isotope
PF19LAR01,ch2kPF19LAR01,PF19LAR01_d18O,paleoData.interpretation[6].scope,only_new,,isotope
QU06RAB01,ch2kQU06RAB01,QU06RAB01_SrCa,paleoData.interpretation[6].scope,only_new,,isotope
QU06RAB01,ch2kQU06RAB01,QU06RAB01_d18O,paleoData.interpretation[6].scope,only_new,,isotope
QU96ESV01,ch2kQU96ESV01,QU96ESV01_d18O,paleoData.interpretation[6].scope,only_new,,isotope
RA19PAI01,ch2kRA19PAI01,RA19PAI01_SrCa,paleoData.interpretation[6].scope,only_new,,isotope
RA19PAI01,ch2kRA19PAI01,RA19PAI01_d18O,paleoData.interpretation[6].scope,only_new,,isotope
RA20TAI01,ch2kRA20TAI01,RA20TAI01_SrCa,paleoData.interpretation[6].scope,only_new,,isotope
RA20TAI01,ch2kRA20TAI01,RA20TAI01_d18O,paleoData.interpretation[6].scope,only_new,,isotope
RE18CAY01,ch2kRE18CAY01,RE18CAY01_SrCa,paleoData.interpretation[6].scope,only_new,,isotope
RE18CAY01,ch2kRE18CAY01,RE18CAY01_SrCa_annual,paleoData.interpretation[6].scope,only_new,,isotope
RE18CAY01,ch2kRE18CAY01,RE18CAY01_d18O,paleoData.interpretation[6].scope,only_new,,isotope
RE18CAY01,ch2kRE18CAY01,RE18CAY01_d18O_annual,paleoData.interpretation[6].scope,only_new,,isotope
RE18CAY01,ch2kRE18CAY01,RE18CAY01_d18O_sw_annual,paleoData.interpretation[6].scope,only_new,,isotope
RE19GBR01,ch2kRE19GBR01,RE19GBR01_SrCa,paleoData.interpretation[6].scope,only_new,,isotope
RE19GBR01,ch2kRE19GBR01,RE19GBR01_d18O,paleoData.interpretation[6].scope,only_new,,isotope
RE19GBR02,ch2kRE19GBR02,RE19GBR02_SrCa,paleoData.interpretation[6].scope,only_new,,isotope
RE19GBR02,ch2kRE19GBR02,RE19GBR02_d18O,paleoData.interpretation[6].scope,only_new,,isotope
RE19GBR03,ch2kRE19GBR03,RE19GBR03_SrCa,paleoData.interpretation[6].scope,only_new,,isotope
RE19GBR03,ch2kRE19GBR03,RE19GBR03_d18O,paleoData.interpretation[6].scope,only_new,,isotope
RE19GBR04,ch2kRE19GBR04,RE19GBR04_SrCa,paleoData.interpretation[6].scope,only_new,,isotope
RE19GBR05,ch2kRE19GBR05,RE19GBR05_SrCa,paleoData.interpretation[6].scope,only_new,,isotope
RI10PBL01,ch2kRI10PBL01,RI10PBL01_d18O,paleoData.interpretation[6].scope,only_new,,isotope
RO19MAR01,ch2kRO19MAR01,RO19MAR01_SrCa,paleoData.interpretation[6].scope,only_new,,isotope
RO19PAR01,ch2kRO19PAR01,RO19PAR01_SrCa,paleoData.interpretation[6].scope,only_new,,isotope
RO19YUC01,ch2kRO19YUC01,RO19YUC01_SrCa,paleoData.interpretation[6].scope,only_new,,isotope
RO19YUC01,ch2kRO19YUC01,RO19YUC01_SrCaUncertainty,paleoData.interpretation[6].scope,only_new,,isotope
RO19YUC01,ch2kRO19YUC01,RO19YUC01_SrCa_annual,paleoData.interpretation[6].scope,only_new,,isotope
SA16CLA01,ch2kSA16CLA01,SA16CLA01_d18O,paleoData.interpretation[6].scope,only_new,,isotope
SA18GBR01,ch2kSA18GBR01,SA18GBR01_SrCa,paleoData.interpretation[6].scope,only_new,,isotope
SA19PAL01,ch2kSA19PAL01,SA19PAL01_SrCa,paleoData.interpretation[6].scope,only_new,,isotope
SA19PAL01,ch2kSA19PAL01,SA19PAL01_d18O,paleoData.interpretation[6].scope,only_new,,isotope
SA19PAL02,ch2kSA19PAL02,SA19PAL02_SrCa,paleoData.interpretation[6].scope,only_new,,isotope
SA19PAL02,ch2kSA19PAL02,SA19PAL02_d18O,paleoData.interpretation[6].scope,only_new,,isotope
SA20FAN01,ch2kSA20FAN01,SA20FAN01_d18O,paleoData.interpretation[6].scope,only_new,,isotope
SA20FAN02,ch2kSA20FAN02,SA20FAN02_d18O,paleoData.interpretation[6].scope,only_new,,isotope
SH92PUN01,ch2kSH92PUN01,SH92PUN01_d18O,paleoData.interpretation[6].scope,only_new,,isotope
SM06LKF01,ch2kSM06LKF01,SM06LKF01_SrCa,paleoData.interpretation[6].scope,only_new,,isotope
SM06LKF01,ch2kSM06LKF01,SM06LKF01_d18O,paleoData.interpretation[6].scope,only_new,,isotope
SM06LKF02,ch2kSM06LKF02,SM06LKF02_SrCa,paleoData.interpretation[6].scope,only_new,,isotope
SM06LKF02,ch2kSM06LKF02,SM06LKF02_d18O,paleoData.interpretation[6].scope,only_new,,isotope
ST13MAL01,ch2kST13MAL01,ST13MAL01_SrCa,paleoData.interpretation[6].scope,only_new,,isotope
ST13MAL01,ch2kST13MAL01,ST13MAL01_d18O,paleoData.interpretation[6].scope,only_new,,isotope
SW98STP01,ch2kSW98STP01,SW98STP01_d18O,paleoData.interpretation[6].scope,only_new,,isotope
SW99LIG01,ch2kSW99LIG01,SW99LIG01_d18O,paleoData.interpretation[6].scope,only_new,,isotope
SW99LIG02,ch2kSW99LIG02,SW99LIG02_d18O,paleoData.interpretation[6].scope,only_new,,isotope
TA18TAS01,ch2kTA18TAS01,TA18TAS01_d18O,paleoData.interpretation[6].scope,only_new,,isotope
TU01DEP01,ch2kTU01DEP01,TU01DEP01_d18O,paleoData.interpretation[6].scope,only_new,,isotope
TU01LAI01,ch2kTU01LAI01,TU01LAI01_d18O,paleoData.interpretation[6].scope,only_new,,isotope
TU01SIA01,ch2kTU01SIA01,TU01SIA01_d18O,paleoData.interpretation[6].scope,only_new,,isotope
TU95MAD01,ch2kTU95MAD01,TU95MAD01_d18O,paleoData.interpretation[6].scope,only_new,,isotope
UR00MAI01,ch2kUR00MAI01,UR00MAI01_d18O,paleoData.interpretation[6].scope,only_new,,isotope
WA17BAN01,ch2kWA17BAN01,WA17BAN01_SrCa,paleoData.interpretation[6].scope,only_new,,isotope
WA17BAN01,ch2kWA17BAN01,WA17BAN01_d18O,paleoData.interpretation[6].scope,only_new,,isotope
WE09ARR01,ch2kWE09ARR01,WE09ARR01_SrCa,paleoData.interpretation[6].scope,only_new,,isotope
WE09ARR01,ch2kWE09ARR01,WE09ARR01_d18O,paleoData.interpretation[6].scope,only_new,,isotope
WU13TON01,ch2kWU13TON01,WU13TON01_SrCa,paleoData.interpretation[6].scope,only_new,,isotope
WU13TON01,ch2kWU13TON01,WU13TON01_SrCa_annual,paleoData.interpretation[6].scope,only_new,,isotope
WU13TON01,ch2kWU13TON01,WU13TON01_d18O,paleoData.interpretation[6].scope,only_new,,isotope
WU13TON01,ch2kWU13TON01,WU13TON01_d18O_annual,paleoData.interpretation[6].scope,only_new,,isotope
WU14CLI01,ch2kWU14CLI01,WU14CLI01_SrCa,paleoData.interpretation[6].scope,only_new,,isotope
WU14CLI01,ch2kWU14CLI01,WU14CLI01_d18O,paleoData.interpretation[6].scope,only_new,,isotope
WU14CLI01,ch2kWU14CLI01,WU14CLI01_d18O_sw,paleoData.interpretation[6].scope,only_new,,isotope
XI17HAI01,ch2kXI17HAI01,XI17HAI01_SrCa,paleoData.interpretation[6].scope,only_new,,isotope
XI17HAI01,ch2kXI17HAI01,XI17HAI01_SrCa_annual,paleoData.interpretation[6].scope,only_new,,isotope
XI17HAI01,ch2kXI17HAI01,XI17HAI01_d18O,paleoData.interpretation[6].scope,only_new,,isotope
XI17HAI01,ch2kXI17HAI01,XI17HAI01_d18O_annual,paleoData.interpretation[6].scope,only_new,,isotope
XI17HAI01,ch2kXI17HAI01,XI17HAI01_d18O_sw,paleoData.interpretation[6].scope,only_new,,isotope
XI17HAI01,ch2kXI17HAI01,XI17HAI01_d18O_sw_annual,paleoData.interpretation[6].scope,only_new,,isotope
XU15BVI01,ch2kXU15BVI01,XU15BVI01_SrCa,paleoData.interpretation[6].scope,only_new,,isotope
XU15BVI02,ch2kXU15BVI02,XU15BVI02_SrCa,paleoData.interpretation[6].scope,only_new,,isotope
XU15BVI03,ch2kXU15BVI03,XU15BVI03_SrCa,paleoData.interpretation[6].scope,only_new,,isotope
ZI04IFR01,ch2kZI04IFR01,ZI04IFR01_SrCa,paleoData.interpretation[6].scope,only_new,,isotope
ZI04IFR01,ch2kZI04IFR01,ZI04IFR01_d18O,paleoData.interpretation[6].scope,only_new,,isotope
ZI08MAY01,ch2kZI08MAY01,ZI08MAY01_SrCa,paleoData.interpretation[6].scope,only_new,,isotope
ZI08MAY01,ch2kZI08MAY01,ZI08MAY01_d18O,paleoData.interpretation[6].scope,only_new,,isotope
ZI08MAY01,ch2kZI08MAY01,ZI08MAY01_d18O_sw,paleoData.interpretation[6].scope,only_new,,isotope
ZI14HOU01,ch2kZI14HOU01,ZI14HOU01_SrCa,paleoData.interpretation[6].scope,only_new,,isotope
ZI14HOU01,ch2kZI14HOU01,ZI14HOU01_SrCa_annual,paleoData.interpretation[6].scope,only_new,,isotope
ZI14HOU01,ch2kZI14HOU01,ZI14HOU01_d18O,paleoData.interpretation[6].scope,only_new,,isotope
ZI14HOU01,ch2kZI14HOU01,ZI14HOU01_d18O_annual,paleoData.interpretation[6].scope,only_new,,isotope
ZI14IFR02,ch2kZI14IFR02,ZI14IFR02_d18O,paleoData.interpretation[6].scope,only_new,,isotope
ZI14IFR02,ch2kZI14IFR02,ZI14IFR02_d18O_annual,paleoData.interpretation[6].scope,only_new,,isotope
ZI14TUR01,ch2kZI14TUR01,ZI14TUR01_d18O,paleoData.interpretation[6].scope,only_new,,isotope
ZI14TUR01,ch2kZI14TUR01,ZI14TUR01_d18O_annual,paleoData.interpretation[6].scope,only_new,,isotope
ZI15BUN01,ch2kZI15BUN01,ZI15BUN01_SrCa,paleoData.interpretation[6].scope,only_new,,isotope
ZI15BUN01,ch2kZI15BUN01,ZI15BUN01_SrCa_annual,paleoData.interpretation[6].scope,only_new,,isotope
ZI15CLE01,ch2kZI15CLE01,ZI15CLE01_SrCa,paleoData.interpretation[6].scope,only_new,,isotope
ZI15CLE01,ch2kZI15CLE01,ZI15CLE01_SrCa_annual,paleoData.interpretation[6].scope,only_new,,isotope
ZI15IMP01,ch2kZI15IMP01,ZI15IMP01_SrCa,paleoData.interpretation[6].scope,only_new,,isotope
ZI15IMP01,ch2kZI15IMP01,ZI15IMP01_SrCa_annual,paleoData.interpretation[6].scope,only_new,,isotope
ZI15IMP02,ch2kZI15IMP02,ZI15IMP02_SrCa,paleoData.interpretation[6].scope,only_new,,isotope
ZI15IMP02,ch2kZI15IMP02,ZI15IMP02_SrCa_annual,paleoData.interpretation[6].scope,only_new,,isotope
ZI15MER01,ch2kZI15MER01,ZI15MER01_SrCa,paleoData.interpretation[6].scope,only_new,,isotope
ZI15MER01,ch2kZI15MER01,ZI15MER01_SrCa_annual,paleoData.interpretation[6].scope,only_new,,isotope
ZI15TAN01,ch2kZI15TAN01,ZI15TAN01_SrCa,paleoData.interpretation[6].scope,only_new,,isotope
ZI15TAN01,ch2kZI15TAN01,ZI15TAN01_SrCa_annual,paleoData.interpretation[6].scope,only_new,,isotope
ZI16ROD01,ch2kZI16ROD01,ZI16ROD01_SrCa,paleoData.interpretation[6].scope,only_new,,isotope
ZI16ROD02,ch2kZI16ROD02,ZI16ROD02_SrCa,paleoData.interpretation[6].scope,only_new,,isotope
AB08MEN01,ch2kAB08MEN01,AB08MEN01_d18O,paleoData.longName,only_new,,AD
AB08MEN01,ch2kAB08MEN01,RmudvOHf3tLvLVyz6,paleoData.longName,only_new,,AD
AB15BHB01,ch2kAB15BHB01,AB15BHB01_d18O,paleoData.longName,only_new,,AD
AB15BHB01,ch2kAB15BHB01,RxFbioBcCwKJm1R3x,paleoData.longName,only_new,,AD
AB20MEN01,ch2kAB20MEN01,AB20MEN01_d18O,paleoData.longName,only_new,,AD
AB20MEN01,ch2kAB20MEN01,RKl69YrqpMBDr94jI,paleoData.longName,only_new,,AD
AB20MEN02,ch2kAB20MEN02,AB20MEN02_d18O,paleoData.longName,only_new,,AD
AB20MEN02,ch2kAB20MEN02,RK0Ekf5kjcp1t91Yk,paleoData.longName,only_new,,AD
AB20MEN03,ch2kAB20MEN03,AB20MEN03_d18O,paleoData.longName,only_new,,AD
AB20MEN03,ch2kAB20MEN03,RIuEPa1P3dbJIVLsD,paleoData.longName,only_new,,AD
AB20MEN04,ch2kAB20MEN04,AB20MEN04_d18O,paleoData.longName,only_new,,AD
AB20MEN04,ch2kAB20MEN04,RU1dhfRIFiE1ZjcPN,paleoData.longName,only_new,,AD
AB20MEN05,ch2kAB20MEN05,AB20MEN05_d18O,paleoData.longName,only_new,,AD
AB20MEN05,ch2kAB20MEN05,Rg1G9IrcrqlBdT4GM,paleoData.longName,only_new,,AD
AB20MEN06,ch2kAB20MEN06,AB20MEN06_d18O,paleoData.longName,only_new,,AD
AB20MEN06,ch2kAB20MEN06,R4GnkJ8e7EM9TPeR4,paleoData.longName,only_new,,AD
AB20MEN07,ch2kAB20MEN07,AB20MEN07_d18O,paleoData.longName,only_new,,AD
AB20MEN07,ch2kAB20MEN07,R1W4pc3prJeaGVevG,paleoData.longName,only_new,,AD
AB20MEN08,ch2kAB20MEN08,AB20MEN08_d18O,paleoData.longName,only_new,,AD
AB20MEN08,ch2kAB20MEN08,RuI7jx4u06nDEpADO,paleoData.longName,only_new,,AD
AB20MEN09,ch2kAB20MEN09,AB20MEN09_d18O,paleoData.longName,only_new,,AD
AB20MEN09,ch2kAB20MEN09,RZqOrTl58JGWAIrbZ,paleoData.longName,only_new,,AD
AL16PUR01,ch2kAL16PUR01,AL16PUR01_SrCa,paleoData.longName,only_new,,SrCa
AL16PUR01,ch2kAL16PUR01,AL16PUR01_SrCaUncertainty,paleoData.longName,only_new,,SrCa
AL16PUR01,ch2kAL16PUR01,R3TtrFdghTD75fMYs,paleoData.longName,only_new,,SrCa
AL16PUR01,ch2kAL16PUR01,RPRdwZqzEwVURcD2N,paleoData.longName,only_new,,SrCa
AL16PUR02,ch2kAL16PUR02,AL16PUR02_SrCa,paleoData.longName,only_new,,SrCa
AL16PUR02,ch2kAL16PUR02,AL16PUR02_SrCaUncertainty,paleoData.longName,only_new,,SrCa
AL16PUR02,ch2kAL16PUR02,RXVmjbKLNy5XpHbU5,paleoData.longName,only_new,,SrCa
AL16PUR02,ch2kAL16PUR02,RvA9ZtCERIZRugbOi,paleoData.longName,only_new,,SrCa
AL16YUC01,ch2kAL16YUC01,AL16YUC01_SrCa,paleoData.longName,only_new,,SrCa
AL16YUC01,ch2kAL16YUC01,AL16YUC01_SrCaUncertainty,paleoData.longName,only_new,,SrCa
AL16YUC01,ch2kAL16YUC01,RZeLaMkMS38vvZnwL,paleoData.longName,only_new,,SrCa
AL16YUC01,ch2kAL16YUC01,RhfTA7TNUqVCsdcbl,paleoData.longName,only_new,,SrCa
AS05GUA01,ch2kAS05GUA01,AS05GUA01_d18O,paleoData.longName,only_new,,AD
AS05GUA01,ch2kAS05GUA01,RWO5EUWcuiJOlfnrG,paleoData.longName,only_new,,AD
BA04FIJ01,ch2kBA04FIJ01,BA04FIJ01_SrCa,paleoData.longName,only_new,,SrCa
BA04FIJ01,ch2kBA04FIJ01,BA04FIJ01_d18O,paleoData.longName,only_new,,SrCa
BA04FIJ01,ch2kBA04FIJ01,RWYto0HmGRx6WGfAc,paleoData.longName,only_new,,SrCa
BA04FIJ01,ch2kBA04FIJ01,RmBjO9NKZDgupJ26Y,paleoData.longName,only_new,,SrCa
BA04FIJ02,ch2kBA04FIJ02,BA04FIJ02_SrCa,paleoData.longName,only_new,,SrCa
BA04FIJ02,ch2kBA04FIJ02,BA04FIJ02_d18O,paleoData.longName,only_new,,SrCa
BA04FIJ02,ch2kBA04FIJ02,RJBbOIPqZZ5YhBdmq,paleoData.longName,only_new,,SrCa
BA04FIJ02,ch2kBA04FIJ02,RJlctmxMUuxNYxBo5,paleoData.longName,only_new,,SrCa
BO14HTI01,ch2kBO14HTI01,BO14HTI01_SrCa,paleoData.longName,only_new,,SrCa
BO14HTI01,ch2kBO14HTI01,BO14HTI01_SrCaUncertainty,paleoData.longName,only_new,,SrCa
BO14HTI01,ch2kBO14HTI01,BO14HTI01_d18O,paleoData.longName,only_new,,SrCa
BO14HTI01,ch2kBO14HTI01,RT0u2QgqCgA0Wg68l,paleoData.longName,only_new,,SrCa
BO14HTI01,ch2kBO14HTI01,RnFor7kXr5gqw75al,paleoData.longName,only_new,,SrCa
BO14HTI01,ch2kBO14HTI01,RrqGTJR6apksx40z2,paleoData.longName,only_new,,SrCa
BO14HTI02,ch2kBO14HTI02,BO14HTI02_SrCa,paleoData.longName,only_new,,SrCa
BO14HTI02,ch2kBO14HTI02,BO14HTI02_d18O,paleoData.longName,only_new,,SrCa
BO14HTI02,ch2kBO14HTI02,R9FqzV3NdQEaJMcaN,paleoData.longName,only_new,,SrCa
BO14HTI02,ch2kBO14HTI02,RVIjLR5NT07Q4IcQP,paleoData.longName,only_new,,SrCa
BO99MOO01,ch2kBO99MOO01,BO99MOO01_d18O,paleoData.longName,only_new,,AD
BO99MOO01,ch2kBO99MOO01,RJSU63MLQ2YJie4pW,paleoData.longName,only_new,,AD
BR19RED01,ch2kBR19RED01,BR19RED01_SrCa,paleoData.longName,only_new,,SrCa
BR19RED01,ch2kBR19RED01,BR19RED01_SrCa_annual,paleoData.longName,only_new,,SrCa
BR19RED01,ch2kBR19RED01,RmYx6fEHBa3mD86ID,paleoData.longName,only_new,,SrCa
BR19RED01,ch2kBR19RED01,Rua2z4ycjRBVv0ulz,paleoData.longName,only_new,,SrCa
CA07FLI01,ch2kCA07FLI01,CA07FLI01_SrCa,paleoData.longName,only_new,,SrCa
CA07FLI01,ch2kCA07FLI01,CA07FLI01_d18O,paleoData.longName,only_new,,SrCa
CA07FLI01,ch2kCA07FLI01,R5D1FzMF3jGO4mFc9,paleoData.longName,only_new,,SrCa
CA07FLI01,ch2kCA07FLI01,RBoVCcyNpdxxSVLsd,paleoData.longName,only_new,,SrCa
CA13DIA01,ch2kCA13DIA01,CA13DIA01_d18O,paleoData.longName,only_new,,AD
CA13DIA01,ch2kCA13DIA01,R3Y9TI0iZpxiQWELg,paleoData.longName,only_new,,AD
CA13PEL01,ch2kCA13PEL01,CA13PEL01_d18O,paleoData.longName,only_new,,AD
CA13PEL01,ch2kCA13PEL01,RPVKRhZ2U71L2U2I4,paleoData.longName,only_new,,AD
CA13SAP01,ch2kCA13SAP01,CA13SAP01_d18O,paleoData.longName,only_new,,AD
CA13SAP01,ch2kCA13SAP01,RuqWpaTBkk39QonJ7,paleoData.longName,only_new,,AD
CA13TUR01,ch2kCA13TUR01,CA13TUR01_d18O,paleoData.longName,only_new,,AD
CA13TUR01,ch2kCA13TUR01,R3sP23ZxFmfXPKH7h,paleoData.longName,only_new,,AD
CA14BUT01,ch2kCA14BUT01,CA14BUT01_SrCa,paleoData.longName,only_new,,SrCa
CA14BUT01,ch2kCA14BUT01,CA14BUT01_d18O,paleoData.longName,only_new,,SrCa
CA14BUT01,ch2kCA14BUT01,CA14BUT01_d18O_sw,paleoData.longName,only_new,,SrCa
CA14BUT01,ch2kCA14BUT01,RRKkKUnJPCQBvrpgr,paleoData.longName,only_new,,SrCa
CA14BUT01,ch2kCA14BUT01,Rq1vqf5QjkgT4tsYi,paleoData.longName,only_new,,SrCa
CA14BUT01,ch2kCA14BUT01,RvEmAF623MV6ezdpj,paleoData.longName,only_new,,SrCa
CA14TIM01,ch2kCA14TIM01,CA14TIM01_SrCa,paleoData.longName,only_new,,SrCa
CA14TIM01,ch2kCA14TIM01,CA14TIM01_d18O,paleoData.longName,only_new,,SrCa
CA14TIM01,ch2kCA14TIM01,CA14TIM01_d18O_sw,paleoData.longName,only_new,,SrCa
CA14TIM01,ch2kCA14TIM01,R0MurSwCQVDGJnfQv,paleoData.longName,only_new,,SrCa
CA14TIM01,ch2kCA14TIM01,R0UOJa9uaq3x0UuBp,paleoData.longName,only_new,,SrCa
CA14TIM01,ch2kCA14TIM01,RzgRzAqhMNvPz0Kg0,paleoData.longName,only_new,,SrCa
CH03BUN01,ch2kCH03BUN01,CH03BUN01_d18O,paleoData.longName,only_new,,AD
CH03BUN01,ch2kCH03BUN01,R0z6sGNoWjc5pAFCd,paleoData.longName,only_new,,AD
CH03LOM01,ch2kCH03LOM01,CH03LOM01_d18O,paleoData.longName,only_new,,AD
CH03LOM01,ch2kCH03LOM01,R9aRku1QH9LNW9mdY,paleoData.longName,only_new,,AD
CH18YOA01,ch2kCH18YOA01,CH18YOA01_SrCa,paleoData.longName,only_new,,SrCa
CH18YOA01,ch2kCH18YOA01,Rx5s14QlHZqXo33f2,paleoData.longName,only_new,,SrCa
CH18YOA02,ch2kCH18YOA02,CH18YOA02_SrCa,paleoData.longName,only_new,,SrCa
CH18YOA02,ch2kCH18YOA02,RCqtBQ6UKwzFpDC2A,paleoData.longName,only_new,,SrCa
CH97BVB01,ch2kCH97BVB01,CH97BVB01_d18O,paleoData.longName,only_new,,AD
CH97BVB01,ch2kCH97BVB01,R89SfN2wqJL7y1ry6,paleoData.longName,only_new,,AD
CH98PIR01,ch2kCH98PIR01,CH98PIR01_d18O,paleoData.longName,only_new,,AD
CH98PIR01,ch2kCH98PIR01,RZVIjUGupdA3bnpAw,paleoData.longName,only_new,,AD
CO00MAL01,ch2kCO00MAL01,CO00MAL01_d18O,paleoData.longName,only_new,,AD
CO00MAL01,ch2kCO00MAL01,RRt74CtDw2T40DkNr,paleoData.longName,only_new,,AD
CO03PAL01,ch2kCO03PAL01,CO03PAL01_d18O,paleoData.longName,only_new,,AD
CO03PAL01,ch2kCO03PAL01,RsSnm50rqTMB9hk3V,paleoData.longName,only_new,,AD
CO03PAL02,ch2kCO03PAL02,CO03PAL02_d18O,paleoData.longName,only_new,,AD
CO03PAL02,ch2kCO03PAL02,RYycxAaX71Iux1sHY,paleoData.longName,only_new,,AD
CO03PAL03,ch2kCO03PAL03,CO03PAL03_d18O,paleoData.longName,only_new,,AD
CO03PAL03,ch2kCO03PAL03,RzdRiNkpkBa0nkmGU,paleoData.longName,only_new,,AD
CO03PAL04,ch2kCO03PAL04,CO03PAL04_d18O,paleoData.longName,only_new,,AD
CO03PAL04,ch2kCO03PAL04,R9VPs7msONZLl6xvc,paleoData.longName,only_new,,AD
CO03PAL05,ch2kCO03PAL05,CO03PAL05_d18O,paleoData.longName,only_new,,AD
CO03PAL05,ch2kCO03PAL05,RDxGP2OZzioAW5C87,paleoData.longName,only_new,,AD
CO03PAL06,ch2kCO03PAL06,CO03PAL06_d18O,paleoData.longName,only_new,,AD
CO03PAL06,ch2kCO03PAL06,Rq0vdGHJRqE2jBKnf,paleoData.longName,only_new,,AD
CO03PAL07,ch2kCO03PAL07,CO03PAL07_d18O,paleoData.longName,only_new,,AD
CO03PAL07,ch2kCO03PAL07,REMnP0GaMfre4UZR6,paleoData.longName,only_new,,AD
CO03PAL08,ch2kCO03PAL08,CO03PAL08_d18O,paleoData.longName,only_new,,AD
CO03PAL08,ch2kCO03PAL08,RLoiW3CG8ucM3UH06,paleoData.longName,only_new,,AD
CO03PAL09,ch2kCO03PAL09,CO03PAL09_d18O,paleoData.longName,only_new,,AD
CO03PAL09,ch2kCO03PAL09,RjCmrNiEfmxiPdJWw,paleoData.longName,only_new,,AD
CO03PAL10,ch2kCO03PAL10,CO03PAL10_d18O,paleoData.longName,only_new,,AD
CO03PAL10,ch2kCO03PAL10,RFhmZOVJThS450cpO,paleoData.longName,only_new,,AD
CO93TAR01,ch2kCO93TAR01,CO93TAR01_d18O,paleoData.longName,only_new,,AD
CO93TAR01,ch2kCO93TAR01,RdJprJ5BDqtsPAJZX,paleoData.longName,only_new,,AD
DA06MAF01,ch2kDA06MAF01,DA06MAF01_d18O,paleoData.longName,only_new,,AD
DA06MAF01,ch2kDA06MAF01,RQcpPdGQFSEY1j1OO,paleoData.longName,only_new,,AD
DA06MAF02,ch2kDA06MAF02,DA06MAF02_d18O,paleoData.longName,only_new,,AD
DA06MAF02,ch2kDA06MAF02,RGkfNx7ghCVtrvyze,paleoData.longName,only_new,,AD
DE12ANC01,ch2kDE12ANC01,DE12ANC01_SrCa,paleoData.longName,only_new,,SrCa
DE12ANC01,ch2kDE12ANC01,RJTgiai2jk7WR4lm3,paleoData.longName,only_new,,SrCa
DE13HAI01,ch2kDE13HAI01,DE13HAI01_SrCa,paleoData.longName,only_new,,SrCa
DE13HAI01,ch2kDE13HAI01,DE13HAI01_SrCa_annual,paleoData.longName,only_new,,SrCa
DE13HAI01,ch2kDE13HAI01,DE13HAI01_d18O,paleoData.longName,only_new,,SrCa
DE13HAI01,ch2kDE13HAI01,DE13HAI01_d18O_annual,paleoData.longName,only_new,,SrCa
DE13HAI01,ch2kDE13HAI01,DE13HAI01_d18O_sw,paleoData.longName,only_new,,SrCa
DE13HAI01,ch2kDE13HAI01,DE13HAI01_d18O_sw_annual,paleoData.longName,only_new,,SrCa
DE13HAI01,ch2kDE13HAI01,R0ddyVDynxIwZatMA,paleoData.longName,only_new,,SrCa
DE13HAI01,ch2kDE13HAI01,R520eUJApJPAjFZJF,paleoData.longName,only_new,,SrCa
DE13HAI01,ch2kDE13HAI01,R8rD7xoXY13yPfW0D,paleoData.longName,only_new,,SrCa
DE13HAI01,ch2kDE13HAI01,RBaquzm3u8Qt9lpP0,paleoData.longName,only_new,,SrCa
DE13HAI01,ch2kDE13HAI01,RLxH3BYbq2dRvxZTg,paleoData.longName,only_new,,SrCa
DE13HAI01,ch2kDE13HAI01,Rwz7bCLNLPLghW82t,paleoData.longName,only_new,,SrCa
DE14DTO01,ch2kDE14DTO01,DE14DTO01_SrCa,paleoData.longName,only_new,,SrCa
DE14DTO01,ch2kDE14DTO01,R6vKY8CO6fFCIa97i,paleoData.longName,only_new,,SrCa
DE14DTO02,ch2kDE14DTO02,DE14DTO02_SrCa,paleoData.longName,only_new,,SrCa
DE14DTO02,ch2kDE14DTO02,RwkZldD1aPt56Zmb0,paleoData.longName,only_new,,SrCa
DE14DTO03,ch2kDE14DTO03,DE14DTO03_SrCa,paleoData.longName,only_new,,SrCa
DE14DTO03,ch2kDE14DTO03,RP72A5uWacrxDkfRx,paleoData.longName,only_new,,SrCa
DE14DTO04,ch2kDE14DTO04,DE14DTO04_SrCa,paleoData.longName,only_new,,SrCa
DE14DTO04,ch2kDE14DTO04,RlfINxE2SejWzfDv9,paleoData.longName,only_new,,SrCa
DE16RED01,ch2kDE16RED01,DE16RED01_SrCa,paleoData.longName,only_new,,SrCa
DE16RED01,ch2kDE16RED01,Rwd4QeA919hardoCY,paleoData.longName,only_new,,SrCa
DO18DAV01,ch2kDO18DAV01,DO18DAV01_SrCa,paleoData.longName,only_new,,SrCa
DO18DAV01,ch2kDO18DAV01,Rg3Ox2oCpzZTFQf4W,paleoData.longName,only_new,,SrCa
DR00KSB01,ch2kDR00KSB01,DR00KSB01_d18O,paleoData.longName,only_new,,AD
DR00KSB01,ch2kDR00KSB01,RHmXkXebWJCF4dpj9,paleoData.longName,only_new,,AD
DR00NBB01,ch2kDR00NBB01,DR00NBB01_d18O,paleoData.longName,only_new,,AD
DR00NBB01,ch2kDR00NBB01,R90x1kntPhWCotFrJ,paleoData.longName,only_new,,AD
DR99ABR01,ch2kDR99ABR01,DR99ABR01_d18O,paleoData.longName,only_new,,d18O_annual
DR99ABR01,ch2kDR99ABR01,DR99ABR01_d18O_annual,paleoData.longName,only_new,,d18O_annual
DR99ABR01,ch2kDR99ABR01,R01AkWuetWy2LDmYU,paleoData.longName,only_new,,d18O_annual
DR99ABR01,ch2kDR99ABR01,RmoF6TJPeidmbtd4y,paleoData.longName,only_new,,d18O_annual
DU94URV01,ch2kDU94URV01,DU94URV01_d18O,paleoData.longName,only_new,,d18O_annual
DU94URV01,ch2kDU94URV01,DU94URV01_d18O_annual,paleoData.longName,only_new,,d18O_annual
DU94URV01,ch2kDU94URV01,R9J3YKwz1mdaKIN4S,paleoData.longName,only_new,,d18O_annual
DU94URV01,ch2kDU94URV01,RFtpxkjO2eZ76Lwvv,paleoData.longName,only_new,,d18O_annual
DU94URV02,ch2kDU94URV02,DU94URV02_d18O,paleoData.longName,only_new,,d18O_annual
DU94URV02,ch2kDU94URV02,DU94URV02_d18O_annual,paleoData.longName,only_new,,d18O_annual
DU94URV02,ch2kDU94URV02,R4ohy2axzfTAj22ZL,paleoData.longName,only_new,,d18O_annual
DU94URV02,ch2kDU94URV02,ReLdT4gjC49JBY3Jc,paleoData.longName,only_new,,d18O_annual
EV18ROC01,ch2kEV18ROC01,EV18ROC01_SrCa,paleoData.longName,only_new,,SrCa
EV18ROC01,ch2kEV18ROC01,EV18ROC01_SrCa_annual,paleoData.longName,only_new,,SrCa
EV18ROC01,ch2kEV18ROC01,R3svkRslZHfa7pkcL,paleoData.longName,only_new,,SrCa
EV18ROC01,ch2kEV18ROC01,RbLSM9RPW02L4xLH6,paleoData.longName,only_new,,SrCa
EV98KIR01,ch2kEV98KIR01,EV98KIR01_d18O,paleoData.longName,only_new,,AD
EV98KIR01,ch2kEV98KIR01,RHgYCLPF8tW70wDTP,paleoData.longName,only_new,,AD
FE09OGA01,ch2kFE09OGA01,FE09OGA01_SrCa,paleoData.longName,only_new,,SrCa
FE09OGA01,ch2kFE09OGA01,FE09OGA01_SrCa_annual,paleoData.longName,only_new,,SrCa
FE09OGA01,ch2kFE09OGA01,FE09OGA01_d18O,paleoData.longName,only_new,,SrCa
FE09OGA01,ch2kFE09OGA01,FE09OGA01_d18O_annual,paleoData.longName,only_new,,SrCa
FE09OGA01,ch2kFE09OGA01,FE09OGA01_d18O_sw_annual,paleoData.longName,only_new,,SrCa
FE09OGA01,ch2kFE09OGA01,R3MVSLhVboKiZ7dTa,paleoData.longName,only_new,,SrCa
FE09OGA01,ch2kFE09OGA01,REroNSquinMBkQrm1,paleoData.longName,only_new,,SrCa
FE09OGA01,ch2kFE09OGA01,RIhajHTIgQyHQYTfQ,paleoData.longName,only_new,,SrCa
FE09OGA01,ch2kFE09OGA01,RLfY19DZFkGL4U33D,paleoData.longName,only_new,,SrCa
FE09OGA01,ch2kFE09OGA01,RgzYfTcgpg5G55cw0,paleoData.longName,only_new,,SrCa
FE18RUS01,ch2kFE18RUS01,FE18RUS01_SrCa,paleoData.longName,only_new,,SrCa
FE18RUS01,ch2kFE18RUS01,FE18RUS01_SrCa_annual,paleoData.longName,only_new,,SrCa
FE18RUS01,ch2kFE18RUS01,FE18RUS01_d18O,paleoData.longName,only_new,,SrCa
FE18RUS01,ch2kFE18RUS01,FE18RUS01_d18O_annual,paleoData.longName,only_new,,SrCa
FE18RUS01,ch2kFE18RUS01,FE18RUS01_d18O_sw_annual,paleoData.longName,only_new,,SrCa
FE18RUS01,ch2kFE18RUS01,RF3J1uut8bMQUaz6t,paleoData.longName,only_new,,SrCa
FE18RUS01,ch2kFE18RUS01,RFA3WiroXxKmRdg0g,paleoData.longName,only_new,,SrCa
FE18RUS01,ch2kFE18RUS01,RZGy1HH25VNGATmfB,paleoData.longName,only_new,,SrCa
FE18RUS01,ch2kFE18RUS01,RkgqoizFgPrWuoEmD,paleoData.longName,only_new,,SrCa
FE18RUS01,ch2kFE18RUS01,RksRjrV1WFm3ME2BZ,paleoData.longName,only_new,,SrCa
FL17DTO01,ch2kFL17DTO01,FL17DTO01_SrCa,paleoData.longName,only_new,,SrCa
FL17DTO01,ch2kFL17DTO01,FL17DTO01_SrCa_annual,paleoData.longName,only_new,,SrCa
FL17DTO01,ch2kFL17DTO01,RG4TSkBrPiwYGU9yF,paleoData.longName,only_new,,SrCa
FL17DTO01,ch2kFL17DTO01,Ro9hwQyNrG0JaRB1T,paleoData.longName,only_new,,SrCa
FL17DTO02,ch2kFL17DTO02,FL17DTO02_SrCa,paleoData.longName,only_new,,SrCa
FL17DTO02,ch2kFL17DTO02,FL17DTO02_SrCa_annual,paleoData.longName,only_new,,SrCa
FL17DTO02,ch2kFL17DTO02,R4LzDDjrzbdC6Qmjd,paleoData.longName,only_new,,SrCa
FL17DTO02,ch2kFL17DTO02,RjGdnLufvuj3a8hVK,paleoData.longName,only_new,,SrCa
FL18DTO01,ch2kFL18DTO01,FL18DTO01_SrCa,paleoData.longName,only_new,,SrCa
FL18DTO01,ch2kFL18DTO01,Rci6pi4Gc6N8rt9nj,paleoData.longName,only_new,,SrCa
FL18DTO02,ch2kFL18DTO02,FL18DTO02_SrCa,paleoData.longName,only_new,,SrCa
FL18DTO02,ch2kFL18DTO02,R4VZCZM0tUlo9GZBA,paleoData.longName,only_new,,SrCa
FL18DTO03,ch2kFL18DTO03,FL18DTO03_SrCa,paleoData.longName,only_new,,SrCa
FL18DTO03,ch2kFL18DTO03,RCjAmYEEl7Z37ABYq,paleoData.longName,only_new,,SrCa
FL18DTO04,ch2kFL18DTO04,FL18DTO04_SrCa,paleoData.longName,only_new,,SrCa
FL18DTO04,ch2kFL18DTO04,R8T1ymUhaqkSLZmOS,paleoData.longName,only_new,,SrCa
GO08BER01,ch2kGO08BER01,GO08BER01_SrCa,paleoData.longName,only_new,,SrCa
GO08BER01,ch2kGO08BER01,GO08BER01_SrCaUncertainty,paleoData.longName,only_new,,SrCa
GO08BER01,ch2kGO08BER01,GO08BER01_SrCa_annual,paleoData.longName,only_new,,SrCa
GO08BER01,ch2kGO08BER01,GO08BER01_d18O,paleoData.longName,only_new,,SrCa
GO08BER01,ch2kGO08BER01,GO08BER01_d18OUncertainty,paleoData.longName,only_new,,SrCa
GO08BER01,ch2kGO08BER01,GO08BER01_d18O_annual,paleoData.longName,only_new,,SrCa
GO08BER01,ch2kGO08BER01,RQRmTTjPp3JuI87kk,paleoData.longName,only_new,,SrCa
GO08BER01,ch2kGO08BER01,RWqz8crf9DhuitnXX,paleoData.longName,only_new,,SrCa
GO08BER01,ch2kGO08BER01,Rcm0nBYRpV1TO8ZNx,paleoData.longName,only_new,,SrCa
GO08BER01,ch2kGO08BER01,RkIR9qlLPKJnkXzsD,paleoData.longName,only_new,,SrCa
GO08BER01,ch2kGO08BER01,RmQMv2KvscSpNdDqW,paleoData.longName,only_new,,SrCa
GO08BER01,ch2kGO08BER01,Rwt9MiVokZ173PazO,paleoData.longName,only_new,,SrCa
GO12SBV01,ch2kGO12SBV01,GO12SBV01_SrCa,paleoData.longName,only_new,,SrCa
GO12SBV01,ch2kGO12SBV01,GO12SBV01_d18O,paleoData.longName,only_new,,SrCa
GO12SBV01,ch2kGO12SBV01,RH2XCyxJotnjqUlwq,paleoData.longName,only_new,,SrCa
GO12SBV01,ch2kGO12SBV01,RM43cxCPPDAlkE4SE,paleoData.longName,only_new,,SrCa
GR13MAD01,ch2kGR13MAD01,GR13MAD01_SrCa,paleoData.longName,only_new,,SrCa
GR13MAD01,ch2kGR13MAD01,RmfB9geQQtbGrJBXE,paleoData.longName,only_new,,SrCa
GR13MAD02,ch2kGR13MAD02,GR13MAD02_SrCa,paleoData.longName,only_new,,SrCa
GR13MAD02,ch2kGR13MAD02,R7oVbP8lfo90gGYoS,paleoData.longName,only_new,,SrCa
GU99NAU01,ch2kGU99NAU01,GU99NAU01_d18O,paleoData.longName,only_new,,AD
GU99NAU01,ch2kGU99NAU01,RI4JSrxSqA9ycFPJq,paleoData.longName,only_new,,AD
GU99NAU02,ch2kGU99NAU02,GU99NAU02_d18O,paleoData.longName,only_new,,AD
GU99NAU02,ch2kGU99NAU02,RSGLtA26zkRfAHc9Z,paleoData.longName,only_new,,AD
HE02GBR01,ch2kHE02GBR01,HE02GBR01_SrCa,paleoData.longName,only_new,,SrCa
HE02GBR01,ch2kHE02GBR01,HE02GBR01_d18O,paleoData.longName,only_new,,SrCa
HE02GBR01,ch2kHE02GBR01,HE02GBR01_d18O_sw,paleoData.longName,only_new,,SrCa
HE02GBR01,ch2kHE02GBR01,R3lgwVnP85nnB9cS0,paleoData.longName,only_new,,SrCa
HE02GBR01,ch2kHE02GBR01,RbEXyHLDa53ACaU8t,paleoData.longName,only_new,,SrCa
HE02GBR01,ch2kHE02GBR01,RuCocomilK5XOWhWO,paleoData.longName,only_new,,SrCa
HE08LRA01,ch2kHE08LRA01,HE08LRA01_d18O,paleoData.longName,only_new,,AD
HE08LRA01,ch2kHE08LRA01,RvagYJ4zhT7NUD8Sp,paleoData.longName,only_new,,AD
HE10GUA01,ch2kHE10GUA01,HE10GUA01_SrCa,paleoData.longName,only_new,,SrCa
HE10GUA01,ch2kHE10GUA01,HE10GUA01_SrCa_annual,paleoData.longName,only_new,,SrCa
HE10GUA01,ch2kHE10GUA01,HE10GUA01_d18O,paleoData.longName,only_new,,SrCa
HE10GUA01,ch2kHE10GUA01,HE10GUA01_d18O_annual,paleoData.longName,only_new,,SrCa
HE10GUA01,ch2kHE10GUA01,RCiiuo84HnQZaNvYJ,paleoData.longName,only_new,,SrCa
HE10GUA01,ch2kHE10GUA01,RLqS2COsAniPH8FUA,paleoData.longName,only_new,,SrCa
HE10GUA01,ch2kHE10GUA01,Rexr7oE1E3wjAboyU,paleoData.longName,only_new,,SrCa
HE10GUA01,ch2kHE10GUA01,Rk04Sn18x2l7ZRVmu,paleoData.longName,only_new,,SrCa
HE13MIS01,ch2kHE13MIS01,HE13MIS01_SrCa,paleoData.longName,only_new,,SrCa
HE13MIS01,ch2kHE13MIS01,HE13MIS01_d18O,paleoData.longName,only_new,,SrCa
HE13MIS01,ch2kHE13MIS01,R9zTq7v3Pmco6dh1O,paleoData.longName,only_new,,SrCa
HE13MIS01,ch2kHE13MIS01,RNKwBdfJXrEV3NNpD,paleoData.longName,only_new,,SrCa
HE13MIS02,ch2kHE13MIS02,HE13MIS02_SrCa,paleoData.longName,only_new,,SrCa
HE13MIS02,ch2kHE13MIS02,HE13MIS02_d18O,paleoData.longName,only_new,,SrCa
HE13MIS02,ch2kHE13MIS02,RL2ETFoDYSAxnSBie,paleoData.longName,only_new,,SrCa
HE13MIS02,ch2kHE13MIS02,RcyUJVk9wmHT2G3Ht,paleoData.longName,only_new,,SrCa
HE18COC01,ch2kHE18COC01,HE18COC01_SrCa,paleoData.longName,only_new,,SrCa
HE18COC01,ch2kHE18COC01,HE18COC01_d18O,paleoData.longName,only_new,,SrCa
HE18COC01,ch2kHE18COC01,HE18COC01_d18O_sw,paleoData.longName,only_new,,SrCa
HE18COC01,ch2kHE18COC01,R5k5NEPjKcWLVYY4x,paleoData.longName,only_new,,SrCa
HE18COC01,ch2kHE18COC01,RklrFhiWJl3khg1EJ,paleoData.longName,only_new,,SrCa
HE18COC01,ch2kHE18COC01,RypWQQnuNIRjpr55U,paleoData.longName,only_new,,SrCa
HE18COC02,ch2kHE18COC02,HE18COC02_SrCa,paleoData.longName,only_new,,SrCa
HE18COC02,ch2kHE18COC02,HE18COC02_d18O,paleoData.longName,only_new,,SrCa
HE18COC02,ch2kHE18COC02,HE18COC02_d18O_sw,paleoData.longName,only_new,,SrCa
HE18COC02,ch2kHE18COC02,R0DIFeYSYMU7CQkU4,paleoData.longName,only_new,,SrCa
HE18COC02,ch2kHE18COC02,RcgkDC0vBAdmtcaLN,paleoData.longName,only_new,,SrCa
HE18COC02,ch2kHE18COC02,Rfmd1vpuEubJZvDmZ,paleoData.longName,only_new,,SrCa
JI18GAL01,ch2kJI18GAL01,JI18GAL01_SrCa,paleoData.longName,only_new,,SrCa
JI18GAL01,ch2kJI18GAL01,R4NnpErGgG4ruVm4H,paleoData.longName,only_new,,SrCa
JI18GAL02,ch2kJI18GAL02,JI18GAL02_SrCa,paleoData.longName,only_new,,SrCa
JI18GAL02,ch2kJI18GAL02,RuD4SDfGL2ATgioeO,paleoData.longName,only_new,,SrCa
KA17RYU01,ch2kKA17RYU01,KA17RYU01_SrCa,paleoData.longName,only_new,,SrCa
KA17RYU01,ch2kKA17RYU01,RVm6F0YQRs8LVBoxc,paleoData.longName,only_new,,SrCa
KI04MCV01,ch2kKI04MCV01,KI04MCV01_SrCa,paleoData.longName,only_new,,SrCa
KI04MCV01,ch2kKI04MCV01,KI04MCV01_d18O,paleoData.longName,only_new,,SrCa
KI04MCV01,ch2kKI04MCV01,R1Whwj2ckb8qWyMBu,paleoData.longName,only_new,,SrCa
KI04MCV01,ch2kKI04MCV01,Rbgj3l4vJWETpVJ9o,paleoData.longName,only_new,,SrCa
KI08PAR01,ch2kKI08PAR01,KI08PAR01_SrCa,paleoData.longName,only_new,,SrCa
KI08PAR01,ch2kKI08PAR01,KI08PAR01_SrCa_annual,paleoData.longName,only_new,,SrCa
KI08PAR01,ch2kKI08PAR01,KI08PAR01_d18O,paleoData.longName,only_new,,SrCa
KI08PAR01,ch2kKI08PAR01,KI08PAR01_d18O_annual,paleoData.longName,only_new,,SrCa
KI08PAR01,ch2kKI08PAR01,R1ALLtayNDU7Dgv8m,paleoData.longName,only_new,,SrCa
KI08PAR01,ch2kKI08PAR01,R1MtW6YHaurEfHg8P,paleoData.longName,only_new,,SrCa
KI08PAR01,ch2kKI08PAR01,RHYWyYPu9JU9672Wt,paleoData.longName,only_new,,SrCa
KI08PAR01,ch2kKI08PAR01,RhBVr4EiecsBg3gvk,paleoData.longName,only_new,,SrCa
KI14PAR01,ch2kKI14PAR01,KI14PAR01_SrCa,paleoData.longName,only_new,,SrCa
KI14PAR01,ch2kKI14PAR01,KI14PAR01_SrCa_annual,paleoData.longName,only_new,,SrCa
KI14PAR01,ch2kKI14PAR01,KI14PAR01_d18O,paleoData.longName,only_new,,SrCa
KI14PAR01,ch2kKI14PAR01,KI14PAR01_d18O_annual,paleoData.longName,only_new,,SrCa
KI14PAR01,ch2kKI14PAR01,KI14PAR01_d18O_sw,paleoData.longName,only_new,,SrCa
KI14PAR01,ch2kKI14PAR01,KI14PAR01_d18O_sw_annual,paleoData.longName,only_new,,SrCa
KI14PAR01,ch2kKI14PAR01,R1ZLrVlCE7vs7fFeg,paleoData.longName,only_new,,SrCa
KI14PAR01,ch2kKI14PAR01,RBivRlCmOU8ipHXsF,paleoData.longName,only_new,,SrCa
KI14PAR01,ch2kKI14PAR01,REgfVxjtWmoVHwVkI,paleoData.longName,only_new,,SrCa
KI14PAR01,ch2kKI14PAR01,RNT5e5C4h2D6PReUQ,paleoData.longName,only_new,,SrCa
KI14PAR01,ch2kKI14PAR01,RW39HgrF2QoTu0kvk,paleoData.longName,only_new,,SrCa
KI14PAR01,ch2kKI14PAR01,RzBhGY7VJAwFrxhbh,paleoData.longName,only_new,,SrCa
KL97DAH01,ch2kKL97DAH01,KL97DAH01_d18O,paleoData.longName,only_new,,AD
KL97DAH01,ch2kKL97DAH01,RrQ7u1LwaIm1trZ4i,paleoData.longName,only_new,,AD
KR20SAR01,ch2kKR20SAR01,KR20SAR01_SrCa,paleoData.longName,only_new,,SrCa
KR20SAR01,ch2kKR20SAR01,KR20SAR01_d18O,paleoData.longName,only_new,,SrCa
KR20SAR01,ch2kKR20SAR01,KR20SAR01_d18O_sw,paleoData.longName,only_new,,SrCa
KR20SAR01,ch2kKR20SAR01,RNhK4YSvhMz1wa0eu,paleoData.longName,only_new,,SrCa
KR20SAR01,ch2kKR20SAR01,RVKLXnq3aR3x5S0yg,paleoData.longName,only_new,,SrCa
KR20SAR01,ch2kKR20SAR01,RpD44up1aODpPRFiF,paleoData.longName,only_new,,SrCa
KR20SAR02,ch2kKR20SAR02,KR20SAR02_SrCa,paleoData.longName,only_new,,SrCa
KR20SAR02,ch2kKR20SAR02,KR20SAR02_d18O,paleoData.longName,only_new,,SrCa
KR20SAR02,ch2kKR20SAR02,KR20SAR02_d18O_sw,paleoData.longName,only_new,,SrCa
KR20SAR02,ch2kKR20SAR02,RE7GLScfT6pLPWera,paleoData.longName,only_new,,SrCa
KR20SAR02,ch2kKR20SAR02,RIQdd8SKLyVYTNW9z,paleoData.longName,only_new,,SrCa
KR20SAR02,ch2kKR20SAR02,RLmY5uQUHkdXKPMuB,paleoData.longName,only_new,,SrCa
KU00NIN01,ch2kKU00NIN01,KU00NIN01_d18O,paleoData.longName,only_new,,AD
KU00NIN01,ch2kKU00NIN01,RTBLNyBYk6cBBRPVX,paleoData.longName,only_new,,AD
KU99HOU01,ch2kKU99HOU01,KU99HOU01_d18O,paleoData.longName,only_new,,AD
KU99HOU01,ch2kKU99HOU01,Rm5QYdtrev3rU3Rp1,paleoData.longName,only_new,,AD
LI00RAR01,ch2kLI00RAR01,LI00RAR01_SrCa,paleoData.longName,only_new,,SrCa
LI00RAR01,ch2kLI00RAR01,LI00RAR01_d18O,paleoData.longName,only_new,,SrCa
LI00RAR01,ch2kLI00RAR01,LI00RAR01_d18O_sw,paleoData.longName,only_new,,SrCa
LI00RAR01,ch2kLI00RAR01,Rcow67XdhRapGD8BF,paleoData.longName,only_new,,SrCa
LI00RAR01,ch2kLI00RAR01,Rg7EDzxvQhylRorSe,paleoData.longName,only_new,,SrCa
LI00RAR01,ch2kLI00RAR01,RrrLMNpjX4JpzxAUf,paleoData.longName,only_new,,SrCa
LI04FIJ01,ch2kLI04FIJ01,LI04FIJ01_SrCa,paleoData.longName,only_new,,SrCa
LI04FIJ01,ch2kLI04FIJ01,LI04FIJ01_d18O,paleoData.longName,only_new,,SrCa
LI04FIJ01,ch2kLI04FIJ01,LI04FIJ01_d18O_sw,paleoData.longName,only_new,,SrCa
LI04FIJ01,ch2kLI04FIJ01,RLaTJxJzUpgJrs2Us,paleoData.longName,only_new,,SrCa
LI04FIJ01,ch2kLI04FIJ01,RiMMBJzTFl9ZUF2O6,paleoData.longName,only_new,,SrCa
LI04FIJ01,ch2kLI04FIJ01,RqUN6q4XTRfH6pPPZ,paleoData.longName,only_new,,SrCa
LI06FIJ01,ch2kLI06FIJ01,LI06FIJ01_d18O,paleoData.longName,only_new,,AD
LI06FIJ01,ch2kLI06FIJ01,RkwyVTZWuuoVHCwpH,paleoData.longName,only_new,,AD
LI06RAR01,ch2kLI06RAR01,LI06RAR01_d18O,paleoData.longName,only_new,,AD
LI06RAR01,ch2kLI06RAR01,RVpBW9fCIuzspaAxL,paleoData.longName,only_new,,AD
LI06RAR02,ch2kLI06RAR02,LI06RAR02_d18O,paleoData.longName,only_new,,AD
LI06RAR02,ch2kLI06RAR02,Rmx6pAsEs7EJ7hDQv,paleoData.longName,only_new,,AD
LI94SEC01,ch2kLI94SEC01,LI94SEC01_d18O,paleoData.longName,only_new,,AD
LI94SEC01,ch2kLI94SEC01,RUASQGjXCCelxDbq5,paleoData.longName,only_new,,AD
LI99CLI01,ch2kLI99CLI01,LI99CLI01_d18O,paleoData.longName,only_new,,AD
LI99CLI01,ch2kLI99CLI01,R61CEX2lY0pozNPHR,paleoData.longName,only_new,,AD
MA08DTO01,ch2kMA08DTO01,MA08DTO01_SrCa,paleoData.longName,only_new,,SrCa
MA08DTO01,ch2kMA08DTO01,MA08DTO01_d18O,paleoData.longName,only_new,,SrCa
MA08DTO01,ch2kMA08DTO01,RmIFVS8KKI2YtgB7d,paleoData.longName,only_new,,SrCa
MA08DTO01,ch2kMA08DTO01,Rq6FDtxRIYrIKzIqa,paleoData.longName,only_new,,SrCa
MC04PNG01,ch2kMC04PNG01,MC04PNG01_d18O,paleoData.longName,only_new,,AD
MC04PNG01,ch2kMC04PNG01,R9yf9PQxQzpUWPQCo,paleoData.longName,only_new,,AD
MC11KIR01,ch2kMC11KIR01,MC11KIR01_d18O,paleoData.longName,only_new,,AD
MC11KIR01,ch2kMC11KIR01,RL5IMfKVG0hQRw5On,paleoData.longName,only_new,,AD
MO06PED01,ch2kMO06PED01,MO06PED01_d18O,paleoData.longName,only_new,,AD
MO06PED01,ch2kMO06PED01,RawK2rnPXj9ltZ2OS,paleoData.longName,only_new,,AD
MO20KOI01,ch2kMO20KOI01,MO20KOI01_SrCa,paleoData.longName,only_new,,SrCa
MO20KOI01,ch2kMO20KOI01,MO20KOI01_d18O,paleoData.longName,only_new,,SrCa
MO20KOI01,ch2kMO20KOI01,MO20KOI01_d18O_sw,paleoData.longName,only_new,,SrCa
MO20KOI01,ch2kMO20KOI01,RIRpOPHMQBs9haqTD,paleoData.longName,only_new,,SrCa
MO20KOI01,ch2kMO20KOI01,RRggrlFJnHVoolBWD,paleoData.longName,only_new,,SrCa
MO20KOI01,ch2kMO20KOI01,RgDJ0JOgMT7v9EmHY,paleoData.longName,only_new,,SrCa
MO20WOA01,ch2kMO20WOA01,MO20WOA01_SrCa,paleoData.longName,only_new,,SrCa
MO20WOA01,ch2kMO20WOA01,MO20WOA01_d18O,paleoData.longName,only_new,,SrCa
MO20WOA01,ch2kMO20WOA01,MO20WOA01_d18O_sw,paleoData.longName,only_new,,SrCa
MO20WOA01,ch2kMO20WOA01,RBVspv2JpyprIwcTo,paleoData.longName,only_new,,SrCa
MO20WOA01,ch2kMO20WOA01,RJhjj3S9V7XK6LBxp,paleoData.longName,only_new,,SrCa
MO20WOA01,ch2kMO20WOA01,RhUU0WbkXyVM0noJG,paleoData.longName,only_new,,SrCa
MU17DOA01,ch2kMU17DOA01,MU17DOA01_d18O,paleoData.longName,only_new,,AD
MU17DOA01,ch2kMU17DOA01,R4B6bbqwt0DAcsRLl,paleoData.longName,only_new,,AD
MU18GSI01,ch2kMU18GSI01,MU18GSI01_SrCa,paleoData.longName,only_new,,SrCa
MU18GSI01,ch2kMU18GSI01,MU18GSI01_d18O,paleoData.longName,only_new,,SrCa
MU18GSI01,ch2kMU18GSI01,R0Y1fVTZmIQrJltFe,paleoData.longName,only_new,,SrCa
MU18GSI01,ch2kMU18GSI01,RqjYKQ478v4ZPuhna,paleoData.longName,only_new,,SrCa
MU18NPI01,ch2kMU18NPI01,MU18NPI01_SrCa,paleoData.longName,only_new,,SrCa
MU18NPI01,ch2kMU18NPI01,MU18NPI01_d18O,paleoData.longName,only_new,,SrCa
MU18NPI01,ch2kMU18NPI01,RONfekii1t1eGtUUq,paleoData.longName,only_new,,SrCa
MU18NPI01,ch2kMU18NPI01,RZxqkm7qtM6HX42EE,paleoData.longName,only_new,,SrCa
MU18RED01,ch2kMU18RED01,MU18RED01_SrCa,paleoData.longName,only_new,,SrCa
MU18RED01,ch2kMU18RED01,RcR6Af9QBl2Exdycn,paleoData.longName,only_new,,SrCa
MU18RED02,ch2kMU18RED02,MU18RED02_SrCa,paleoData.longName,only_new,,SrCa
MU18RED02,ch2kMU18RED02,RHak3YgGGs4FSQAQH,paleoData.longName,only_new,,SrCa
MU18RED03,ch2kMU18RED03,MU18RED03_SrCa,paleoData.longName,only_new,,SrCa
MU18RED03,ch2kMU18RED03,R0w38fcptj4AO4oHx,paleoData.longName,only_new,,SrCa
MU18RED04,ch2kMU18RED04,MU18RED04_SrCa,paleoData.longName,only_new,,SrCa
MU18RED04,ch2kMU18RED04,MU18RED04_SrCa_annual,paleoData.longName,only_new,,SrCa
MU18RED04,ch2kMU18RED04,RUs3JcVHAoelRN1yN,paleoData.longName,only_new,,SrCa
MU18RED04,ch2kMU18RED04,RVUprGBUtrEfOikFz,paleoData.longName,only_new,,SrCa
NA09MAL01,ch2kNA09MAL01,NA09MAL01_d18O,paleoData.longName,only_new,,AD
NA09MAL01,ch2kNA09MAL01,R6ST877Ivf7CWyRoO,paleoData.longName,only_new,,AD
NU09FAN01,ch2kNU09FAN01,NU09FAN01_SrCa,paleoData.longName,only_new,,SrCa
NU09FAN01,ch2kNU09FAN01,NU09FAN01_d18O,paleoData.longName,only_new,,SrCa
NU09FAN01,ch2kNU09FAN01,NU09FAN01_d18O_sw,paleoData.longName,only_new,,SrCa
NU09FAN01,ch2kNU09FAN01,RaMPRugqBHy3YC0Vt,paleoData.longName,only_new,,SrCa
NU09FAN01,ch2kNU09FAN01,Ri6QggMZUhRTu4JkK,paleoData.longName,only_new,,SrCa
NU09FAN01,ch2kNU09FAN01,Rp5lqnY4tefaOmLEG,paleoData.longName,only_new,,SrCa
NU09KIR01,ch2kNU09KIR01,NU09KIR01_SrCa,paleoData.longName,only_new,,SrCa
NU09KIR01,ch2kNU09KIR01,NU09KIR01_d18O,paleoData.longName,only_new,,SrCa
NU09KIR01,ch2kNU09KIR01,NU09KIR01_d18O_sw,paleoData.longName,only_new,,SrCa
NU09KIR01,ch2kNU09KIR01,R18v1Ah4PgefTVNiA,paleoData.longName,only_new,,SrCa
NU09KIR01,ch2kNU09KIR01,RIVxmLIidDs7nfeae,paleoData.longName,only_new,,SrCa
NU09KIR01,ch2kNU09KIR01,RuRaYkqFGbnZpHjEJ,paleoData.longName,only_new,,SrCa
NU11PAL01,ch2kNU11PAL01,NU11PAL01_SrCa,paleoData.longName,only_new,,SrCa
NU11PAL01,ch2kNU11PAL01,NU11PAL01_d18O,paleoData.longName,only_new,,SrCa
NU11PAL01,ch2kNU11PAL01,NU11PAL01_d18O_sw,paleoData.longName,only_new,,SrCa
NU11PAL01,ch2kNU11PAL01,R1qog0RPa51T9UoIr,paleoData.longName,only_new,,SrCa
NU11PAL01,ch2kNU11PAL01,RMBJS3OFcMlWmbFHE,paleoData.longName,only_new,,SrCa
NU11PAL01,ch2kNU11PAL01,Ry8WHMhkr4ceV7BRQ,paleoData.longName,only_new,,SrCa
OS13NGP01,ch2kOS13NGP01,OS13NGP01_d18O,paleoData.longName,only_new,,AD
OS13NGP01,ch2kOS13NGP01,RmEWxhN5iaWCl2PS8,paleoData.longName,only_new,,AD
OS13NLP01,ch2kOS13NLP01,OS13NLP01_d18O,paleoData.longName,only_new,,AD
OS13NLP01,ch2kOS13NLP01,RXTxW3AlNtoq68Hqr,paleoData.longName,only_new,,AD
OS14RIP01,ch2kOS14RIP01,OS14RIP01_d18O,paleoData.longName,only_new,,AD
OS14RIP01,ch2kOS14RIP01,RYQayaElvtgY10rhg,paleoData.longName,only_new,,AD
OS14UCP01,ch2kOS14UCP01,OS14UCP01_d18O,paleoData.longName,only_new,,AD
OS14UCP01,ch2kOS14UCP01,RH4z6R3ZTzmlrJXE6,paleoData.longName,only_new,,AD
PF04PBA01,ch2kPF04PBA01,PF04PBA01_d18O,paleoData.longName,only_new,,AD
PF04PBA01,ch2kPF04PBA01,RKdQfC6lnhoB9Zg0g,paleoData.longName,only_new,,AD
PF19LAR01,ch2kPF19LAR01,PF19LAR01_SrCa,paleoData.longName,only_new,,SrCa
PF19LAR01,ch2kPF19LAR01,PF19LAR01_d18O,paleoData.longName,only_new,,SrCa
PF19LAR01,ch2kPF19LAR01,RQy59LP8NXWpMBoVG,paleoData.longName,only_new,,SrCa
PF19LAR01,ch2kPF19LAR01,RRiPow5IUDswlmprE,paleoData.longName,only_new,,SrCa
QU06RAB01,ch2kQU06RAB01,QU06RAB01_SrCa,paleoData.longName,only_new,,SrCa
QU06RAB01,ch2kQU06RAB01,QU06RAB01_d18O,paleoData.longName,only_new,,SrCa
QU06RAB01,ch2kQU06RAB01,R32cFCbSkv4nFrBLs,paleoData.longName,only_new,,SrCa
QU06RAB01,ch2kQU06RAB01,RKPDhhIZuPGHzzKPw,paleoData.longName,only_new,,SrCa
QU96ESV01,ch2kQU96ESV01,QU96ESV01_d18O,paleoData.longName,only_new,,AD
QU96ESV01,ch2kQU96ESV01,Rj9eikewPYOY47mNj,paleoData.longName,only_new,,AD
RA19PAI01,ch2kRA19PAI01,RA19PAI01_SrCa,paleoData.longName,only_new,,SrCa
RA19PAI01,ch2kRA19PAI01,RA19PAI01_d18O,paleoData.longName,only_new,,SrCa
RA19PAI01,ch2kRA19PAI01,RDdxtQJyiSOdBKYcC,paleoData.longName,only_new,,SrCa
RA19PAI01,ch2kRA19PAI01,RfqRZ3Bmf0m4HY3xX,paleoData.longName,only_new,,SrCa
RA20TAI01,ch2kRA20TAI01,RA20TAI01_SrCa,paleoData.longName,only_new,,SrCa
RA20TAI01,ch2kRA20TAI01,RA20TAI01_d18O,paleoData.longName,only_new,,SrCa
RA20TAI01,ch2kRA20TAI01,RLOqgj0NNCqzd2zDb,paleoData.longName,only_new,,SrCa
RA20TAI01,ch2kRA20TAI01,Re6BmWi2KGjKepiYe,paleoData.longName,only_new,,SrCa
RE18CAY01,ch2kRE18CAY01,R2yrQfj7UWWd24PTP,paleoData.longName,only_new,,SrCa
RE18CAY01,ch2kRE18CAY01,R656hsC1vK5pgmywu,paleoData.longName,only_new,,SrCa
RE18CAY01,ch2kRE18CAY01,RBQ3pu62e3hqxrOfC,paleoData.longName,only_new,,SrCa
RE18CAY01,ch2kRE18CAY01,RE18CAY01_SrCa,paleoData.longName,only_new,,SrCa
RE18CAY01,ch2kRE18CAY01,RE18CAY01_SrCa_annual,paleoData.longName,only_new,,SrCa
RE18CAY01,ch2kRE18CAY01,RE18CAY01_d18O,paleoData.longName,only_new,,SrCa
RE18CAY01,ch2kRE18CAY01,RE18CAY01_d18O_annual,paleoData.longName,only_new,,SrCa
RE18CAY01,ch2kRE18CAY01,RE18CAY01_d18O_sw_annual,paleoData.longName,only_new,,SrCa
RE18CAY01,ch2kRE18CAY01,RHzUxTeqfF6uu33Dc,paleoData.longName,only_new,,SrCa
RE18CAY01,ch2kRE18CAY01,RiSNxVhMyQYXrE8Oa,paleoData.longName,only_new,,SrCa
RE19GBR01,ch2kRE19GBR01,R3hAVBEc6uAJRYmP5,paleoData.longName,only_new,,SrCa
RE19GBR01,ch2kRE19GBR01,RCZJE28GHdpfWnxjY,paleoData.longName,only_new,,SrCa
RE19GBR01,ch2kRE19GBR01,RE19GBR01_SrCa,paleoData.longName,only_new,,SrCa
RE19GBR01,ch2kRE19GBR01,RE19GBR01_d18O,paleoData.longName,only_new,,SrCa
RE19GBR02,ch2kRE19GBR02,RE19GBR02_SrCa,paleoData.longName,only_new,,SrCa
RE19GBR02,ch2kRE19GBR02,RE19GBR02_d18O,paleoData.longName,only_new,,SrCa
RE19GBR02,ch2kRE19GBR02,RT8VCwBNhHqERL01M,paleoData.longName,only_new,,SrCa
RE19GBR02,ch2kRE19GBR02,Rqx5nA2bd4ybPW5xB,paleoData.longName,only_new,,SrCa
RE19GBR03,ch2kRE19GBR03,R12vEMAa471l95JUC,paleoData.longName,only_new,,SrCa
RE19GBR03,ch2kRE19GBR03,RE19GBR03_SrCa,paleoData.longName,only_new,,SrCa
RE19GBR03,ch2kRE19GBR03,RE19GBR03_d18O,paleoData.longName,only_new,,SrCa
RE19GBR03,ch2kRE19GBR03,RUKC8XCQGgO8TYzor,paleoData.longName,only_new,,SrCa
RE19GBR04,ch2kRE19GBR04,RE19GBR04_SrCa,paleoData.longName,only_new,,SrCa
RE19GBR04,ch2kRE19GBR04,RYSKKgIlHRvGlrv8e,paleoData.longName,only_new,,SrCa
RE19GBR05,ch2kRE19GBR05,R5ypFjzTguVMDLZP2,paleoData.longName,only_new,,SrCa
RE19GBR05,ch2kRE19GBR05,RE19GBR05_SrCa,paleoData.longName,only_new,,SrCa
RI10PBL01,ch2kRI10PBL01,R90GS4k0YLWubC9xu,paleoData.longName,only_new,,AD
RI10PBL01,ch2kRI10PBL01,RI10PBL01_d18O,paleoData.longName,only_new,,AD
RO19MAR01,ch2kRO19MAR01,RO19MAR01_SrCa,paleoData.longName,only_new,,SrCa
RO19MAR01,ch2kRO19MAR01,RfA1a4J6xYvElUW2w,paleoData.longName,only_new,,SrCa
RO19PAR01,ch2kRO19PAR01,RO19PAR01_SrCa,paleoData.longName,only_new,,SrCa
RO19PAR01,ch2kRO19PAR01,Rx5ScahQsRb0bzfaq,paleoData.longName,only_new,,SrCa
RO19YUC01,ch2kRO19YUC01,R2ATag2FDQTDMkdLX,paleoData.longName,only_new,,SrCa
RO19YUC01,ch2kRO19YUC01,RO19YUC01_SrCa,paleoData.longName,only_new,,SrCa
RO19YUC01,ch2kRO19YUC01,RO19YUC01_SrCaUncertainty,paleoData.longName,only_new,,SrCa
RO19YUC01,ch2kRO19YUC01,RO19YUC01_SrCa_annual,paleoData.longName,only_new,,SrCa
RO19YUC01,ch2kRO19YUC01,RYpogOad7TrMkksso,paleoData.longName,only_new,,SrCa
RO19YUC01,ch2kRO19YUC01,RqW3bks6VMh7RsdFm,paleoData.longName,only_new,,SrCa
SA16CLA01,ch2kSA16CLA01,RUkg94Vzka9s4nRUX,paleoData.longName,only_new,,AD
SA16CLA01,ch2kSA16CLA01,SA16CLA01_d18O,paleoData.longName,only_new,,AD
SA18GBR01,ch2kSA18GBR01,RTThBq9Cd3HXcZ3fa,paleoData.longName,only_new,,SrCa
SA18GBR01,ch2kSA18GBR01,SA18GBR01_SrCa,paleoData.longName,only_new,,SrCa
SA19PAL01,ch2kSA19PAL01,RJQFFt9woRr5USU9F,paleoData.longName,only_new,,SrCa
SA19PAL01,ch2kSA19PAL01,RNC1oHochCAwPSeoS,paleoData.longName,only_new,,SrCa
SA19PAL01,ch2kSA19PAL01,SA19PAL01_SrCa,paleoData.longName,only_new,,SrCa
SA19PAL01,ch2kSA19PAL01,SA19PAL01_d18O,paleoData.longName,only_new,,SrCa
SA19PAL02,ch2kSA19PAL02,R2kv4795iBpou289s,paleoData.longName,only_new,,SrCa
SA19PAL02,ch2kSA19PAL02,RKJ0y4M7eO19Pm6Ht,paleoData.longName,only_new,,SrCa
SA19PAL02,ch2kSA19PAL02,SA19PAL02_SrCa,paleoData.longName,only_new,,SrCa
SA19PAL02,ch2kSA19PAL02,SA19PAL02_d18O,paleoData.longName,only_new,,SrCa
SA20FAN01,ch2kSA20FAN01,Rfgeq2AbvF0VcnBZL,paleoData.longName,only_new,,AD
SA20FAN01,ch2kSA20FAN01,SA20FAN01_d18O,paleoData.longName,only_new,,AD
SA20FAN02,ch2kSA20FAN02,R0nfd3Yt8o9oZagYg,paleoData.longName,only_new,,AD
SA20FAN02,ch2kSA20FAN02,SA20FAN02_d18O,paleoData.longName,only_new,,AD
SH92PUN01,ch2kSH92PUN01,RfifvULQJHplZrrgH,paleoData.longName,only_new,,AD
SH92PUN01,ch2kSH92PUN01,SH92PUN01_d18O,paleoData.longName,only_new,,AD
SM06LKF01,ch2kSM06LKF01,RaHsJYdGCwfePJfwa,paleoData.longName,only_new,,SrCa
SM06LKF01,ch2kSM06LKF01,RlxzHhJpBAVVomHET,paleoData.longName,only_new,,SrCa
SM06LKF01,ch2kSM06LKF01,SM06LKF01_SrCa,paleoData.longName,only_new,,SrCa
SM06LKF01,ch2kSM06LKF01,SM06LKF01_d18O,paleoData.longName,only_new,,SrCa
SM06LKF02,ch2kSM06LKF02,RC2g8ileldWrIFDhS,paleoData.longName,only_new,,SrCa
SM06LKF02,ch2kSM06LKF02,REHnMyfxr5eLOuuj8,paleoData.longName,only_new,,SrCa
SM06LKF02,ch2kSM06LKF02,SM06LKF02_SrCa,paleoData.longName,only_new,,SrCa
SM06LKF02,ch2kSM06LKF02,SM06LKF02_d18O,paleoData.longName,only_new,,SrCa
ST13MAL01,ch2kST13MAL01,Ri6oX48wGi0VRvWEw,paleoData.longName,only_new,,SrCa
ST13MAL01,ch2kST13MAL01,RrHvjYY7ECt6TxX1E,paleoData.longName,only_new,,SrCa
ST13MAL01,ch2kST13MAL01,ST13MAL01_SrCa,paleoData.longName,only_new,,SrCa
ST13MAL01,ch2kST13MAL01,ST13MAL01_d18O,paleoData.longName,only_new,,SrCa
SW98STP01,ch2kSW98STP01,RLcr8PbPgn1R2UIkA,paleoData.longName,only_new,,AD
SW98STP01,ch2kSW98STP01,SW98STP01_d18O,paleoData.longName,only_new,,AD
SW99LIG01,ch2kSW99LIG01,RP5ixH4BqVpZT4jHD,paleoData.longName,only_new,,AD
SW99LIG01,ch2kSW99LIG01,SW99LIG01_d18O,paleoData.longName,only_new,,AD
SW99LIG02,ch2kSW99LIG02,RwALCRbTsN9hFnLrE,paleoData.longName,only_new,,AD
SW99LIG02,ch2kSW99LIG02,SW99LIG02_d18O,paleoData.longName,only_new,,AD
TA18TAS01,ch2kTA18TAS01,RNPhdud1Iichstwtc,paleoData.longName,only_new,,AD
TA18TAS01,ch2kTA18TAS01,TA18TAS01_d18O,paleoData.longName,only_new,,AD
TU01DEP01,ch2kTU01DEP01,RpzY3747HROoijQ1r,paleoData.longName,only_new,,AD
TU01DEP01,ch2kTU01DEP01,TU01DEP01_d18O,paleoData.longName,only_new,,AD
TU01LAI01,ch2kTU01LAI01,RFEXilz1OrwCynJTw,paleoData.longName,only_new,,AD
TU01LAI01,ch2kTU01LAI01,TU01LAI01_d18O,paleoData.longName,only_new,,AD
TU01SIA01,ch2kTU01SIA01,R7dN95ITSDEOBtUwI,paleoData.longName,only_new,,AD
TU01SIA01,ch2kTU01SIA01,TU01SIA01_d18O,paleoData.longName,only_new,,AD
TU95MAD01,ch2kTU95MAD01,Rjmo2g5WoAk8Pd0Aq,paleoData.longName,only_new,,AD
TU95MAD01,ch2kTU95MAD01,TU95MAD01_d18O,paleoData.longName,only_new,,AD
UR00MAI01,ch2kUR00MAI01,RtKPB4UvpaAN0AXme,paleoData.longName,only_new,,AD
UR00MAI01,ch2kUR00MAI01,UR00MAI01_d18O,paleoData.longName,only_new,,AD
WA17BAN01,ch2kWA17BAN01,R4K3MjDsbYuy5hqBD,paleoData.longName,only_new,,SrCa
WA17BAN01,ch2kWA17BAN01,RHjAUnHfx9rZrusju,paleoData.longName,only_new,,SrCa
WA17BAN01,ch2kWA17BAN01,WA17BAN01_SrCa,paleoData.longName,only_new,,SrCa
WA17BAN01,ch2kWA17BAN01,WA17BAN01_d18O,paleoData.longName,only_new,,SrCa
WE09ARR01,ch2kWE09ARR01,RCXMlfYZszek0hd9C,paleoData.longName,only_new,,SrCa
WE09ARR01,ch2kWE09ARR01,REedmQMoRkID1XDdO,paleoData.longName,only_new,,SrCa
WE09ARR01,ch2kWE09ARR01,WE09ARR01_SrCa,paleoData.longName,only_new,,SrCa
WE09ARR01,ch2kWE09ARR01,WE09ARR01_d18O,paleoData.longName,only_new,,SrCa
WU13TON01,ch2kWU13TON01,RDs9xgiIZHO6bbBen,paleoData.longName,only_new,,SrCa
WU13TON01,ch2kWU13TON01,RUDar6qQusWBt4ytD,paleoData.longName,only_new,,SrCa
WU13TON01,ch2kWU13TON01,RZOULc2bXBvujbd1x,paleoData.longName,only_new,,SrCa
WU13TON01,ch2kWU13TON01,Rj0KJcjL1BByKRNJx,paleoData.longName,only_new,,SrCa
WU13TON01,ch2kWU13TON01,WU13TON01_SrCa,paleoData.longName,only_new,,SrCa
WU13TON01,ch2kWU13TON01,WU13TON01_SrCa_annual,paleoData.longName,only_new,,SrCa
WU13TON01,ch2kWU13TON01,WU13TON01_d18O,paleoData.longName,only_new,,SrCa
WU13TON01,ch2kWU13TON01,WU13TON01_d18O_annual,paleoData.longName,only_new,,SrCa
WU14CLI01,ch2kWU14CLI01,R9Bdfyd0BNPTb2222,paleoData.longName,only_new,,SrCa
WU14CLI01,ch2kWU14CLI01,RFcW8l3kX1Q5qcHKD,paleoData.longName,only_new,,SrCa
WU14CLI01,ch2kWU14CLI01,Ruq6gyawguwWzHed7,paleoData.longName,only_new,,SrCa
WU14CLI01,ch2kWU14CLI01,WU14CLI01_SrCa,paleoData.longName,only_new,,SrCa
WU14CLI01,ch2kWU14CLI01,WU14CLI01_d18O,paleoData.longName,only_new,,SrCa
WU14CLI01,ch2kWU14CLI01,WU14CLI01_d18O_sw,paleoData.longName,only_new,,SrCa
XI17HAI01,ch2kXI17HAI01,R1ew8ddaUUF0dZXhE,paleoData.longName,only_new,,SrCa
XI17HAI01,ch2kXI17HAI01,RKKaQlHPgfjXD2AfI,paleoData.longName,only_new,,SrCa
XI17HAI01,ch2kXI17HAI01,RPOvWyhZImoWxlaXc,paleoData.longName,only_new,,SrCa
XI17HAI01,ch2kXI17HAI01,RdgBpTQDt2dIsdXcu,paleoData.longName,only_new,,SrCa
XI17HAI01,ch2kXI17HAI01,RgLvP17TdAFAvK6AY,paleoData.longName,only_new,,SrCa
XI17HAI01,ch2kXI17HAI01,RzwNaGFeuOOCL8Gx4,paleoData.longName,only_new,,SrCa
XI17HAI01,ch2kXI17HAI01,XI17HAI01_SrCa,paleoData.longName,only_new,,SrCa
XI17HAI01,ch2kXI17HAI01,XI17HAI01_SrCa_annual,paleoData.longName,only_new,,SrCa
XI17HAI01,ch2kXI17HAI01,XI17HAI01_d18O,paleoData.longName,only_new,,SrCa
XI17HAI01,ch2kXI17HAI01,XI17HAI01_d18O_annual,paleoData.longName,only_new,,SrCa
XI17HAI01,ch2kXI17HAI01,XI17HAI01_d18O_sw,paleoData.longName,only_new,,SrCa
XI17HAI01,ch2kXI17HAI01,XI17HAI01_d18O_sw_annual,paleoData.longName,only_new,,SrCa
XU15BVI01,ch2kXU15BVI01,RJT7cUcMvqCRyoVJM,paleoData.longName,only_new,,SrCa
XU15BVI01,ch2kXU15BVI01,XU15BVI01_SrCa,paleoData.longName,only_new,,SrCa
XU15BVI02,ch2kXU15BVI02,RHtz6hdVPtlnXSIfP,paleoData.longName,only_new,,SrCa
XU15BVI02,ch2kXU15BVI02,XU15BVI02_SrCa,paleoData.longName,only_new,,SrCa
XU15BVI03,ch2kXU15BVI03,RxPuz2gl8muDgpgM2,paleoData.longName,only_new,,SrCa
XU15BVI03,ch2kXU15BVI03,XU15BVI03_SrCa,paleoData.longName,only_new,,SrCa
ZI04IFR01,ch2kZI04IFR01,RM79rVQda2Wm4HN9K,paleoData.longName,only_new,,SrCa
ZI04IFR01,ch2kZI04IFR01,RhIoAxFs0KZgG6C9o,paleoData.longName,only_new,,SrCa
ZI04IFR01,ch2kZI04IFR01,ZI04IFR01_SrCa,paleoData.longName,only_new,,SrCa
ZI04IFR01,ch2kZI04IFR01,ZI04IFR01_d18O,paleoData.longName,only_new,,SrCa
ZI08MAY01,ch2kZI08MAY01,RGfCnPoFrtilhZai5,paleoData.longName,only_new,,SrCa
ZI08MAY01,ch2kZI08MAY01,ROTUBwzpHl29LAY98,paleoData.longName,only_new,,SrCa
ZI08MAY01,ch2kZI08MAY01,RVl7CKTJl97d0YGSl,paleoData.longName,only_new,,SrCa
ZI08MAY01,ch2kZI08MAY01,ZI08MAY01_SrCa,paleoData.longName,only_new,,SrCa
ZI08MAY01,ch2kZI08MAY01,ZI08MAY01_d18O,paleoData.longName,only_new,,SrCa
ZI08MAY01,ch2kZI08MAY01,ZI08MAY01_d18O_sw,paleoData.longName,only_new,,SrCa
ZI14HOU01,ch2kZI14HOU01,RHexrfbjZC1dhNC6h,paleoData.longName,only_new,,SrCa
ZI14HOU01,ch2kZI14HOU01,RXbXj1kmt5d3esS1K,paleoData.longName,only_new,,SrCa
ZI14HOU01,ch2kZI14HOU01,RcagtPlKdJfayLJB8,paleoData.longName,only_new,,SrCa
ZI14HOU01,ch2kZI14HOU01,ReIzm8EJeO5l4MgLG,paleoData.longName,only_new,,SrCa
ZI14HOU01,ch2kZI14HOU01,ZI14HOU01_SrCa,paleoData.longName,only_new,,SrCa
ZI14HOU01,ch2kZI14HOU01,ZI14HOU01_SrCa_annual,paleoData.longName,only_new,,SrCa
ZI14HOU01,ch2kZI14HOU01,ZI14HOU01_d18O,paleoData.longName,only_new,,SrCa
ZI14HOU01,ch2kZI14HOU01,ZI14HOU01_d18O_annual,paleoData.longName,only_new,,SrCa
ZI14IFR02,ch2kZI14IFR02,R05JKSwbqLRx9FKwO,paleoData.longName,only_new,,d18O_annual
ZI14IFR02,ch2kZI14IFR02,Rm2YXrPJ6LwhNyyb9,paleoData.longName,only_new,,d18O_annual
ZI14IFR02,ch2kZI14IFR02,ZI14IFR02_d18O,paleoData.longName,only_new,,d18O_annual
ZI14IFR02,ch2kZI14IFR02,ZI14IFR02_d18O_annual,paleoData.longName,only_new,,d18O_annual
ZI14TUR01,ch2kZI14TUR01,R5eNpsOSQi2B9y8w3,paleoData.longName,only_new,,d18O_annual
ZI14TUR01,ch2kZI14TUR01,ReDNFif4VlpRnowFB,paleoData.longName,only_new,,d18O_annual
ZI14TUR01,ch2kZI14TUR01,ZI14TUR01_d18O,paleoData.longName,only_new,,d18O_annual
ZI14TUR01,ch2kZI14TUR01,ZI14TUR01_d18O_annual,paleoData.longName,only_new,,d18O_annual
ZI15BUN01,ch2kZI15BUN01,RDdqgIkDB9q1LJ7fm,paleoData.longName,only_new,,SrCa
ZI15BUN01,ch2kZI15BUN01,RvPJCn6dHZ8BKpTcE,paleoData.longName,only_new,,SrCa
ZI15BUN01,ch2kZI15BUN01,ZI15BUN01_SrCa,paleoData.longName,only_new,,SrCa
ZI15BUN01,ch2kZI15BUN01,ZI15BUN01_SrCa_annual,paleoData.longName,only_new,,SrCa
ZI15CLE01,ch2kZI15CLE01,RIURbYfmpErlpPKNC,paleoData.longName,only_new,,SrCa
ZI15CLE01,ch2kZI15CLE01,RyUY1i2a36kme3fMH,paleoData.longName,only_new,,SrCa
ZI15CLE01,ch2kZI15CLE01,ZI15CLE01_SrCa,paleoData.longName,only_new,,SrCa
ZI15CLE01,ch2kZI15CLE01,ZI15CLE01_SrCa_annual,paleoData.longName,only_new,,SrCa
ZI15IMP01,ch2kZI15IMP01,RbenEx25gV8YSeW6d,paleoData.longName,only_new,,SrCa
ZI15IMP01,ch2kZI15IMP01,Rj7h5KjnWFziHeNTo,paleoData.longName,only_new,,SrCa
ZI15IMP01,ch2kZI15IMP01,ZI15IMP01_SrCa,paleoData.longName,only_new,,SrCa
ZI15IMP01,ch2kZI15IMP01,ZI15IMP01_SrCa_annual,paleoData.longName,only_new,,SrCa
ZI15IMP02,ch2kZI15IMP02,R2wzQnaMSWGgaSaKb,paleoData.longName,only_new,,SrCa
ZI15IMP02,ch2kZI15IMP02,RMx3Ihf42gbS8Wlpw,paleoData.longName,only_new,,SrCa
ZI15IMP02,ch2kZI15IMP02,ZI15IMP02_SrCa,paleoData.longName,only_new,,SrCa
ZI15IMP02,ch2kZI15IMP02,ZI15IMP02_SrCa_annual,paleoData.longName,only_new,,SrCa
ZI15MER01,ch2kZI15MER01,R1l6ZiS2VKaoPSeOs,paleoData.longName,only_new,,SrCa
ZI15MER01,ch2kZI15MER01,RHc5jPZ7vJjeSHHfd,paleoData.longName,only_new,,SrCa
ZI15MER01,ch2kZI15MER01,ZI15MER01_SrCa,paleoData.longName,only_new,,SrCa
ZI15MER01,ch2kZI15MER01,ZI15MER01_SrCa_annual,paleoData.longName,only_new,,SrCa
ZI15TAN01,ch2kZI15TAN01,Ra6TFPdgoidfa0Kav,paleoData.longName,only_new,,SrCa
ZI15TAN01,ch2kZI15TAN01,RkF6laFInwpUhITAV,paleoData.longName,only_new,,SrCa
ZI15TAN01,ch2kZI15TAN01,ZI15TAN01_SrCa,paleoData.longName,only_new,,SrCa
ZI15TAN01,ch2kZI15TAN01,ZI15TAN01_SrCa_annual,paleoData.longName,only_new,,SrCa
ZI16ROD01,ch2kZI16ROD01,RN76t4HaZsqAfkSEn,paleoData.longName,only_new,,SrCa
ZI16ROD01,ch2kZI16ROD01,ZI16ROD01_SrCa,paleoData.longName,only_new,,SrCa
ZI16ROD02,ch2kZI16ROD02,RRrFnVYRc02qHrA4g,paleoData.longName,only_new,,SrCa
ZI16ROD02,ch2kZI16ROD02,ZI16ROD02_SrCa,paleoData.longName,only_new,,SrCa
AL16PUR01,ch2kAL16PUR01,AL16PUR01_SrCaUncertainty,paleoData.measurementMaterial,only_new,,Sr/Ca
AL16PUR02,ch2kAL16PUR02,AL16PUR02_SrCaUncertainty,paleoData.measurementMaterial,only_new,,Sr/Ca
AL16YUC01,ch2kAL16YUC01,AL16YUC01_SrCaUncertainty,paleoData.measurementMaterial,only_new,,Sr/Ca
BO14HTI01,ch2kBO14HTI01,BO14HTI01_SrCaUncertainty,paleoData.measurementMaterial,only_new,,Sr/Ca
CA14BUT01,ch2kCA14BUT01,CA14BUT01_d18O_sw,paleoData.measurementMaterial,only_new,,seawater
CA14TIM01,ch2kCA14TIM01,CA14TIM01_d18O_sw,paleoData.measurementMaterial,only_new,,seawater
DE13HAI01,ch2kDE13HAI01,DE13HAI01_d18O_sw,paleoData.measurementMaterial,only_new,,seawater
GO08BER01,ch2kGO08BER01,GO08BER01_SrCaUncertainty,paleoData.measurementMaterial,only_new,,Sr/Ca
GO08BER01,ch2kGO08BER01,GO08BER01_d18OUncertainty,paleoData.measurementMaterial,only_new,,d18O
HE02GBR01,ch2kHE02GBR01,HE02GBR01_d18O_sw,paleoData.measurementMaterial,only_new,,seawater
HE18COC01,ch2kHE18COC01,HE18COC01_d18O_sw,paleoData.measurementMaterial,only_new,,seawater
HE18COC02,ch2kHE18COC02,HE18COC02_d18O_sw,paleoData.measurementMaterial,only_new,,seawater
KI14PAR01,ch2kKI14PAR01,KI14PAR01_d18O_sw,paleoData.measurementMaterial,only_new,,seawater
KR20SAR01,ch2kKR20SAR01,KR20SAR01_d18O_sw,paleoData.measurementMaterial,only_new,,seawater
KR20SAR02,ch2kKR20SAR02,KR20SAR02_d18O_sw,paleoData.measurementMaterial,only_new,,seawater
LI00RAR01,ch2kLI00RAR01,LI00RAR01_d18O_sw,paleoData.measurementMaterial,only_new,,seawater
LI04FIJ01,ch2kLI04FIJ01,LI04FIJ01_d18O_sw,paleoData.measurementMaterial,only_new,,seawater
MO20KOI01,ch2kMO20KOI01,MO20KOI01_d18O_sw,paleoData.measurementMaterial,only_new,,seawater
MO20WOA01,ch2kMO20WOA01,MO20WOA01_d18O_sw,paleoData.measurementMaterial,only_new,,seawater
NU09FAN01,ch2kNU09FAN01,NU09FAN01_d18O_sw,paleoData.measurementMaterial,only_new,,seawater
NU09KIR01,ch2kNU09KIR01,NU09KIR01_d18O_sw,paleoData.measurementMaterial,only_new,,seawater
NU11PAL01,ch2kNU11PAL01,NU11PAL01_d18O_sw,paleoData.measurementMaterial,only_new,,seawater
RO19YUC01,ch2kRO19YUC01,RO19YUC01_SrCaUncertainty,paleoData.measurementMaterial,only_new,,Sr/Ca
WU14CLI01,ch2kWU14CLI01,WU14CLI01_d18O_sw,paleoData.measurementMaterial,only_new,,seawater
XI17HAI01,ch2kXI17HAI01,XI17HAI01_d18O_sw,paleoData.measurementMaterial,only_new,,seawater
ZI08MAY01,ch2kZI08MAY01,ZI08MAY01_d18O_sw,paleoData.measurementMaterial,only_new,,seawater
AB08MEN01,ch2kAB08MEN01,AB08MEN01_d18O,paleoData.medianRes12k,only_new,,NA
AB08MEN01,ch2kAB08MEN01,RmudvOHf3tLvLVyz6,paleoData.medianRes12k,only_new,,NA
AB15BHB01,ch2kAB15BHB01,AB15BHB01_d18O,paleoData.medianRes12k,only_new,,NA
AB15BHB01,ch2kAB15BHB01,RxFbioBcCwKJm1R3x,paleoData.medianRes12k,only_new,,NA
AB20MEN01,ch2kAB20MEN01,AB20MEN01_d18O,paleoData.medianRes12k,only_new,,NA
AB20MEN01,ch2kAB20MEN01,RKl69YrqpMBDr94jI,paleoData.medianRes12k,only_new,,NA
AB20MEN02,ch2kAB20MEN02,AB20MEN02_d18O,paleoData.medianRes12k,only_new,,NA
AB20MEN02,ch2kAB20MEN02,RK0Ekf5kjcp1t91Yk,paleoData.medianRes12k,only_new,,NA
AB20MEN03,ch2kAB20MEN03,AB20MEN03_d18O,paleoData.medianRes12k,only_new,,NA
AB20MEN03,ch2kAB20MEN03,RIuEPa1P3dbJIVLsD,paleoData.medianRes12k,only_new,,NA
AB20MEN04,ch2kAB20MEN04,AB20MEN04_d18O,paleoData.medianRes12k,only_new,,NA
AB20MEN04,ch2kAB20MEN04,RU1dhfRIFiE1ZjcPN,paleoData.medianRes12k,only_new,,NA
AB20MEN05,ch2kAB20MEN05,AB20MEN05_d18O,paleoData.medianRes12k,only_new,,NA
AB20MEN05,ch2kAB20MEN05,Rg1G9IrcrqlBdT4GM,paleoData.medianRes12k,only_new,,NA
AB20MEN06,ch2kAB20MEN06,AB20MEN06_d18O,paleoData.medianRes12k,only_new,,NA
AB20MEN06,ch2kAB20MEN06,R4GnkJ8e7EM9TPeR4,paleoData.medianRes12k,only_new,,NA
AB20MEN07,ch2kAB20MEN07,AB20MEN07_d18O,paleoData.medianRes12k,only_new,,NA
AB20MEN07,ch2kAB20MEN07,R1W4pc3prJeaGVevG,paleoData.medianRes12k,only_new,,NA
AB20MEN08,ch2kAB20MEN08,AB20MEN08_d18O,paleoData.medianRes12k,only_new,,NA
AB20MEN08,ch2kAB20MEN08,RuI7jx4u06nDEpADO,paleoData.medianRes12k,only_new,,NA
AB20MEN09,ch2kAB20MEN09,AB20MEN09_d18O,paleoData.medianRes12k,only_new,,NA
AB20MEN09,ch2kAB20MEN09,RZqOrTl58JGWAIrbZ,paleoData.medianRes12k,only_new,,NA
AL16PUR01,ch2kAL16PUR01,AL16PUR01_SrCa,paleoData.medianRes12k,only_new,,NA
AL16PUR01,ch2kAL16PUR01,AL16PUR01_SrCaUncertainty,paleoData.medianRes12k,only_new,,NA
AL16PUR01,ch2kAL16PUR01,R3TtrFdghTD75fMYs,paleoData.medianRes12k,only_new,,NA
AL16PUR01,ch2kAL16PUR01,RPRdwZqzEwVURcD2N,paleoData.medianRes12k,only_new,,NA
AL16PUR02,ch2kAL16PUR02,AL16PUR02_SrCa,paleoData.medianRes12k,only_new,,NA
AL16PUR02,ch2kAL16PUR02,AL16PUR02_SrCaUncertainty,paleoData.medianRes12k,only_new,,NA
AL16PUR02,ch2kAL16PUR02,RXVmjbKLNy5XpHbU5,paleoData.medianRes12k,only_new,,NA
AL16PUR02,ch2kAL16PUR02,RvA9ZtCERIZRugbOi,paleoData.medianRes12k,only_new,,NA
AL16YUC01,ch2kAL16YUC01,AL16YUC01_SrCa,paleoData.medianRes12k,only_new,,NA
AL16YUC01,ch2kAL16YUC01,AL16YUC01_SrCaUncertainty,paleoData.medianRes12k,only_new,,NA
AL16YUC01,ch2kAL16YUC01,RZeLaMkMS38vvZnwL,paleoData.medianRes12k,only_new,,NA
AL16YUC01,ch2kAL16YUC01,RhfTA7TNUqVCsdcbl,paleoData.medianRes12k,only_new,,NA
AS05GUA01,ch2kAS05GUA01,AS05GUA01_d18O,paleoData.medianRes12k,only_new,,NA
AS05GUA01,ch2kAS05GUA01,RWO5EUWcuiJOlfnrG,paleoData.medianRes12k,only_new,,NA
BA04FIJ01,ch2kBA04FIJ01,BA04FIJ01_SrCa,paleoData.medianRes12k,only_new,,NA
BA04FIJ01,ch2kBA04FIJ01,BA04FIJ01_d18O,paleoData.medianRes12k,only_new,,NA
BA04FIJ01,ch2kBA04FIJ01,RWYto0HmGRx6WGfAc,paleoData.medianRes12k,only_new,,NA
BA04FIJ01,ch2kBA04FIJ01,RmBjO9NKZDgupJ26Y,paleoData.medianRes12k,only_new,,NA
BA04FIJ02,ch2kBA04FIJ02,BA04FIJ02_SrCa,paleoData.medianRes12k,only_new,,NA
BA04FIJ02,ch2kBA04FIJ02,BA04FIJ02_d18O,paleoData.medianRes12k,only_new,,NA
BA04FIJ02,ch2kBA04FIJ02,RJBbOIPqZZ5YhBdmq,paleoData.medianRes12k,only_new,,NA
BA04FIJ02,ch2kBA04FIJ02,RJlctmxMUuxNYxBo5,paleoData.medianRes12k,only_new,,NA
BO14HTI01,ch2kBO14HTI01,BO14HTI01_SrCa,paleoData.medianRes12k,only_new,,NA
BO14HTI01,ch2kBO14HTI01,BO14HTI01_SrCaUncertainty,paleoData.medianRes12k,only_new,,NA
BO14HTI01,ch2kBO14HTI01,BO14HTI01_d18O,paleoData.medianRes12k,only_new,,NA
BO14HTI01,ch2kBO14HTI01,RT0u2QgqCgA0Wg68l,paleoData.medianRes12k,only_new,,NA
BO14HTI01,ch2kBO14HTI01,RnFor7kXr5gqw75al,paleoData.medianRes12k,only_new,,NA
BO14HTI01,ch2kBO14HTI01,RrqGTJR6apksx40z2,paleoData.medianRes12k,only_new,,NA
BO14HTI02,ch2kBO14HTI02,BO14HTI02_SrCa,paleoData.medianRes12k,only_new,,NA
BO14HTI02,ch2kBO14HTI02,BO14HTI02_d18O,paleoData.medianRes12k,only_new,,NA
BO14HTI02,ch2kBO14HTI02,R9FqzV3NdQEaJMcaN,paleoData.medianRes12k,only_new,,NA
BO14HTI02,ch2kBO14HTI02,RVIjLR5NT07Q4IcQP,paleoData.medianRes12k,only_new,,NA
BO99MOO01,ch2kBO99MOO01,BO99MOO01_d18O,paleoData.medianRes12k,only_new,,NA
BO99MOO01,ch2kBO99MOO01,RJSU63MLQ2YJie4pW,paleoData.medianRes12k,only_new,,NA
BR19RED01,ch2kBR19RED01,BR19RED01_SrCa,paleoData.medianRes12k,only_new,,NA
BR19RED01,ch2kBR19RED01,BR19RED01_SrCa_annual,paleoData.medianRes12k,only_new,,NA
BR19RED01,ch2kBR19RED01,RmYx6fEHBa3mD86ID,paleoData.medianRes12k,only_new,,NA
BR19RED01,ch2kBR19RED01,Rua2z4ycjRBVv0ulz,paleoData.medianRes12k,only_new,,NA
CA07FLI01,ch2kCA07FLI01,CA07FLI01_SrCa,paleoData.medianRes12k,only_new,,NA
CA07FLI01,ch2kCA07FLI01,CA07FLI01_d18O,paleoData.medianRes12k,only_new,,NA
CA07FLI01,ch2kCA07FLI01,R5D1FzMF3jGO4mFc9,paleoData.medianRes12k,only_new,,NA
CA07FLI01,ch2kCA07FLI01,RBoVCcyNpdxxSVLsd,paleoData.medianRes12k,only_new,,NA
CA13DIA01,ch2kCA13DIA01,CA13DIA01_d18O,paleoData.medianRes12k,only_new,,NA
CA13DIA01,ch2kCA13DIA01,R3Y9TI0iZpxiQWELg,paleoData.medianRes12k,only_new,,NA
CA13PEL01,ch2kCA13PEL01,CA13PEL01_d18O,paleoData.medianRes12k,only_new,,NA
CA13PEL01,ch2kCA13PEL01,RPVKRhZ2U71L2U2I4,paleoData.medianRes12k,only_new,,NA
CA13SAP01,ch2kCA13SAP01,CA13SAP01_d18O,paleoData.medianRes12k,only_new,,NA
CA13SAP01,ch2kCA13SAP01,RuqWpaTBkk39QonJ7,paleoData.medianRes12k,only_new,,NA
CA13TUR01,ch2kCA13TUR01,CA13TUR01_d18O,paleoData.medianRes12k,only_new,,NA
CA13TUR01,ch2kCA13TUR01,R3sP23ZxFmfXPKH7h,paleoData.medianRes12k,only_new,,NA
CA14BUT01,ch2kCA14BUT01,CA14BUT01_SrCa,paleoData.medianRes12k,only_new,,NA
CA14BUT01,ch2kCA14BUT01,CA14BUT01_d18O,paleoData.medianRes12k,only_new,,NA
CA14BUT01,ch2kCA14BUT01,CA14BUT01_d18O_sw,paleoData.medianRes12k,only_new,,NA
CA14BUT01,ch2kCA14BUT01,RRKkKUnJPCQBvrpgr,paleoData.medianRes12k,only_new,,NA
CA14BUT01,ch2kCA14BUT01,Rq1vqf5QjkgT4tsYi,paleoData.medianRes12k,only_new,,NA
CA14BUT01,ch2kCA14BUT01,RvEmAF623MV6ezdpj,paleoData.medianRes12k,only_new,,NA
CA14TIM01,ch2kCA14TIM01,CA14TIM01_SrCa,paleoData.medianRes12k,only_new,,NA
CA14TIM01,ch2kCA14TIM01,CA14TIM01_d18O,paleoData.medianRes12k,only_new,,NA
CA14TIM01,ch2kCA14TIM01,CA14TIM01_d18O_sw,paleoData.medianRes12k,only_new,,NA
CA14TIM01,ch2kCA14TIM01,R0MurSwCQVDGJnfQv,paleoData.medianRes12k,only_new,,NA
CA14TIM01,ch2kCA14TIM01,R0UOJa9uaq3x0UuBp,paleoData.medianRes12k,only_new,,NA
CA14TIM01,ch2kCA14TIM01,RzgRzAqhMNvPz0Kg0,paleoData.medianRes12k,only_new,,NA
CH03BUN01,ch2kCH03BUN01,CH03BUN01_d18O,paleoData.medianRes12k,only_new,,NA
CH03BUN01,ch2kCH03BUN01,R0z6sGNoWjc5pAFCd,paleoData.medianRes12k,only_new,,NA
CH03LOM01,ch2kCH03LOM01,CH03LOM01_d18O,paleoData.medianRes12k,only_new,,NA
CH03LOM01,ch2kCH03LOM01,R9aRku1QH9LNW9mdY,paleoData.medianRes12k,only_new,,NA
CH18YOA01,ch2kCH18YOA01,CH18YOA01_SrCa,paleoData.medianRes12k,only_new,,NA
CH18YOA01,ch2kCH18YOA01,Rx5s14QlHZqXo33f2,paleoData.medianRes12k,only_new,,NA
CH18YOA02,ch2kCH18YOA02,CH18YOA02_SrCa,paleoData.medianRes12k,only_new,,NA
CH18YOA02,ch2kCH18YOA02,RCqtBQ6UKwzFpDC2A,paleoData.medianRes12k,only_new,,NA
CH97BVB01,ch2kCH97BVB01,CH97BVB01_d18O,paleoData.medianRes12k,only_new,,NA
CH97BVB01,ch2kCH97BVB01,R89SfN2wqJL7y1ry6,paleoData.medianRes12k,only_new,,NA
CH98PIR01,ch2kCH98PIR01,CH98PIR01_d18O,paleoData.medianRes12k,only_new,,NA
CH98PIR01,ch2kCH98PIR01,RZVIjUGupdA3bnpAw,paleoData.medianRes12k,only_new,,NA
CO00MAL01,ch2kCO00MAL01,CO00MAL01_d18O,paleoData.medianRes12k,only_new,,NA
CO00MAL01,ch2kCO00MAL01,RRt74CtDw2T40DkNr,paleoData.medianRes12k,only_new,,NA
CO03PAL01,ch2kCO03PAL01,CO03PAL01_d18O,paleoData.medianRes12k,only_new,,NA
CO03PAL01,ch2kCO03PAL01,RsSnm50rqTMB9hk3V,paleoData.medianRes12k,only_new,,NA
CO03PAL02,ch2kCO03PAL02,CO03PAL02_d18O,paleoData.medianRes12k,only_new,,NA
CO03PAL02,ch2kCO03PAL02,RYycxAaX71Iux1sHY,paleoData.medianRes12k,only_new,,NA
CO03PAL03,ch2kCO03PAL03,CO03PAL03_d18O,paleoData.medianRes12k,only_new,,NA
CO03PAL03,ch2kCO03PAL03,RzdRiNkpkBa0nkmGU,paleoData.medianRes12k,only_new,,NA
CO03PAL04,ch2kCO03PAL04,CO03PAL04_d18O,paleoData.medianRes12k,only_new,,NA
CO03PAL04,ch2kCO03PAL04,R9VPs7msONZLl6xvc,paleoData.medianRes12k,only_new,,NA
CO03PAL05,ch2kCO03PAL05,CO03PAL05_d18O,paleoData.medianRes12k,only_new,,NA
CO03PAL05,ch2kCO03PAL05,RDxGP2OZzioAW5C87,paleoData.medianRes12k,only_new,,NA
CO03PAL06,ch2kCO03PAL06,CO03PAL06_d18O,paleoData.medianRes12k,only_new,,NA
CO03PAL06,ch2kCO03PAL06,Rq0vdGHJRqE2jBKnf,paleoData.medianRes12k,only_new,,NA
CO03PAL07,ch2kCO03PAL07,CO03PAL07_d18O,paleoData.medianRes12k,only_new,,NA
CO03PAL07,ch2kCO03PAL07,REMnP0GaMfre4UZR6,paleoData.medianRes12k,only_new,,NA
CO03PAL08,ch2kCO03PAL08,CO03PAL08_d18O,paleoData.medianRes12k,only_new,,NA
CO03PAL08,ch2kCO03PAL08,RLoiW3CG8ucM3UH06,paleoData.medianRes12k,only_new,,NA
CO03PAL09,ch2kCO03PAL09,CO03PAL09_d18O,paleoData.medianRes12k,only_new,,NA
CO03PAL09,ch2kCO03PAL09,RjCmrNiEfmxiPdJWw,paleoData.medianRes12k,only_new,,NA
CO03PAL10,ch2kCO03PAL10,CO03PAL10_d18O,paleoData.medianRes12k,only_new,,NA
CO03PAL10,ch2kCO03PAL10,RFhmZOVJThS450cpO,paleoData.medianRes12k,only_new,,NA
CO93TAR01,ch2kCO93TAR01,CO93TAR01_d18O,paleoData.medianRes12k,only_new,,NA
CO93TAR01,ch2kCO93TAR01,RdJprJ5BDqtsPAJZX,paleoData.medianRes12k,only_new,,NA
DA06MAF01,ch2kDA06MAF01,DA06MAF01_d18O,paleoData.medianRes12k,only_new,,NA
DA06MAF01,ch2kDA06MAF01,RQcpPdGQFSEY1j1OO,paleoData.medianRes12k,only_new,,NA
DA06MAF02,ch2kDA06MAF02,DA06MAF02_d18O,paleoData.medianRes12k,only_new,,NA
DA06MAF02,ch2kDA06MAF02,RGkfNx7ghCVtrvyze,paleoData.medianRes12k,only_new,,NA
DE12ANC01,ch2kDE12ANC01,DE12ANC01_SrCa,paleoData.medianRes12k,only_new,,NA
DE12ANC01,ch2kDE12ANC01,RJTgiai2jk7WR4lm3,paleoData.medianRes12k,only_new,,NA
DE13HAI01,ch2kDE13HAI01,DE13HAI01_SrCa,paleoData.medianRes12k,only_new,,NA
DE13HAI01,ch2kDE13HAI01,DE13HAI01_SrCa_annual,paleoData.medianRes12k,only_new,,NA
DE13HAI01,ch2kDE13HAI01,DE13HAI01_d18O,paleoData.medianRes12k,only_new,,NA
DE13HAI01,ch2kDE13HAI01,DE13HAI01_d18O_annual,paleoData.medianRes12k,only_new,,NA
DE13HAI01,ch2kDE13HAI01,DE13HAI01_d18O_sw,paleoData.medianRes12k,only_new,,NA
DE13HAI01,ch2kDE13HAI01,DE13HAI01_d18O_sw_annual,paleoData.medianRes12k,only_new,,NA
DE13HAI01,ch2kDE13HAI01,R0ddyVDynxIwZatMA,paleoData.medianRes12k,only_new,,NA
DE13HAI01,ch2kDE13HAI01,R520eUJApJPAjFZJF,paleoData.medianRes12k,only_new,,NA
DE13HAI01,ch2kDE13HAI01,R8rD7xoXY13yPfW0D,paleoData.medianRes12k,only_new,,NA
DE13HAI01,ch2kDE13HAI01,RBaquzm3u8Qt9lpP0,paleoData.medianRes12k,only_new,,NA
DE13HAI01,ch2kDE13HAI01,RLxH3BYbq2dRvxZTg,paleoData.medianRes12k,only_new,,NA
DE13HAI01,ch2kDE13HAI01,Rwz7bCLNLPLghW82t,paleoData.medianRes12k,only_new,,NA
DE14DTO01,ch2kDE14DTO01,DE14DTO01_SrCa,paleoData.medianRes12k,only_new,,NA
DE14DTO01,ch2kDE14DTO01,R6vKY8CO6fFCIa97i,paleoData.medianRes12k,only_new,,NA
DE14DTO02,ch2kDE14DTO02,DE14DTO02_SrCa,paleoData.medianRes12k,only_new,,NA
DE14DTO02,ch2kDE14DTO02,RwkZldD1aPt56Zmb0,paleoData.medianRes12k,only_new,,NA
DE14DTO03,ch2kDE14DTO03,DE14DTO03_SrCa,paleoData.medianRes12k,only_new,,NA
DE14DTO03,ch2kDE14DTO03,RP72A5uWacrxDkfRx,paleoData.medianRes12k,only_new,,NA
DE14DTO04,ch2kDE14DTO04,DE14DTO04_SrCa,paleoData.medianRes12k,only_new,,NA
DE14DTO04,ch2kDE14DTO04,RlfINxE2SejWzfDv9,paleoData.medianRes12k,only_new,,NA
DE16RED01,ch2kDE16RED01,DE16RED01_SrCa,paleoData.medianRes12k,only_new,,NA
DE16RED01,ch2kDE16RED01,Rwd4QeA919hardoCY,paleoData.medianRes12k,only_new,,NA
DO18DAV01,ch2kDO18DAV01,DO18DAV01_SrCa,paleoData.medianRes12k,only_new,,NA
DO18DAV01,ch2kDO18DAV01,Rg3Ox2oCpzZTFQf4W,paleoData.medianRes12k,only_new,,NA
DR00KSB01,ch2kDR00KSB01,DR00KSB01_d18O,paleoData.medianRes12k,only_new,,NA
DR00KSB01,ch2kDR00KSB01,RHmXkXebWJCF4dpj9,paleoData.medianRes12k,only_new,,NA
DR00NBB01,ch2kDR00NBB01,DR00NBB01_d18O,paleoData.medianRes12k,only_new,,NA
DR00NBB01,ch2kDR00NBB01,R90x1kntPhWCotFrJ,paleoData.medianRes12k,only_new,,NA
DR99ABR01,ch2kDR99ABR01,DR99ABR01_d18O,paleoData.medianRes12k,only_new,,NA
DR99ABR01,ch2kDR99ABR01,DR99ABR01_d18O_annual,paleoData.medianRes12k,only_new,,NA
DR99ABR01,ch2kDR99ABR01,R01AkWuetWy2LDmYU,paleoData.medianRes12k,only_new,,NA
DR99ABR01,ch2kDR99ABR01,RmoF6TJPeidmbtd4y,paleoData.medianRes12k,only_new,,NA
DU94URV01,ch2kDU94URV01,DU94URV01_d18O,paleoData.medianRes12k,only_new,,NA
DU94URV01,ch2kDU94URV01,DU94URV01_d18O_annual,paleoData.medianRes12k,only_new,,NA
DU94URV01,ch2kDU94URV01,R9J3YKwz1mdaKIN4S,paleoData.medianRes12k,only_new,,NA
DU94URV01,ch2kDU94URV01,RFtpxkjO2eZ76Lwvv,paleoData.medianRes12k,only_new,,NA
DU94URV02,ch2kDU94URV02,DU94URV02_d18O,paleoData.medianRes12k,only_new,,NA
DU94URV02,ch2kDU94URV02,DU94URV02_d18O_annual,paleoData.medianRes12k,only_new,,NA
DU94URV02,ch2kDU94URV02,R4ohy2axzfTAj22ZL,paleoData.medianRes12k,only_new,,NA
DU94URV02,ch2kDU94URV02,ReLdT4gjC49JBY3Jc,paleoData.medianRes12k,only_new,,NA
EV18ROC01,ch2kEV18ROC01,EV18ROC01_SrCa,paleoData.medianRes12k,only_new,,NA
EV18ROC01,ch2kEV18ROC01,EV18ROC01_SrCa_annual,paleoData.medianRes12k,only_new,,NA
EV18ROC01,ch2kEV18ROC01,R3svkRslZHfa7pkcL,paleoData.medianRes12k,only_new,,NA
EV18ROC01,ch2kEV18ROC01,RbLSM9RPW02L4xLH6,paleoData.medianRes12k,only_new,,NA
EV98KIR01,ch2kEV98KIR01,EV98KIR01_d18O,paleoData.medianRes12k,only_new,,NA
EV98KIR01,ch2kEV98KIR01,RHgYCLPF8tW70wDTP,paleoData.medianRes12k,only_new,,NA
FE09OGA01,ch2kFE09OGA01,FE09OGA01_SrCa,paleoData.medianRes12k,only_new,,NA
FE09OGA01,ch2kFE09OGA01,FE09OGA01_SrCa_annual,paleoData.medianRes12k,only_new,,NA
FE09OGA01,ch2kFE09OGA01,FE09OGA01_d18O,paleoData.medianRes12k,only_new,,NA
FE09OGA01,ch2kFE09OGA01,FE09OGA01_d18O_annual,paleoData.medianRes12k,only_new,,NA
FE09OGA01,ch2kFE09OGA01,FE09OGA01_d18O_sw_annual,paleoData.medianRes12k,only_new,,NA
FE09OGA01,ch2kFE09OGA01,R3MVSLhVboKiZ7dTa,paleoData.medianRes12k,only_new,,NA
FE09OGA01,ch2kFE09OGA01,REroNSquinMBkQrm1,paleoData.medianRes12k,only_new,,NA
FE09OGA01,ch2kFE09OGA01,RIhajHTIgQyHQYTfQ,paleoData.medianRes12k,only_new,,NA
FE09OGA01,ch2kFE09OGA01,RLfY19DZFkGL4U33D,paleoData.medianRes12k,only_new,,NA
FE09OGA01,ch2kFE09OGA01,RgzYfTcgpg5G55cw0,paleoData.medianRes12k,only_new,,NA
FE18RUS01,ch2kFE18RUS01,FE18RUS01_SrCa,paleoData.medianRes12k,only_new,,NA
FE18RUS01,ch2kFE18RUS01,FE18RUS01_SrCa_annual,paleoData.medianRes12k,only_new,,NA
FE18RUS01,ch2kFE18RUS01,FE18RUS01_d18O,paleoData.medianRes12k,only_new,,NA
FE18RUS01,ch2kFE18RUS01,FE18RUS01_d18O_annual,paleoData.medianRes12k,only_new,,NA
FE18RUS01,ch2kFE18RUS01,FE18RUS01_d18O_sw_annual,paleoData.medianRes12k,only_new,,NA
FE18RUS01,ch2kFE18RUS01,RF3J1uut8bMQUaz6t,paleoData.medianRes12k,only_new,,NA
FE18RUS01,ch2kFE18RUS01,RFA3WiroXxKmRdg0g,paleoData.medianRes12k,only_new,,NA
FE18RUS01,ch2kFE18RUS01,RZGy1HH25VNGATmfB,paleoData.medianRes12k,only_new,,NA
FE18RUS01,ch2kFE18RUS01,RkgqoizFgPrWuoEmD,paleoData.medianRes12k,only_new,,NA
FE18RUS01,ch2kFE18RUS01,RksRjrV1WFm3ME2BZ,paleoData.medianRes12k,only_new,,NA
FL17DTO01,ch2kFL17DTO01,FL17DTO01_SrCa,paleoData.medianRes12k,only_new,,NA
FL17DTO01,ch2kFL17DTO01,FL17DTO01_SrCa_annual,paleoData.medianRes12k,only_new,,NA
FL17DTO01,ch2kFL17DTO01,RG4TSkBrPiwYGU9yF,paleoData.medianRes12k,only_new,,NA
FL17DTO01,ch2kFL17DTO01,Ro9hwQyNrG0JaRB1T,paleoData.medianRes12k,only_new,,NA
FL17DTO02,ch2kFL17DTO02,FL17DTO02_SrCa,paleoData.medianRes12k,only_new,,NA
FL17DTO02,ch2kFL17DTO02,FL17DTO02_SrCa_annual,paleoData.medianRes12k,only_new,,NA
FL17DTO02,ch2kFL17DTO02,R4LzDDjrzbdC6Qmjd,paleoData.medianRes12k,only_new,,NA
FL17DTO02,ch2kFL17DTO02,RjGdnLufvuj3a8hVK,paleoData.medianRes12k,only_new,,NA
FL18DTO01,ch2kFL18DTO01,FL18DTO01_SrCa,paleoData.medianRes12k,only_new,,NA
FL18DTO01,ch2kFL18DTO01,Rci6pi4Gc6N8rt9nj,paleoData.medianRes12k,only_new,,NA
FL18DTO02,ch2kFL18DTO02,FL18DTO02_SrCa,paleoData.medianRes12k,only_new,,NA
FL18DTO02,ch2kFL18DTO02,R4VZCZM0tUlo9GZBA,paleoData.medianRes12k,only_new,,NA
FL18DTO03,ch2kFL18DTO03,FL18DTO03_SrCa,paleoData.medianRes12k,only_new,,NA
FL18DTO03,ch2kFL18DTO03,RCjAmYEEl7Z37ABYq,paleoData.medianRes12k,only_new,,NA
FL18DTO04,ch2kFL18DTO04,FL18DTO04_SrCa,paleoData.medianRes12k,only_new,,NA
FL18DTO04,ch2kFL18DTO04,R8T1ymUhaqkSLZmOS,paleoData.medianRes12k,only_new,,NA
GO08BER01,ch2kGO08BER01,GO08BER01_SrCa,paleoData.medianRes12k,only_new,,NA
GO08BER01,ch2kGO08BER01,GO08BER01_SrCaUncertainty,paleoData.medianRes12k,only_new,,NA
GO08BER01,ch2kGO08BER01,GO08BER01_SrCa_annual,paleoData.medianRes12k,only_new,,NA
GO08BER01,ch2kGO08BER01,GO08BER01_d18O,paleoData.medianRes12k,only_new,,NA
GO08BER01,ch2kGO08BER01,GO08BER01_d18OUncertainty,paleoData.medianRes12k,only_new,,NA
GO08BER01,ch2kGO08BER01,GO08BER01_d18O_annual,paleoData.medianRes12k,only_new,,NA
GO08BER01,ch2kGO08BER01,RQRmTTjPp3JuI87kk,paleoData.medianRes12k,only_new,,NA
GO08BER01,ch2kGO08BER01,RWqz8crf9DhuitnXX,paleoData.medianRes12k,only_new,,NA
GO08BER01,ch2kGO08BER01,Rcm0nBYRpV1TO8ZNx,paleoData.medianRes12k,only_new,,NA
GO08BER01,ch2kGO08BER01,RkIR9qlLPKJnkXzsD,paleoData.medianRes12k,only_new,,NA
GO08BER01,ch2kGO08BER01,RmQMv2KvscSpNdDqW,paleoData.medianRes12k,only_new,,NA
GO08BER01,ch2kGO08BER01,Rwt9MiVokZ173PazO,paleoData.medianRes12k,only_new,,NA
GO12SBV01,ch2kGO12SBV01,GO12SBV01_SrCa,paleoData.medianRes12k,only_new,,NA
GO12SBV01,ch2kGO12SBV01,GO12SBV01_d18O,paleoData.medianRes12k,only_new,,NA
GO12SBV01,ch2kGO12SBV01,RH2XCyxJotnjqUlwq,paleoData.medianRes12k,only_new,,NA
GO12SBV01,ch2kGO12SBV01,RM43cxCPPDAlkE4SE,paleoData.medianRes12k,only_new,,NA
GR13MAD01,ch2kGR13MAD01,GR13MAD01_SrCa,paleoData.medianRes12k,only_new,,NA
GR13MAD01,ch2kGR13MAD01,RmfB9geQQtbGrJBXE,paleoData.medianRes12k,only_new,,NA
GR13MAD02,ch2kGR13MAD02,GR13MAD02_SrCa,paleoData.medianRes12k,only_new,,NA
GR13MAD02,ch2kGR13MAD02,R7oVbP8lfo90gGYoS,paleoData.medianRes12k,only_new,,NA
GU99NAU01,ch2kGU99NAU01,GU99NAU01_d18O,paleoData.medianRes12k,only_new,,NA
GU99NAU01,ch2kGU99NAU01,RI4JSrxSqA9ycFPJq,paleoData.medianRes12k,only_new,,NA
GU99NAU02,ch2kGU99NAU02,GU99NAU02_d18O,paleoData.medianRes12k,only_new,,NA
GU99NAU02,ch2kGU99NAU02,RSGLtA26zkRfAHc9Z,paleoData.medianRes12k,only_new,,NA
HE02GBR01,ch2kHE02GBR01,HE02GBR01_SrCa,paleoData.medianRes12k,only_new,,NA
HE02GBR01,ch2kHE02GBR01,HE02GBR01_d18O,paleoData.medianRes12k,only_new,,NA
HE02GBR01,ch2kHE02GBR01,HE02GBR01_d18O_sw,paleoData.medianRes12k,only_new,,NA
HE02GBR01,ch2kHE02GBR01,R3lgwVnP85nnB9cS0,paleoData.medianRes12k,only_new,,NA
HE02GBR01,ch2kHE02GBR01,RbEXyHLDa53ACaU8t,paleoData.medianRes12k,only_new,,NA
HE02GBR01,ch2kHE02GBR01,RuCocomilK5XOWhWO,paleoData.medianRes12k,only_new,,NA
HE08LRA01,ch2kHE08LRA01,HE08LRA01_d18O,paleoData.medianRes12k,only_new,,NA
HE08LRA01,ch2kHE08LRA01,RvagYJ4zhT7NUD8Sp,paleoData.medianRes12k,only_new,,NA
HE10GUA01,ch2kHE10GUA01,HE10GUA01_SrCa,paleoData.medianRes12k,only_new,,NA
HE10GUA01,ch2kHE10GUA01,HE10GUA01_SrCa_annual,paleoData.medianRes12k,only_new,,NA
HE10GUA01,ch2kHE10GUA01,HE10GUA01_d18O,paleoData.medianRes12k,only_new,,NA
HE10GUA01,ch2kHE10GUA01,HE10GUA01_d18O_annual,paleoData.medianRes12k,only_new,,NA
HE10GUA01,ch2kHE10GUA01,RCiiuo84HnQZaNvYJ,paleoData.medianRes12k,only_new,,NA
HE10GUA01,ch2kHE10GUA01,RLqS2COsAniPH8FUA,paleoData.medianRes12k,only_new,,NA
HE10GUA01,ch2kHE10GUA01,Rexr7oE1E3wjAboyU,paleoData.medianRes12k,only_new,,NA
HE10GUA01,ch2kHE10GUA01,Rk04Sn18x2l7ZRVmu,paleoData.medianRes12k,only_new,,NA
HE13MIS01,ch2kHE13MIS01,HE13MIS01_SrCa,paleoData.medianRes12k,only_new,,NA
HE13MIS01,ch2kHE13MIS01,HE13MIS01_d18O,paleoData.medianRes12k,only_new,,NA
HE13MIS01,ch2kHE13MIS01,R9zTq7v3Pmco6dh1O,paleoData.medianRes12k,only_new,,NA
HE13MIS01,ch2kHE13MIS01,RNKwBdfJXrEV3NNpD,paleoData.medianRes12k,only_new,,NA
HE13MIS02,ch2kHE13MIS02,HE13MIS02_SrCa,paleoData.medianRes12k,only_new,,NA
HE13MIS02,ch2kHE13MIS02,HE13MIS02_d18O,paleoData.medianRes12k,only_new,,NA
HE13MIS02,ch2kHE13MIS02,RL2ETFoDYSAxnSBie,paleoData.medianRes12k,only_new,,NA
HE13MIS02,ch2kHE13MIS02,RcyUJVk9wmHT2G3Ht,paleoData.medianRes12k,only_new,,NA
HE18COC01,ch2kHE18COC01,HE18COC01_SrCa,paleoData.medianRes12k,only_new,,NA
HE18COC01,ch2kHE18COC01,HE18COC01_d18O,paleoData.medianRes12k,only_new,,NA
HE18COC01,ch2kHE18COC01,HE18COC01_d18O_sw,paleoData.medianRes12k,only_new,,NA
HE18COC01,ch2kHE18COC01,R5k5NEPjKcWLVYY4x,paleoData.medianRes12k,only_new,,NA
HE18COC01,ch2kHE18COC01,RklrFhiWJl3khg1EJ,paleoData.medianRes12k,only_new,,NA
HE18COC01,ch2kHE18COC01,RypWQQnuNIRjpr55U,paleoData.medianRes12k,only_new,,NA
HE18COC02,ch2kHE18COC02,HE18COC02_SrCa,paleoData.medianRes12k,only_new,,NA
HE18COC02,ch2kHE18COC02,HE18COC02_d18O,paleoData.medianRes12k,only_new,,NA
HE18COC02,ch2kHE18COC02,HE18COC02_d18O_sw,paleoData.medianRes12k,only_new,,NA
HE18COC02,ch2kHE18COC02,R0DIFeYSYMU7CQkU4,paleoData.medianRes12k,only_new,,NA
HE18COC02,ch2kHE18COC02,RcgkDC0vBAdmtcaLN,paleoData.medianRes12k,only_new,,NA
HE18COC02,ch2kHE18COC02,Rfmd1vpuEubJZvDmZ,paleoData.medianRes12k,only_new,,NA
JI18GAL01,ch2kJI18GAL01,JI18GAL01_SrCa,paleoData.medianRes12k,only_new,,NA
JI18GAL01,ch2kJI18GAL01,R4NnpErGgG4ruVm4H,paleoData.medianRes12k,only_new,,NA
JI18GAL02,ch2kJI18GAL02,JI18GAL02_SrCa,paleoData.medianRes12k,only_new,,NA
JI18GAL02,ch2kJI18GAL02,RuD4SDfGL2ATgioeO,paleoData.medianRes12k,only_new,,NA
KA17RYU01,ch2kKA17RYU01,KA17RYU01_SrCa,paleoData.medianRes12k,only_new,,NA
KA17RYU01,ch2kKA17RYU01,RVm6F0YQRs8LVBoxc,paleoData.medianRes12k,only_new,,NA
KI04MCV01,ch2kKI04MCV01,KI04MCV01_SrCa,paleoData.medianRes12k,only_new,,NA
KI04MCV01,ch2kKI04MCV01,KI04MCV01_d18O,paleoData.medianRes12k,only_new,,NA
KI04MCV01,ch2kKI04MCV01,R1Whwj2ckb8qWyMBu,paleoData.medianRes12k,only_new,,NA
KI04MCV01,ch2kKI04MCV01,Rbgj3l4vJWETpVJ9o,paleoData.medianRes12k,only_new,,NA
KI08PAR01,ch2kKI08PAR01,KI08PAR01_SrCa,paleoData.medianRes12k,only_new,,NA
KI08PAR01,ch2kKI08PAR01,KI08PAR01_SrCa_annual,paleoData.medianRes12k,only_new,,NA
KI08PAR01,ch2kKI08PAR01,KI08PAR01_d18O,paleoData.medianRes12k,only_new,,NA
KI08PAR01,ch2kKI08PAR01,KI08PAR01_d18O_annual,paleoData.medianRes12k,only_new,,NA
KI08PAR01,ch2kKI08PAR01,R1ALLtayNDU7Dgv8m,paleoData.medianRes12k,only_new,,NA
KI08PAR01,ch2kKI08PAR01,R1MtW6YHaurEfHg8P,paleoData.medianRes12k,only_new,,NA
KI08PAR01,ch2kKI08PAR01,RHYWyYPu9JU9672Wt,paleoData.medianRes12k,only_new,,NA
KI08PAR01,ch2kKI08PAR01,RhBVr4EiecsBg3gvk,paleoData.medianRes12k,only_new,,NA
KI14PAR01,ch2kKI14PAR01,KI14PAR01_SrCa,paleoData.medianRes12k,only_new,,NA
KI14PAR01,ch2kKI14PAR01,KI14PAR01_SrCa_annual,paleoData.medianRes12k,only_new,,NA
KI14PAR01,ch2kKI14PAR01,KI14PAR01_d18O,paleoData.medianRes12k,only_new,,NA
KI14PAR01,ch2kKI14PAR01,KI14PAR01_d18O_annual,paleoData.medianRes12k,only_new,,NA
KI14PAR01,ch2kKI14PAR01,KI14PAR01_d18O_sw,paleoData.medianRes12k,only_new,,NA
KI14PAR01,ch2kKI14PAR01,KI14PAR01_d18O_sw_annual,paleoData.medianRes12k,only_new,,NA
KI14PAR01,ch2kKI14PAR01,R1ZLrVlCE7vs7fFeg,paleoData.medianRes12k,only_new,,NA
KI14PAR01,ch2kKI14PAR01,RBivRlCmOU8ipHXsF,paleoData.medianRes12k,only_new,,NA
KI14PAR01,ch2kKI14PAR01,REgfVxjtWmoVHwVkI,paleoData.medianRes12k,only_new,,NA
KI14PAR01,ch2kKI14PAR01,RNT5e5C4h2D6PReUQ,paleoData.medianRes12k,only_new,,NA
KI14PAR01,ch2kKI14PAR01,RW39HgrF2QoTu0kvk,paleoData.medianRes12k,only_new,,NA
KI14PAR01,ch2kKI14PAR01,RzBhGY7VJAwFrxhbh,paleoData.medianRes12k,only_new,,NA
KL97DAH01,ch2kKL97DAH01,KL97DAH01_d18O,paleoData.medianRes12k,only_new,,NA
KL97DAH01,ch2kKL97DAH01,RrQ7u1LwaIm1trZ4i,paleoData.medianRes12k,only_new,,NA
KR20SAR01,ch2kKR20SAR01,KR20SAR01_SrCa,paleoData.medianRes12k,only_new,,NA
KR20SAR01,ch2kKR20SAR01,KR20SAR01_d18O,paleoData.medianRes12k,only_new,,NA
KR20SAR01,ch2kKR20SAR01,KR20SAR01_d18O_sw,paleoData.medianRes12k,only_new,,NA
KR20SAR01,ch2kKR20SAR01,RNhK4YSvhMz1wa0eu,paleoData.medianRes12k,only_new,,NA
KR20SAR01,ch2kKR20SAR01,RVKLXnq3aR3x5S0yg,paleoData.medianRes12k,only_new,,NA
KR20SAR01,ch2kKR20SAR01,RpD44up1aODpPRFiF,paleoData.medianRes12k,only_new,,NA
KR20SAR02,ch2kKR20SAR02,KR20SAR02_SrCa,paleoData.medianRes12k,only_new,,NA
KR20SAR02,ch2kKR20SAR02,KR20SAR02_d18O,paleoData.medianRes12k,only_new,,NA
KR20SAR02,ch2kKR20SAR02,KR20SAR02_d18O_sw,paleoData.medianRes12k,only_new,,NA
KR20SAR02,ch2kKR20SAR02,RE7GLScfT6pLPWera,paleoData.medianRes12k,only_new,,NA
KR20SAR02,ch2kKR20SAR02,RIQdd8SKLyVYTNW9z,paleoData.medianRes12k,only_new,,NA
KR20SAR02,ch2kKR20SAR02,RLmY5uQUHkdXKPMuB,paleoData.medianRes12k,only_new,,NA
KU00NIN01,ch2kKU00NIN01,KU00NIN01_d18O,paleoData.medianRes12k,only_new,,NA
KU00NIN01,ch2kKU00NIN01,RTBLNyBYk6cBBRPVX,paleoData.medianRes12k,only_new,,NA
KU99HOU01,ch2kKU99HOU01,KU99HOU01_d18O,paleoData.medianRes12k,only_new,,NA
KU99HOU01,ch2kKU99HOU01,Rm5QYdtrev3rU3Rp1,paleoData.medianRes12k,only_new,,NA
LI00RAR01,ch2kLI00RAR01,LI00RAR01_SrCa,paleoData.medianRes12k,only_new,,NA
LI00RAR01,ch2kLI00RAR01,LI00RAR01_d18O,paleoData.medianRes12k,only_new,,NA
LI00RAR01,ch2kLI00RAR01,LI00RAR01_d18O_sw,paleoData.medianRes12k,only_new,,NA
LI00RAR01,ch2kLI00RAR01,Rcow67XdhRapGD8BF,paleoData.medianRes12k,only_new,,NA
LI00RAR01,ch2kLI00RAR01,Rg7EDzxvQhylRorSe,paleoData.medianRes12k,only_new,,NA
LI00RAR01,ch2kLI00RAR01,RrrLMNpjX4JpzxAUf,paleoData.medianRes12k,only_new,,NA
LI04FIJ01,ch2kLI04FIJ01,LI04FIJ01_SrCa,paleoData.medianRes12k,only_new,,NA
LI04FIJ01,ch2kLI04FIJ01,LI04FIJ01_d18O,paleoData.medianRes12k,only_new,,NA
LI04FIJ01,ch2kLI04FIJ01,LI04FIJ01_d18O_sw,paleoData.medianRes12k,only_new,,NA
LI04FIJ01,ch2kLI04FIJ01,RLaTJxJzUpgJrs2Us,paleoData.medianRes12k,only_new,,NA
LI04FIJ01,ch2kLI04FIJ01,RiMMBJzTFl9ZUF2O6,paleoData.medianRes12k,only_new,,NA
LI04FIJ01,ch2kLI04FIJ01,RqUN6q4XTRfH6pPPZ,paleoData.medianRes12k,only_new,,NA
LI06FIJ01,ch2kLI06FIJ01,LI06FIJ01_d18O,paleoData.medianRes12k,only_new,,NA
LI06FIJ01,ch2kLI06FIJ01,RkwyVTZWuuoVHCwpH,paleoData.medianRes12k,only_new,,NA
LI06RAR01,ch2kLI06RAR01,LI06RAR01_d18O,paleoData.medianRes12k,only_new,,NA
LI06RAR01,ch2kLI06RAR01,RVpBW9fCIuzspaAxL,paleoData.medianRes12k,only_new,,NA
LI06RAR02,ch2kLI06RAR02,LI06RAR02_d18O,paleoData.medianRes12k,only_new,,NA
LI06RAR02,ch2kLI06RAR02,Rmx6pAsEs7EJ7hDQv,paleoData.medianRes12k,only_new,,NA
LI94SEC01,ch2kLI94SEC01,LI94SEC01_d18O,paleoData.medianRes12k,only_new,,NA
LI94SEC01,ch2kLI94SEC01,RUASQGjXCCelxDbq5,paleoData.medianRes12k,only_new,,NA
LI99CLI01,ch2kLI99CLI01,LI99CLI01_d18O,paleoData.medianRes12k,only_new,,NA
LI99CLI01,ch2kLI99CLI01,R61CEX2lY0pozNPHR,paleoData.medianRes12k,only_new,,NA
MA08DTO01,ch2kMA08DTO01,MA08DTO01_SrCa,paleoData.medianRes12k,only_new,,NA
MA08DTO01,ch2kMA08DTO01,MA08DTO01_d18O,paleoData.medianRes12k,only_new,,NA
MA08DTO01,ch2kMA08DTO01,RmIFVS8KKI2YtgB7d,paleoData.medianRes12k,only_new,,NA
MA08DTO01,ch2kMA08DTO01,Rq6FDtxRIYrIKzIqa,paleoData.medianRes12k,only_new,,NA
MC04PNG01,ch2kMC04PNG01,MC04PNG01_d18O,paleoData.medianRes12k,only_new,,NA
MC04PNG01,ch2kMC04PNG01,R9yf9PQxQzpUWPQCo,paleoData.medianRes12k,only_new,,NA
MC11KIR01,ch2kMC11KIR01,MC11KIR01_d18O,paleoData.medianRes12k,only_new,,NA
MC11KIR01,ch2kMC11KIR01,RL5IMfKVG0hQRw5On,paleoData.medianRes12k,only_new,,NA
MO06PED01,ch2kMO06PED01,MO06PED01_d18O,paleoData.medianRes12k,only_new,,NA
MO06PED01,ch2kMO06PED01,RawK2rnPXj9ltZ2OS,paleoData.medianRes12k,only_new,,NA
MO20KOI01,ch2kMO20KOI01,MO20KOI01_SrCa,paleoData.medianRes12k,only_new,,NA
MO20KOI01,ch2kMO20KOI01,MO20KOI01_d18O,paleoData.medianRes12k,only_new,,NA
MO20KOI01,ch2kMO20KOI01,MO20KOI01_d18O_sw,paleoData.medianRes12k,only_new,,NA
MO20KOI01,ch2kMO20KOI01,RIRpOPHMQBs9haqTD,paleoData.medianRes12k,only_new,,NA
MO20KOI01,ch2kMO20KOI01,RRggrlFJnHVoolBWD,paleoData.medianRes12k,only_new,,NA
MO20KOI01,ch2kMO20KOI01,RgDJ0JOgMT7v9EmHY,paleoData.medianRes12k,only_new,,NA
MO20WOA01,ch2kMO20WOA01,MO20WOA01_SrCa,paleoData.medianRes12k,only_new,,NA
MO20WOA01,ch2kMO20WOA01,MO20WOA01_d18O,paleoData.medianRes12k,only_new,,NA
MO20WOA01,ch2kMO20WOA01,MO20WOA01_d18O_sw,paleoData.medianRes12k,only_new,,NA
MO20WOA01,ch2kMO20WOA01,RBVspv2JpyprIwcTo,paleoData.medianRes12k,only_new,,NA
MO20WOA01,ch2kMO20WOA01,RJhjj3S9V7XK6LBxp,paleoData.medianRes12k,only_new,,NA
MO20WOA01,ch2kMO20WOA01,RhUU0WbkXyVM0noJG,paleoData.medianRes12k,only_new,,NA
MU17DOA01,ch2kMU17DOA01,MU17DOA01_d18O,paleoData.medianRes12k,only_new,,NA
MU17DOA01,ch2kMU17DOA01,R4B6bbqwt0DAcsRLl,paleoData.medianRes12k,only_new,,NA
MU18GSI01,ch2kMU18GSI01,MU18GSI01_SrCa,paleoData.medianRes12k,only_new,,NA
MU18GSI01,ch2kMU18GSI01,MU18GSI01_d18O,paleoData.medianRes12k,only_new,,NA
MU18GSI01,ch2kMU18GSI01,R0Y1fVTZmIQrJltFe,paleoData.medianRes12k,only_new,,NA
MU18GSI01,ch2kMU18GSI01,RqjYKQ478v4ZPuhna,paleoData.medianRes12k,only_new,,NA
MU18NPI01,ch2kMU18NPI01,MU18NPI01_SrCa,paleoData.medianRes12k,only_new,,NA
MU18NPI01,ch2kMU18NPI01,MU18NPI01_d18O,paleoData.medianRes12k,only_new,,NA
MU18NPI01,ch2kMU18NPI01,RONfekii1t1eGtUUq,paleoData.medianRes12k,only_new,,NA
MU18NPI01,ch2kMU18NPI01,RZxqkm7qtM6HX42EE,paleoData.medianRes12k,only_new,,NA
MU18RED01,ch2kMU18RED01,MU18RED01_SrCa,paleoData.medianRes12k,only_new,,NA
MU18RED01,ch2kMU18RED01,RcR6Af9QBl2Exdycn,paleoData.medianRes12k,only_new,,NA
MU18RED02,ch2kMU18RED02,MU18RED02_SrCa,paleoData.medianRes12k,only_new,,NA
MU18RED02,ch2kMU18RED02,RHak3YgGGs4FSQAQH,paleoData.medianRes12k,only_new,,NA
MU18RED03,ch2kMU18RED03,MU18RED03_SrCa,paleoData.medianRes12k,only_new,,NA
MU18RED03,ch2kMU18RED03,R0w38fcptj4AO4oHx,paleoData.medianRes12k,only_new,,NA
MU18RED04,ch2kMU18RED04,MU18RED04_SrCa,paleoData.medianRes12k,only_new,,NA
MU18RED04,ch2kMU18RED04,MU18RED04_SrCa_annual,paleoData.medianRes12k,only_new,,NA
MU18RED04,ch2kMU18RED04,RUs3JcVHAoelRN1yN,paleoData.medianRes12k,only_new,,NA
MU18RED04,ch2kMU18RED04,RVUprGBUtrEfOikFz,paleoData.medianRes12k,only_new,,NA
NA09MAL01,ch2kNA09MAL01,NA09MAL01_d18O,paleoData.medianRes12k,only_new,,NA
NA09MAL01,ch2kNA09MAL01,R6ST877Ivf7CWyRoO,paleoData.medianRes12k,only_new,,NA
NU09FAN01,ch2kNU09FAN01,NU09FAN01_SrCa,paleoData.medianRes12k,only_new,,NA
NU09FAN01,ch2kNU09FAN01,NU09FAN01_d18O,paleoData.medianRes12k,only_new,,NA
NU09FAN01,ch2kNU09FAN01,NU09FAN01_d18O_sw,paleoData.medianRes12k,only_new,,NA
NU09FAN01,ch2kNU09FAN01,RaMPRugqBHy3YC0Vt,paleoData.medianRes12k,only_new,,NA
NU09FAN01,ch2kNU09FAN01,Ri6QggMZUhRTu4JkK,paleoData.medianRes12k,only_new,,NA
NU09FAN01,ch2kNU09FAN01,Rp5lqnY4tefaOmLEG,paleoData.medianRes12k,only_new,,NA
NU09KIR01,ch2kNU09KIR01,NU09KIR01_SrCa,paleoData.medianRes12k,only_new,,NA
NU09KIR01,ch2kNU09KIR01,NU09KIR01_d18O,paleoData.medianRes12k,only_new,,NA
NU09KIR01,ch2kNU09KIR01,NU09KIR01_d18O_sw,paleoData.medianRes12k,only_new,,NA
NU09KIR01,ch2kNU09KIR01,R18v1Ah4PgefTVNiA,paleoData.medianRes12k,only_new,,NA
NU09KIR01,ch2kNU09KIR01,RIVxmLIidDs7nfeae,paleoData.medianRes12k,only_new,,NA
NU09KIR01,ch2kNU09KIR01,RuRaYkqFGbnZpHjEJ,paleoData.medianRes12k,only_new,,NA
NU11PAL01,ch2kNU11PAL01,NU11PAL01_SrCa,paleoData.medianRes12k,only_new,,NA
NU11PAL01,ch2kNU11PAL01,NU11PAL01_d18O,paleoData.medianRes12k,only_new,,NA
NU11PAL01,ch2kNU11PAL01,NU11PAL01_d18O_sw,paleoData.medianRes12k,only_new,,NA
NU11PAL01,ch2kNU11PAL01,R1qog0RPa51T9UoIr,paleoData.medianRes12k,only_new,,NA
NU11PAL01,ch2kNU11PAL01,RMBJS3OFcMlWmbFHE,paleoData.medianRes12k,only_new,,NA
NU11PAL01,ch2kNU11PAL01,Ry8WHMhkr4ceV7BRQ,paleoData.medianRes12k,only_new,,NA
OS13NGP01,ch2kOS13NGP01,OS13NGP01_d18O,paleoData.medianRes12k,only_new,,NA
OS13NGP01,ch2kOS13NGP01,RmEWxhN5iaWCl2PS8,paleoData.medianRes12k,only_new,,NA
OS13NLP01,ch2kOS13NLP01,OS13NLP01_d18O,paleoData.medianRes12k,only_new,,NA
OS13NLP01,ch2kOS13NLP01,RXTxW3AlNtoq68Hqr,paleoData.medianRes12k,only_new,,NA
OS14RIP01,ch2kOS14RIP01,OS14RIP01_d18O,paleoData.medianRes12k,only_new,,NA
OS14RIP01,ch2kOS14RIP01,RYQayaElvtgY10rhg,paleoData.medianRes12k,only_new,,NA
OS14UCP01,ch2kOS14UCP01,OS14UCP01_d18O,paleoData.medianRes12k,only_new,,NA
OS14UCP01,ch2kOS14UCP01,RH4z6R3ZTzmlrJXE6,paleoData.medianRes12k,only_new,,NA
PF04PBA01,ch2kPF04PBA01,PF04PBA01_d18O,paleoData.medianRes12k,only_new,,NA
PF04PBA01,ch2kPF04PBA01,RKdQfC6lnhoB9Zg0g,paleoData.medianRes12k,only_new,,NA
PF19LAR01,ch2kPF19LAR01,PF19LAR01_SrCa,paleoData.medianRes12k,only_new,,NA
PF19LAR01,ch2kPF19LAR01,PF19LAR01_d18O,paleoData.medianRes12k,only_new,,NA
PF19LAR01,ch2kPF19LAR01,RQy59LP8NXWpMBoVG,paleoData.medianRes12k,only_new,,NA
PF19LAR01,ch2kPF19LAR01,RRiPow5IUDswlmprE,paleoData.medianRes12k,only_new,,NA
QU06RAB01,ch2kQU06RAB01,QU06RAB01_SrCa,paleoData.medianRes12k,only_new,,NA
QU06RAB01,ch2kQU06RAB01,QU06RAB01_d18O,paleoData.medianRes12k,only_new,,NA
QU06RAB01,ch2kQU06RAB01,R32cFCbSkv4nFrBLs,paleoData.medianRes12k,only_new,,NA
QU06RAB01,ch2kQU06RAB01,RKPDhhIZuPGHzzKPw,paleoData.medianRes12k,only_new,,NA
QU96ESV01,ch2kQU96ESV01,QU96ESV01_d18O,paleoData.medianRes12k,only_new,,NA
QU96ESV01,ch2kQU96ESV01,Rj9eikewPYOY47mNj,paleoData.medianRes12k,only_new,,NA
RA19PAI01,ch2kRA19PAI01,RA19PAI01_SrCa,paleoData.medianRes12k,only_new,,NA
RA19PAI01,ch2kRA19PAI01,RA19PAI01_d18O,paleoData.medianRes12k,only_new,,NA
RA19PAI01,ch2kRA19PAI01,RDdxtQJyiSOdBKYcC,paleoData.medianRes12k,only_new,,NA
RA19PAI01,ch2kRA19PAI01,RfqRZ3Bmf0m4HY3xX,paleoData.medianRes12k,only_new,,NA
RA20TAI01,ch2kRA20TAI01,RA20TAI01_SrCa,paleoData.medianRes12k,only_new,,NA
RA20TAI01,ch2kRA20TAI01,RA20TAI01_d18O,paleoData.medianRes12k,only_new,,NA
RA20TAI01,ch2kRA20TAI01,RLOqgj0NNCqzd2zDb,paleoData.medianRes12k,only_new,,NA
RA20TAI01,ch2kRA20TAI01,Re6BmWi2KGjKepiYe,paleoData.medianRes12k,only_new,,NA
RE18CAY01,ch2kRE18CAY01,R2yrQfj7UWWd24PTP,paleoData.medianRes12k,only_new,,NA
RE18CAY01,ch2kRE18CAY01,R656hsC1vK5pgmywu,paleoData.medianRes12k,only_new,,NA
RE18CAY01,ch2kRE18CAY01,RBQ3pu62e3hqxrOfC,paleoData.medianRes12k,only_new,,NA
RE18CAY01,ch2kRE18CAY01,RE18CAY01_SrCa,paleoData.medianRes12k,only_new,,NA
RE18CAY01,ch2kRE18CAY01,RE18CAY01_SrCa_annual,paleoData.medianRes12k,only_new,,NA
RE18CAY01,ch2kRE18CAY01,RE18CAY01_d18O,paleoData.medianRes12k,only_new,,NA
RE18CAY01,ch2kRE18CAY01,RE18CAY01_d18O_annual,paleoData.medianRes12k,only_new,,NA
RE18CAY01,ch2kRE18CAY01,RE18CAY01_d18O_sw_annual,paleoData.medianRes12k,only_new,,NA
RE18CAY01,ch2kRE18CAY01,RHzUxTeqfF6uu33Dc,paleoData.medianRes12k,only_new,,NA
RE18CAY01,ch2kRE18CAY01,RiSNxVhMyQYXrE8Oa,paleoData.medianRes12k,only_new,,NA
RE19GBR01,ch2kRE19GBR01,R3hAVBEc6uAJRYmP5,paleoData.medianRes12k,only_new,,NA
RE19GBR01,ch2kRE19GBR01,RCZJE28GHdpfWnxjY,paleoData.medianRes12k,only_new,,NA
RE19GBR01,ch2kRE19GBR01,RE19GBR01_SrCa,paleoData.medianRes12k,only_new,,NA
RE19GBR01,ch2kRE19GBR01,RE19GBR01_d18O,paleoData.medianRes12k,only_new,,NA
RE19GBR02,ch2kRE19GBR02,RE19GBR02_SrCa,paleoData.medianRes12k,only_new,,NA
RE19GBR02,ch2kRE19GBR02,RE19GBR02_d18O,paleoData.medianRes12k,only_new,,NA
RE19GBR02,ch2kRE19GBR02,RT8VCwBNhHqERL01M,paleoData.medianRes12k,only_new,,NA
RE19GBR02,ch2kRE19GBR02,Rqx5nA2bd4ybPW5xB,paleoData.medianRes12k,only_new,,NA
RE19GBR03,ch2kRE19GBR03,R12vEMAa471l95JUC,paleoData.medianRes12k,only_new,,NA
RE19GBR03,ch2kRE19GBR03,RE19GBR03_SrCa,paleoData.medianRes12k,only_new,,NA
RE19GBR03,ch2kRE19GBR03,RE19GBR03_d18O,paleoData.medianRes12k,only_new,,NA
RE19GBR03,ch2kRE19GBR03,RUKC8XCQGgO8TYzor,paleoData.medianRes12k,only_new,,NA
RE19GBR04,ch2kRE19GBR04,RE19GBR04_SrCa,paleoData.medianRes12k,only_new,,NA
RE19GBR04,ch2kRE19GBR04,RYSKKgIlHRvGlrv8e,paleoData.medianRes12k,only_new,,NA
RE19GBR05,ch2kRE19GBR05,R5ypFjzTguVMDLZP2,paleoData.medianRes12k,only_new,,NA
RE19GBR05,ch2kRE19GBR05,RE19GBR05_SrCa,paleoData.medianRes12k,only_new,,NA
RI10PBL01,ch2kRI10PBL01,R90GS4k0YLWubC9xu,paleoData.medianRes12k,only_new,,NA
RI10PBL01,ch2kRI10PBL01,RI10PBL01_d18O,paleoData.medianRes12k,only_new,,NA
RO19MAR01,ch2kRO19MAR01,RO19MAR01_SrCa,paleoData.medianRes12k,only_new,,NA
RO19MAR01,ch2kRO19MAR01,RfA1a4J6xYvElUW2w,paleoData.medianRes12k,only_new,,NA
RO19PAR01,ch2kRO19PAR01,RO19PAR01_SrCa,paleoData.medianRes12k,only_new,,NA
RO19PAR01,ch2kRO19PAR01,Rx5ScahQsRb0bzfaq,paleoData.medianRes12k,only_new,,NA
RO19YUC01,ch2kRO19YUC01,R2ATag2FDQTDMkdLX,paleoData.medianRes12k,only_new,,NA
RO19YUC01,ch2kRO19YUC01,RO19YUC01_SrCa,paleoData.medianRes12k,only_new,,NA
RO19YUC01,ch2kRO19YUC01,RO19YUC01_SrCaUncertainty,paleoData.medianRes12k,only_new,,NA
RO19YUC01,ch2kRO19YUC01,RO19YUC01_SrCa_annual,paleoData.medianRes12k,only_new,,NA
RO19YUC01,ch2kRO19YUC01,RYpogOad7TrMkksso,paleoData.medianRes12k,only_new,,NA
RO19YUC01,ch2kRO19YUC01,RqW3bks6VMh7RsdFm,paleoData.medianRes12k,only_new,,NA
SA16CLA01,ch2kSA16CLA01,RUkg94Vzka9s4nRUX,paleoData.medianRes12k,only_new,,NA
SA16CLA01,ch2kSA16CLA01,SA16CLA01_d18O,paleoData.medianRes12k,only_new,,NA
SA18GBR01,ch2kSA18GBR01,RTThBq9Cd3HXcZ3fa,paleoData.medianRes12k,only_new,,NA
SA18GBR01,ch2kSA18GBR01,SA18GBR01_SrCa,paleoData.medianRes12k,only_new,,NA
SA19PAL01,ch2kSA19PAL01,RJQFFt9woRr5USU9F,paleoData.medianRes12k,only_new,,NA
SA19PAL01,ch2kSA19PAL01,RNC1oHochCAwPSeoS,paleoData.medianRes12k,only_new,,NA
SA19PAL01,ch2kSA19PAL01,SA19PAL01_SrCa,paleoData.medianRes12k,only_new,,NA
SA19PAL01,ch2kSA19PAL01,SA19PAL01_d18O,paleoData.medianRes12k,only_new,,NA
SA19PAL02,ch2kSA19PAL02,R2kv4795iBpou289s,paleoData.medianRes12k,only_new,,NA
SA19PAL02,ch2kSA19PAL02,RKJ0y4M7eO19Pm6Ht,paleoData.medianRes12k,only_new,,NA
SA19PAL02,ch2kSA19PAL02,SA19PAL02_SrCa,paleoData.medianRes12k,only_new,,NA
SA19PAL02,ch2kSA19PAL02,SA19PAL02_d18O,paleoData.medianRes12k,only_new,,NA
SA20FAN01,ch2kSA20FAN01,Rfgeq2AbvF0VcnBZL,paleoData.medianRes12k,only_new,,NA
SA20FAN01,ch2kSA20FAN01,SA20FAN01_d18O,paleoData.medianRes12k,only_new,,NA
SA20FAN02,ch2kSA20FAN02,R0nfd3Yt8o9oZagYg,paleoData.medianRes12k,only_new,,NA
SA20FAN02,ch2kSA20FAN02,SA20FAN02_d18O,paleoData.medianRes12k,only_new,,NA
SH92PUN01,ch2kSH92PUN01,RfifvULQJHplZrrgH,paleoData.medianRes12k,only_new,,NA
SH92PUN01,ch2kSH92PUN01,SH92PUN01_d18O,paleoData.medianRes12k,only_new,,NA
SM06LKF01,ch2kSM06LKF01,RaHsJYdGCwfePJfwa,paleoData.medianRes12k,only_new,,NA
SM06LKF01,ch2kSM06LKF01,RlxzHhJpBAVVomHET,paleoData.medianRes12k,only_new,,NA
SM06LKF01,ch2kSM06LKF01,SM06LKF01_SrCa,paleoData.medianRes12k,only_new,,NA
SM06LKF01,ch2kSM06LKF01,SM06LKF01_d18O,paleoData.medianRes12k,only_new,,NA
SM06LKF02,ch2kSM06LKF02,RC2g8ileldWrIFDhS,paleoData.medianRes12k,only_new,,NA
SM06LKF02,ch2kSM06LKF02,REHnMyfxr5eLOuuj8,paleoData.medianRes12k,only_new,,NA
SM06LKF02,ch2kSM06LKF02,SM06LKF02_SrCa,paleoData.medianRes12k,only_new,,NA
SM06LKF02,ch2kSM06LKF02,SM06LKF02_d18O,paleoData.medianRes12k,only_new,,NA
ST13MAL01,ch2kST13MAL01,Ri6oX48wGi0VRvWEw,paleoData.medianRes12k,only_new,,NA
ST13MAL01,ch2kST13MAL01,RrHvjYY7ECt6TxX1E,paleoData.medianRes12k,only_new,,NA
ST13MAL01,ch2kST13MAL01,ST13MAL01_SrCa,paleoData.medianRes12k,only_new,,NA
ST13MAL01,ch2kST13MAL01,ST13MAL01_d18O,paleoData.medianRes12k,only_new,,NA
SW98STP01,ch2kSW98STP01,RLcr8PbPgn1R2UIkA,paleoData.medianRes12k,only_new,,NA
SW98STP01,ch2kSW98STP01,SW98STP01_d18O,paleoData.medianRes12k,only_new,,NA
SW99LIG01,ch2kSW99LIG01,RP5ixH4BqVpZT4jHD,paleoData.medianRes12k,only_new,,NA
SW99LIG01,ch2kSW99LIG01,SW99LIG01_d18O,paleoData.medianRes12k,only_new,,NA
SW99LIG02,ch2kSW99LIG02,RwALCRbTsN9hFnLrE,paleoData.medianRes12k,only_new,,NA
SW99LIG02,ch2kSW99LIG02,SW99LIG02_d18O,paleoData.medianRes12k,only_new,,NA
TA18TAS01,ch2kTA18TAS01,RNPhdud1Iichstwtc,paleoData.medianRes12k,only_new,,NA
TA18TAS01,ch2kTA18TAS01,TA18TAS01_d18O,paleoData.medianRes12k,only_new,,NA
TU01DEP01,ch2kTU01DEP01,RpzY3747HROoijQ1r,paleoData.medianRes12k,only_new,,NA
TU01DEP01,ch2kTU01DEP01,TU01DEP01_d18O,paleoData.medianRes12k,only_new,,NA
TU01LAI01,ch2kTU01LAI01,RFEXilz1OrwCynJTw,paleoData.medianRes12k,only_new,,NA
TU01LAI01,ch2kTU01LAI01,TU01LAI01_d18O,paleoData.medianRes12k,only_new,,NA
TU01SIA01,ch2kTU01SIA01,R7dN95ITSDEOBtUwI,paleoData.medianRes12k,only_new,,NA
TU01SIA01,ch2kTU01SIA01,TU01SIA01_d18O,paleoData.medianRes12k,only_new,,NA
TU95MAD01,ch2kTU95MAD01,Rjmo2g5WoAk8Pd0Aq,paleoData.medianRes12k,only_new,,NA
TU95MAD01,ch2kTU95MAD01,TU95MAD01_d18O,paleoData.medianRes12k,only_new,,NA
UR00MAI01,ch2kUR00MAI01,RtKPB4UvpaAN0AXme,paleoData.medianRes12k,only_new,,NA
UR00MAI01,ch2kUR00MAI01,UR00MAI01_d18O,paleoData.medianRes12k,only_new,,NA
WA17BAN01,ch2kWA17BAN01,R4K3MjDsbYuy5hqBD,paleoData.medianRes12k,only_new,,NA
WA17BAN01,ch2kWA17BAN01,RHjAUnHfx9rZrusju,paleoData.medianRes12k,only_new,,NA
WA17BAN01,ch2kWA17BAN01,WA17BAN01_SrCa,paleoData.medianRes12k,only_new,,NA
WA17BAN01,ch2kWA17BAN01,WA17BAN01_d18O,paleoData.medianRes12k,only_new,,NA
WE09ARR01,ch2kWE09ARR01,RCXMlfYZszek0hd9C,paleoData.medianRes12k,only_new,,NA
WE09ARR01,ch2kWE09ARR01,REedmQMoRkID1XDdO,paleoData.medianRes12k,only_new,,NA
WE09ARR01,ch2kWE09ARR01,WE09ARR01_SrCa,paleoData.medianRes12k,only_new,,NA
WE09ARR01,ch2kWE09ARR01,WE09ARR01_d18O,paleoData.medianRes12k,only_new,,NA
WU13TON01,ch2kWU13TON01,RDs9xgiIZHO6bbBen,paleoData.medianRes12k,only_new,,NA
WU13TON01,ch2kWU13TON01,RUDar6qQusWBt4ytD,paleoData.medianRes12k,only_new,,NA
WU13TON01,ch2kWU13TON01,RZOULc2bXBvujbd1x,paleoData.medianRes12k,only_new,,NA
WU13TON01,ch2kWU13TON01,Rj0KJcjL1BByKRNJx,paleoData.medianRes12k,only_new,,NA
WU13TON01,ch2kWU13TON01,WU13TON01_SrCa,paleoData.medianRes12k,only_new,,NA
WU13TON01,ch2kWU13TON01,WU13TON01_SrCa_annual,paleoData.medianRes12k,only_new,,NA
WU13TON01,ch2kWU13TON01,WU13TON01_d18O,paleoData.medianRes12k,only_new,,NA
WU13TON01,ch2kWU13TON01,WU13TON01_d18O_annual,paleoData.medianRes12k,only_new,,NA
WU14CLI01,ch2kWU14CLI01,R9Bdfyd0BNPTb2222,paleoData.medianRes12k,only_new,,NA
WU14CLI01,ch2kWU14CLI01,RFcW8l3kX1Q5qcHKD,paleoData.medianRes12k,only_new,,NA
WU14CLI01,ch2kWU14CLI01,Ruq6gyawguwWzHed7,paleoData.medianRes12k,only_new,,NA
WU14CLI01,ch2kWU14CLI01,WU14CLI01_SrCa,paleoData.medianRes12k,only_new,,NA
WU14CLI01,ch2kWU14CLI01,WU14CLI01_d18O,paleoData.medianRes12k,only_new,,NA
WU14CLI01,ch2kWU14CLI01,WU14CLI01_d18O_sw,paleoData.medianRes12k,only_new,,NA
XI17HAI01,ch2kXI17HAI01,R1ew8ddaUUF0dZXhE,paleoData.medianRes12k,only_new,,NA
XI17HAI01,ch2kXI17HAI01,RKKaQlHPgfjXD2AfI,paleoData.medianRes12k,only_new,,NA
XI17HAI01,ch2kXI17HAI01,RPOvWyhZImoWxlaXc,paleoData.medianRes12k,only_new,,NA
XI17HAI01,ch2kXI17HAI01,RdgBpTQDt2dIsdXcu,paleoData.medianRes12k,only_new,,NA
XI17HAI01,ch2kXI17HAI01,RgLvP17TdAFAvK6AY,paleoData.medianRes12k,only_new,,NA
XI17HAI01,ch2kXI17HAI01,RzwNaGFeuOOCL8Gx4,paleoData.medianRes12k,only_new,,NA
XI17HAI01,ch2kXI17HAI01,XI17HAI01_SrCa,paleoData.medianRes12k,only_new,,NA
XI17HAI01,ch2kXI17HAI01,XI17HAI01_SrCa_annual,paleoData.medianRes12k,only_new,,NA
XI17HAI01,ch2kXI17HAI01,XI17HAI01_d18O,paleoData.medianRes12k,only_new,,NA
XI17HAI01,ch2kXI17HAI01,XI17HAI01_d18O_annual,paleoData.medianRes12k,only_new,,NA
XI17HAI01,ch2kXI17HAI01,XI17HAI01_d18O_sw,paleoData.medianRes12k,only_new,,NA
XI17HAI01,ch2kXI17HAI01,XI17HAI01_d18O_sw_annual,paleoData.medianRes12k,only_new,,NA
XU15BVI01,ch2kXU15BVI01,RJT7cUcMvqCRyoVJM,paleoData.medianRes12k,only_new,,NA
XU15BVI01,ch2kXU15BVI01,XU15BVI01_SrCa,paleoData.medianRes12k,only_new,,NA
XU15BVI02,ch2kXU15BVI02,RHtz6hdVPtlnXSIfP,paleoData.medianRes12k,only_new,,NA
XU15BVI02,ch2kXU15BVI02,XU15BVI02_SrCa,paleoData.medianRes12k,only_new,,NA
XU15BVI03,ch2kXU15BVI03,RxPuz2gl8muDgpgM2,paleoData.medianRes12k,only_new,,NA
XU15BVI03,ch2kXU15BVI03,XU15BVI03_SrCa,paleoData.medianRes12k,only_new,,NA
ZI04IFR01,ch2kZI04IFR01,RM79rVQda2Wm4HN9K,paleoData.medianRes12k,only_new,,NA
ZI04IFR01,ch2kZI04IFR01,RhIoAxFs0KZgG6C9o,paleoData.medianRes12k,only_new,,NA
ZI04IFR01,ch2kZI04IFR01,ZI04IFR01_SrCa,paleoData.medianRes12k,only_new,,NA
ZI04IFR01,ch2kZI04IFR01,ZI04IFR01_d18O,paleoData.medianRes12k,only_new,,NA
ZI08MAY01,ch2kZI08MAY01,RGfCnPoFrtilhZai5,paleoData.medianRes12k,only_new,,NA
ZI08MAY01,ch2kZI08MAY01,ROTUBwzpHl29LAY98,paleoData.medianRes12k,only_new,,NA
ZI08MAY01,ch2kZI08MAY01,RVl7CKTJl97d0YGSl,paleoData.medianRes12k,only_new,,NA
ZI08MAY01,ch2kZI08MAY01,ZI08MAY01_SrCa,paleoData.medianRes12k,only_new,,NA
ZI08MAY01,ch2kZI08MAY01,ZI08MAY01_d18O,paleoData.medianRes12k,only_new,,NA
ZI08MAY01,ch2kZI08MAY01,ZI08MAY01_d18O_sw,paleoData.medianRes12k,only_new,,NA
ZI14HOU01,ch2kZI14HOU01,RHexrfbjZC1dhNC6h,paleoData.medianRes12k,only_new,,NA
ZI14HOU01,ch2kZI14HOU01,RXbXj1kmt5d3esS1K,paleoData.medianRes12k,only_new,,NA
ZI14HOU01,ch2kZI14HOU01,RcagtPlKdJfayLJB8,paleoData.medianRes12k,only_new,,NA
ZI14HOU01,ch2kZI14HOU01,ReIzm8EJeO5l4MgLG,paleoData.medianRes12k,only_new,,NA
ZI14HOU01,ch2kZI14HOU01,ZI14HOU01_SrCa,paleoData.medianRes12k,only_new,,NA
ZI14HOU01,ch2kZI14HOU01,ZI14HOU01_SrCa_annual,paleoData.medianRes12k,only_new,,NA
ZI14HOU01,ch2kZI14HOU01,ZI14HOU01_d18O,paleoData.medianRes12k,only_new,,NA
ZI14HOU01,ch2kZI14HOU01,ZI14HOU01_d18O_annual,paleoData.medianRes12k,only_new,,NA
ZI14IFR02,ch2kZI14IFR02,R05JKSwbqLRx9FKwO,paleoData.medianRes12k,only_new,,NA
ZI14IFR02,ch2kZI14IFR02,Rm2YXrPJ6LwhNyyb9,paleoData.medianRes12k,only_new,,NA
ZI14IFR02,ch2kZI14IFR02,ZI14IFR02_d18O,paleoData.medianRes12k,only_new,,NA
ZI14IFR02,ch2kZI14IFR02,ZI14IFR02_d18O_annual,paleoData.medianRes12k,only_new,,NA
ZI14TUR01,ch2kZI14TUR01,R5eNpsOSQi2B9y8w3,paleoData.medianRes12k,only_new,,NA
ZI14TUR01,ch2kZI14TUR01,ReDNFif4VlpRnowFB,paleoData.medianRes12k,only_new,,NA
ZI14TUR01,ch2kZI14TUR01,ZI14TUR01_d18O,paleoData.medianRes12k,only_new,,NA
ZI14TUR01,ch2kZI14TUR01,ZI14TUR01_d18O_annual,paleoData.medianRes12k,only_new,,NA
ZI15BUN01,ch2kZI15BUN01,RDdqgIkDB9q1LJ7fm,paleoData.medianRes12k,only_new,,NA
ZI15BUN01,ch2kZI15BUN01,RvPJCn6dHZ8BKpTcE,paleoData.medianRes12k,only_new,,NA
ZI15BUN01,ch2kZI15BUN01,ZI15BUN01_SrCa,paleoData.medianRes12k,only_new,,NA
ZI15BUN01,ch2kZI15BUN01,ZI15BUN01_SrCa_annual,paleoData.medianRes12k,only_new,,NA
ZI15CLE01,ch2kZI15CLE01,RIURbYfmpErlpPKNC,paleoData.medianRes12k,only_new,,NA
ZI15CLE01,ch2kZI15CLE01,RyUY1i2a36kme3fMH,paleoData.medianRes12k,only_new,,NA
ZI15CLE01,ch2kZI15CLE01,ZI15CLE01_SrCa,paleoData.medianRes12k,only_new,,NA
ZI15CLE01,ch2kZI15CLE01,ZI15CLE01_SrCa_annual,paleoData.medianRes12k,only_new,,NA
ZI15IMP01,ch2kZI15IMP01,RbenEx25gV8YSeW6d,paleoData.medianRes12k,only_new,,NA
ZI15IMP01,ch2kZI15IMP01,Rj7h5KjnWFziHeNTo,paleoData.medianRes12k,only_new,,NA
ZI15IMP01,ch2kZI15IMP01,ZI15IMP01_SrCa,paleoData.medianRes12k,only_new,,NA
ZI15IMP01,ch2kZI15IMP01,ZI15IMP01_SrCa_annual,paleoData.medianRes12k,only_new,,NA
ZI15IMP02,ch2kZI15IMP02,R2wzQnaMSWGgaSaKb,paleoData.medianRes12k,only_new,,NA
ZI15IMP02,ch2kZI15IMP02,RMx3Ihf42gbS8Wlpw,paleoData.medianRes12k,only_new,,NA
ZI15IMP02,ch2kZI15IMP02,ZI15IMP02_SrCa,paleoData.medianRes12k,only_new,,NA
ZI15IMP02,ch2kZI15IMP02,ZI15IMP02_SrCa_annual,paleoData.medianRes12k,only_new,,NA
ZI15MER01,ch2kZI15MER01,R1l6ZiS2VKaoPSeOs,paleoData.medianRes12k,only_new,,NA
ZI15MER01,ch2kZI15MER01,RHc5jPZ7vJjeSHHfd,paleoData.medianRes12k,only_new,,NA
ZI15MER01,ch2kZI15MER01,ZI15MER01_SrCa,paleoData.medianRes12k,only_new,,NA
ZI15MER01,ch2kZI15MER01,ZI15MER01_SrCa_annual,paleoData.medianRes12k,only_new,,NA
ZI15TAN01,ch2kZI15TAN01,Ra6TFPdgoidfa0Kav,paleoData.medianRes12k,only_new,,NA
ZI15TAN01,ch2kZI15TAN01,RkF6laFInwpUhITAV,paleoData.medianRes12k,only_new,,NA
ZI15TAN01,ch2kZI15TAN01,ZI15TAN01_SrCa,paleoData.medianRes12k,only_new,,NA
ZI15TAN01,ch2kZI15TAN01,ZI15TAN01_SrCa_annual,paleoData.medianRes12k,only_new,,NA
ZI16ROD01,ch2kZI16ROD01,RN76t4HaZsqAfkSEn,paleoData.medianRes12k,only_new,,NA
ZI16ROD01,ch2kZI16ROD01,ZI16ROD01_SrCa,paleoData.medianRes12k,only_new,,NA
ZI16ROD02,ch2kZI16ROD02,RRrFnVYRc02qHrA4g,paleoData.medianRes12k,only_new,,NA
ZI16ROD02,ch2kZI16ROD02,ZI16ROD02_SrCa,paleoData.medianRes12k,only_new,,NA
BR19RED01,ch2kBR19RED01,BR19RED01_SrCa_annual,paleoData.summaryStatistic,only_new,,annual
DE13HAI01,ch2kDE13HAI01,DE13HAI01_SrCa_annual,paleoData.summaryStatistic,only_new,,annual
DE13HAI01,ch2kDE13HAI01,DE13HAI01_d18O_annual,paleoData.summaryStatistic,only_new,,mean
DR99ABR01,ch2kDR99ABR01,DR99ABR01_d18O_annual,paleoData.summaryStatistic,only_new,,mean
DU94URV01,ch2kDU94URV01,DU94URV01_d18O_annual,paleoData.summaryStatistic,only_new,,mean
DU94URV02,ch2kDU94URV02,DU94URV02_d18O_annual,paleoData.summaryStatistic,only_new,,mean
EV18ROC01,ch2kEV18ROC01,EV18ROC01_SrCa_annual,paleoData.summaryStatistic,only_new,,annual
FE09OGA01,ch2kFE09OGA01,FE09OGA01_SrCa_annual,paleoData.summaryStatistic,only_new,,annual
FE09OGA01,ch2kFE09OGA01,FE09OGA01_d18O_annual,paleoData.summaryStatistic,only_new,,mean
FE18RUS01,ch2kFE18RUS01,FE18RUS01_SrCa_annual,paleoData.summaryStatistic,only_new,,annual
FE18RUS01,ch2kFE18RUS01,FE18RUS01_d18O_annual,paleoData.summaryStatistic,only_new,,mean
FL17DTO01,ch2kFL17DTO01,FL17DTO01_SrCa_annual,paleoData.summaryStatistic,only_new,,annual
FL17DTO02,ch2kFL17DTO02,FL17DTO02_SrCa_annual,paleoData.summaryStatistic,only_new,,annual
GO08BER01,ch2kGO08BER01,GO08BER01_SrCa_annual,paleoData.summaryStatistic,only_new,,annual
GO08BER01,ch2kGO08BER01,GO08BER01_d18O_annual,paleoData.summaryStatistic,only_new,,mean
HE10GUA01,ch2kHE10GUA01,HE10GUA01_SrCa_annual,paleoData.summaryStatistic,only_new,,annual
HE10GUA01,ch2kHE10GUA01,HE10GUA01_d18O_annual,paleoData.summaryStatistic,only_new,,mean
KI08PAR01,ch2kKI08PAR01,KI08PAR01_SrCa_annual,paleoData.summaryStatistic,only_new,,annual
KI08PAR01,ch2kKI08PAR01,KI08PAR01_d18O_annual,paleoData.summaryStatistic,only_new,,mean
KI14PAR01,ch2kKI14PAR01,KI14PAR01_SrCa_annual,paleoData.summaryStatistic,only_new,,annual
KI14PAR01,ch2kKI14PAR01,KI14PAR01_d18O_annual,paleoData.summaryStatistic,only_new,,mean
MU18RED04,ch2kMU18RED04,MU18RED04_SrCa_annual,paleoData.summaryStatistic,only_new,,annual
RE18CAY01,ch2kRE18CAY01,RE18CAY01_SrCa_annual,paleoData.summaryStatistic,only_new,,annual
RE18CAY01,ch2kRE18CAY01,RE18CAY01_d18O_annual,paleoData.summaryStatistic,only_new,,mean
RO19YUC01,ch2kRO19YUC01,RO19YUC01_SrCa_annual,paleoData.summaryStatistic,only_new,,annual
WU13TON01,ch2kWU13TON01,WU13TON01_SrCa_annual,paleoData.summaryStatistic,only_new,,annual
WU13TON01,ch2kWU13TON01,WU13TON01_d18O_annual,paleoData.summaryStatistic,only_new,,mean
XI17HAI01,ch2kXI17HAI01,XI17HAI01_SrCa_annual,paleoData.summaryStatistic,only_new,,annual
XI17HAI01,ch2kXI17HAI01,XI17HAI01_d18O_annual,paleoData.summaryStatistic,only_new,,mean
ZI14HOU01,ch2kZI14HOU01,ZI14HOU01_SrCa_annual,paleoData.summaryStatistic,only_new,,annual
ZI14HOU01,ch2kZI14HOU01,ZI14HOU01_d18O_annual,paleoData.summaryStatistic,only_new,,mean
ZI14IFR02,ch2kZI14IFR02,ZI14IFR02_d18O_annual,paleoData.summaryStatistic,only_new,,mean
ZI14TUR01,ch2kZI14TUR01,ZI14TUR01_d18O_annual,paleoData.summaryStatistic,only_new,,mean
ZI15BUN01,ch2kZI15BUN01,ZI15BUN01_SrCa_annual,paleoData.summaryStatistic,only_new,,annual
ZI15CLE01,ch2kZI15CLE01,ZI15CLE01_SrCa_annual,paleoData.summaryStatistic,only_new,,annual
ZI15IMP01,ch2kZI15IMP01,ZI15IMP01_SrCa_annual,paleoData.summaryStatistic,only_new,,annual
ZI15IMP02,ch2kZI15IMP02,ZI15IMP02_SrCa_annual,paleoData.summaryStatistic,only_new,,annual
ZI15MER01,ch2kZI15MER01,ZI15MER01_SrCa_annual,paleoData.summaryStatistic,only_new,,annual
ZI15TAN01,ch2kZI15TAN01,ZI15TAN01_SrCa_annual,paleoData.summaryStatistic,only_new,,annual
AB08MEN01,ch2kAB08MEN01,,pub[1].author.name,only_new,,"Abram, N. J., Gagan, M. K., Cole, J. E., Hantoro, W. S. and Mudelsee, M."
AB15BHB01,ch2kAB15BHB01,,pub[1].author.name,only_new,,"Abram, N. J., Dixon, B. C., Rosevear, M. G., Plunkett, B., Gagan, M. K., Hantoro, W. S. and Phipps, S. J."
AB20MEN01,ch2kAB20MEN01,,pub[1].author.name,only_new,,"Abram, N.J., Wright, N.M., Ellis, B., Dixon, B. C., Wurtzel, J. B., England, M. H., Ummenhofer, C. C., Philibosian, B., Cahyarini, S. Y., Yu, T.-L., Shen, C.-C., Cheng, H., Edwards, R. L. and Heslop, D."
AB20MEN02,ch2kAB20MEN02,,pub[1].author.name,only_new,,"Abram, N.J., Wright, N.M., Ellis, B., Dixon, B. C., Wurtzel, J. B., England, M. H., Ummenhofer, C. C., Philibosian, B., Cahyarini, S. Y., Yu, T.-L., Shen, C.-C., Cheng, H., Edwards, R. L. and Heslop, D."
AB20MEN03,ch2kAB20MEN03,,pub[1].author.name,only_new,,"Abram, N.J., Wright, N.M., Ellis, B., Dixon, B. C., Wurtzel, J. B., England, M. H., Ummenhofer, C. C., Philibosian, B., Cahyarini, S. Y., Yu, T.-L., Shen, C.-C., Cheng, H., Edwards, R. L. and Heslop, D."
AB20MEN04,ch2kAB20MEN04,,pub[1].author.name,only_new,,"Abram, N.J., Wright, N.M., Ellis, B., Dixon, B. C., Wurtzel, J. B., England, M. H., Ummenhofer, C. C., Philibosian, B., Cahyarini, S. Y., Yu, T.-L., Shen, C.-C., Cheng, H., Edwards, R. L. and Heslop, D."
AB20MEN05,ch2kAB20MEN05,,pub[1].author.name,only_new,,"Abram, N.J., Wright, N.M., Ellis, B., Dixon, B. C., Wurtzel, J. B., England, M. H., Ummenhofer, C. C., Philibosian, B., Cahyarini, S. Y., Yu, T.-L., Shen, C.-C., Cheng, H., Edwards, R. L. and Heslop, D."
AB20MEN06,ch2kAB20MEN06,,pub[1].author.name,only_new,,"Abram, N.J., Wright, N.M., Ellis, B., Dixon, B. C., Wurtzel, J. B., England, M. H., Ummenhofer, C. C., Philibosian, B., Cahyarini, S. Y., Yu, T.-L., Shen, C.-C., Cheng, H., Edwards, R. L. and Heslop, D."
AB20MEN07,ch2kAB20MEN07,,pub[1].author.name,only_new,,"Abram, N.J., Wright, N.M., Ellis, B., Dixon, B. C., Wurtzel, J. B., England, M. H., Ummenhofer, C. C., Philibosian, B., Cahyarini, S. Y., Yu, T.-L., Shen, C.-C., Cheng, H., Edwards, R. L. and Heslop, D."
AB20MEN08,ch2kAB20MEN08,,pub[1].author.name,only_new,,"Abram, N.J., Wright, N.M., Ellis, B., Dixon, B. C., Wurtzel, J. B., England, M. H., Ummenhofer, C. C., Philibosian, B., Cahyarini, S. Y., Yu, T.-L., Shen, C.-C., Cheng, H., Edwards, R. L. and Heslop, D."
AB20MEN09,ch2kAB20MEN09,,pub[1].author.name,only_new,,"Abram, N.J., Wright, N.M., Ellis, B., Dixon, B. C., Wurtzel, J. B., England, M. H., Ummenhofer, C. C., Philibosian, B., Cahyarini, S. Y., Yu, T.-L., Shen, C.-C., Cheng, H., Edwards, R. L. and Heslop, D."
AL16PUR01,ch2kAL16PUR01,,pub[1].author.name,only_new,,"Alpert, A. E., Cohen, A. L., Oppo, D. W., DeCarlo, T. M., Gaetani, G. A., Hernandez-Delgado, E. A., Winter, A. and Gonneea, M. E."
AL16PUR02,ch2kAL16PUR02,,pub[1].author.name,only_new,,"Alpert, A. E., Cohen, A. L., Oppo, D. W., DeCarlo, T. M., Gaetani, G. A., Hernandez-Delgado, E. A., Winter, A. and Gonneea, M. E."
AL16YUC01,ch2kAL16YUC01,,pub[1].author.name,only_new,,"Alpert, A. E., Cohen, A. L., Oppo, D. W., DeCarlo, T. M., Gaetani, G. A., Hernandez-Delgado, E. A., Winter, A. and Gonneea, M. E."
AS05GUA01,ch2kAS05GUA01,,pub[1].author.name,only_new,,"Asami, R., Yamada, T., Iryu, Y., Quinn, T. M., Meyer, C. P. and Paulay, G."
BA04FIJ01,ch2kBA04FIJ01,,pub[1].author.name,only_new,,"Bagnato, S., Linsley, B. K., Howe, S. S., Wellington, G. M. and Salinger, J."
BA04FIJ02,ch2kBA04FIJ02,,pub[1].author.name,only_new,,"Bagnato, S., Linsley, B. K., Howe, S. S., Wellington, G. M. and Salinger, J."
BO14HTI01,ch2kBO14HTI01,,pub[1].author.name,only_new,,"Bolton, A., Goodkin, N. F., Hughen, K., Ostermann, D. R., Vo, S. T. and Phan, H. K."
BO14HTI02,ch2kBO14HTI02,,pub[1].author.name,only_new,,"Bolton, A., Goodkin, N. F., Hughen, K., Ostermann, D. R., Vo, S. T. and Phan, H. K."
BO99MOO01,ch2kBO99MOO01,,pub[1].author.name,only_new,,"Boiseau, M., Ghil, M. and Juillet-Leclerc, A."
BR19RED01,ch2kBR19RED01,,pub[1].author.name,only_new,,"Bryan, S. P., Hughen, K. A., Karnauskas, K. B. and Farrar, J. T."
CA07FLI01,ch2kCA07FLI01,,pub[1].author.name,only_new,,"Calvo, E., Marshall, J. F., Pelejero, C., McCulloch, M. T., Gagan, M. K. and Lough, J. M."
CA13DIA01,ch2kCA13DIA01,,pub[1].author.name,only_new,,"Carilli, J. E., Charles, C. D., Garren, M., McField, M. and Norris, R. D."
CA13PEL01,ch2kCA13PEL01,,pub[1].author.name,only_new,,"Carilli, J. E., Charles, C. D., Garren, M., McField, M. and Norris, R. D."
CA13SAP01,ch2kCA13SAP01,,pub[1].author.name,only_new,,"Carilli, J. E., Charles, C. D., Garren, M., McField, M. and Norris, R. D."
CA13TUR01,ch2kCA13TUR01,,pub[1].author.name,only_new,,"Carilli, J. E., Charles, C. D., Garren, M., McField, M. and Norris, R. D."
CA14BUT01,ch2kCA14BUT01,,pub[1].author.name,only_new,,"Carilli, J. E., McGregor, H. V., Gaudry, J. J., Donner, S. D., Gagan, M. K., Stevenson, S., Wong, H., and Fink, D."
CA14TIM01,ch2kCA14TIM01,,pub[1].author.name,only_new,,"Cahyarini, S. Y., Pfeiffer, M., Nurhati, I. S., Aldrian, E., Dullo, W.-C. and Hetzinger, S."
CH03BUN01,ch2kCH03BUN01,,pub[1].author.name,only_new,,"Charles, C. D., Cobb, K., Moore, M. D. and Fairbanks, R. G."
CH03LOM01,ch2kCH03LOM01,,pub[1].author.name,only_new,,"Charles, C. D., Cobb, K., Moore, M. D. and Fairbanks, R. G."
CH18YOA01,ch2kCH18YOA01,,pub[1].author.name,only_new,,"Chen, T., Cobb, K. M., Roff, G., Zhao, J., Yang, H., Hu, M. and Zhao, K."
CH18YOA02,ch2kCH18YOA02,,pub[1].author.name,only_new,,"Chen, T., Cobb, K. M., Roff, G., Zhao, J., Yang, H., Hu, M. and Zhao, K."
CH97BVB01,ch2kCH97BVB01,,pub[1].author.name,only_new,,"Charles, C. D., Hunter, D. E. and Fairbanks, R. G."
CH98PIR01,ch2kCH98PIR01,,pub[1].author.name,only_new,,"Chakraborty, S. and Ramesh, R."
CO00MAL01,ch2kCO00MAL01,,pub[1].author.name,only_new,,"Cole, J. E., Dunbar, R. B., McClanahan,T. R. and Muthiga, N. A."
CO03PAL01,ch2kCO03PAL01,,pub[1].author.name,only_new,,"Cobb, K. M., Charles, C. D., Cheng, H. and Edwards, R. L."
CO03PAL02,ch2kCO03PAL02,,pub[1].author.name,only_new,,"Cobb, K. M., Charles, C. D., Cheng, H. and Edwards, R. L."
CO03PAL03,ch2kCO03PAL03,,pub[1].author.name,only_new,,"Cobb, K. M., Charles, C. D., Cheng, H. and Edwards, R. L."
CO03PAL04,ch2kCO03PAL04,,pub[1].author.name,only_new,,"Cobb, K. M., Charles, C. D., Cheng, H. and Edwards, R. L."
CO03PAL05,ch2kCO03PAL05,,pub[1].author.name,only_new,,"Cobb, K. M., Charles, C. D., Cheng, H. and Edwards, R. L."
CO03PAL06,ch2kCO03PAL06,,pub[1].author.name,only_new,,"Cobb, K. M., Charles, C. D., Cheng, H. and Edwards, R. L."
CO03PAL07,ch2kCO03PAL07,,pub[1].author.name,only_new,,"Cobb, K. M., Charles, C. D., Cheng, H. and Edwards, R. L."
CO03PAL08,ch2kCO03PAL08,,pub[1].author.name,only_new,,"Cobb, K. M., Charles, C. D., Cheng, H. and Edwards, R. L."
CO03PAL09,ch2kCO03PAL09,,pub[1].author.name,only_new,,"Cobb, K. M., Charles, C. D., Cheng, H. and Edwards, R. L."
CO03PAL10,ch2kCO03PAL10,,pub[1].author.name,only_new,,"Cobb, K. M., Charles, C. D., Cheng, H. and Edwards, R. L."
CO93TAR01,ch2kCO93TAR01,,pub[1].author.name,only_new,,"Cole, J. E., Fairbanks, R. G. and Shen, G. T."
DA06MAF01,ch2kDA06MAF01,,pub[1].author.name,only_new,,"Damassa, T. D., Cole, J. E., Barnett, H. R., Ault, T. R. and McClanahan, T. R."
DA06MAF02,ch2kDA06MAF02,,pub[1].author.name,only_new,,"Damassa, T. D., Cole, J. E., Barnett, H. R., Ault, T. R. and McClanahan, T. R."
DE12ANC01,ch2kDE12ANC01,,pub[1].author.name,only_new,,"DeLong, K. L., Quinn, T. M., Taylor, F. W., Lin, K. and Shen; C.-C."
DE13HAI01,ch2kDE13HAI01,,pub[1].author.name,only_new,,"Deng, W., Wei, G., Xie, L., Ke, T., Wang, Z., Zeng, T. and Liu, Y."
DE14DTO01,ch2kDE14DTO01,,pub[1].author.name,only_new,,"DeLong, K. L., Flannery, J. A., Poore, R. Z., Quinn, T. M., Maupin, C. R., Lin, K. and Shen, C.-C."
DE14DTO02,ch2kDE14DTO02,,pub[1].author.name,only_new,,"DeLong, K. L., Flannery, J. A., Poore, R. Z., Quinn, T. M., Maupin, C. R., Lin, K. and Shen, C.-C."
DE14DTO03,ch2kDE14DTO03,,pub[1].author.name,only_new,,"DeLong, K. L., Flannery, J. A., Poore, R. Z., Quinn, T. M., Maupin, C. R., Lin, K. and Shen, C.-C."
DE14DTO04,ch2kDE14DTO04,,pub[1].author.name,only_new,,"DeLong, K. L., Flannery, J. A., Poore, R. Z., Quinn, T. M., Maupin, C. R., Lin, K. and Shen, C.-C."
DE16RED01,ch2kDE16RED01,,pub[1].author.name,only_new,,"DeCarlo, T. M., Gaetani, G. A., Cohen, A. L., Foster, G. L., Alpert, A. E. and Stewart, J. A."
DO18DAV01,ch2kDO18DAV01,,pub[1].author.name,only_new,,"D'Olivo, J. P., Sinclair, D. J., Rankenburg, K. and McCulloch, M. T."
DR00KSB01,ch2kDR00KSB01,,pub[1].author.name,only_new,,"Draschba, S., Paetzold, J. and Wefer, G."
DR00NBB01,ch2kDR00NBB01,,pub[1].author.name,only_new,,"Draschba, S., Paetzold, J. and Wefer, G."
DR99ABR01,ch2kDR99ABR01,,pub[1].author.name,only_new,,"Druffel, E. R. M. and Griffin, S."
DU94URV01,ch2kDU94URV01,,pub[1].author.name,only_new,,"Dunbar, R. B., Wellington, G. M., Colgan, M. W. and Glynn, P. W."
DU94URV02,ch2kDU94URV02,,pub[1].author.name,only_new,,"Dunbar, R. B., Wellington, G. M., Colgan, M. W. and Glynn, P. W."
EV18ROC01,ch2kEV18ROC01,,pub[1].author.name,only_new,,"Evangelista, H., Sifeddine, A., Correge, T., Servain, J., Dassie, E. P., Logato, R., Cordeiro, R. C., Shen, C.-C., Le Cornec, F., Nogueira, J., Segal, B., Castagna, A. and Turcq, B."
EV98KIR01,ch2kEV98KIR01,,pub[1].author.name,only_new,,"Evans, M. N., Fairbanks, R. G. and Rubenstone, J. L."
FE09OGA01,ch2kFE09OGA01,,pub[1].author.name,only_new,,"Felis, T., Suzuki, A., Kuhnert, H., Dima, M., Lohmann, G. and Kawahata, H."
FE18RUS01,ch2kFE18RUS01,,pub[1].author.name,only_new,,"Felis, T., Ionita, M., Rimbu, N., Lohmann, G. and Kolling, M."
FL17DTO01,ch2kFL17DTO01,,pub[1].author.name,only_new,,"Flannery, J. A., Richey, J. N., Thirumalai, K., Poore, R. Z. and DeLong, K. L."
FL17DTO02,ch2kFL17DTO02,,pub[1].author.name,only_new,,"Flannery, J. A., Richey, J. N., Thirumalai, K., Poore, R. Z. and DeLong, K. L."
FL18DTO01,ch2kFL18DTO01,,pub[1].author.name,only_new,,"Flannery, J. A., Richey, J. N., Toth, L. T., Kuffner, I. B. and Poore, R. Z."
FL18DTO02,ch2kFL18DTO02,,pub[1].author.name,only_new,,"Flannery, J. A., Richey, J. N., Toth, L. T., Kuffner, I. B. and Poore, R. Z."
FL18DTO03,ch2kFL18DTO03,,pub[1].author.name,only_new,,"Flannery, J. A., Richey, J. N., Toth, L. T., Kuffner, I. B. and Poore, R. Z."
FL18DTO04,ch2kFL18DTO04,,pub[1].author.name,only_new,,"Flannery, J. A., Richey, J. N., Toth, L. T., Kuffner, I. B. and Poore, R. Z."
GO08BER01,ch2kGO08BER01,,pub[1].author.name,only_new,,"Goodkin, N. F., Hughen, K. A., Curry, W. B., Doney, S. C. and Ostermann, D. R."
GO12SBV01,ch2kGO12SBV01,,pub[1].author.name,only_new,,"Gorman, M. K., Quinn, T. M., Taylor, F. W., Partin, J. W., Cabioch, G., Austin Jr., J. A., Pelletier, B., Ballu, V., Maes, C. and Saustrup, S."
GR13MAD01,ch2kGR13MAD01,,pub[1].author.name,only_new,,"Grove, C. A., Kasper, S., Zinke, J., Pfeiffer, M., Garbe-Schonberg, D. and Brummer, G.-J. A."
GR13MAD02,ch2kGR13MAD02,,pub[1].author.name,only_new,,"Grove, C. A., Kasper, S., Zinke, J., Pfeiffer, M., Garbe-Schonberg, D. and Brummer, G.-J. A."
GU99NAU01,ch2kGU99NAU01,,pub[1].author.name,only_new,,"Guilderson, T. P. and Schrag, D. P."
GU99NAU02,ch2kGU99NAU02,,pub[1].author.name,only_new,,"Guilderson, T. P. and Schrag, D. P."
HE02GBR01,ch2kHE02GBR01,,pub[1].author.name,only_new,,"Hendy, E. J., Gagan, M. K., Alibert, C. A., McCulloch, M. T., Lough, J. M. and Isdale, P. J."
HE08LRA01,ch2kHE08LRA01,,pub[1].author.name,only_new,,"Hetzinger, S., Pfeiffer, M., Dullo, W.-C., Keenlyside, N., Latif, M. and Zinke, J."
HE10GUA01,ch2kHE10GUA01,,pub[1].author.name,only_new,,"Hetzinger, S., Pfeiffer, M., Dullo, W.-C., Garbe-Schonberg, D. and Halfar, J."
HE13MIS01,ch2kHE13MIS01,,pub[1].author.name,only_new,,"Hereid, K. A., Quinn, T. M., Taylor, F. W., Shen, C.-C., Edwards, R. L. and Cheng, H."
HE13MIS02,ch2kHE13MIS02,,pub[1].author.name,only_new,,"Hereid, K. A., Quinn, T. M., Taylor, F. W., Shen, C.-C., Edwards, R. L. and Cheng, H."
HE18COC01,ch2kHE18COC01,,pub[1].author.name,only_new,,"Hennekam, R., Zinke, J., van Sebille, E., ten Have, M., Brummer, G.-J. A. and Reichart, G.-J."
HE18COC02,ch2kHE18COC02,,pub[1].author.name,only_new,,"Hennekam, R., Zinke, J., van Sebille, E., ten Have, M., Brummer, G.-J. A. and Reichart, G.-J."
JI18GAL01,ch2kJI18GAL01,,pub[1].author.name,only_new,,"Jimenez, G., Cole, J. E., Thompson, D. M. and Tudhope, A. W."
JI18GAL02,ch2kJI18GAL02,,pub[1].author.name,only_new,,"Jimenez, G., Cole, J. E., Thompson, D. M. and Tudhope, A. W."
KA17RYU01,ch2kKA17RYU01,,pub[1].author.name,only_new,,"Kawakubo, Y., Alibert, C., and Yokoyama, Y."
KI04MCV01,ch2kKI04MCV01,,pub[1].author.name,only_new,,"Kilbourne, K. H., Quinn, T. M., Taylor, F. W., Delcroix, T. and Gouriou, Y."
KI08PAR01,ch2kKI08PAR01,,pub[1].author.name,only_new,,"Kilbourne, K. H., Quinn, T. M., Webb, R., Guilderson, T., Nyberg, J. and Winter, A."
KI14PAR01,ch2kKI14PAR01,,pub[1].author.name,only_new,,"Kilbourne, K. H., Alexander, M. A. and Nye, J. A."
KL97DAH01,ch2kKL97DAH01,,pub[1].author.name,only_new,,"Klein, R., Tudhope, A. W. , Chilcott, C. P., Patzold, J., Abdulkarim, Z., Fine, M., Fallick, A. E. and Loya, Y."
KR20SAR01,ch2kKR20SAR01,,pub[1].author.name,only_new,,"Krawczyk, H., Zinke, J., Browne, N., Struck, U., McIlwain, J., O'Leary, M. and Garbe-Schonberg, D."
KR20SAR02,ch2kKR20SAR02,,pub[1].author.name,only_new,,"Krawczyk, H., Zinke, J., Browne, N., Struck, U., McIlwain, J., O'Leary, M. and Garbe-Schonberg, D."
KU00NIN01,ch2kKU00NIN01,,pub[1].author.name,only_new,,"Kuhnert, H., Patzold, J., Wyrwoll, K.-H. and Wefer, G."
KU99HOU01,ch2kKU99HOU01,,pub[1].author.name,only_new,,"Kuhnert, H., Paetzold, J., Hatcher, B., Wyrwoll, K.-H., Eisenhauer, A., Collins, L. B., Zhu, Z. R. and Wefer, G."
LI00RAR01,ch2kLI00RAR01,,pub[1].author.name,only_new,,"Linsley, B. K., Wellington, G. M. and Schrag, D. P."
LI04FIJ01,ch2kLI04FIJ01,,pub[1].author.name,only_new,,"Linsley, B. K, Wellington, G. M, Schrag, D. P, Ren, L., Salinger, M. J. and Tudhope, A. W."
LI06FIJ01,ch2kLI06FIJ01,,pub[1].author.name,only_new,,"Linsley, B. K., Kaplan, A., Gouriou, Y., Salinger, J., deMenocal, P. B., Wellington, G. M. and Howe, S. S."
LI06RAR01,ch2kLI06RAR01,,pub[1].author.name,only_new,,"Linsley, B. K., Wellington, G. M., Schrag, D. P., Ren, L., Salinger, M. J. and Tudhope, A. W."
LI06RAR02,ch2kLI06RAR02,,pub[1].author.name,only_new,,"Linsley, B. K., Wellington, G. M., Schrag, D. P., Ren, L., Salinger, M. J. and Tudhope, A. W."
LI94SEC01,ch2kLI94SEC01,,pub[1].author.name,only_new,,"Linsley, B. K., Dunbar, R. B., Wellington, G. M. and Mucciarone, D. A."
LI99CLI01,ch2kLI99CLI01,,pub[1].author.name,only_new,,"Linsley, B. K., Messier, R. G. and Dunbar, R. B."
MA08DTO01,ch2kMA08DTO01,,pub[1].author.name,only_new,,"Maupin, C. R., Quinn, T. M. and Halley, R. B."
MC04PNG01,ch2kMC04PNG01,,pub[1].author.name,only_new,,"McGregor, H. V. and Gagan, M. K."
MC11KIR01,ch2kMC11KIR01,,pub[1].author.name,only_new,,"McGregor, H. V., Fischer, M. J., Gagan, M. K., Fink, D. and Woodroffe, C. D."
MO06PED01,ch2kMO06PED01,,pub[1].author.name,only_new,,"Moses, C. S., Swart, P. K. and Rosenheim, B. E."
MO20KOI01,ch2kMO20KOI01,,pub[1].author.name,only_new,,"Mohtar, A.T., Hughen, K.A., Goodkin, N.F., Streanga, I.M., Ramos, R.D., Samanta, D., Cervino, J. and Switzer, A.D."
MO20WOA01,ch2kMO20WOA01,,pub[1].author.name,only_new,,"Mohtar, A.T., Hughen, K.A., Goodkin, N.F., Streanga, I.M., Ramos, R.D., Samanta, D., Cervino, J. and Switzer, A.D."
MU17DOA01,ch2kMU17DOA01,,pub[1].author.name,only_new,,"Murty, S.A., Goodkin, N. F., Halide, H., Natawidjaja, D., Suwargadi, B., Suprihanto, I., Prayudi, D., Switzer, A. D. and Gordon, A. L."
MU18GSI01,ch2kMU18GSI01,,pub[1].author.name,only_new,,"Murty, S. A., Goodkin, N. F., Wiguna, A. A. and Gordon, A. L."
MU18NPI01,ch2kMU18NPI01,,pub[1].author.name,only_new,,"Murty, S. A., Goodkin, N. F., Wiguna, A. A. and Gordon, A. L."
MU18RED01,ch2kMU18RED01,,pub[1].author.name,only_new,,"Murty, S. A., Bernstein, W. N., Ossolinski, J. E., Davis, R. S., Goodkin, N. F. and Hughen, K. A."
MU18RED02,ch2kMU18RED02,,pub[1].author.name,only_new,,"Murty, S. A., Bernstein, W. N., Ossolinski, J. E., Davis, R. S., Goodkin, N. F. and Hughen, K. A."
MU18RED03,ch2kMU18RED03,,pub[1].author.name,only_new,,"Murty, S. A., Bernstein, W. N., Ossolinski, J. E., Davis, R. S., Goodkin, N. F. and Hughen, K. A."
MU18RED04,ch2kMU18RED04,,pub[1].author.name,only_new,,"Murty, S. A., Bernstein, W. N., Ossolinski, J. E., Davis, R. S., Goodkin, N. F. and Hughen, K. A."
NA09MAL01,ch2kNA09MAL01,,pub[1].author.name,only_new,,"Nakamura, N., Kayanne, H., Iijima, H., McClanahan, T. R., Behera, S. K. and Yamagata, T."
NU09FAN01,ch2kNU09FAN01,,pub[1].author.name,only_new,,"Nurhati, I. S., Cobb, K. M., Charles, C. D. and Dunbar, R. B."
NU09KIR01,ch2kNU09KIR01,,pub[1].author.name,only_new,,"Nurhati, I. S., Cobb, K. M., Charles, C. D. and Dunbar, R. B."
NU11PAL01,ch2kNU11PAL01,,pub[1].author.name,only_new,,"Nurhati, I. S., Cobb, K.M. and Di Lorenzo, E."
OS13NGP01,ch2kOS13NGP01,,pub[1].author.name,only_new,,"Osborne, M. C., Dunbar, R. B., Mucciarone, D. A., Sanchez-Cabeza, J.-A. and Druffel, E."
OS13NLP01,ch2kOS13NLP01,,pub[1].author.name,only_new,,"Osborne, M. C., Dunbar, R. B., Mucciarone, D. A., Sanchez-Cabeza, J.-A. and Druffel, E."
OS14RIP01,ch2kOS14RIP01,,pub[1].author.name,only_new,,"Osborne, M. C., Dunbar, R. B., Mucciarone, D. A., Druffel, E. and Sanchez-Cabeza, J.-A."
OS14UCP01,ch2kOS14UCP01,,pub[1].author.name,only_new,,"Osborne, M. C., Dunbar, R. B., Mucciarone, D. A., Druffel, E. and Sanchez-Cabeza, J.-A."
PF04PBA01,ch2kPF04PBA01,,pub[1].author.name,only_new,,"Pfeiffer, M., Dullo, W.-C. and Eisenhauer, A."
PF19LAR01,ch2kPF19LAR01,,pub[1].author.name,only_new,,"Pfeiffer, M., Reuning, L., Zinke, J., Garbe-Schonberg, D., Leupold, M. and Dullo, W.-C."
QU06RAB01,ch2kQU06RAB01,,pub[1].author.name,only_new,,"Quinn, T. M., Taylor, F. W. and Crowley, T. J."
QU96ESV01,ch2kQU96ESV01,,pub[1].author.name,only_new,,"Quinn, T. M., Crowley, T. J. and Taylor, F. W."
RA19PAI01,ch2kRA19PAI01,,pub[1].author.name,only_new,,"Ramos, R. D., Goodkin, N. F., Siringan, F. P. and Hughen, K. A."
RA20TAI01,ch2kRA20TAI01,,pub[1].author.name,only_new,,"Ramos, R. D., Goodkin, N. F. and Fan, T.Y."
RE18CAY01,ch2kRE18CAY01,,pub[1].author.name,only_new,,"von Reumont, J., Hetzinger, S., Garbe-Schonberg, D., Manfrino, C. and Dullo, W.-C."
RE19GBR01,ch2kRE19GBR01,,pub[1].author.name,only_new,,"Reed, E. V., Cole, J. E., Lough, J. M. Thompson, D. M. and Cantin, N. E."
RE19GBR02,ch2kRE19GBR02,,pub[1].author.name,only_new,,"Reed, E. V., Cole, J. E., Lough, J. M. Thompson, D. M. and Cantin, N. E."
RE19GBR03,ch2kRE19GBR03,,pub[1].author.name,only_new,,"Reed, E. V., Cole, J. E., Lough, J. M. Thompson, D. M. and Cantin, N. E."
RE19GBR04,ch2kRE19GBR04,,pub[1].author.name,only_new,,"Reed, E. V., Cole, J. E., Lough, J. M. Thompson, D. M. and Cantin, N. E."
RE19GBR05,ch2kRE19GBR05,,pub[1].author.name,only_new,,"Reed, E. V., Cole, J. E., Lough, J. M. Thompson, D. M. and Cantin, N. E."
RI10PBL01,ch2kRI10PBL01,,pub[1].author.name,only_new,,"Rixen, T., Ramachandran, P., Lehnhoff, L., Dasbach, D., Gaye, B., Urban, B., Ramachandran, R. and Ittekott, V."
RO19MAR01,ch2kRO19MAR01,,pub[1].author.name,only_new,,"Rodriguez, L. G., Cohen, A. L., Ramirez, W., Oppo, D. W., Pourmand, A., Edwards, R. L., Alpert, A. E. and Mollica, N."
RO19PAR01,ch2kRO19PAR01,,pub[1].author.name,only_new,,"Rodriguez, L. G., Cohen, A. L., Ramirez, W., Oppo, D. W., Pourmand, A., Edwards, R. L., Alpert, A. E. and Mollica, N."
RO19YUC01,ch2kRO19YUC01,,pub[1].author.name,only_new,,"Rodriguez, L. G., Cohen, A. L., Ramirez, W., Oppo, D. W., Pourmand, A., Edwards, R. L., Alpert, A. E. and Mollica, N."
SA16CLA01,ch2kSA16CLA01,,pub[1].author.name,only_new,,"Sanchez, S. C., Charles, C. D., Carriquiry, J. D. and Villaescusa, J. A."
SA18GBR01,ch2kSA18GBR01,,pub[1].author.name,only_new,,"Saha, N., Rodriguez-Ramirez, A., Nguyen, A. D., Clark, T. R., Zhao, J. X. and Webb, G. E."
SA19PAL01,ch2kSA19PAL01,,pub[1].author.name,only_new,,"Sayani, H. R., Cobb, K. M., DeLong, K., Hitt, N. T. and Druffel, E. R. M."
SA19PAL02,ch2kSA19PAL02,,pub[1].author.name,only_new,,"Sayani, H. R., Cobb, K. M., DeLong, K., Hitt, N. T. and Druffel, E. R. M."
SA20FAN01,ch2kSA20FAN01,,pub[1].author.name,only_new,,"Sanchez, S. C., Westphal, N., Haug, G. H., Cheng, H., Edwards, R. L., Schneider, T., Cobb, K. M. and Charles, C. D."
SA20FAN02,ch2kSA20FAN02,,pub[1].author.name,only_new,,"Sanchez, S. C., Westphal, N., Haug, G. H., Cheng, H., Edwards, R. L., Schneider, T., Cobb, K. M. and Charles, C. D."
SH92PUN01,ch2kSH92PUN01,,pub[1].author.name,only_new,,"Shen, G. T., Cole, J. E., Lea, D. W., Linn, L. J., McConnaughey, T. A. and Fairbanks, R. G."
SM06LKF01,ch2kSM06LKF01,,pub[1].author.name,only_new,,"Smith, J. M., Quinn, T. M., Helmle, K. P. and Halley, R. B."
SM06LKF02,ch2kSM06LKF02,,pub[1].author.name,only_new,,"Smith, J. M., Quinn, T. M., Helmle, K. P. and Halley, R. B."
ST13MAL01,ch2kST13MAL01,,pub[1].author.name,only_new,,"Storz, D., Gischler, E., Fiebig, J., Eisenhauer, A. and Garbe-Schonberg, D."
SW98STP01,ch2kSW98STP01,,pub[1].author.name,only_new,,"Swart, P. K., White, K. S., Enfield, D., Dodge, R. E. and Milne, P."
SW99LIG01,ch2kSW99LIG01,,pub[1].author.name,only_new,,"Swart, P. K., Healy, G., Greer, L., Lutz, M., Saied, A., Anderegg, D., Dodge, R. E. and Rudnick, D."
SW99LIG02,ch2kSW99LIG02,,pub[1].author.name,only_new,,"Swart, P. K., Healy, G., Greer, L., Lutz, M., Saied, A., Anderegg, D., Dodge, R. E. and Rudnick, D."
TA18TAS01,ch2kTA18TAS01,,pub[1].author.name,only_new,,"Tangri, N., Dunbar, R. B., Linsley, B. K. and Mucciarone, D. M."
TU01DEP01,ch2kTU01DEP01,,pub[1].author.name,only_new,,"Tudhope, A. W., Chilcott, C. P., McCulloch, M. T., Cook, E. R., Chappell, J., Ellam, R. M., Lea, D. W., Lough, J. M. and Shimmield, G. B."
TU01LAI01,ch2kTU01LAI01,,pub[1].author.name,only_new,,"Tudhope, A. W., Chilcott, C. P., McCulloch, M. T., Cook, E. R., Chappell, J., Ellam, R. M., Lea, D. W., Lough, J. M. and Shimmield, G. B."
TU01SIA01,ch2kTU01SIA01,,pub[1].author.name,only_new,,"Tudhope, A. W., Chilcott, C. P., McCulloch, M. T., Cook, E. R., Chappell, J., Ellam, R. M., Lea, D. W., Lough, J. M. and Shimmield, G. B."
TU95MAD01,ch2kTU95MAD01,,pub[1].author.name,only_new,,"Tudhope, A. W., Shimmield, G. B., Chilcott, C. P., Jebb, M., Fallick, A. E. and Dalgleish, A. N."
UR00MAI01,ch2kUR00MAI01,,pub[1].author.name,only_new,,"Urban, F. E., Cole, J. E. and Overpeck, J. T."
WA17BAN01,ch2kWA17BAN01,,pub[1].author.name,only_new,,"Watanabe, T.K., Watanabe, T., Yamazaki, A., Pfeiffer, M., Garbe-Schonberg, D. and Claereboudt, M.R."
WE09ARR01,ch2kWE09ARR01,,pub[1].author.name,only_new,,"Wei, G., McCulloch, M. T., Mortimer, G., Deng, W. and Xie, L."
WU13TON01,ch2kWU13TON01,,pub[1].author.name,only_new,,"Wu, H. C., Linsley, B. K., Dassie, E. P., Schiraldi, B. and deMenocal, P. B."
WU14CLI01,ch2kWU14CLI01,,pub[1].author.name,only_new,,"Wu, H. C., Moreau, M., Linsley, B. K., Schrag, D. P. and Correge, T."
XI17HAI01,ch2kXI17HAI01,,pub[1].author.name,only_new,,"Xiao, H., Deng, W., Chen, X., Wei, G., Zeng, T. and Zhao, J.-X."
XU15BVI01,ch2kXU15BVI01,,pub[1].author.name,only_new,,"Xu, Y.-Y., Pearson, S. and Kilbourne, H."
XU15BVI02,ch2kXU15BVI02,,pub[1].author.name,only_new,,"Xu, Y.-Y., Pearson, S. and Kilbourne, H."
XU15BVI03,ch2kXU15BVI03,,pub[1].author.name,only_new,,"Xu, Y.-Y., Pearson, S. and Kilbourne, H."
ZI04IFR01,ch2kZI04IFR01,,pub[1].author.name,only_new,,"Zinke, J., Dullo, W. C., Heiss, G. A. and Eisenhauer, A."
ZI08MAY01,ch2kZI08MAY01,,pub[1].author.name,only_new,,"Zinke, J., Pfeiffer, M., Timm, O., Dullo, W.-C., Kroon, D. and Thomassin, B. A."
ZI14HOU01,ch2kZI14HOU01,,pub[1].author.name,only_new,,"Zinke, J., Rountrey, A., Feng, M., Xie, S. P., Dissard, D., Rankenburg, K., Lough, J. and McCulloch, M.T."
ZI14IFR02,ch2kZI14IFR02,,pub[1].author.name,only_new,,"Zinke, J., Loveday, B. R., Reason, C. J. C., Dullo, W.-C. and Kroon, D."
ZI14TUR01,ch2kZI14TUR01,,pub[1].author.name,only_new,,"Zinke, J., Loveday, B. R., Reason, C. J. C., Dullo, W.-C. and Kroon, D."
ZI15BUN01,ch2kZI15BUN01,,pub[1].author.name,only_new,,"Zinke, J., Hoell, A., Lough, J. M., Feng, M., Kuret, A. J., Clarke, H., Ricca, V., Rankenburg, K. and McCulloch, M.T."
ZI15CLE01,ch2kZI15CLE01,,pub[1].author.name,only_new,,"Zinke, J., Hoell, A., Lough, J. M., Feng, M., Kuret, A. J., Clarke, H., Ricca, V., Rankenburg, K. and McCulloch, M.T."
ZI15IMP01,ch2kZI15IMP01,,pub[1].author.name,only_new,,"Zinke, J., Hoell, A., Lough, J. M., Feng, M., Kuret, A. J., Clarke, H., Ricca, V., Rankenburg, K. and McCulloch, M.T."
ZI15IMP02,ch2kZI15IMP02,,pub[1].author.name,only_new,,"Zinke, J., Hoell, A., Lough, J. M., Feng, M., Kuret, A. J., Clarke, H., Ricca, V., Rankenburg, K. and McCulloch, M.T."
ZI15MER01,ch2kZI15MER01,,pub[1].author.name,only_new,,"Zinke, J., Hoell, A., Lough, J. M., Feng, M., Kuret, A. J., Clarke, H., Ricca, V., Rankenburg, K. and McCulloch, M.T."
ZI15TAN01,ch2kZI15TAN01,,pub[1].author.name,only_new,,"Zinke, J., Hoell, A., Lough, J. M., Feng, M., Kuret, A. J., Clarke, H., Ricca, V., Rankenburg, K. and McCulloch, M.T."
ZI16ROD01,ch2kZI16ROD01,,pub[1].author.name,only_new,,"Zinke, J., Reuning, L., Pfeiffer, M., Wassenburg, J. A., Hardman, E., Jhangeer-Khan, R., Davies, G. R., Ng, C. K. C. and Kroon, D."
ZI16ROD02,ch2kZI16ROD02,,pub[1].author.name,only_new,,"Zinke, J., Reuning, L., Pfeiffer, M., Wassenburg, J. A., Hardman, E., Jhangeer-Khan, R., Davies, G. R., Ng, C. K. C. and Kroon, D."
AB20MEN01,ch2kAB20MEN01,,pub[2].author.name,only_new,,"Abram, N. J., B. C. Dixon, M. G. Rosevear, B. Plunkett, M. K. Gagan, W. S. Hantoro, and S. J. Phipps"
AB20MEN02,ch2kAB20MEN02,,pub[2].author.name,only_new,,"Gagan, M. K., Sosdian, S. M., Scott-Gagan, H., Sieh, K., Hantoro, W. S., Natawidjaja, D. H., Briggs, R. W., Suwargadi, B. W. and Rifai, H."
AL16YUC01,ch2kAL16YUC01,,pub[2].author.name,only_new,,"Rodriguez, L. G., Cohen, A. L.,Ramirez, W., Oppo, D. W., Pourmand,A., Edwards, R. L., et al. "
BO14HTI01,ch2kBO14HTI01,,pub[2].author.name,only_new,,"Goodkin, N. F., Samanta, D., Bolton, A., Ong, M. R. K., Hoang, P. K., Vo, S. T., Karnauskas, K. B. and Hughen, K. A."
BO14HTI02,ch2kBO14HTI02,,pub[2].author.name,only_new,,"Goodkin, N. F., Samanta, D., Bolton, A., Ong, M. R. K., Hoang, P. K., Vo, S. T., Karnauskas, K. B. and Hughen, K. A."
BO99MOO01,ch2kBO99MOO01,,pub[2].author.name,only_new,,"Boiseau, M., A. Juillet-Leclerc, P. Yiou, B. Salvat, P. Isdale, and M. Guillaume"
CO00MAL01,ch2kCO00MAL01,,pub[2].author.name,only_new,,"Fleitmann, D., Dunbar, R. B., McCulloch, M., Mudelsee, M., Vuille, M., McClanahan, T. R., Cole, J. E. and Eggins, S."
CO03PAL01,ch2kCO03PAL01,,pub[2].author.name,only_new,,"Cobb, K. M., Charles, C. D., Cheng, H., Kastner, M. and Edwards, R. L."
CO03PAL02,ch2kCO03PAL02,,pub[2].author.name,only_new,,"Cobb, K. M., Charles, C. D., Cheng, H., Kastner, M. and Edwards, R. L."
CO03PAL03,ch2kCO03PAL03,,pub[2].author.name,only_new,,"Cobb, K. M., Charles, C. D., Cheng, H., Kastner, M. and Edwards, R. L."
CO03PAL04,ch2kCO03PAL04,,pub[2].author.name,only_new,,"Cobb, K. M., Charles, C. D., Cheng, H., Kastner, M. and Edwards, R. L."
CO03PAL05,ch2kCO03PAL05,,pub[2].author.name,only_new,,"Cobb, K. M., Charles, C. D., Cheng, H., Kastner, M. and Edwards, R. L."
CO03PAL06,ch2kCO03PAL06,,pub[2].author.name,only_new,,"Cobb, K. M., Charles, C. D., Cheng, H., Kastner, M. and Edwards, R. L."
CO03PAL07,ch2kCO03PAL07,,pub[2].author.name,only_new,,"Cobb, K. M., Charles, C. D., Cheng, H., Kastner, M. and Edwards, R. L."
CO03PAL08,ch2kCO03PAL08,,pub[2].author.name,only_new,,"Cobb, K. M., Charles, C. D., Cheng, H., Kastner, M. and Edwards, R. L."
CO03PAL09,ch2kCO03PAL09,,pub[2].author.name,only_new,,"Cobb, K. M., Charles, C. D., Cheng, H., Kastner, M. and Edwards, R. L."
CO03PAL10,ch2kCO03PAL10,,pub[2].author.name,only_new,,"Cobb, K. M., Charles, C. D., Cheng, H., Kastner, M. and Edwards, R. L."
DE12ANC01,ch2kDE12ANC01,,pub[2].author.name,only_new,,"DeLong, K. L., Quinn, T. M. and Taylor, F. W. "
DE14DTO01,ch2kDE14DTO01,,pub[2].author.name,only_new,,"DeLong, K. L., Maupin, C. R., Flannery, J. A., Quinn, T. M. and Shen, C.-C."
DE14DTO02,ch2kDE14DTO02,,pub[2].author.name,only_new,,"DeLong, K. L., Maupin, C. R., Flannery, J. A., Quinn, T. M. and Shen, C.-C."
DE14DTO03,ch2kDE14DTO03,,pub[2].author.name,only_new,,"DeLong, K. L., Maupin, C. R., Flannery, J. A., Quinn, T. M. and Shen, C.-C."
DE14DTO04,ch2kDE14DTO04,,pub[2].author.name,only_new,,"DeLong, K. L., Maupin, C. R., Flannery, J. A., Quinn, T. M. and Shen, C.-C."
DR99ABR01,ch2kDR99ABR01,,pub[2].author.name,only_new,,"Druffel, E. R. M., and  Griffin, S"
FE18RUS01,ch2kFE18RUS01,,pub[2].author.name,only_new,,"Felis, T., J. Patzold, Y. Loya, M. Fine, A. H. Nawar, and G. Wefer"
FL17DTO01,ch2kFL17DTO01,,pub[2].author.name,only_new,,"Flannery, J. A. and Poore, R. Z."
FL17DTO02,ch2kFL17DTO02,,pub[2].author.name,only_new,,"Weinzierl, M. S., Reich, C. D., Hickey, T. D., Bartlett, L. A. and Kuffner, I. B."
FL18DTO01,ch2kFL18DTO01,,pub[2].author.name,only_new,,"Flannery, J. A., Richey, J. N., Thirumalai, K., Poore, R. Z. and DeLong, K. L."
FL18DTO02,ch2kFL18DTO02,,pub[2].author.name,only_new,,"Hickey, D., Reich, C. D., DeLong, K. L., Poore, R. Z. and Brock, J. C. "
FL18DTO03,ch2kFL18DTO03,,pub[2].author.name,only_new,,"Weinzierl, M. S., Reich, C. D., Hickey, T. D., Bartlett, L. A. and Kuffner, I. B."
FL18DTO04,ch2kFL18DTO04,,pub[2].author.name,only_new,,"Weinzierl, M. S., Reich, C. D., Hickey, T. D., Bartlett, L. A. and Kuffner, I. B."
GO08BER01,ch2kGO08BER01,,pub[2].author.name,only_new,,"Goodkin, N. F., Hughen, K. A., Cohen, A. L. and Smith, S. R."
GO12SBV01,ch2kGO12SBV01,,pub[2].author.name,only_new,,"Lawman, A. E., Quinn, T. M., Partin, J. W., Thirumalai, K., Taylor, F. W., Wu, C.-C., Yu, T.-L., Gorman, M. K. and Shen, C.-C."
HE10GUA01,ch2kHE10GUA01,,pub[2].author.name,only_new,,"Hetzinger, S., Pfeiffer, M., Dullo, W.-C., Ruprecht, E. and Garbe-Schonberg, D."
KA17RYU01,ch2kKA17RYU01,,pub[2].author.name,only_new,,"Kawakubo, Y., Yokoyama, Y., Suzuki, A., Okai, T., Alibert, C., Kinsley, L. and Eggins, S."
KI08PAR01,ch2kKI08PAR01,,pub[2].author.name,only_new,,"Kilbourne, K. H., Quinn, T. M., Webb, R., Guilderson, T., Nyberg, J. and Winter, A."
KI14PAR01,ch2kKI14PAR01,,pub[2].author.name,only_new,,"Watanabe, T., Winter, A. and Oba, T."
KL97DAH01,ch2kKL97DAH01,,pub[2].author.name,only_new,,"Ionita, M., Felis, T., Lohmann, G., Rimbu, N. and Patzold, J."
KU99HOU01,ch2kKU99HOU01,,pub[2].author.name,only_new,,"Zinke, J., Rountrey, A., Feng, M., Xie, S. P., Dissard, D., Rankenburg, K., Lough, J. and McCulloch, M.T."
LI00RAR01,ch2kLI00RAR01,,pub[2].author.name,only_new,,"Ren, L., Linsley, B. K., Wellington, G. M., Schrag, D. P. and Hoegh-Guldberg, O."
LI06RAR01,ch2kLI06RAR01,,pub[2].author.name,only_new,,"Linsley, B.K., Kaplan, A., Gouriou, Y., Salinger, J., deMenocal, P. B., Wellington, G. M. and Howe S. S"
LI06RAR02,ch2kLI06RAR02,,pub[2].author.name,only_new,,"Linsley, B.K., Kaplan, A., Gouriou, Y., Salinger, J., deMenocal, P. B., Wellington, G. M. and Howe S. S"
MA08DTO01,ch2kMA08DTO01,,pub[2].author.name,only_new,,"DeLong, K. L., Maupin, C. R., Flannery, J. A., Quinn, T. M. and Shen, C.-C."
MC04PNG01,ch2kMC04PNG01,,pub[2].author.name,only_new,,"McGregor, H. M., Gagan, M. K., McCulloch, M. T., Hodge, E. and Mortimer, G."
MU18RED04,ch2kMU18RED04,,pub[2].author.name,only_new,,"Bryan, S. P., Hughen, K. A., Karnauskas, K. B. and Farrar, J. T."
NU11PAL01,ch2kNU11PAL01,,pub[2].author.name,only_new,,"Nurhati, I. S., Cobb, K. M., Charles, C. D. and Dunbar, R. B."
OS14RIP01,ch2kOS14RIP01,,pub[2].author.name,only_new,,"Osborne, M. C., Dunbar, R. B., Mucciarone, D. A., Sanchez-Cabeza, J.-A. and Druffel, E."
OS14UCP01,ch2kOS14UCP01,,pub[2].author.name,only_new,,"Osborne, M. C., Dunbar, R. B., Mucciarone, D. A., Sanchez-Cabeza, J.-A. and Druffel, E."
PF19LAR01,ch2kPF19LAR01,,pub[2].author.name,only_new,,"Pfeiffer, M., Timm, O., Dullo, W.-C. and Podlech, S."
QU96ESV01,ch2kQU96ESV01,,pub[2].author.name,only_new,,"Quinn, T. M., Taylor, F. W. and Crowley, T. J."
RE18CAY01,ch2kRE18CAY01,,pub[2].author.name,only_new,,"von Reumont, J., Hetzinger, S., Garbe-Schonberg, D., Manfrino, C. and Dullo, W.-C."
RO19PAR01,ch2kRO19PAR01,,pub[2].author.name,only_new,,"Kilbourne, K. H., Quinn, T. M., Webb, R., Guilderson, T., Nyberg, J. and Winter, A."
RO19YUC01,ch2kRO19YUC01,,pub[2].author.name,only_new,,"Vasquez-Bedoya, L. F., Cohen, A. L., Oppo, D. W. and Blanchon, P."
SA18GBR01,ch2kSA18GBR01,,pub[2].author.name,only_new,,"Saha, N., Webb, G. E., Zhao, J. X., Lewis, S. E., Nguyen, A., Feng, Y."
SW99LIG02,ch2kSW99LIG02,,pub[2].author.name,only_new,,"Swart, P. K., Healy, G. F., Dodge, R. E., Kramer, P., Hudson, J. H., Halley, R. B. and Robblee, M. B"
WU13TON01,ch2kWU13TON01,,pub[2].author.name,only_new,,"Linsley, B.K., Zhang, P., Kaplan, A., Howe, S.S. and Wellington, G.M."
WU14CLI01,ch2kWU14CLI01,,pub[2].author.name,only_new,,"Linsley, B. K., Messier, R. G. and Dunbar, R. B."
ZI14IFR02,ch2kZI14IFR02,,pub[2].author.name,only_new,,"Zinke, J., Dullo, W. C., Heiss, G. A. and Eisenhauer, A."
ZI14TUR01,ch2kZI14TUR01,,pub[2].author.name,only_new,,"Zinke, J., Dullo, W. C., Heiss, G. A. and Eisenhauer, A."
FL18DTO01,ch2kFL18DTO01,,pub[3].author.name,only_new,,"Flannery, J. A. and Poore, R. Z."
GO08BER01,ch2kGO08BER01,,pub[3].author.name,only_new,,"Goodkin, N. F."
KI14PAR01,ch2kKI14PAR01,,pub[3].author.name,only_new,,"Kilbourne, K. H., Quinn, T. M., Webb, R., Guilderson, T., Nyberg, J. and Winter, A."
LI00RAR01,ch2kLI00RAR01,,pub[3].author.name,only_new,,"Linsley, B. K, Wellington, G. M., Schrag, D. P., Ren, L., Salinger, M. J. and Tudhope, A. W."
NU11PAL01,ch2kNU11PAL01,,pub[3].author.name,only_new,,"Cobb, K. M., Charles, C. D. and Hunter, D. E."
RO19PAR01,ch2kRO19PAR01,,pub[3].author.name,only_new,,"Watanabe, T., Winter, A. and Oba, T."
